지역,조회_zipCd,정책ID,정책명,정책키워드,정책설명,정책지원내용,정책대분류,정책중분류,자동분류,대표분류,신청기간,사업기간,지원대상,나이조건,소득조건,신청방법,제출서류,주관기관,운영기관,신청URL,참고URL1,참고URL2,최초등록일시,최종수정일시,수집페이지,수집출처,지역_정규화,분석텍스트
전북,"52000,45000",20260605005400113228,청년미래적금,보조금,"청년들의 기초자산 형성을 지원하기 위한 정책형 금융상품으로, 3년 만기 시까지 매월 최대 50만원 한도 내에서 자유롭게 납입 가능(2026년 6월 22일 출시 예정)","은행이자+비과세 혜택+정부기여금(납입금액에 비례해 일반형 6%, 우대형 12%의 정부기여금 지원)",금융･복지･문화,취약계층 및 금융지원,복지,복지,20260622 ~ 20261231,20260622 ~ 20261231,"19세~34세 / 연령제한:N 0043003 0 0 총급여 7,500만원 이하 또는 연매출 3억원 이하 소상공인 중 가구 중위소득 200% 이하인 청년을 대상 0011009 0013010 0049010 0055003",19세~34세 / 연령제한:N,"0043003 0 0 총급여 7,500만원 이하 또는 연매출 3억원 이하 소상공인 중 가구 중위소득 200% 이하인 청년을 대상",ㅇ 취급은행 모바일앱을 통해 매월 비대면 신청 가능 ㅇ 2026년 6월 출시 예정,,금융위원회,한국고용정보원,,https://www.kinfa.or.kr/financialProduct/youthFutureSavings.do,https://blog.naver.com/blogfsc/224302863400,2026-06-05 18:06:49,2026-06-10 14:05:31,1,온통청년_OPEN_API_getPlcy,전북,청년미래적금 청년들의 기초자산 형성을 지원하기 위한 정책형 금융상품으로 3년 만기 시까지 매월 최대 50만원 한도 내에서 자유롭게 납입 가능 2026년 6월 22일 출시 예정 보조금 복지
전북,"52000,45000",20260528005400113227,(농식품부) 농식품 바우처,바우처,『농업·농촌 및 식품산업 기본법』 제 23조의 2(취약계층 등에 대한 식품지원)에 근거하여 취약계층의 식품 접근성을 강화하고 균형 있는 식품 섭취를 지원하는 식품지원 제도,"- 지원방식: 전자바우처(카드방식) - 지원품목: 국산 채소류, 과일류, 육류, 신선알류, 흰 우유, 잡곡류, 두부류, 임산물 (이외 품목 구매 불가)",금융･복지･문화,건강,복지,복지,20251222 ~ 20261211,20260102 ~ 20261231,"18세~34세 / 연령제한:N 0043003 0 0 생계급여(기준 중위소득 32%이하) 수급가구 중 임산부·영유아·아동·청년 포함가구 생계급여 수급가구 가구원 중 「국민기초생활 보장법」상 보장시설 수급자는 가구원 수 산출에서 제외 보건복지부 영양플러스 사업 이용자는 해당 기간 동안 가구원 수 산출에서 제외 아래 기초지자체는 '26년 농식품바우처 사업 미추진 - 서울 : 강서구, 송파구(청년 포함가구 미지원) - 인천 : 미추홀구 - 경기 : 수원시, 부천시, 안산시, 안양시, 하남시 * 농식품바우처 지정 오프라인 매장은 이용가능 * 미시행 지자체 전입시 바우처 사용 불가, 전입전까지 지원금액 모두 사용 0011009 0013010 0049010 0055003",18세~34세 / 연령제한:N,0043003 0 0 생계급여(기준 중위소득 32%이하) 수급가구 중 임산부·영유아·아동·청년 포함가구,1. 방문신청 : 주소지 관할 읍ㆍ면ㆍ동 행정복지센터 방문 2. 전화신청 : 고객지원센터 (1551-0857)를 통해 신청 3. 온라인신청 : 농식품 바우처 홈페이지에서 신청 4. 자동신청 : 2025년 농식품바우처 이용가구 중 2025. 12. 22. 기준 지원 자격을 충족하는 경우 별도 절차 없이 자동으로 승인 처리,,농림축산식품부,한국고용정보원,https://www.foodvoucher.go.kr/security/joinAgree,https://www.foodvoucher.go.kr/view/fm/vucintro/agriFood,,2026-05-28 10:00:50,2026-05-28 10:01:12,1,온통청년_OPEN_API_getPlcy,전북,농식품부 농식품 바우처 농업 농촌 및 식품산업 기본법 제 23조의 2 취약계층 등에 대한 식품지원 에 근거하여 취약계층의 식품 접근성을 강화하고 균형 있는 식품 섭취를 지원하는 식품지원 제도 바우처 복지
전북,"52000,45000",20260528005400113226,(문체부) 청년예술인 예술활동 적립계좌,보조금,청년예술인에게 중장기 자산형성의 기회를 마련하여 안정적인 예술활동을 지원하는 사업,매월 일정 금액을 24개월간 적금 저축 시 가입자가 저축한 금액만큼 정부지원금을 지원 (1인 최대 240만원) - 상품종류: 10만원 정액 적금 - 가입기간: 2년 (24개월) - 납입한도: 월 10만원 (2년 최대 240만원) - 지급방식: 만기 일시지급 (지원금은 만기 익월 지급),금융･복지･문화,예술인지원,복지,복지,,20260101 ~ 20261231,"18세~39세 / 연령제한:N 0043002 0 3692 「예술인복지법」상 예술활동증명을 완료한 예술인(신청일 기준 예술활동증명 유효자) - 일반 예술활동증명 완료자(공개 발표된 예술활동, 예술활동 수입, 경력단절예술인, 특수한 작업방식, 무형유산 관련 특례), 신진예술인 예술활동증명 완료자 - 국내 거주 내국인 및 재외국민에 한함 (외국인은 참여 불가) - 재외국민의 경우, 출입국사실증명을 통해 신청일 기준 2년간 국내 거주 사실이 확인되며 일시 출국 기간 매회 90일 이내 및 연간* 국내 체류 총합 183일 이상인 자 * 연간기준: (1차년) 2024. 2. 4. ~ 2025. 2. 3., (2차년) 2025. 2. 4. ~ 2026. 2. 3. 1. 적금 7개월 이상 연속 미납자 2. 적금 만기 전 상품 해지자 3. 사망 및 압류계좌로 확인된 자 4. 적금 선납 시 1회 지원금만 지원되며, 잔여 회차 지원금 지급 불가(240만원 한도 외 추가 납입 불가) * (예시) 적금 선납 예시 - (1회차)10만원 (2회차)230만원 ⇒ 지원금 20만원 인정. 선납한 22회차 지원금 지급 불가. - (1회차)10만원 (2회차)100만원 ⇒ 지원금 20만원 인정. 선납한 9회차 지원금 지급 불가 0011009 0013010 0049010 0055003",18세~39세 / 연령제한:N,0043002 0 3692,"1. 예술활동증명확인 예술인경력정보시스템(https://www.kawfartist.kr)을 접속하시어 경력지원 > 예술활동증명 > 신청내역 진행 상태에서 신청일 현재 예술활동증명 유효 여부를 확인합니다. 2. 구비서류 확인 상품 및 구비서류를 확인하여 준비합니다. 3. 온라인 신청 공지사항에 공지된 신청기간 내 적립계좌 신청하기를 통해 신청 정보 동의 및 인적사항, 신청자료를 입력합니다.","1. 주민등록초본 - 2026년 발급분 - 발급 시 발급대상자 본인 및 전체 발급 2. 소득금액증명원 - 2026년 발급분 - 귀속년도: 직전년도(2024년도) 소득금액증명원 발급 - 작성기준: 종합소득세 신고 현황의 소득금액(사업, 근로, 기타) 및 연말정산 현황의 근로소득, 사업소득의 소득금액 총합계 (소득이 없을경우, 사실증명원 제출 가능) 3. 성희롱·성폭력 예방교육 수료증 - 예술인권리보장시스템 (sinmungo.kawf.kr)에서 수강 후 수료증 발급 4. 출입국에 관한 사실증명 - 신청·접수 기간 내 발급 - 조회기간: 2024. 2. 4.부터 ~ 2026. 2. 3.까지",문화체육관광부,한국고용정보원,https://www.artloan.kr/notice/savingsAccountProcess.do,https://www.artloan.kr/notice/savingsAccount.do,,2026-05-28 09:34:16,2026-05-28 09:34:49,1,온통청년_OPEN_API_getPlcy,전북,문체부 청년예술인 예술활동 적립계좌 청년예술인에게 중장기 자산형성의 기회를 마련하여 안정적인 예술활동을 지원하는 사업 보조금 복지
전북,"52000,45000",20260527005400113224,청년 국가기술자격 응시료 지원 사업,보조금,"구직활동을 하거나 경력을 개발하는 청년들의 경제적 부담을 완화하고, 국가기술자격 취득을 통한 취업 경쟁력 강화를 도모","34세 이하 청년*이(소득 및 취업 여부 무관) 한국산업인력공단이 시행하는 국가기술자격 시험(’26년 기준 491종목)에 응시하는 경우 응시료의 50%를 선 지원 (1인당 年 3회 지원, 단 예산 242억 원 소진시 마감) * ’26년 기준 ’91.1.1. 이후 출생자",일자리,취업,일자리,일자리,,상시,0세~34세 / 연령제한:N 0043001 0 0 0011009 0013010 0049010 0055003,0세~34세 / 연령제한:N,0043001 0 0,"한국산업인력공단 Q-Net(https://www.q-net.or.kr) 원서접수 결제 단계에서, 34세 이하 청년인 경우 별도의 신청 절차 없이 50% 할인 자동 적용",,고용노동부,한국산업인력공단,https://www.q-net.or.kr/man001.do?gSite=Q&gIntro=Y,https://www.q-net.or.kr/man004.do?id=man00402&gSite=Q&gId=,,2026-05-27 11:16:43,2026-05-27 11:17:06,1,온통청년_OPEN_API_getPlcy,전북,청년 국가기술자격 응시료 지원 사업 구직활동을 하거나 경력을 개발하는 청년들의 경제적 부담을 완화하고 국가기술자격 취득을 통한 취업 경쟁력 강화를 도모 보조금 일자리
전북,"52000,45000",20260527005400113223,전세보증금반환보증 보증료 지원,주거지원,"전세사기, 역전세 등 임차인이 전세보증금을 돌려받지 못하는 전세 피해를 예방하고, 상대적으로 주거 취약계층인 청년 및 저소득층의 주거 안정을 도모","○ 지원대상 - 신청일 기준 유효한 전세보증금반환보증(HUG, HF, SGI)에 가입한 임차보증금 3억원 이하, 연소득 (청년) 5천만원, (청년외) 6천만원, (신혼부부) 7.5천만원 이하 무주택 임차인 ○ 지원금 - 신청인이 기납부한 전세보증금반환보증 보증료에 대해 최대 40만원 한도 내 지원('25.3.30 이전 가입건은 최대 30만원 지원) ㆍ단, 청년외의 경우 신청인이 기납부한 보증료의 90%를 최대 40만원 한도 내 지원 ○ 신청시기 - 연중 (지자체별 예산 소진시 조기 마감)",주거,전월세 및 주거급여 지원,"주거지원, 복지",주거지원,,상시,0세~0세 / 연령제한:Y 0043001 0 0 0011009 0013010 0049010 0055003,0세~0세 / 연령제한:Y,0043001 0 0,○ 신청방법 : 시·군·구청 또는 주민센터에 방문 접수 혹은 온라인 접수 ※ 방문접수의 경우 구군별 상이하니 전화 후 방문 필요 * 대구광역시는 온라인 접수 또는 시청 방문 신청 ○ 지급시기 및 지급방법 - 지급일 : 접수 후 심사를 거쳐 30일 이내(기간 연장 필요한 경우 신청인 통지 후 15일 연장 가능) 지급 - 지급방법 : 신청인 계좌에 직접 입금 ○ 신청 처리상태 안내 - 알림수신에 동의하신 경우 SMS/국민비서를 통해 처리상태를 안내받으실 수 있습니다. ※ 알림수신 동의 참고사항 1. 정부24 → MyGOV → 나의 정보관리 → 알림 수신동의 → SMS/국민비서 (예)로 변경 2. 국민비서 → 로그인 → 화면 좌측에 국민비서 알림 체크 → 화면 좌측에 수신받을 앱 선택 → 화면 우측에 알림서비스 선택 (정부 24 체크),"○ 보증기관에서 보증가입 시 전세보증금반환보증 보증료 지원 사업을 위한 제3자 정보제공에 동의한 경우 - 보증료 지원 신청서, 서약서 ○ 신청인 제출 서류 - 보증료 지원 신청 및 서약서, 지급받을 계좌의 통장 사본 - 전세보증금반환보증 보증서(보증기관 날인 필수), 보증료 납부 증빙서류*(납부액 기재, 보증기관 날인 필수) * HUG와 SGI의경우 보증서에 보증료가 기재되어 있으므로 별도 증빙서류 불필요 - 임대차계약서, 부동산 등기사항 전부증명서 - 주민등록등본(전체공개), 혼인관계증명서(일반증명서, 전부공개, 국내기관제출용) - 소득금액증빙자료(열람용은 법적 효력 없음) (근로소득) 아래 서류 중 택1 · 최근년도 근로소득원천징수 영수증 · 전년도 소득금액 증명원(7.1일 이전은 전전년도 소득금액증명원) · 소득확인증명서(ISA 가입용) · 갑근세원천징수확인서(홈택스에서 발급시 관공서 제출용, 회사 발급시 회사 직인 필요) · 급여명세표, 임금대장 등 최근 1년간의 급여액을 알 수 있는 자료 (사업소득) 아래 서류 중 택1 · 전년도 소득금액 증명원(7.1일 이전은 전전년도 소득금액증명원) · 소득확인증명서(ISA 가입용) · 종합소득세 과세표준확정신고 및 납부 계산서(세무사 확인분) · 사업소득원천징수영수증(연말정산용) (연금소득) 연금수급권자 확인서 등 기타 연금을 확인할 수 있는 지급기관의 증명서(단, 연금수령액이 표기되지 않는 경우 연금 수령통장) * 기존 소득심사방법과 동일하게 소득금액증명원 제출시 별도 서류 제출하지 않아도 무방하나, 그 외 소득확인증명서 등 재직기간 확인이 어려운 경우는 재직증명서, 건강보험자격득실확인서 등 재직기간을 확인할 수 있는 서류 추가 제출 필요 ** 소득이 발생하지 않아 소득금액증명이 발급되지 않는 경우에는 '사실증명(신고사실없음)' 제출 *** 기혼자는 배우자의 소득증빙 서류도 필수 제출 - 대리신청의 경우 위임장, 대리인 신분증, 본인-대리인 관계 증명 서류 제출 ※ 소득금액증명 상 연소득 확인: - (근로소득) 종합소득세 신고 현황 - 수입금액 / 연말정산 현황 - 지급받은 총액 - (그 외 소득) 종합소득 신고 현황 - 소득금액 합계 / 연말정산 현황 - 소득금액 합계 ※ 모든 서류는 신청일 기준 3개월 이내에 발급한 서류로 제출",국토교통부,국토교통부,https://www.gov.kr/portal/rcvfvrSvc/dtlEx/161300000103,https://www.gov.kr/portal/rcvfvrSvc/dtlEx/161300000103,,2026-05-27 11:06:12,2026-05-27 11:06:36,1,온통청년_OPEN_API_getPlcy,전북,전세보증금반환보증 보증료 지원 전세사기 역전세 등 임차인이 전세보증금을 돌려받지 못하는 전세 피해를 예방하고 상대적으로 주거 취약계층인 청년 및 저소득층의 주거 안정을 도모 주거지원 주거지원
전북,"52000,45000",20260430005400113009,청년내일저축계좌,"보조금,바우처","근로빈곤층 청년의 생계수급자 등으로의 하락을 사전에 예방하고, 일하는 중간계층 청년이 사회에 안착할 수 있도록 자산형성을 지원합니다.","□ 매월 본인 저축 납입자에 한하여 본인저축액 10만원 이상(매월 전월 23일 ~ 현월 22일 입금마감일 이전) 대비 정부지원금을 정액 매칭합니다. ○ 중위소득 50%초과 ~ 100%이하: 10만원 정액 매칭 ○ 중위소득 50%이하: 30만원 정액 매칭(3년간 통장유지, 근로활동 지속, 교육이수, 자금사용계획서 제출시 적립금 전액 지급) □ 정책대상별 추가지원금(근로소득공제금(생계급여 수급 청년), 탈수급장려금, 내일키움장려금, 내일키움수익금 등) 지급이 가능합니다.",금융･복지･문화,취약계층 및 금융지원,"일자리, 직무교육, 복지",일자리,20260504 ~ 20260520,상시,"15세~40세 / 연령제한:N 0043003 0 0 근로, 사업 소득이 월 10만원 이상 발생, 가구소득이 소득인정액 기준 중위소득 50% 이하 □ 연령·소득기준·가구소득 3가지를 모두 충족한 청년을 지원합니다. 1. 가입연령 : 신청 당시 만 15세~만 39세 ※ 신청 월의 전월에 만 15세가 된 자 ~ 신청 월에 만 40세가 되는 자 2. 근로·사업소득 : 근로, 사업소득이 월 10만원 이상 발생 3. 가구소득 : 소득인정액 기준 중위소득 100% 이하 0011009 0013010 0049010 0055003",15세~40세 / 연령제한:N,"0043003 0 0 근로, 사업 소득이 월 10만원 이상 발생, 가구소득이 소득인정액 기준 중위소득 50% 이하","□ 읍면동 주민센터 방문접수 및 복지로(www.bokjiro.go.kr)를 통한 온라인 신청이 가능합니다. ○ 복지로 온라인 신청 경로: 복지로 로그인 > 서비스 신청 > 복지서비스 신청 > 복지급여 신청 > 저소득층 > 자산형성지원(청년내일저축계좌) ○ 주소지가 아니더라도, 동일 시군구내 모든 주민센터에서 접수 가능",※첨부파일 참고,보건복지부,보건복지부,https://www.bokjiro.go.kr/ssis-tbu/ssis-tbu/twataa/wlfareInfo/moveTWAT52011M.do?wlfareInfoId=WLF00000060,https://www.129.go.kr/,https://hope.welfareinfo.or.kr/main/main.do,2026-04-30 16:24:30,2026-05-06 09:54:45,1,온통청년_OPEN_API_getPlcy,전북,청년내일저축계좌 근로빈곤층 청년의 생계수급자 등으로의 하락을 사전에 예방하고 일하는 중간계층 청년이 사회에 안착할 수 있도록 자산형성을 지원합니다 보조금 바우처 일자리
전북,"52000,45000",20260428005400212902,2026년 전주시 지역우수인재 장학생 모집(1학기),바우처,지역 인재를 장학생으로 선발하여 경제적 부담을 경감시켜 학업에 정진할 수 있는 계기를 마련하여 줌으로서 전주시 지역발전에 이바지 할 인재로 육성,"장학금액 : 1인당 고등학생 500천원, 대학생 2,000천원",교육･직업훈련,교육비지원,직무교육,직무교육,20260323 ~ 20260403,20260101 ~ 20260630,"0세~0세 / 연령제한:Y 0043001 0 0 0011009 0013010 0049002,0049005 0055003",0세~0세 / 연령제한:Y,0043001 0 0,- 방문접수 : 전주인재육성재단 사무국(☎ 283-5501) ․ 전주시 완산구 현무1길 31-5 (5층) - 인터넷접수 : (재)전주인재육성재단 홈페이지(‘장학금 신청’에서 접수),"- 장학생 신청서 1부 - 개인정보제공동의 및 활용승낙서 (학생, 보호자 각각 제출) - 주민등록등본 (반드시 주소변동사항이 포함되어야 함) 1부 ※ 부․모, 학생의 주민등록이 따로 되어있을 경우, 각각의 주민등록등본과 가족관계 증명서 제출 - 건강보험납부확인서 또는 건강보험 자격득실확인서 : 2025년도분 - 성적 등 확인 서류 - 자원봉사 활동 확인서 각 1부 등 *자세한 사항은 공고문 참고",전북특별자치도 전주시,전북특별자치도 전주시,,https://www.jeonju.go.kr/reserve/index.9is,https://www.jinjae.kr/main/menu?gc=803KJKR,2026-04-28 19:01:18,2026-04-30 10:59:00,1,온통청년_OPEN_API_getPlcy,전북,2026년 전주시 지역우수인재 장학생 모집 1학기 지역 인재를 장학생으로 선발하여 경제적 부담을 경감시켜 학업에 정진할 수 있는 계기를 마련하여 줌으로서 전주시 지역발전에 이바지 할 인재로 육성 바우처 직무교육
전북,"52000,45000",20260428005400212901,전주시 산하기관 채용정보 모아-JOB 운영,맞춤형상담서비스,취업에 어려움을 겪는 청년들에게 시 산하 기관(부서)의 채용계획을 통합 제공하여 채용 정보를 한눈에 볼 수 있도록 정보 접근성 강화,"-대상 : 공공부문 채용정보를 제공받고 싶어하는 청년 -규모 : 전주시 산하기관(부서) *출연, 민간위탁기관 포함 -내용 : 청정지대 내 공공일자리 채용계획 통합 게시(월 1회)",일자리,취업,"일자리, 복지",일자리,,20260101 ~ 20261231,18세~39세 / 연령제한:N 0043001 0 0 0011009 0013010 0049010 0055003,18세~39세 / 연령제한:N,0043001 0 0,,,전북특별자치도 전주시,전북특별자치도 전주시,,https://www.jeonju.go.kr/reserve/index.9is,https://www.jeonju.go.kr/youth/index.9is?contentUid=9be517a79ae88ebe019d89b0a81b218c,2026-04-28 18:36:16,2026-04-30 10:55:44,1,온통청년_OPEN_API_getPlcy,전북,전주시 산하기관 채용정보 모아 JOB 운영 취업에 어려움을 겪는 청년들에게 시 산하 기관 부서 의 채용계획을 통합 제공하여 채용 정보를 한눈에 볼 수 있도록 정보 접근성 강화 맞춤형상담서비스 일자리
전북,"52000,45000",20260428005400212899,웨딩 in 전주 공공예식장,바우처,"결혼을 앞둔 예비부부들의 결혼 비용에 대한 경제적 부담을 완화하고, 검소하고 합리적인 결혼문화를 장려하기 위해 전주지역 주요시설을 예식 공간으로 개방","○ 지원내용 : 전주 공공예식장 대관 - 무료(7) : 노송광장, 덕진공원(열린광장), 한국전통문화전당, 팔복예술공장(이팝나무홀), JB문화공간, 전라감영, 평화의전당(잔디광장) - 유료(2) : 기전놀이전수관, 문화공판장 작당(야외마당) ○ 공공예식장 부대비용 지원 -지원대상 : 공공예식장 이용 예비부부 10쌍(예산 소진 시까지) -지원금액 : 예식 1쌍당 최대 100만원 실비 지원 -지원내용 : 예식 진행에 필요한 공간 연출 및 비품 비용 지원 -지원항목 : 의자·테이블, 음향·조명, 꽃장식 등 집기 및 장식류 -지원방법 : 예식 종료 후 관련 증빙서류 확인 후 계좌 입금",금융･복지･문화,문화활동 및 생활지원,복지,복지,,20260101 ~ 20261231,18세~39세 / 연령제한:N 0043001 0 0 0011009 0013010 0049010 0055003,18세~39세 / 연령제한:N,0043001 0 0,"- 공유누리(https://www.eshare.go.kr/) 홈페이지에서 공유신청예약 > 자원분류(공공예식장·연회장) > 희망지역(전북특별자치도, 전주시) > 검색 후 예약·신청","① 지원신청서 및 동의서(공유누리에서 다운로드 작성) ② 전주시 거주확인 서류(주민등록등본) ※ 신청인 및 예비배우자 타시도 거주시, 전주시 거주 부 또는 모의 주민등록 등본 및 가족관계증명서 제시",전북특별자치도 전주시,전북특별자치도 전주시,https://www.eshare.go.kr/UserPortal/Upm/Main/index.do,https://www.jeonju.go.kr/youth/index.9is,,2026-04-28 17:17:44,2026-04-30 10:52:49,1,온통청년_OPEN_API_getPlcy,전북,웨딩 in 전주 공공예식장 결혼을 앞둔 예비부부들의 결혼 비용에 대한 경제적 부담을 완화하고 검소하고 합리적인 결혼문화를 장려하기 위해 전주지역 주요시설을 예식 공간으로 개방 바우처 복지
전북,"52000,45000",20260428005400212898,"청춘 ""금손(뜨개질 덕후)"" 모여락(樂)",교육지원,"청년의 창의적인 뜨개질 재능으로 겨울철 가로수를 보호하고, 따뜻한 거리 조성 등 전주지역 환경 개선에 직접 참여하여 지역 공동체에 나눔과 온기 전파","▶ 모집대상 : 전주시에 거주하는 18세 ~ 39세('86~'07년생) 뜨개질이 취미인 청년 누구나 ▶ 활동내용 : 전주시청 노송광장 나무에 입힐 겨울철 뜨개옷 만들기(1인 1그루) -자원봉사 시간 부여, 재료비 지원 등",참여･기반,청년참여,"직무교육, 참여 프로그램",직무교육,20260422 ~ 20260511,20260501 ~ 20261130,18세~39세 / 연령제한:N 0043001 0 0 0011009 0013010 0049010 0055003,18세~39세 / 연령제한:N,0043001 0 0,"▶ 신청방법 - 카카오톡 오픈채팅 ""청춘금손"" 검색 후 신청 - 링크 ☞ https://open.kakao.com/o/sVkvaDqi",,전북특별자치도 전주시,전북특별자치도 전주시,,https://jeonju.go.kr/youth/planweb/board/view.9is?dataUid=9be517a89a2f1137019daebf11701b20&contentUid=9be517a7874b81cd018804056c700436&boardUid=9be517a76d4e0de4016da39cded729b7,,2026-04-28 16:57:16,2026-04-30 10:51:20,1,온통청년_OPEN_API_getPlcy,전북,청춘 금손 뜨개질 덕후 모여락 청년의 창의적인 뜨개질 재능으로 겨울철 가로수를 보호하고 따뜻한 거리 조성 등 전주지역 환경 개선에 직접 참여하여 지역 공동체에 나눔과 온기 전파 교육지원 직무교육
전북,"52000,45000",20260428005400212897,4월 온기프로젝트 모집,교육지원,"전주청년의 소외감, 고립감, 건강 문제(영양소 불균형) 등 해소를 위해 선호 레시피 조리, 소통 및 청년 간 지속적인 관계 형성으로 마음건강 회복을 지원하여 활력 제고","마음건강 치유(1부 선호 식단 레시피 공유 및 시식, 2부 참여자간 네트워킹)",참여･기반,청년참여,"직무교육, 복지, 참여 프로그램",직무교육,20260408 ~ 20260430,20260201 ~ 20261130,18세~39세 / 연령제한:N 0043001 0 0 0011009 0013010 0049010 0055003,18세~39세 / 연령제한:N,0043001 0 0,접수신청: https://naver.me/GgWrEEeC,,전북특별자치도 전주시,전북특별자치도 전주시,,https://jeonju.go.kr/youth/planweb/board/view.9is?dataUid=9be517a79ae88ebe019d6be640e54948&contentUid=9be517a7874b81cd018804056c700436&boardUid=9be517a76d4e0de4016da39cded729b7,,2026-04-28 16:44:51,2026-04-30 10:50:55,1,온통청년_OPEN_API_getPlcy,전북,4월 온기프로젝트 모집 전주청년의 소외감 고립감 건강 문제 영양소 불균형 등 해소를 위해 선호 레시피 조리 소통 및 청년 간 지속적인 관계 형성으로 마음건강 회복을 지원하여 활력 제고 교육지원 직무교육
전북,"52000,45000",20260428005400212896,2026년 청년부부 결혼비용 지원사업,바우처,전주시 청년 결혼 초기 경제적 부담 완화 및 지역정착 지원,"- 지원규모 : 청년부부 60쌍(상반기 30쌍, 하반기 30쌍) - 지원내용 : 결혼식을 위한 스튜디오 촬영, 드레스, 메이크업 비용 최대 100만원 실비 지원",금융･복지･문화,문화활동 및 생활지원,복지,복지,20260601 ~ 20260608,20260201 ~ 20261231,18세~39세 / 연령제한:N 0043003 0 0 기준 중위소득 120% 이하 0011009 0013010 0049010 0055001,18세~39세 / 연령제한:N,0043003 0 0 기준 중위소득 120% 이하,"- 신청방법 : 온라인 신청(전주시 통합지원신청 jeonju.go.kr) ※ 방문, 우편접수 불가 - 접수방법 : 신청자 본인이 전주시 통합신청지원 접속하여 본인 인증 후 구비서류 제출","①「청년 결혼비용 지원」신청서 1부 ② 결혼 준비 비용(스튜디오, 드레스 대여, 메이크업) 영수증 * 혼인신고일 기준 1년 전부터 신청일까지 영수증 ③ 개인정보 수집·이용·제공 동의서 ④ 행정정보 공동이용 사전동의서 ⑤ 배우자의 행정정보 공동이용 사전동의서(위임장 포함) * 행정정보공동이용 조회(제출하지 않아도 되는 서류): 주민등록초본, 소득금액증명원 ※미동의 시 본인 제출 ⑥ 혼인관계증명서(상세) ⑦ 통장 사본 ⑧ 가족관계증명서(자녀가 있는 경우에 한함) ⑨ 사실 증명(소득이 없는 경우에 한함)",전북특별자치도 전주시,전북특별자치도 전주시,,https://www.jeonju.go.kr/youth/index.9is,https://www.jeonju.go.kr/index.9is?contentUid=9be517a7914528ce019536da9bad1abe,2026-04-28 16:06:04,2026-04-28 16:18:22,1,온통청년_OPEN_API_getPlcy,전북,2026년 청년부부 결혼비용 지원사업 전주시 청년 결혼 초기 경제적 부담 완화 및 지역정착 지원 바우처 복지
전북,"52000,45000",20260428005400212895,2026년 전주시 「청년참여예산 민간보조금」 지원,보조금,"청년이 구상·제안한 사업 실행을 지원하여 청년의 자율적 정책 참여와 역량 강화를 도모하고, 청년정책의 실효성 제고","-신청자격 : 전주시 관내에서 활동 중인 청년단체 또는 법인 * 공고일 기준 구성원 5인 이상인 단체(법인 포함)로서, 구성원 중 50% 이상이 전주시 거주자이며 대표가 청년이고, 구성원의 50% 이상이 청년으로 구성 - 지원규모 : 단체당 10백만원 내외 지원 - 지원내용 : 사업진행비, 홍보비, 소모성 물품 구입비 등 - 공모주제 : 청년의 삶의 질 향상을 위한 청년정책 사업 ① 청년의 창의적 아이디어를 바탕으로 청년 참여를 확대하고, 지역사회의 실질적인 변화를 이끄는 참여형 사업 ② 청년의 창업 도전 및 초기 아이디어 실현을 지원하는 창업 연계 사업",참여･기반,청년참여,"직무교육, 창업지원, 참여 프로그램",직무교육,20260121 ~ 20260206,20260201 ~ 20261231,18세~39세 / 연령제한:N 0043001 0 0 0011009 0013010 0049010 0055003,18세~39세 / 연령제한:N,0043001 0 0,○ 접수기간 : 2026. 1. 21.(수) ～ 2. 6.(금) / 17일간 ○ 접수방법 : 전주시 누리집 온라인 신청,"○ 사업신청서, 단체현황, 단체등록증빙서류, 단체 주요활동경력(해당 시) ○ 사업계획요약서 및 사업계획서, 지방보조사업자 관리카드 ○ 대표자 및 구성원 거주지/연령 확인 서류(주민등록초본 등), 개인정보 수집·이용·제공 동의서 ○ 지방세 완납증명서, 정보제공동의서",전북특별자치도 전주시,전북특별자치도 전주시,,https://www.jeonju.go.kr/youth/index.9is,https://www.jeonju.go.kr/planweb/board/view.9is?contentUid=ff8080818990c349018b041a879f395a&dataUid=843369c5dec64190b8eab88547f1ac70&boardUid=9be517a7914528ce01930aa3ddc26cf0,2026-04-28 15:46:36,2026-04-28 16:16:59,1,온통청년_OPEN_API_getPlcy,전북,2026년 전주시 청년참여예산 민간보조금 지원 청년이 구상 제안한 사업 실행을 지원하여 청년의 자율적 정책 참여와 역량 강화를 도모하고 청년정책의 실효성 제고 보조금 직무교육
전북,"52000,45000",20260428005400212894,2026년 청년 면접정장 무료대여 지원,바우처,취업을 준비하는 전주 청년들의 경제적 부담 경감 및 자신감 고취로 취업성공을 돕기 위한 청년 면접정장 무료대여 지원,- 사업대상 : 18세 ∼ 39세 이하 전주시 거주 구직 청년(1인당 최대 3회) - 사업내용 : 면접 응시에 필요한 정장(세트) 대여 무료 지원,금융･복지･문화,취약계층 및 금융지원,"일자리, 복지",일자리,,20260101 ~ 20261231,18세~39세 / 연령제한:N 0043001 0 0 0011009 0013003 0049010 0055003,18세~39세 / 연령제한:N,0043001 0 0,-온라인 신청(전주 청정지대 홈페이지) : youth.jeonju.go.kr,"개인정보 수집 등 동의서, 온라인 신청서(주민등록초본 첨부)",전북특별자치도 전주시,전북특별자치도 전주시,https://www.jeonju.go.kr/youth/index.9is,https://www.jeonju.go.kr/youth/index.9is,https://www.jeonju.go.kr/index.9is?contentUid=9be517a7914528ce019536db25af1ad5,2026-04-28 15:27:31,2026-04-28 16:15:53,1,온통청년_OPEN_API_getPlcy,전북,2026년 청년 면접정장 무료대여 지원 취업을 준비하는 전주 청년들의 경제적 부담 경감 및 자신감 고취로 취업성공을 돕기 위한 청년 면접정장 무료대여 지원 바우처 일자리
전북,"52000,45000",20260428005400212893,2026년 전주 청년만원주택 청춘★별채 예비입주자 모집,"주거지원,공공임대주택","전주시가 주택을 매입하여 청년(19~39세), 대학생 및 취업준비생을 대상으로 주거안정을 목적으로 공급하는 임대주택","‣ 공급주택 : 전주시 완산구 모악로 4685-22(청춘별채11) ‣ 모집호수 : 총 24호 ‣ 임대조건 : 월 임대료 1~2만원(방수 기준), 보증금 50만원 ※ 관리비 별도 부담(외부 위탁기관에서 주택 시설관리 예정) ‣ 임대기간 : 최초 임대기간은 2년이며, 재계약(2년 단위) 4회 가능(최장 10년 거주) - 입주 후 혼인한 경우, 재계약(2년 단위) 5회 추가연장 가능(최장 20년) ※ 재계약을 하는 경우 관계 법령에 따른 자격을 충족하는 경우에 한함.",주거,주택 및 거주지,"일자리, 주거지원",일자리,20260330 ~ 20260401,20260101 ~ 20261231,18세~39세 / 연령제한:N 0043003 0 0 붙임 공고문의 소득 및 자산 기준 참고 0011009 0013010 0049010 0055002,18세~39세 / 연령제한:N,0043003 0 0 붙임 공고문의 소득 및 자산 기준 참고,신청접수 : 온라인 접수(https://www.jeonju.go.kr) - 전주시청 홈페이지 ‘통합신청지원’ → 2026년 전주 청년만원주택 청춘★별채 예비입주자 모집 → 로그인 후 신청서 작성(모든 제출서류 ‘첨부파일’에 등록) → 신청완료,1. 입주신청서 2. 주민등록표등본 3. 가족관계증명서 4. 개인정보 수집·이용 및 제3자 제공 동의서 : 공고문 참고 후 해당하는 경우만 제,전북특별자치도 전주시,전북특별자치도 전주시,,https://www.jeonju.go.kr/youth/index.9is,https://www.jeonju.go.kr/planweb/board/view.9is?contentUid=ff8080818990c349018b041a879f395a&dataUid=fca0ee6466ab49bcac7e273944b2153b&boardUid=9be517a7914528ce01930aa3ddc26cf0,2026-04-28 15:03:29,2026-04-28 16:13:34,1,온통청년_OPEN_API_getPlcy,전북,2026년 전주 청년만원주택 청춘 별채 예비입주자 모집 전주시가 주택을 매입하여 청년 19 39세 대학생 및 취업준비생을 대상으로 주거안정을 목적으로 공급하는 임대주택 주거지원 공공임대주택 일자리
전북,"52000,45000",20260428005400212892,2026 전주기업반 취업지원 사업,바우처,지역(전주)기업의 수요를 반영한 직무역량강화 교육 운영을 통해 우수 전문인력 양성으로 청년 취업연계 및 장기재직 유도,"전주기업반 교육과정 운영비 및 학생 취업장려금 지원 - (대학) 교육과정운영비 90백만원 지원 - (학생) 협약기업 취업 시 취업장려금 지원 (5년간 최대 4,200만원 지원)",일자리,취업,"일자리, 직무교육",일자리,20260327 ~ 20260331,20260401 ~ 20270331,"18세~39세 / 연령제한:N 0043001 0 0 □ 신청대상 : 대학에서 지역기업 수요조사 및 참여가능 기업 모집 후 신청 ◦ (대학) 산업현장 수요에 맞는 교육 운영-기업 취업 연계가 가능한 대학*의 사업단** * ｢고등교육법｣ 제2조에 따른 대학 및 전문대학 ** 대학 내 기존 부서 신청 또는 부서 간 협업으로 신규 사업단 구성하여 신청가능 ** 대학은 기업‧기관‧단체 등과 컨소시엄을 구성하여 신청 가능 ◦ (참여기업) 전주시‧완주군 소재 지역기업으로, 채용설명회 참여, 인턴근무 지원, 참여학생 채용이 가능한 중소기업, 중견기업, 대기업 * 4대 보험 가입자 3명 이상 기업(대표자 제외) ◦ (참여학생) 18~39세 이하 졸업예정자(’27.2월) 또는 졸업 후 3년 이내 미취업자 - 본 사업 참여에 의지가 있는 학생 중 기업에서 요구하는 인재상에 부합할 수 있는 기본역량을 갖춘 우수 학생을 공정하고 투명한 절차에 따라 선정 * 신청대학 외 전주시 소재 대학 재학생(졸업생) 구성 가능하나, 총 참여학생의 30%내로 한정 ① 소비향락업 등 업종 ※ 일반유흥 주점업, 무도유흥 주점업, 단란주점, 유흥주점, 노래연습장업 등 ② 국가 및 공공기관, 학교 ③ 공직자 윤리법 제3조의 2에 따른 공직 유관단체 ④ 임시 및 일용 인력 공급업, 근로자 파견 등 해당 청년을 직접 사용하지 아니하는 사업주 ⑤ 근로기준법 제43조의2에 따라 임금 등을 체불하여 명단이 공개중인 사업주 ⑥ 고용보험료 체납기업 ⑦ 3개월 미만의 계절적‧일시적 인력수요 사업체 ⑧ 산업안전보건법 제10조에 따라 중대 산업재해 발생 등으로 명단이 공표 중인 기업 ⑨ 고용보험법 시행령 제56조제2항(부정행위에 따른 지원금 등의 지급 제한)에 따른 지원금 지급제한 기간내(최대12개월)에 있는 사업주 ⑩ 노사분규 중인 사업장 등 청년 취업근무가 정상적으로 진행되기 어려운 사업장 ⑪ 청년 취업자의 직계존속이 경영하는 사업장 ⑫ 기타 중대한 사회적 문제를 야기한 기업 0011009 0013003 0049005,0049006,0049007 0055003",18세~39세 / 연령제한:N,0043001 0 0,"◦ 제출방법 : 방문접수 ◦ 제 출 처 : 전주시청 청년일자리과 청년일자리팀 - 제본 제출 주소 : 전주시 완산구 노송광장로 29, 시청별관 9층(구 현대해상) - 전자파일 : jeh3564@korea.kr","① 신청공문 1부 ② 사업계획서 6부(A4사이즈, 원본 1부, 사본 5부) ③ 참여기업 협약서 각 1부 ④ 우선채용 약정서 각 1부 ⑤ 참여기관 컨소시엄 구성 확약서 1부 ⑥ 대학 및 참여기관의 사업자등록증 사본 1부",전북특별자치도 전주시,전북특별자치도 전주시,,https://www.jeonju.go.kr/youth/index.9is,https://www.jeonju.go.kr/planweb/board/view.9is?contentUid=ff8080818990c349018b041a879f395a&dataUid=c0908158a7554347b1b0db5cdd6f414c&boardUid=9be517a7914528ce01930aa3ddc26cf0,2026-04-28 14:18:31,2026-04-28 16:12:51,1,온통청년_OPEN_API_getPlcy,전북,2026 전주기업반 취업지원 사업 지역 전주 기업의 수요를 반영한 직무역량강화 교육 운영을 통해 우수 전문인력 양성으로 청년 취업연계 및 장기재직 유도 바우처 일자리
전북,"52000,45000",20260428005400212890,2026년 전주시 소규모점포 청년창업 지원,"바우처,맞춤형상담서비스",특색 있는 점포 창업을 희망하는 지역 청년에게 컨설팅 및 사업화 자금을 지원하여 청년 자립·성장 유도,"사업화자금(팀별 최대1,500만원), 창업 맞춤 컨설팅",일자리,창업,"일자리, 창업지원, 복지",일자리,20260219 ~ 20260312,20260228 ~ 20271231,"18세~39세 / 연령제한:N 0043001 0 0 ① 전주시에 거주 중인 18~39세 청년 ② 전주시 내 연면적 99㎡이하 점포 창업 예정자 ※ 2026년 6월 이내 창업(실제 점포 운영) 가능한 자 ③ 직장건강보험(피부양자 제외) 미가입 되어있는 자 1. 국세 또는 지방세 체납 중인 자(단, 최종 선발 이후 완납하는 경우 가능) 2. 업종에 관계없이 타 사업자등록을 유지하려는 자 3. 재직 청년(신청일 기준 건강보험 직장가입자) 4. 재학 청년 5. 사업 운영 점포 건물주(임대인)의 배우자 및 직계존비속 6. 2026년 타 창업 지원사업과 동일 내용으로 중복지원 불가 7. 공고일 기준 3년 이내 동일 내용으로 타 창업 지원사업의 사업화 자금 지원을 받은 자 8. 본인 명의 계좌 개설이 불가하거나, 금융자산 압류가 진행 중인 자 9. 기타 전주시장이 참여 제한 사유가 있다고 인정하는 자(위법행위 등) 0011009 0013003 0049010 0055003",18세~39세 / 연령제한:N,0043001 0 0,"- (방문접수) 전주시 완산구 노송광장로 29, 전주시청 별관 9층 청년일자리과 청년내일팀 - (이메일접수) mj6632@korea.kr","1. 지원 신청서 2. 사업계획서 3. 서약서 4. 개인정보 수집·이용·제공 동의서 5. 주민등록 초본 6. 가족관계증명서 각1부(본인기준1, 부(父)기준1, 모(母)기준1, 총3부) 7. 국세 완납증명서 및 지방세 완납증명서 각1부 8. 사실증명(사업자등록사실여부 또는 총사업자등록내역) 9. 건강보험 자격득실확인서 10. 소상공인지식배움터 온라인 교육 수료증 2부(반드시 2과목 이상 수료)",전북특별자치도 전주시,전북특별자치도 전주시,,https://www.jeonju.go.kr/youth/index.9is,https://www.jeonju.go.kr/planweb/board/view.9is?contentUid=ff8080818990c349018b041a87373953&dataUid=9be517a89b212afa019c736853a775fc&boardUid=ff8080818990c349018b1dbaa78e4b41,2026-04-28 13:34:00,2026-04-28 16:10:07,1,온통청년_OPEN_API_getPlcy,전북,2026년 전주시 소규모점포 청년창업 지원 특색 있는 점포 창업을 희망하는 지역 청년에게 컨설팅 및 사업화 자금을 지원하여 청년 자립 성장 유도 바우처 맞춤형상담서비스 일자리
전북,"52000,45000",20260428005400212889,2026년 출향(전입)청년 채용 전주기업 취업지원,바우처,중소기업의 인력난을 해소하고 청년 고용의 기회를 확대하는 동시에 청년의 지역정착 지원,- 기 업 : 청년 채용 1인당 월 100만원씩 12개월간 지원 * 수습기간 2개월 포함 최대 12개월 - 청 년 : 장려금 최대 900만원 지원(6·12·24개월 경과 시 각 300만원 지급),일자리,취업,일자리,일자리,20260115 ~ 20260130,20260101 ~ 20261231,"18세~39세 / 연령제한:N 0043001 0 0 • 소비 향락업 등 업종 ① 『중소기업 인력지원 특별법』 제3조 및 같은 법 시행령 제2조에서 정하는 업종 (일반유흥 주점업, 무도유흥 주점업, 기타 주점업, 기타 사행시설 관리 및 운영업, 무도장 운영업 등) ② 『청소년 보호법』 제2조 제5호의 ‘청소년 유해업소’, 『풍속영업의 규제에 관한 법률』 제2조, 『사해행위 등 규제 및 처벌 특례법』 제2조에 해당하는 업종 (단란주점, 유흥주점, 노래연습장업, 비디오감상실업, 무도장업, 복권발행업 등) • 국가 및 공공기관 등 • 『공직자 윤리법』 제3조의 2에 따른 공직 유관단체 • 임시 및 일용 인력 공급업, 근로자 파견업 등 근로자를 해당 사업주가 직접 사용하지 아니하는 사업주 • 『근로기준법』 제43조의2에 따라 임금 등을 체불하여 명단이 공개 중인 사업주 • 고용보험료 체납기업 • 3개월 미만의 계절적·일시적 인력수요 사업체(예, 계절적 농수산물 가공업체) • 학원(「학원의 설립·운영 및 교습소에 관한 법률」 및 「도로교통법」에 의한 학원) • 숙박·음식업종 사업체(다만, 호텔업·휴양콘도 사업체는 가능) • 『산업안전보건법』 제10조에 따라 중대재해 발생 등으로 명단이 공표된 사업장 • 『고용보험법 시행령』 제56조제2항(부정행위에 따른 지원금 등의 지급제한)에 따른 지원금 지급제한 기간 내(최대 12개월)에 있는 사업주 • 출향청년 취업자 채용 이전 1개월 이내에 정리해고 등 근로자의 귀책사유 없는 인위적 감원이 있는 기업 • 노사분규 중인 사업장 등 출향청년 취업근무가 정상적으로 진행되기 어려운 사업장 • 출향청년 취업 신청자의 직계존속이 경영하는 사업장 • 정부 및 시의 다른 재정지원 일자리사업에 중복하여 참여 중인 기업 • 기타 출향청년 채용 지원사업의 사업목적과 취지에 적정하지 않다고 판단하는 기업 0011009 0013001 0049010 0055003",18세~39세 / 연령제한:N,0043001 0 0,"- (방문접수) 점심시간(12:00∼13:00) 제외, 기간 중 평일(9:00~18:00) - (등기우편) ’26. 1. 30.(금) 우체국 소인분까지 인정 - 방문 및 등기우편 접수처 : 전주시청 청년일자리과 청년내일팀(전주시 완산구 노송광장로 29, 전주시청별관 9층)","1. 출향청년 채용지원 신청서(기업용) 1부 2. 확인서(기업용) 1부 3. 출향청년 취업지원 신청서(참여자용) 1부 4. 개인정보 이용에 관한 동의서(기업용, 개인용) 각 1부 5. 출향청년 채용 선발자 명단통보서(기업용) 1부 6. 출향청년 채용약정서 1부. 7. 표준근로계약서 1부. 8. 출향청년 채용지원 협약서 2부. (월, 일 미기재) 9. 사업자등록증 1부. 10. 국세·지방세 완납증명서 각 1부 11. 고용보험 자격취득자 명부 1부(신청일 직전 3개월 매월 말일 기준 각 1부, ‘26년 1월 말 기준 1부.)",전북특별자치도 전주시,전북특별자치도 전주시,,https://www.jeonju.go.kr/youth/index.9is,https://www.jeonju.go.kr/planweb/board/view.9is?contentUid=ff8080818990c349018b041a879f395a&dataUid=50bcd15a6bd24b4084641759f09e3902&boardUid=9be517a7914528ce01930aa3ddc26cf0,2026-04-28 13:20:31,2026-04-28 16:08:58,1,온통청년_OPEN_API_getPlcy,전북,2026년 출향 전입 청년 채용 전주기업 취업지원 중소기업의 인력난을 해소하고 청년 고용의 기회를 확대하는 동시에 청년의 지역정착 지원 바우처 일자리
전북,"52000,45000",20260428005400212887,제10기 청년희망단 운영,교육지원,청년의 다양한 의견을 수렴하고 정책을 직접 제안하는 등 청년주도 참여모델인 ‘청년희망단’을 운영하여 전주시 실정에 맞는 청년정책 발굴,- 지역 청년의 의견수렴 및 청년정책 개선방안 모색·제안 - 청년정책 멘토단과 연계하여 정책연구 및 발굴 - 정책현장방문 등 시정참여 및 범분과 대외(사회기여) 활동 - 타지역 청년단체 교류,참여･기반,청년참여,"직무교육, 참여 프로그램",직무교육,20251215 ~ 20260109,20260101 ~ 20261231,"18세~39세 / 연령제한:N 0043001 0 0 -모집대상 : 전주시에 거주 또는 활동하는 18세∼39세 청년으로, 청년활동을 성실히 참여할 수 있는 사람 가. 전주시 생활권 : 전주시가 거주지, 대학 또는 직장 소재지인 경우 나. 연 령 : 2026. 1. 1. 기준, 18∼39세(1986. 1. 2. ∼ 2008. 1. 1. 출생자) 0011009 0013010 0049010 0055003",18세~39세 / 연령제한:N,0043001 0 0,전주시 누리집 ‘통합신청지원’을 통한 온라인 신청,-지원 신청서 -개인정보 수집·이용·제공 동의서,전북특별자치도 전주시,전북특별자치도 전주시,https://www.jeonju.go.kr/reserve/index.9is,https://www.jeonju.go.kr/youth/index.9is,,2026-04-28 11:17:08,2026-04-28 16:05:53,1,온통청년_OPEN_API_getPlcy,전북,제10기 청년희망단 운영 청년의 다양한 의견을 수렴하고 정책을 직접 제안하는 등 청년주도 참여모델인 청년희망단 을 운영하여 전주시 실정에 맞는 청년정책 발굴 교육지원 직무교육
전북,"52000,45000",20260421005400112773,미소금융 청년 미래이음 대출,"대출,금리혜택",미취업 또는 취˙창업 1년 이내 청년(19세 이상 34세 이하)에 대하여 사회진입을 위한 자금 지원,"1. 대출한도: 최대 5백만원 2. 대출금리: 연 4.5% 이내 3. 대출기간: 최대 11년(거치기간 6년 이내, 상환기간 5년 이내) 4. 상환방법: 원리금균등분할상환",금융･복지･문화,취약계층 및 금융지원,"일자리, 창업지원, 복지",일자리,,연중,"19세~34세 / 연령제한:N 0043001 0 0 사회진입을 위한 자금이 필요한 미취업 또는 취업 초기 청년(19세 이상 34세 이하, 취˙창업 1년 이내)이면서 다음 하나의 요건을 충족한 자 1. 개인신용평점이 하위 100분의 20에 해당하는 자 2. 기초생활수급자 및 차상위계층 이하 자 3. 근로장려금 신청자격 요건에 해당하는 자 0011009 0013001,0013003,0013006 0049010 0055003",19세~34세 / 연령제한:N,0043001 0 0,미소금융 전국 지점 방문 (하단 참고사이트2 참고),관련 서류 또는 자세한 지원대상은 전국 미소금융 지점에서 확인해주시길 바랍니다.,서민금융진흥원,한국고용정보원,https://www.kinfa.or.kr/financialProduct/youngFutureLinkLoan.do,https://www.kinfa.or.kr/financialProduct/youngFutureLinkLoan.do,https://www.kinfa.or.kr/counselingSupport/centerSmileFind.do?searchKeyword2=00121,2026-04-21 10:05:05,2026-04-21 10:31:49,1,온통청년_OPEN_API_getPlcy,전북,미소금융 청년 미래이음 대출 미취업 또는 취 창업 1년 이내 청년 19세 이상 34세 이하 에 대하여 사회진입을 위한 자금 지원 대출 금리혜택 일자리
전북,"52000,45000",20260417005400112768,벤처기업 공동채용 지원사,"벤처,장기미취업청년,중소기업",채용수요가 있는 벤처기업들이 합동으로 취업포탈 사이트에 취업 공고 게시 및 채용박람회 등을 통해 벤처기업이 우수 인재채용을 지,벤처기업 공동채용을 통한 입사자 등 벤처 신입직원을 대상으로 벤처이해를 포함한 기초소양 및 직무역량 향상 교육 실시,일자리,취업,"일자리, 직무교육, 창업지원",일자리,,계속,0세~0세 / 연령제한:Y 0043001 0 0 0011009 0013010 0049010 0055003,0세~0세 / 연령제한:Y,0043001 0 0,,,중소벤처기업부,중소벤처기업부 창업벤처혁신실 창업정책관,,https://www.venture.or.kr/home/kor/M748473882/business/contents/index.do?idx=cb00d1a0008a85e71a41b8741facbffe71a547009cdc82b6a17d02db013fb623&idx2=cb00d1a0008a85e71a41b8741facbffe6345b0b94089980f84385e748ce0fc81,,2026-04-17 10:24:05,2026-04-17 15:23:59,1,온통청년_OPEN_API_getPlcy,전북,벤처기업 공동채용 지원사 채용수요가 있는 벤처기업들이 합동으로 취업포탈 사이트에 취업 공고 게시 및 채용박람회 등을 통해 벤처기업이 우수 인재채용을 지 벤처 장기미취업청년 중소기업 일자리
전북,"52000,45000",20260417005400112767,참 괜찮은 강소기업 선정 및 취업연계,"장기미취업청년,중소기업,벤처",구직자들이 선호할만한 우수 중소기업을 발굴하고 채용 정보 제공 및 매칭 지원을 통해 중소기업 일자리 미스매치 완화,기업정보 제공 및 매칭지원,일자리,취업,"일자리, 창업지원",일자리,,계속,0세~0세 / 연령제한:Y 0043001 0 0 0011009 0013010 0049010 0055003,0세~0세 / 연령제한:Y,0043001 0 0,,,중소벤처기업부,중소벤처기업부 창업벤처혁신실 창업정책관,,https://www.smes.go.kr/gsmb/main,,2026-04-17 10:16:18,2026-04-17 15:23:24,1,온통청년_OPEN_API_getPlcy,전북,참 괜찮은 강소기업 선정 및 취업연계 구직자들이 선호할만한 우수 중소기업을 발굴하고 채용 정보 제공 및 매칭 지원을 통해 중소기업 일자리 미스매치 완화 장기미취업청년 중소기업 벤처 일자리
전북,"52000,45000",20260417005400112766,스타트업 원스톱 지원센터,"중소기업,벤처","기술창업 기반의 창업가가 직면하는 법률, 세무, 경영 등 복합적인 애로해결 가이드, 전문가 매칭, 상담비용 지원 등 '원스톱'으로 상담 서비스를 지원합니다.",상담분야별 정보 제공과 전문가 매칭 및 상담 지원,일자리,창업,"일자리, 창업지원, 복지",일자리,,계속,0세~0세 / 연령제한:Y 0043001 0 0 0011009 0013010 0049010 0055003,0세~0세 / 연령제한:Y,0043001 0 0,,,중소벤처기업부,중소벤처기업부 창업벤처혁신실 창업정책관,,https://www.k-startup.go.kr/onestop/main/index.do,,2026-04-17 10:11:25,2026-04-17 15:22:44,1,온통청년_OPEN_API_getPlcy,전북,스타트업 원스톱 지원센터 기술창업 기반의 창업가가 직면하는 법률 세무 경영 등 복합적인 애로해결 가이드 전문가 매칭 상담비용 지원 등 원스톱 으로 상담 서비스를 지원합니다 중소기업 벤처 일자리
전북,"52000,45000",20260416005400112765,청소년비즈쿨,"인턴,교육지원,벤처",청소년을 대상으로 기업가정신 함양 및 창업 교육을 통해 꿈·끼·도전정신·진취성을 갖춘 '융합형 창의인재' 양성,"(비즈쿨 학교 운영) 청소년과 밀접한 공간인 학교에서 기업가정신 관련 교육, 체험활동, 창업동아리 등을 지원 (체험활동 운영) 초·중·고등학생의 수준에 맞는 체험형 프로그램 및 캠프, 비즈쿨 페스티벌을 개최하여 기업가 정신 함양 및 창업 실무지식 습득 (기업가정신 교육지원) 담당교사 온·오프라인 직무연수 지원, 기업가정신 관련 교재·콘텐츠를 개발하여 전국 비즈쿨 운영학교에 보급",교육･직업훈련,미래역량강화,"일자리, 직무교육, 창업지원, 참여 프로그램",일자리,20260210 ~ 20260303,계속,0세~0세 / 연령제한:Y 0043001 0 0 0011009 0013009 0049010 0055003,0세~0세 / 연령제한:Y,0043001 0 0,,,중소벤처기업부,중소벤처기업부 창업벤처혁신실 창업정책관,,https://www.kised.or.kr/menu.es?mid=a10202010000,,2026-04-16 17:59:13,2026-04-17 15:22:25,1,온통청년_OPEN_API_getPlcy,전북,청소년비즈쿨 청소년을 대상으로 기업가정신 함양 및 창업 교육을 통해 꿈 끼 도전정신 진취성을 갖춘 융합형 창의인재 양성 인턴 교육지원 벤처 일자리
전북,"52000,45000",20260416005400112764,2026년도 창업중심대학 대학발 (예비)창업기업 모집 공고,"중소기업,벤처",대학의 창업 인프라를 활용하여 우수한 창업아이템을 보유한 대학발 (예비)창업기업의 사업화를 지원,"사업화자금 (평균 0.7억원 내외, 최대 1.5억원), 창업프로그램 등",일자리,창업,"일자리, 직무교육, 창업지원",일자리,20260303 ~ 20260324,계속,"0세~0세 / 연령제한:Y 0043001 0 0 0011009 0013006,0013009 0049010 0055003",0세~0세 / 연령제한:Y,0043001 0 0,,,중소벤처기업부,중소벤처기업부 창업벤처혁신실 창업정책관,,https://www.k-startup.go.kr/web/contents/bizpbanc-deadline.do?pbancClssCd=PBC010&schStr=%EC%B0%BD%EC%97%85%EC%A4%91%EC%8B%AC%EB%8C%80%ED%95%99&schM=view&pbancSn=176498,,2026-04-16 17:55:42,2026-04-17 15:21:28,1,온통청년_OPEN_API_getPlcy,전북,2026년도 창업중심대학 대학발 예비 창업기업 모집 공고 대학의 창업 인프라를 활용하여 우수한 창업아이템을 보유한 대학발 예비 창업기업의 사업화를 지원 중소기업 벤처 일자리
전북,"52000,45000",20260416005400112763,재도전성공패키지,"벤처,중소기업","성실한 실패 경험과 우수한 아이템을 바탕으로 성장 가능성이 높은 (예비)재창업기업을 발굴하고, 패키지형 재창업 지원","사업화 자금, 심리치유, 실패원인분석, 맞춤형 멘토링, 투자연계 등",일자리,창업,"일자리, 창업지원, 복지, 참여 프로그램",일자리,20260211 ~ 20260304,계속,0세~0세 / 연령제한:Y 0043001 0 0 0011009 0013009 0049010 0055003,0세~0세 / 연령제한:Y,0043001 0 0,,,중소벤처기업부,중소벤처기업부 창업벤처혁신실 창업정책관,,https://www.k-startup.go.kr/web/contents/webCMRCZN.do?schM=view&id=170007,,2026-04-16 17:48:55,2026-04-17 15:20:41,1,온통청년_OPEN_API_getPlcy,전북,재도전성공패키지 성실한 실패 경험과 우수한 아이템을 바탕으로 성장 가능성이 높은 예비 재창업기업을 발굴하고 패키지형 재창업 지원 벤처 중소기업 일자리
전북,"52000,45000",20260416005400112762,예비창업패키지,"중소기업,벤처",혁신적인 기술과 사업모델(BM)을 보유한 예비창업자를 발굴ㆍ지원,"창업사업화에 소요되는 자금 평균 0.4억원, 창업프로그램 등 ※ 사업화 자금(정부지원사업비)을 사업단계별(총 2단계)로 차등 지원(상세내용은 [별첨4] 참조) - 1단계 : BM 구체화를 위한 시장조사 및 최소기능 제품(MVP) 제작 등 사업화 준비 자금 지원(20백만원) - 2단계 : 협약 중간 시점에 1단계 사업계획의 진척도 및 향후 추진계획 등을 평가 평가 결과에 따라 50% 내외 선정하여 추가 정부지원사업비 지원",일자리,창업,"일자리, 직무교육, 창업지원",일자리,20260306 ~ 20260326,연중,0세~0세 / 연령제한:Y 0043001 0 0 0011009 0013006 0049010 0055003,0세~0세 / 연령제한:Y,0043001 0 0,,,중소벤처기업부,중소벤처기업부 창업벤처혁신실 창업정책관,,https://www.k-startup.go.kr/web/contents/bizpbanc-deadline.do?schM=view&pbancSn=176458,,2026-04-16 17:40:09,2026-04-17 15:20:18,1,온통청년_OPEN_API_getPlcy,전북,예비창업패키지 혁신적인 기술과 사업모델 BM 을 보유한 예비창업자를 발굴 지원 중소기업 벤처 일자리
전북,"52000,45000",20260416005400112761,올해의 K-스타트업(舊. 도전! K-스타트업),"중소기업,벤처",범부처 협업 창업경진대회를 통해 다양한 분야에서 유망 창업 아이템을 보유한 창업자(팀)를 발굴·시상하여 기술창업 분위기 확산,"시상(대통령상, 국무총리상, 장관‧청장상) 및 상금, 정부지원사업 후속 연계",일자리,창업,"일자리, 창업지원",일자리,20260327 ~ 20260831,계속,0세~0세 / 연령제한:Y 0043001 0 0 0011009 0013010 0049010 0055003,0세~0세 / 연령제한:Y,0043001 0 0,,,중소벤처기업부,중소벤처기업부 창업벤처혁신실 창업정책관,,https://www.k-startup.go.kr/web/contents/bizpbanc-ongoing.do?pbancClssCd=PBC010&schStr=%EA%B2%BD%EC%A7%84%EB%8C%80%ED%9A%8C&schM=view&pbancSn=176910,,2026-04-16 17:34:35,2026-04-17 15:20:02,1,온통청년_OPEN_API_getPlcy,전북,올해의 K 스타트업 도전 K 스타트업 범부처 협업 창업경진대회를 통해 다양한 분야에서 유망 창업 아이템을 보유한 창업자 팀 를 발굴 시상하여 기술창업 분위기 확산 중소기업 벤처 일자리
전북,"52000,45000",20260416005400112760,글로벌 액셀러레이팅 지원사,"벤처,중소기업",국내 창업기업의 글로벌 진출을 지원하고 해외 인재의 국내창업을 유도하여 국내 창업 생태계의 글로벌화 도모,"해외 진출을 희망하는 창업기업의 비즈니스 현지화, 멘토링 등 액셀러레이팅 프로그램 및 해외진출자금 평균 3천만원 지원",일자리,창업,"일자리, 직무교육, 창업지원, 참여 프로그램",일자리,20260227 ~ 20260331,계속,0세~0세 / 연령제한:Y 0043001 0 0 0011009 0013010 0049010 0055003,0세~0세 / 연령제한:Y,0043001 0 0,,,중소벤처기업부,중소벤처기업부 창업벤처혁신실 창업정책관,,https://www.kised.or.kr/menu.es?mid=a10208020000,,2026-04-16 17:03:55,2026-04-17 15:19:45,1,온통청년_OPEN_API_getPlcy,전북,글로벌 액셀러레이팅 지원사 국내 창업기업의 글로벌 진출을 지원하고 해외 인재의 국내창업을 유도하여 국내 창업 생태계의 글로벌화 도모 벤처 중소기업 일자리
전북,"52000,45000",20260416005400112759,스타트업AI기술인력양성(이어드림스쿨),"중소기업,벤처",혁신 벤처·스타트업이 필요로 하는 AI 청년 실무 인력을 양성하고 취·창업 연계를 통해 청년 인재와 스타트업 간의 미스매치를 해소하는 사업입니다,"교육 과정은 비전공자인 초급자 누구나 참여할 수 있는 기존 ‘기본반(7개월)’에 더해, AI 관련 경력자, 전공자 등을 대상으로 맞춤 설계된 ‘심화반(3개월)’을 신설하여 교육생이 자신의 AI 활용 수준에 맞는 교육과정을 선택하여 수강할 수 있게 하였다. 교육비는 전액 무료이며, 교육생의 학업 성취도와 만족도 제고를 위해 성적 우수자 및 조기 취업자 등 우수 교육생을 대상으로 미국 실리콘밸리 등으로 해외 연수 기회를 제공하고 장학금, 상장 수여 등의 포상도 지원할 예정이다.",교육･직업훈련,미래역량강화,"일자리, 직무교육, 창업지원, 참여 프로그램",일자리,20260406 ~ 20260510,연중,0세~39세 / 연령제한:N 0043001 0 0 0011009 0013010 0049010 0055003,0세~39세 / 연령제한:N,0043001 0 0,,,중소벤처기업부,중소벤처기업부 창업벤처혁신실 창업정책관,,https://yeardream2026.elice.io/home/main,,2026-04-16 16:30:14,2026-04-17 15:18:45,1,온통청년_OPEN_API_getPlcy,전북,스타트업AI기술인력양성 이어드림스쿨 혁신 벤처 스타트업이 필요로 하는 AI 청년 실무 인력을 양성하고 취 창업 연계를 통해 청년 인재와 스타트업 간의 미스매치를 해소하는 사업입니다 중소기업 벤처 일자리
전북,"52000,45000",20260416005400112758,모두의 창업,"벤처,중소기업",창의적 아이디어를 가진 국민 누구나 도전 할 수 있는 기회를제공하고 실패에 대한 부담을 완화하여 혁신 인재의 창업을 촉진하기위한「모두의 창업 프로젝트」도전자를 모집합니다,"1. 일반/기술 분야 1) 아이디어심사: 창업활동자금 200만원 + 책임 멘토링 + 범용 AI 솔루션 (출전자 당 최대 100만원, 총 2개월) 2) 1라운드: 초기 시제품(MVP) 제작 비용 최대 1천만원 + 책임 멘토링 및 기술 멘토링 3) 2라운드: 초기 시제품(MVP) 제작 비용 최대 1천만원 + 책임 멘토링 + 선배 멘토링 4) 3라운드: 차년도 사업 연계를 통한 사업화 자금 최대 1억원 + 책임 멘토링 5) 4라운드: 최종 우승자 상금 및 투자금 최대 10억원 지원 2. 로컬 분야 1) 아이디어 심사: 창업활동자금 200만원 + 1:1 책임멘토 지정 및 멘토링 + 창업 기초교육 + 오디션 준비과정 도움 2) 1라운드: 사업화자금 최대 3천만원 + 창업교육 + 맞춤 멘토링 + 육성공간(사무실) 지원 3) 2라운드: 분야별 책임/선배 멘토 1:1 맞춤 멘토링 + 투자연계 지원 + 육성공간(사무실) 지원 4) 3라운드: 최종우승자 상금 최대 1억원 지원 + 투자연계 지원 + 차년도 지원사업 우대",일자리,창업,"일자리, 직무교육, 창업지원, 참여 프로그램",일자리,20260326 ~ 20260515,20260326 ~ 20261231,0세~0세 / 연령제한:Y 0043001 0 0 1. 일반/기술 분야: 공고일(26.3.26. 포함) 기준 사업자등록 상태 혹은 창업 3년 이내이면서 이종창업 희망자 2. 로컬 분야: 공고일로부터 아이디어 선정일까지 사업자 등록상태 * 이종창업이란? 현재 영업 중인 사업 업종과는 다른 업종으로 신청이 가능하며 업종의 다름은 한국표준산업분류 (KSIC) 세세분류 코드 (5자리)를 기준으로 심사단계에서 판단함. 0011009 0013006 0049010 0055003,0세~0세 / 연령제한:Y,0043001 0 0,1. 모두의 창업 사이트 접속 (www.modoo.or.kr) 2. 회원가입 및 로그인 (네이버 혹은 카카오로 간편하게 로그인할 수 있어요) 3. 도전하기 버튼 클릭 (도전하기 버튼은 언제나 화면 오른쪽 상단 버튼에 위치해 있어요) 4. 지원서 작성 5. 본인 인증 (1인당 한 번 지원할 수 있어요) 6. 지원서 제출 완료 (제출 후에도 마감일까지 지원서는 수정 가능해요),,중소벤처기업부,중소벤처기업부 창업벤처혁신실 창업정책관,https://www.modoo.or.kr/,https://www.modoo.or.kr/,,2026-04-16 16:24:41,2026-05-07 20:37:28,1,온통청년_OPEN_API_getPlcy,전북,모두의 창업 창의적 아이디어를 가진 국민 누구나 도전 할 수 있는 기회를제공하고 실패에 대한 부담을 완화하여 혁신 인재의 창업을 촉진하기위한 모두의 창업 프로젝트 도전자를 모집합니다 벤처 중소기업 일자리
전북,"52000,45000",20260415005400112751,(복지부) 26년 정신건강 심리상담 바우처사업,바우처,우울·불안 등 정서적 어려움으로 인해 심리상담이 필요한 국민에게 전문적인 심리상담 서비스를 제공합니다.,"□ 서비스 내용 (지원내용) 우울·불안 등 정서적 어려움으로 인해 심리상담이 필요한 국민에게 전문 심리상담 서비스를 총 8회(1회당 최소 50분 이상) 이용할 수 있는 바우처 제공 (지원기간) 바우처 생성일로부터 120일간(연장 불가) * 당해연도 사업은 1회만 신청 가능(재신청 불가) □ 서비스 유형 (1급 유형) (국가전문자격) 정신건강전문요원 1급, 청소년상담사 1급, 전문상담교사 1급, (민간자격) 임상심리전문가, 상담심리사 1급, 전문상담사 1급 (2급 유형) (국가전문자격) 정신건강전문요원 2급, 청소년상담사 2급, 전문상담교사 2급, (국가기술자격) 임상심리사 1급, (민간자격) 상담심리사 2급, 전문상담사 2급 □ 서비스 가격 (서비스단가) 1회당 1급 유형은 8만원, 2급 유형은 7만원 (본인부담금) 이용자는 정부지원금을 제외한 차액을 부담 - 기준 중위소득 70% 이하 : 본인부담률 0% - 기준 중위소득 70% 초과 ~ 120% 이하 : 본인부담률 10% - 기준 중위소득 120% 초과 ~ 180% 이하 : 본인부담률 30% - 기준 중위소득 180% 초과 : 본인부담률 50% * 기초생활수급자, 차상위계층, 자립준비청년 및 보호연장아동, 법정한부모가족은 본인부담률, 재난피해자는 본인부담률 0% * 사회보장정보시스템을 통해 신청일 기준 전월 건강보험료 부과액 기준으로 산정 ※ 자세한 내용은 사업지침을 참고하시기 바랍니다.",금융･복지･문화,건강,복지,복지,20260101 ~ 20261231,20260101 ~ 20261231,"0세~0세 / 연령제한:Y 0043001 0 0 우울·불안 등 정서적 어려움이 있는 국민 중 아래 기준에 해당하는 자로, 나이 및 소득 기준은 없음 ① 정신건강복지센터, 대학교상담센터, 청소년상담복지센터, Wee센터/Wee 클래스 등에서 심리상담이 필요하다고 인정하는 자 ② 정신의료기관 등에서 우울·불안 등으로 인하여 심리상담이 필요하다고 인정하는 자 ③ 국가 건강검진 중 정신건강검사(우울증 선별검사, PHQ-9) 결과에서 중간 정도 이상의 우울(10점 이상)이 확인된 자 ④ 자립준비청년 및 보호연장아동 ⑤ 「동네의원 마음건강돌봄 연계 시범사업*」 통해 의뢰된 자 ⑥ 서비스 신청일로부터 5년 이내의 재난피해를 입은 본인 또는 재난피해로 사망한 자(실종자 포함)의 유가족 1. 약물･알콜중독, 중증 정신질환(예: 조현병 등), 심각한 심리적 문제(급박한 자살위기 등)로 정신건강의학과 진료가 우선적으로 필요한 경우 2. 지역사회서비스 투자사업의 아동ㆍ청소년 심리지원서비스, 아동ㆍ청소년 정서발달 지원서비스, 정신건강토탈케어 서비스, 성인 심리지원서비스, 일상돌봄 서비스(심리상담), 발달장애인부모상담서비스를 지원받고 있는 경우 0011009 0013010 0049010 0055003",0세~0세 / 연령제한:Y,0043001 0 0,주민등록상 또는 실거주지 읍·면·동 행정복지센터(구. 주민센터/동사무소)를 직접 방문하거나 복지로 홈페이지(www.bokjiro.go.kr)에서 온라인으로 신청 가능 * 복지로 온라인신청 경로: 복지로 로그인 > 서비스 신청 > 복지서비스 신청 > 복지급여 신청 > 전국민 마음투자 지원사업 ※ 이의신청: 신청결과에 대한 이의신청은 결정결과 통지받은 날로부터 60일 이내 관할 보건소에 방문하여 신청하시기 바랍니다.,"1. 사회보장급여(사회서비스이용권) 신청(변경)서 2. 사회서비스 이용자 준수사항 안내확인 동의서 3. 증빙서류(아래 항목 중 해당되는 1개 항목에 대한 증빙서류를 제출) ① 정신건강복지센터, 대학교상담센터, 청소년상담복지센터, Wee센터/Wee 클래스 등에서 심리상담이 필요하다고 인정하는 자 ※ (증빙서류) 기관에서 발급하는 의뢰서 (신청일 기준 최근 3개월 이내) ② 정신의료기관 등에서 우울·불안 등으로 인하여 심리상담이 필요하다고 인정하는 자 ※ (증빙서류) 정신과 의사, 한방신경정신과 한의사가 발급하는 진단서 또는 소견서 (신청일 기준 최근 3개월 이내) ③ 국가 건강검진 중 정신건강검사(우울증 선별검사, PHQ-9) 결과에서 중간 정도 이상의 우울(10점 이상)이 확인된 자 ※ (증빙서류) 신청일 기준 1년 이내에 실시한 국가 일반건강검진 결과통보서 ④ 자립준비청년 및 보호연장아동 ※ (증빙서류) 보호종료된 자립준비청년 : 보호종료확인서, 보호연장아동 : 시설재원증명서 또는 가정위탁보호확인서 ⑤ 「동네의원 마음건강돌봄 연계 시범사업*」 통해 의뢰된 자 * 동네의원 이용환자 중 정신건강 위험군에 대해 의사 면담 등을 통해 선별하여, 지역의 정신건강의료기관 또는 정신건강복지센터에 연계하는 시범사업(’22∼, 부산 등) ※ (증빙서류) 해당 사업 지침 별지 제4호 연계의뢰서 (신청일 기준 3개월 이내) ⑥ 서비스 신청일로부터 5년 이내의 재난피해를 입은 본인 또는 재난피해로 사망한 자(실종자 포함)의 유가족 * 유가족 범위: 배우자(사실혼 포함), 직계존비속, 형제자매 ※ (증빙서류) 사회재난 피해사실확인서, 피해자 인정결정서",보건복지부,한국고용정보원,https://www.bokjiro.go.kr,https://www.socialservice.or.kr,https://www.129.go.kr/,2026-04-15 17:42:05,2026-04-16 13:29:49,1,온통청년_OPEN_API_getPlcy,전북,복지부 26년 정신건강 심리상담 바우처사업 우울 불안 등 정서적 어려움으로 인해 심리상담이 필요한 국민에게 전문적인 심리상담 서비스를 제공합니다 바우처 복지
전북,"52000,45000",20260410005400212669,청년농업인 영농현장 모니터링 시스템 지원 추가모집,벤처,"시설하우스, 축사, 창고 등 영농시설에 대한 원격 모니터링을 통해 현장 상황을 신속히 확인하고 대응하여 청년농업인의 안정적인 영농활동 지원","모니터링 시스템(CCTV, 모니터 등) 지원",일자리,창업,"일자리, 창업지원",일자리,20260601 ~ 20260630,20260101 ~ 20261231,18세~49세 / 연령제한:N 0043001 0 0 ○ 18세~49세 이하(1976.1.1.~2008.12.31.) 독립농업경영체로 등록된 청년농업인 0011009 0013008 0049010 0055003,18세~49세 / 연령제한:N,0043001 0 0,○ 신청기간 : 2026. 6. 1.(월) ~ 6. 30.(화) / 공휴일 제외 ○ 신청장소 : 농업기술센터 농촌지원과,"○ 필수서류 1. 사업신청서, 사업계획서, 보조사업이력서 각 1부 2. 농업경영체등록확인서 3. 사업자등록 사실여부 증명원(국세청 홈택스 발급) 4. 건강보험자격득실확인서(최근 3개월 이내) 5. 사업예정지 등기사항 전부증명서(토지, 건물 등) 6. 사업예정지 건축물대장(건물) 7. 견적서 또는 내역서 8. 기타 사업자 선정을 위해 사업부서에서 추가 요구한 증빙서류 ○ 해당자 한해서 제출 1. 교육확인서(최근 3년, 2023 ~ 2025년) 2. 농업관련 자격증 및 인증서 3. 농업인단체, 연구모임 등 단체활동 확인서 4. 영농일지 사본(1년 이상) 5. 최근 1년간 (2025. 1. ~ 12.) 익산사랑장학재단·나눔곳간 기부확인증, 1365 자원봉사 실적서, 상장 6. 한국농수산대학교 졸업증명서",전북특별자치도 익산시,전북특별자치도 익산시 농업기술센터,,https://www.iksan.go.kr/farm/board/post/list.do?boardUid=ff80808197387a4f01975cc17fc010e3&menuUid=ff80808197387a4f019753b876160bf6,,2026-04-10 10:10:12,2026-06-02 08:58:41,1,온통청년_OPEN_API_getPlcy,전북,청년농업인 영농현장 모니터링 시스템 지원 추가모집 시설하우스 축사 창고 등 영농시설에 대한 원격 모니터링을 통해 현장 상황을 신속히 확인하고 대응하여 청년농업인의 안정적인 영농활동 지원 벤처 일자리
전북,"52000,45000",20260410005400212663,2026 서울 동아리ON(대학생 동아리 지원),보조금,서울시 대학생 동아리를 대상으로 사회 기여 활동을 위한 활동비를 지원하여 동아리 활동 활성화를 통한 사회적 관계 회복과 함께 지역 사회 문제 해결에 기여할 수 있도록 지원하는 사업,"ㅇ 사업대상 : 서울 소재 대학 소속 동아리 최대 150개(기획형 100+참여형 50) ㅇ 사업내용 : 사회기여활동 참여 동아리 행·재정적 지원 - (기획형) 동아리 자율 활동, (참여형) 서울시 기획 프로그램에 참여 ※ 기획형 및 참여형 중복 신청 가능하며, 참여형 프로그램은 복수 신청 가능(2개 이상 권장) ㅇ 지원규모 - 기획형 : 동아리 활동 경비 최대 2백만원 - 참여형 : 수행기관에서 활동에 필요한 소요경비 지급 ㅇ 활동기간 : 2026. 5월 ~ 2026. 11. 15. ㅇ 활동장소 : 서울시 내 ㅇ 활동내용 : 서울 시정가치와 연계된 사회기여활동",참여･기반,청년참여,"직무교육, 참여 프로그램",직무교육,20260408 ~ 20260428,20260301 ~ 20261231,"0세~0세 / 연령제한:Y 0043001 0 0 ① 동일·유사사업으로 서울시, 자치구로부터 시비·구비 등을 지원받고 있거나 지원받을 예정인 동아리 ② 외부기관에 종속되어 운영되는 등 대학생 자치 동아리라고 인정되기 어려운 동아리 0011009 0013010 0049005 0055003",0세~0세 / 연령제한:Y,0043001 0 0,"ㅇ 신청자격 : 서울 소재 대학 소속 동아리 - 대학 재학생 10명 이상으로 구성된 동아리(재학생만 실비 지급) - (지원 제외) · 동일·유사사업으로 서울시, 자치구로부터 시비·구비 등을 지원받고 있거나 지원받을 예정인 동아리 · 외부기관에 종속되어 운영되는 등 대학생 자치 동아리라고 인정되기 어려운 동아리 ㅇ 신청방법 : 이메일 접수(서울시 청년정책담당관) - 접수처 : dmeod@seoul.go.kr, yeriim@seoul.go.kr (2곳 동시 제출) ㅇ 제출서류 - 지원 신청서(서식 1) - 동아리 활동계획서(기획형: 서식 2, 참여형: 서식 3) - 대학생 동아리 활동 지원사업 참여 서약서(서식 4) ㅇ 문의처 : 서울시 미래청년기획관 청년정책담당관(02-2133-6588/4328) ※ 문의시간 : 평일 09시~18시(공휴일 제외)","1. 지원 신청서(서식 1) 2. 동아리 활동계획서(기획형: 서식 2, 참여형: 서식 3) 3. 대학생 동아리 활동 지원사업 참여 서약서(서식 4)",서울특별시 미래청년기획관,서울특별시 미래청년기획관,https://youth.seoul.go.kr/youthConts.do?key=2503190001&sc_detailAt=&pageIndex=1&orderBy=regYmd+desc&tabKind=201&sc_pbancSe=&sc_pbancSeCd=027&sc_bbsStngSn=2212200001&sc_bbsCtgrySn=2503180018&sc_pstSn=2604070004&sc_userId=&sc_ntcPstYn=&sc_delYn=&sc_ctgry=&useYn=&sc_faqCtgryCd=099&sc_qnaCtgryCd=&sc_plcyQnaSn=0&pstSn=&recordCountPerPage=10&sc_wDateS=&sc_wDateE=&sc=&sw=,https://youth.seoul.go.kr/youthConts.do?key=2503190001&sc_detailAt=&pageIndex=1&orderBy=regYmd+desc&tabKind=201&sc_pbancSe=&sc_pbancSeCd=027&sc_bbsStngSn=2212200001&sc_bbsCtgrySn=2503180018&sc_pstSn=2604070004&sc_userId=&sc_ntcPstYn=&sc_delYn=&sc_ctgry=&useYn=&sc_faqCtgryCd=099&sc_qnaCtgryCd=&sc_plcyQnaSn=0&pstSn=&recordCountPerPage=10&sc_wDateS=&sc_wDateE=&sc=&sw=,https://news.seoul.go.kr/gov/archives/577123,2026-04-10 09:20:57,2026-04-10 09:53:40,1,온통청년_OPEN_API_getPlcy,전북,2026 서울 동아리ON 대학생 동아리 지원 서울시 대학생 동아리를 대상으로 사회 기여 활동을 위한 활동비를 지원하여 동아리 활동 활성화를 통한 사회적 관계 회복과 함께 지역 사회 문제 해결에 기여할 수 있도록 지원하는 사업 보조금 직무교육
전북,"52000,45000",20260407005400112540,새만금 스포일러 모집(2026년 새만금개발청 정책기자단),인턴,새만금 관련 정책에 대해 청년이 콘텐츠를 직접 기획·제작하여 청년 세대의 새만금 인지도 제고를 위한 청년 정책기자단 운영 사업입니다.,"ㅇ (목적) 청년 정책기자단 구성하여 새만금 관련 정책에 대해 청년의 시각으로 다양한 콘텐츠(영상, 블로그, 웹툰)를 제작 ㅇ (내용) 새만금 관련 주제를 자유롭게 선택하고 정책 현장 체험·취재 및 새만금 관련 정보 등을 바탕으로 콘텐츠 제작(청년 기자별 월 1건 이상 제작 / 활동비 지원)",참여･기반,청년참여,"일자리, 참여 프로그램",일자리,20260416 ~ 20260430,20260416 ~ 20261231,"19세~34세 / 연령제한:N 0043001 0 0 ㅇ (우대조건) 정책기자단 참여 경험자, 개인 SNS 채널 운영자, 웹툰의 경우는 팔로위 1,000명 이상 0011009 0013010 0049010 0055003",19세~34세 / 연령제한:N,0043001 0 0,ㅇ (신청방법) 참가 지원서 등 제출 서류 작성 → 이메일 제출(smgcstory@naver.com) * 참가 지원서 등 제출 서류는 새만금개발청 공식 누리집 및 블로그에 게시,"ㅇ (제출서류) 개인정보 수집 및 이용 동의서 1부(필수), 참가지원서 1부(필수), 자기소개서 1부(필수), 콘텐츠 기획안 1부(필수), 포트폴리오 1부(선택)",새만금개발청,새만금개발청,,https://www.saemangeum.go.kr/sda/brd/view.do?nttSn=10974&key=2009075579016&pageIndex=1&sc=&sw=,https://blog.naver.com/smgcstory/224246409553,2026-04-07 13:39:41,2026-04-09 17:49:57,1,온통청년_OPEN_API_getPlcy,전북,새만금 스포일러 모집 2026년 새만금개발청 정책기자단 새만금 관련 정책에 대해 청년이 콘텐츠를 직접 기획 제작하여 청년 세대의 새만금 인지도 제고를 위한 청년 정책기자단 운영 사업입니다 인턴 일자리
전북,"52000,45000",20260406005400112497,직업계고-전문대학 교육과정 연계,교육지원,고교학점제 및 전문대학 선이수제를 활용한 직업계고-전문대학 간 학습의 연속성 확보 및 전문학사 조기취득 체계 마련,"□ 지원대상 ◦ 「고등교육법 」 제2조 제4호에 따른 전문대학 □ 목적 ◦ 고교학점제 및 전문대학 선이수제를 활용한 직업계고-전문대학 간 학습의 연속성 확보 및 전문학사 조기취득 체계 마련 ◦ 산업 변화에 대응한 직업계고-전문대-기업 연계 체계 구축을 통해 산업현장에 필요한 전문기술인재 적기에 체계적 양성 □ 사업 개요 ◦ (선정 규모) 컨소시엄 사업단 구성한 전문대학 5교 내외(최대 7교) - 권역별* 균형을 고려하여 선정(신청대학 수, 평가결과에 따라 변동 가능) * ①수도권, ②대구·경북, ③부산·울산·경남, ④충청·강원, ⑤호남·제주 ◦ (지원 규모) 총 50억 원(5개 사업단 × 10억 원) - 선정된 사업단 수에 따라 대학별 지원액은 증액 또는 감액됨 ※ 교육과정 분석·개발 및 운영 규모를 고려하여 사업비 조정 예정 ◦ (지원 분야) 모든 산업 분야 가능 ◦ (지원 범위) 연계 교육과정 분석 및 개발·운영, 학생 지원 프로그램, 교원 역량 강화, 기업 연계 현장실습 운영, 실습 기자재 구축 등 - 교육과정 분석·개발·운영 경비 및 학생지원* 위주의 사업비 편성(60% 이상) * (고교) 자격증 취득 장려금, 캠프 참여 비용 등/ (대학) 대학 입학 장려금, 인턴십 지원비 등 ◦ (사업기간) 4년(‘26.6월∼’30.2월)","교육･직업훈련,교육･직업훈련","온·오프라인교육 ,미래역량강화","일자리, 직무교육, 참여 프로그램",일자리,20260401 ~ 20300422,20260601 ~ 20300228,0세~0세 / 연령제한:Y 0043001 0 0 0011009 0013010 0049002 0055003,0세~0세 / 연령제한:Y,0043001 0 0,,,교육부,교육부 인재정책실 평생직업교육정책관,,https://www.nrf.re.kr/biz/notice/view?ac=view&searchType=&searchText=&pageNum=1&postNo=268571&menuNo=364&bizNo=777&searchBizNo=0&bizNotGubn=notice&bizCompleteNm=&orderType=REG_DTTM&orderTypeBiz=&orderTypeAt=DESC&orderTypeBizAt=DESC&myBizCheckYn=&bizChgMbrNo=&myDeptBizCheckYn=&bizChgMbrPostNm=&bizSelectSearchRegDttm=®StartDttm=®EndDttm=&searchRegChoiceDttm=M&bizSearchRegDttmAllYn=N&searchRegYearDttm=2026&searchRegStartMonthDttm=04&searchRegEndMonthDttm=04&searchSplitBizNo=&keyword=%EC%A7%81%EC%97%85%EA%B3%84%EA%B3%A0&resultKeyword=,https://www.moe.go.kr/boardCnts/viewRenew.do?boardID=72761&boardSeq=105782&lev=0&searchType=null&statusYN=W&page=1&s=moe&m=020502&opType=N,2026-04-06 13:50:57,2026-04-06 17:48:43,1,온통청년_OPEN_API_getPlcy,전북,직업계고 전문대학 교육과정 연계 고교학점제 및 전문대학 선이수제를 활용한 직업계고 전문대학 간 학습의 연속성 확보 및 전문학사 조기취득 체계 마련 교육지원 일자리
전북,"52000,45000",20260331005400212372,농군사관학교 운영,교육지원,스마트팜 전문인력 양성 및 장수군 농업을 이끌어갈 후계농업인 육성,"ㅇ (목적) 이론 및 실습 중심의 체계화된 교육과정 운영을 통해 갱쟁력 있는 스마트팜 전문인력 양성 및 장수군 농업을 이끌어 갈 후계농업인 육성 ㅇ (대상) 장수군에 거주하며 농군사관학교 교육과정을 희망하는 자 ㅇ (주요내용)3개교육과정(토마토 중급 및 심화,사과 다축밀식 재배) 운영 ㅇ (전달체계) 군-교육 신청자",교육･직업훈련,미래역량강화,직무교육,직무교육,20251024 ~ 20251121,20260101 ~ 20261231,0세~0세 / 연령제한:Y 0043001 0 0 0011009 0013010 0049010 0055003,0세~0세 / 연령제한:Y,0043001 0 0,,,전북특별자치도 장수군 농업기술센터,전북특별자치도 장수군,,https://www.jangsu.go.kr/index.jangsu,https://www.jangsu.go.kr/board/view.jangsu?menuCd=DOM_000000102001012000&boardId=BBS_0000041&dataSid=566051,2026-03-31 16:46:14,2026-04-02 15:54:21,1,온통청년_OPEN_API_getPlcy,전북,농군사관학교 운영 스마트팜 전문인력 양성 및 장수군 농업을 이끌어갈 후계농업인 육성 교육지원 직무교육
전북,"52000,45000",20260331005400212370,장수형 청년창업농 영농정착지원,"중소기업,벤처,바우처",영농초기자금 지원,ㅇ (목적) 영농초기자금 지급으로 안정적인 농촌정착 지원 ㅇ (대상) 만45세이상 만50세미만의 독립영농경력3년이하(독립경영예정자 포함) ㅇ (주요내용) 영농정착 지원(800천원*12개월) ㅇ (전달체계) 군 - 장수군 청년단체,일자리,취업,"일자리, 창업지원",일자리,20251101 ~ 20251231,20260101 ~ 20261231,"45세~50세 / 연령제한:N 0043001 0 0 0011009 0013004,0013008 0049010 0055003",45세~50세 / 연령제한:N,0043001 0 0,,,전북특별자치도 장수군 농업기술센터,전북특별자치도 장수군,,https://www.jangsu.go.kr/index.jangsu,https://www.jangsu.go.kr/farming/board/view.jangsu?menuCd=DOM_000000706001000000&boardId=BBS_0000028&dataSid=570316,2026-03-31 16:38:47,2026-04-02 16:07:07,1,온통청년_OPEN_API_getPlcy,전북,장수형 청년창업농 영농정착지원 영농초기자금 지원 중소기업 벤처 바우처 일자리
전북,"52000,45000",20260331005400212368,청년혁신가 예비창업지원사업,"보조금,중소기업,벤처","청년 예비 창업자에 대한 프로그램, 사업화 자금 지원","ㅇ (목적)지역 특화 사업 발굴을 통한 청년의 지역 정착 유도 및 인구소멸지역 대응 ㅇ (대상)19~39세 청년 (예비)창업자 ㅇ (주요내용)창업기업 육성 프로그램, 사업화자금 등 지원 ㅇ (전달체계)군 - 전북창조경제혁신센터(협약) - 장수군 청년 (예비)창업자",일자리,취업,"일자리, 직무교육, 창업지원",일자리,20260223 ~ 20260315,20260301 ~ 20261231,19세~49세 / 연령제한:N 0043001 0 0 0011009 0013006 0049010 0055003,19세~49세 / 연령제한:N,0043001 0 0,,,전북특별자치도 장수군 농산업건설국,전북특별자치도 장수군,,https://www.jangsu.go.kr/index.jangsu,https://www.rg4u.co.kr/news/articleView.html?idxno=19573,2026-03-31 16:32:56,2026-04-02 16:06:22,1,온통청년_OPEN_API_getPlcy,전북,청년혁신가 예비창업지원사업 청년 예비 창업자에 대한 프로그램 사업화 자금 지원 보조금 중소기업 벤처 일자리
전북,"52000,45000",20260331005400212367,장수군 청년네트워크 활성화 사업,맞춤형상담서비스,장수군 청년협의체 활동 지원,"ㅇ (목적)장수군 청년 네트워크 구축 및 활성화 ㅇ (대상)장수군 청년협의체 ㅇ (주요내용)청년간담회, 청년사업 추진 등 ㅇ (전달체계)군 - 장수군 청년협의체",참여･기반,청년참여,"복지, 참여 프로그램",복지,20260101 ~ 20260331,20260301 ~ 20261231,18세~49세 / 연령제한:N 0043001 0 0 0011009 0013010 0049010 0055003,18세~49세 / 연령제한:N,0043001 0 0,,,전북특별자치도 장수군 기획조정실,전북특별자치도 장수군,,https://www.jangsu.go.kr/index.jangsu,https://www.jangsu.go.kr/index.jangsu?menuCd=DOM_000000106005004000#in01_11,2026-03-31 16:26:27,2026-04-02 15:35:28,1,온통청년_OPEN_API_getPlcy,전북,장수군 청년네트워크 활성화 사업 장수군 청년협의체 활동 지원 맞춤형상담서비스 복지
전북,"52000,45000",20260331005400212363,주소전입 학생 지원,주거지원,"고등학생, 대학(원)생 대상 전입 장려금 지원을 통한 청년층 전입 유도 및 인구 증대 기여","○ 지원대상 - 고등학생 : 최초학기 30만원, 이후 학기별 10만원 지급, 최대 80만원 - 대학(원)생 : 최초학기 30만원, 이후 학기별 10만원 지급, 최대 100만원",금융･복지･문화,취약계층 및 금융지원,"주거지원, 복지",주거지원,20260101 ~ 20261231,20260101 ~ 20261231,"0세~0세 / 연령제한:Y 0043001 0 0 ※ 전입세대 전입장려금과 중복지원 불가 ※ 주소를 이전하거나 학적변동(졸업, 휴학 등)이 있을 시 지급 제외 0011009 0013010 0049002,0049005 0055003",0세~0세 / 연령제한:Y,0043001 0 0,○ 신청기간 - 전입일로부터 1년 이내 신청 가능 ○ 방문 신청 - 주소지 읍면동 행정복지센터 - 소통민원실(원광대 학생회관 지하 1층) ○ 온라인 신청 - 익산시 통합예약시스템 홈페이지,자세한 사항은 공고문 참조,전북특별자치도 익산시,전북특별자치도 익산시 기획안전국,,https://www.iksan.go.kr/reserve/board/post/list.do?boardUid=ff80808199e7462c0199eadc74b7077c&menuUid=ff8080819973cd4701997482034e03b4&programPostUid=ff80808199f0d11c0199f0f9f28001ad,,2026-03-31 11:40:40,2026-04-01 17:58:29,1,온통청년_OPEN_API_getPlcy,전북,주소전입 학생 지원 고등학생 대학 원 생 대상 전입 장려금 지원을 통한 청년층 전입 유도 및 인구 증대 기여 주거지원 주거지원
전북,"52000,45000",20260331005400212360,익산다이로움 청년공유주방 청년 예비창업자 재공고(2차),교육지원,"청년의 외식창업 초기 진입 부담을 완화하고, 창업 경험과 자립 기반 제공","○ 모집내용 - 익산시 청년(만 19~39세 이하)중 청년공유주방(배달형 외식창업 인큐베이팅) 예비창업자 ○ 모집대상 - 1개소(중앙로10, 음식식품교육문화원 2층) ○ 지원내용 - 공유주방 1개소(21.5㎡) 임대 및 각종 지원 혜택 (임대기간: 계약일로부터 26년 12월 31일 까지)",일자리,창업,"일자리, 직무교육, 주거지원, 창업지원, 복지",일자리,20260528 ~ 20260609,20260528 ~ 20261231,19세~39세 / 연령제한:N 0043001 0 0 - 공고일 기준 익산시 주민등록자 - 사업자 등록이 없는 예비창업자 - 선정 후 1개월 이내 사업자 등록 및 식품영업신고가능자 - 현재 창업중인 자 - 프랜차이즈를 운영하는 자 - 정부 또는 다른 지방자치단체에서 유사 사업 중복 수혜자 - 기타 익산시에서 참여 제한 사유가 있다고 인정되는 자(위법행위 등) 0011008 0013006 0049010 0055003,19세~39세 / 연령제한:N,0043001 0 0,"○ 모집분야 - 외식 창업 분야 (단, 제과, 닭강정 제외) ○ 모집절차 - 모집공고 및 접수 : 5. 28. ~ 6. 9. - 서류심사 결과발표 : 6. 10. - 면접 심사 및 최종선발 : 6월 중 - 역량강화교육 및 운영개시 : 교육 7월 중 / 운영 8월 중 ○ 접수방법 : 직접 방문, 전자우편, 팩스, 우편(당일 도착분에 한함) - 접수장소 : 익산시 인북로32길 1 미식위생과(미식산업계) - 전자우편 : jhw0864@korea.kr",○ 제출서류 1. 지원신청서 1부 2. 사업계획서 1부 3. 개인정보 수집 이용제공 동의서 1부 4. 참가서약서 1부 5. 주민등록초본 1부 6. 신분증 사본 1부 7. 사업자 등록 사실 여부 증명원 1부 8. 해당자 외식 조리 관련 자격증 사본 각 1부 (붙임1),전북특별자치도 익산시,전북특별자치도 익산시 문화교육국,,https://www.iksan.go.kr/index.do?menuUid=ff8080819a39930e019a4de8c1ae0afd,,2026-03-31 11:32:55,2026-05-29 09:02:27,1,온통청년_OPEN_API_getPlcy,전북,익산다이로움 청년공유주방 청년 예비창업자 재공고 2차 청년의 외식창업 초기 진입 부담을 완화하고 창업 경험과 자립 기반 제공 교육지원 일자리
전북,"52000,45000",20260331005400212354,전북형 청년취업 지원,보조금,"청년 추가 채용시 기업에 인건비 지원(월 70만원, 최대 12개월) 및 청년에 근속장려금 지원(6,12,24개월 근속시 각 100만원, 최대 300만원)",기업에서 청년들을 상시 근로인원 외에 더 채용하도록 지원하여 현장 실무체험 후 정규직 전환 지원,일자리,취업,일자리,일자리,,20260101 ~ 20261231,0세~0세 / 연령제한:Y 0043001 0 0 시군마다 참여 청년 나이 상이(시군 공고 확인 필수) 0011009 0013010 0049010 0055003,0세~0세 / 연령제한:Y,0043001 0 0,,,전북특별자치도,전북특별자치도,,https://www.gov.kr/portal/rcvfvrSvc/dtlEx/645000000148,,2026-03-31 11:01:00,2026-04-01 17:55:09,1,온통청년_OPEN_API_getPlcy,전북,전북형 청년취업 지원 청년 추가 채용시 기업에 인건비 지원 월 70만원 최대 12개월 및 청년에 근속장려금 지원 6 12 24개월 근속시 각 100만원 최대 300만원 보조금 일자리
전북,"52000,45000",20260331005400212353,청년도전지원사업 참여자 모집(전북),장기미취업청년,"□ 전북 청년도전지원사업 프로그램: 구직멈춤 청년을 대상으로 맞춤형프로그램 지원(자신감 향상 및 취업역량강화) ㅇ 도전(5주): 개인 및 집단상담, 사례관리, 자신감회복, 진로탐색, 취업역량 강화 ㅇ 도전+중기(15주): 도전 프로그램 + 지역특화, 외부연계, 자율활동 ㅇ 도전+장기(25주): 도전 프로그램 + 지역특화, 외부연계, 자율활동 도전+중기와 도전+장기는 프로그램 구성은 유사하나 참여기간 및 지원 혜택이 다름","□ 맞춤형 프로그램 제공 및 혜택 지원 ㅇ 도전(5주): 수료시 50만원 ㅇ 도전+중기(15주): 50만원X3회차, 인센티브 20만원~70만원 ㅇ 도전+장기(25주): 50만원X5회차, 인센티브 50만원~100만원",일자리,취업,"일자리, 직무교육, 복지, 참여 프로그램",일자리,,20260101 ~ 20261231,"18세~34세 / 연령제한:N 0043001 0 0 □ 참여조건 ㅇ 구직단념청년: 6개월 이상 취업, 교육, 직업훈련 참여이력 없는 만 18~34세 청년 ㅇ 자립준비청년: 아동복지시설 퇴소 5년이내 청년 ㅇ 청소년복지시설 입퇴소 청년: 청소년복지시설에서 6개월 이상 보호한 만18~34세 청년 ㅇ 북한이탈청년: 북한을 이탈한 만18~34세 청년 ㅇ 지역특화청년: 타조건에 해당하지 않지만 지원의 필요성이 있다고 인정되는 청년 6개월 이상 취업 및 직업훈련 참여 이력이 없는 만 18세~34세 청년 0011009 0013003 0049010 0055003",18세~34세 / 연령제한:N,0043001 0 0,,,전북특별자치도,전북특별자치도,,https://blog.naver.com/humanjnc,,2026-03-31 10:54:04,2026-04-01 17:54:16,1,온통청년_OPEN_API_getPlcy,전북,청년도전지원사업 참여자 모집 전북 전북 청년도전지원사업 프로그램 구직멈춤 청년을 대상으로 맞춤형프로그램 지원 자신감 향상 및 취업역량강화 도전 5주 개인 및 집단상담 사례관리 자신감회복 진로탐색 취업역량 강화 도전 중기 15주 도전 프로그램 지역특화 외부연계 자율활동 도전 장기 25주 도전 프로그램 지역특화 외부연계 자율활동 도전 중기와 도전 장기는 프로그램 구성은 유사하나 참여기간 및 지원 혜택이 다름 장기미취업청년 일자리
전북,"52000,45000",20260331005400212352,전북형 청년친화 기업 육성,중소기업,"일-생활 균형 조직문화, 복지혜택이 우수한 도내 기업 발굴 및 일자리 질 향상을 통한 지역청년 장기근속 유도","전북형 청년친화기업을 선정하여 각종 인센티브 지원 1. 근무환경개선금(복지지원금) - 선정된 기업당 10백만원 지원 2. 청년추가고용장려금 - 기업당 최대 2명, 청년 1인당 10백만원 지원 3. 육아휴직대체근로수당 - 기업당 최대 1명, 대체근로자에게 월30만원씩 최대 10개월 지원",일자리,취업,"일자리, 복지",일자리,20260202 ~ 20260306,20260101 ~ 20261231,0세~0세 / 연령제한:Y 0043001 0 0 0011009 0013010 0049010 0055003,0세~0세 / 연령제한:Y,0043001 0 0,,,전북특별자치도,전북특별자치도,,https://www.jbba.kr/bbs/board.php?bo_table=sub01_09&wr_id=1651&sfl=wr_subject%7C%7Cwr_content&stx=%EC%A0%84%EB%B6%81%ED%98%95+%EC%B2%AD%EB%85%84&sop=and,,2026-03-31 10:50:13,2026-04-01 17:53:35,1,온통청년_OPEN_API_getPlcy,전북,전북형 청년친화 기업 육성 일 생활 균형 조직문화 복지혜택이 우수한 도내 기업 발굴 및 일자리 질 향상을 통한 지역청년 장기근속 유도 중소기업 일자리
전북,"52000,45000",20260330005400212350,청년정책 온라인플랫폼 운영,맞춤형상담서비스,ㅇ (목적) 청년정책 알권리 및 참여권리 확충 ㅇ (대상)청년 18세~45세 ㅇ (주요내용) 완주군 청년정책'청년메카완주 운영,ㅇ (목적) 청년정책 알권리 및 참여권리 확충 ㅇ (대상)청년 18세~45세 ㅇ (주요내용) 완주군 청년정책'청년메카완주 운영,참여･기반,정책인프라구축,"복지, 참여 프로그램",복지,,수시,18세~45세 / 연령제한:N 0043001 0 0 0011009 0013010 0049010 0055003,18세~45세 / 연령제한:N,0043001 0 0,,,전북특별자치도 완주군,전북특별자치도 완주군,,https://youth.wanju.go.kr/index.wanju,,2026-03-30 20:10:46,2026-04-01 17:52:57,1,온통청년_OPEN_API_getPlcy,전북,청년정책 온라인플랫폼 운영 목적 청년정책 알권리 및 참여권리 확충 대상 청년 18세 45세 주요내용 완주군 청년정책 청년메카완주 운영 맞춤형상담서비스 복지
전북,"52000,45000",20260330005400212349,완주형 청년농업인 기반구축 시범사업,청년가장,"ㅇ (목적) 영농초기 자립기반 구축 지원을 통한 농업경쟁력 강화 및 농업·농촌 조기정착 유도 ㅇ (대상) 영농경력 5년이하 18세 이상 ～ 45세 미만 청년농업인 ㅇ (주요내용) 농축산물 생산·유통, 제조·가공, 체험·전시 기반시설 등 기반구축 ㅇ (전달체계)","ㅇ (목적) 영농초기 자립기반 구축 지원을 통한 농업경쟁력 강화 및 농업·농촌 조기정착 유도 ㅇ (대상) 영농경력 5년이하 18세 이상 ～ 45세 미만 청년농업인 ㅇ (주요내용) 농축산물 생산·유통, 제조·가공, 체험·전시 기반시설 등 기반구축 ㅇ (전달체계)",일자리,취업,일자리,일자리,,공고문 참고,18세~45세 / 연령제한:N 0043003 0 0 공고문 참고 0011009 0013008 0049010 0055003,18세~45세 / 연령제한:N,0043003 0 0 공고문 참고,,,전북특별자치도 완주군,전북특별자치도 완주군,,https://www.wanju.go.kr/index.9is,https://www.wanju.go.kr/planweb/board/view.9is?dataUid=4028a6029b73015a019b73623e10264b&&contentUid=ff8080818b024d8e018b274f40382ae6&boardUid=ff8080818a49961a018ab011af3543bc&page=130,2026-03-30 20:08:55,2026-04-01 17:50:15,1,온통청년_OPEN_API_getPlcy,전북,완주형 청년농업인 기반구축 시범사업 목적 영농초기 자립기반 구축 지원을 통한 농업경쟁력 강화 및 농업 농촌 조기정착 유도 대상 영농경력 5년이하 18세 이상 45세 미만 청년농업인 주요내용 농축산물 생산 유통 제조 가공 체험 전시 기반시설 등 기반구축 전달체계 청년가장 일자리
전북,"52000,45000",20260330005400212348,완주군 청년참여예산제 운영,맞춤형상담서비스,"ㅇ (목적)청년의 정책 참여기회 확대와 현장 밀착형 아이디어 수렴으로 청년의 정책 관심 유도 및 당사자가 필요로 하는 정책 발굴 ㅇ (대상)완주군 청년, 청년정책이장단, 청년단체 등 ㅇ (주요내용)청년당사자가 직접 사업을 제안하고, 선정된 사업은 예산 반영하여 시행하도록 하는 청년주도형 사업추진 지원","ㅇ (목적)청년의 정책 참여기회 확대와 현장 밀착형 아이디어 수렴으로 청년의 정책 관심 유도 및 당사자가 필요로 하는 정책 발굴 ㅇ (대상)완주군 청년, 청년정책이장단, 청년단체 등 ㅇ (주요내용)청년당사자가 직접 사업을 제안하고, 선정된 사업은 예산 반영하여 시행하도록 하는 청년주도형 사업추진 지원",참여･기반,청년참여,"복지, 참여 프로그램",복지,,공고문 참고,18세~45세 / 연령제한:N 0043001 0 0 0011009 0013010 0049010 0055003,18세~45세 / 연령제한:N,0043001 0 0,,,전북특별자치도 완주군,전북특별자치도 완주군,,https://www.wanju.go.kr/index.9is,https://youth.wanju.go.kr/index.wanju?menuCd=DOM_000000104003000000,2026-03-30 20:07:20,2026-04-01 17:51:58,1,온통청년_OPEN_API_getPlcy,전북,완주군 청년참여예산제 운영 목적 청년의 정책 참여기회 확대와 현장 밀착형 아이디어 수렴으로 청년의 정책 관심 유도 및 당사자가 필요로 하는 정책 발굴 대상 완주군 청년 청년정책이장단 청년단체 등 주요내용 청년당사자가 직접 사업을 제안하고 선정된 사업은 예산 반영하여 시행하도록 하는 청년주도형 사업추진 지원 맞춤형상담서비스 복지
전북,"52000,45000",20260330005400212345,임산부 친환경농산물 꾸러미 지원,바우처,"ㅇ (목적) 임산부에게 친환경농산물을 공급하여 신규 소비층을 확대하고, 국민건강, 환경보전, 지역경제 활성화 등 사회적 가치구현 ㅇ (대상)신청일 현재 임신부 또는 전년도.1.1일 이후 출산한 산모 ㅇ (주요내용) 임산부에게 친환경농산물 등 공급(연 480천원 수준) ㅇ (전달체계) 친환경농산물 쇼핑몰 포인트 형태의 금액 480천원 지원(자부담 포함)","ㅇ (목적) 임산부에게 친환경농산물을 공급하여 신규 소비층을 확대하고, 국민건강, 환경보전, 지역경제 활성화 등 사회적 가치구현 ㅇ (대상)신청일 현재 임신부 또는 전년도.1.1일 이후 출산한 산모 ㅇ (주요내용) 임산부에게 친환경농산물 등 공급(연 480천원 수준) ㅇ (전달체계) 친환경농산물 쇼핑몰 포인트 형태의 금액 480천원 지원(자부담 포함)",금융･복지･문화,건강,복지,복지,,주소지 읍면사무소 문의,0세~0세 / 연령제한:Y 0043003 0 0 주소지 읍면사무소 문의 0011009 0013010 0049010 0055003,0세~0세 / 연령제한:Y,0043003 0 0 주소지 읍면사무소 문의,,,전북특별자치도 완주군,전북특별자치도 완주군,,https://www.wanju.go.kr/index.9is,https://www.wanju.go.kr/planweb/board/view.9is?contentUid=ff8080818b024d8e018b274f3fdd2ae2&dataUid=4028a6029bdaa74e019d337601926beb&boardUid=ff8080818a49961a018ab011af3543bc,2026-03-30 20:02:29,2026-04-01 17:17:20,1,온통청년_OPEN_API_getPlcy,전북,임산부 친환경농산물 꾸러미 지원 목적 임산부에게 친환경농산물을 공급하여 신규 소비층을 확대하고 국민건강 환경보전 지역경제 활성화 등 사회적 가치구현 대상 신청일 현재 임신부 또는 전년도 1 1일 이후 출산한 산모 주요내용 임산부에게 친환경농산물 등 공급 연 480천원 수준 전달체계 친환경농산물 쇼핑몰 포인트 형태의 금액 480천원 지원 자부담 포함 바우처 복지
전북,"52000,45000",20260330005400212344,전북 청년 1인 소상공인·농어업인 출산급여 지원,출산,"ㅇ (목적) 청년 1인 소상공인 및 농어업인에게 출산급여를 지원함으로써 출산으로 인한 불가피한 소득 감소를 보전하고자 함 ㅇ (대상) 청년(18~39세) 1인 소상공인 또는 농어업인 ㅇ (주요내용) 본인 출산시 90만원, 배우자 출산시 80만원 지급 ㅇ (전달체계) 주소지 읍면 신청 - 읍면에서 대상여부 확인 후 군청 제출 - 대상자 선정 및 지급","ㅇ (목적) 청년 1인 소상공인 및 농어업인에게 출산급여를 지원함으로써 출산으로 인한 불가피한 소득 감소를 보전하고자 함 ㅇ (대상) 청년(18~39세) 1인 소상공인 또는 농어업인 ㅇ (주요내용) 본인 출산시 90만원, 배우자 출산시 80만원 지급 ㅇ (전달체계) 주소지 읍면 신청 - 읍면에서 대상여부 확인 후 군청 제출 - 대상자 선정 및 지급",금융･복지･문화,취약계층 및 금융지원,복지,복지,,주소지 읍면사무소 문의,"0세~0세 / 연령제한:Y 0043003 0 0 주소지 읍면사무소 문의 0011009 0013002,0013008 0049010 0055003",0세~0세 / 연령제한:Y,0043003 0 0 주소지 읍면사무소 문의,,,전북특별자치도 완주군,전북특별자치도 완주군,,https://www.wanju.go.kr/index.9is,https://www.wanju.go.kr/planweb/board/view.9is?contentUid=ff8080818b024d8e018b274f3fdd2ae2&dataUid=4028a6029bdaa74e019cbe4644ff37f4&boardUid=ff8080818a49961a018ab011af3543bc,2026-03-30 20:00:27,2026-04-01 17:09:48,1,온통청년_OPEN_API_getPlcy,전북,전북 청년 1인 소상공인 농어업인 출산급여 지원 목적 청년 1인 소상공인 및 농어업인에게 출산급여를 지원함으로써 출산으로 인한 불가피한 소득 감소를 보전하고자 함 대상 청년 18 39세 1인 소상공인 또는 농어업인 주요내용 본인 출산시 90만원 배우자 출산시 80만원 지급 전달체계 주소지 읍면 신청 읍면에서 대상여부 확인 후 군청 제출 대상자 선정 및 지급 출산 복지
전북,"52000,45000",20260330005400212343,출산장려금 지원사업,출산,"ㅇ (목적) 출산을 축하하고 출산 가정의 경제적 부담을 경감시켜 출산장려 분위기를 조성하고 출산율 향상에 기여하고자 함 ㅇ (대상) 신생아 출생일 및 입양일 기준 1년 전부터 부모 모두 관내 주민등록을 두고 거주하는 가정 ㅇ (주요내용) 첫째아 200만원 3년 분할 지급, 둘째아 300만원 3년 분할 지급, 셋째아 600만원 5년 분할 지급 ㅇ (전달체계) 주소지 읍면 신청 - 읍면에서 대상여부 확인 후 군청 제출 - 대상자 선정 및 지급","ㅇ (목적) 출산을 축하하고 출산 가정의 경제적 부담을 경감시켜 출산장려 분위기를 조성하고 출산율 향상에 기여하고자 함 ㅇ (대상) 신생아 출생일 및 입양일 기준 1년 전부터 부모 모두 관내 주민등록을 두고 거주하는 가정 ㅇ (주요내용) 첫째아 200만원 3년 분할 지급, 둘째아 300만원 3년 분할 지급, 셋째아 600만원 5년 분할 지급 ㅇ (전달체계) 주소지 읍면 신청 - 읍면에서 대상여부 확인 후 군청 제출 - 대상자 선정 및 지급",금융･복지･문화,취약계층 및 금융지원,복지,복지,,주소지 읍면사무소 문의,0세~0세 / 연령제한:Y 0043003 0 0 주소지 읍면사무소 문의 0011009 0013010 0049010 0055003,0세~0세 / 연령제한:Y,0043003 0 0 주소지 읍면사무소 문의,,,전북특별자치도 완주군,전북특별자치도 완주군,,https://www.wanju.go.kr/index.9is,https://www.wanju.go.kr/planweb/board/view.9is?contentUid=ff8080818b024d8e018b274f642b2c2d&dataUid=4028a6029b8c4500019bba9d81f03595&boardUid=ff8080818b5bc68c018ba37d1bb56e4f,2026-03-30 19:58:17,2026-04-01 17:08:52,1,온통청년_OPEN_API_getPlcy,전북,출산장려금 지원사업 목적 출산을 축하하고 출산 가정의 경제적 부담을 경감시켜 출산장려 분위기를 조성하고 출산율 향상에 기여하고자 함 대상 신생아 출생일 및 입양일 기준 1년 전부터 부모 모두 관내 주민등록을 두고 거주하는 가정 주요내용 첫째아 200만원 3년 분할 지급 둘째아 300만원 3년 분할 지급 셋째아 600만원 5년 분할 지급 전달체계 주소지 읍면 신청 읍면에서 대상여부 확인 후 군청 제출 대상자 선정 및 지급 출산 복지
전북,"52000,45000",20260330005400212342,결혼축하금 지원사업,"바우처,보조금","ㅇ (목적) 저출산 극복을 위해 청년인구의 유입과 안정적 정착을 유도하고 이를 통해 완주군의 발전과 군민의 삶의 질 향상을 도모하고자 함 ㅇ (대상) 혼인신고일 기준 부부 중 1명 이상이 6개월 이전부터 군에 주소를 두고, 나머지 1명이 혼인신고일 기준 30일 이내 군으로 주소를 이전하여 부부 모두 군에 주소를 두고 있는 19~49세 부부 ㅇ (주요내용) 세대당 총 5백만원, 5회 분할 지급 (혼인신고 후 1백만원, 1년 경과 시마다 1백만원씩 4년간 지급) ㅇ (전달체계) 주소지 읍면 신청 - 읍면에서 대상여부 확인 후 군청 제출 - 대상자 선정 및 지급","ㅇ (목적) 저출산 극복을 위해 청년인구의 유입과 안정적 정착을 유도하고 이를 통해 완주군의 발전과 군민의 삶의 질 향상을 도모하고자 함 ㅇ (대상) 혼인신고일 기준 부부 중 1명 이상이 6개월 이전부터 군에 주소를 두고, 나머지 1명이 혼인신고일 기준 30일 이내 군으로 주소를 이전하여 부부 모두 군에 주소를 두고 있는 19~49세 부부 ㅇ (주요내용) 세대당 총 5백만원, 5회 분할 지급 (혼인신고 후 1백만원, 1년 경과 시마다 1백만원씩 4년간 지급) ㅇ (전달체계) 주소지 읍면 신청 - 읍면에서 대상여부 확인 후 군청 제출 - 대상자 선정 및 지급",금융･복지･문화,취약계층 및 금융지원,복지,복지,,주소지 읍면사무소 문의,0세~0세 / 연령제한:Y 0043003 0 0 주소지 읍면사무소 문의 0011009 0013010 0049010 0055001,0세~0세 / 연령제한:Y,0043003 0 0 주소지 읍면사무소 문의,,,전북특별자치도 완주군,전북특별자치도 완주군,,https://www.wanju.go.kr/index.9is,https://www.wanju.go.kr/planweb/board/view.9is?contentUid=ff8080818b024d8e018b274f642b2c2d&dataUid=4028a6029b8c4500019bba9d81f03595&boardUid=ff8080818b5bc68c018ba37d1bb56e4f,2026-03-30 19:56:37,2026-04-01 17:07:11,1,온통청년_OPEN_API_getPlcy,전북,결혼축하금 지원사업 목적 저출산 극복을 위해 청년인구의 유입과 안정적 정착을 유도하고 이를 통해 완주군의 발전과 군민의 삶의 질 향상을 도모하고자 함 대상 혼인신고일 기준 부부 중 1명 이상이 6개월 이전부터 군에 주소를 두고 나머지 1명이 혼인신고일 기준 30일 이내 군으로 주소를 이전하여 부부 모두 군에 주소를 두고 있는 19 49세 부부 주요내용 세대당 총 5백만원 5회 분할 지급 혼인신고 후 1백만원 1년 경과 시마다 1백만원씩 4년간 지급 전달체계 주소지 읍면 신청 읍면에서 대상여부 확인 후 군청 제출 대상자 선정 및 지급 바우처 보조금 복지
전북,"52000,45000",20260330005400212340,애향장학금 지원사업,교육지원,"ㅇ (목적)지역인재육성 및 지역인재 정주여건강화 ㅇ (대상)관내 중고등대학생 ㅇ (주요내용) 일반장학금(대학생),생활장학금(대학생),지역대학입학, 지역고교입학재학, 예체기능상업 장학금 지원 제도 ㅇ (전달체계) 인재육성재단 출연금을 통한 지원","ㅇ (목적)지역인재육성 및 지역인재 정주여건강화 ㅇ (대상)관내 중고등대학생 ㅇ (주요내용) 일반장학금(대학생),생활장학금(대학생),지역대학입학, 지역고교입학재학, 예체기능상업 장학금 지원 제도 ㅇ (전달체계) 인재육성재단 출연금을 통한 지원",교육･직업훈련,교육비지원,"직무교육, 복지",직무교육,,완주인재육성재단 문의,"0세~0세 / 연령제한:Y 0043003 0 0 완주인재육성재단 문의 0011009 0013010 0049001,0049002,0049003,0049004,0049005 0055003",0세~0세 / 연령제한:Y,0043003 0 0 완주인재육성재단 문의,,,전북특별자치도 완주군,전북특별자치도 완주군,,https://www.wanjuinjae.or.kr/,,2026-03-30 18:21:35,2026-04-01 17:05:58,1,온통청년_OPEN_API_getPlcy,전북,애향장학금 지원사업 목적 지역인재육성 및 지역인재 정주여건강화 대상 관내 중고등대학생 주요내용 일반장학금 대학생 생활장학금 대학생 지역대학입학 지역고교입학재학 예체기능상업 장학금 지원 제도 전달체계 인재육성재단 출연금을 통한 지원 교육지원 직무교육
전북,"52000,45000",20260330005400212334,신혼부부 전세자금 대출이자 지원사업,대출,ㅇ (목적) 무주택 신혼부부의 주거비 부담 완화 ㅇ (대상) 완주군에 주소를 두고 민간주택에 거주하는 무주택 신혼부부(7년이내) ㅇ (주요내용) 주택전세자금 대출이자 연 최대 150만원지원(최대 연 3%) ㅇ (전달체계) 주소지 읍면 신청후 군청에서 지급,ㅇ (목적) 무주택 신혼부부의 주거비 부담 완화 ㅇ (대상) 완주군에 주소를 두고 민간주택에 거주하는 무주택 신혼부부(7년이내) ㅇ (주요내용) 주택전세자금 대출이자 연 최대 150만원지원(최대 연 3%) ㅇ (전달체계) 주소지 읍면 신청후 군청에서 지급,금융･복지･문화,취약계층 및 금융지원,"주거지원, 복지",주거지원,,주소지 읍면 문의,0세~0세 / 연령제한:Y 0043003 0 0 주소지 읍면사무소 문의 0011009 0013010 0049010 0055001,0세~0세 / 연령제한:Y,0043003 0 0 주소지 읍면사무소 문의,,,전북특별자치도 완주군,전북특별자치도 완주군,,https://www.wanju.go.kr/index.9is,https://youth.wanju.go.kr/index.wanju?menuCd=DOM_000000103010000000,2026-03-30 18:07:18,2026-04-01 16:55:19,1,온통청년_OPEN_API_getPlcy,전북,신혼부부 전세자금 대출이자 지원사업 목적 무주택 신혼부부의 주거비 부담 완화 대상 완주군에 주소를 두고 민간주택에 거주하는 무주택 신혼부부 7년이내 주요내용 주택전세자금 대출이자 연 최대 150만원지원 최대 연 3 전달체계 주소지 읍면 신청후 군청에서 지급 대출 주거지원
전북,"52000,45000",20260330005400212333,완주군 청년·신혼부부·다자녀가구 주택전세자금 대출이자 지원사업,대출,"ㅇ (목적) 주거비 부담 완화 및 정주여건 개선 ㅇ (대상) 청년(18~39세), 신혼부부(5년이내), 다자녀가구(2명이상 자녀 양육하면서 자녀 중 1명이상이 18세 이하) ㅇ (주요내용) 주택전세자금 대출잔액의2%, 최대 100만원 ㅇ (전달체계) 주소지 읍면 신청후 군청에서 지급","ㅇ (목적) 주거비 부담 완화 및 정주여건 개선 ㅇ (대상) 청년(18~39세), 신혼부부(5년이내), 다자녀가구(2명이상 자녀 양육하면서 자녀 중 1명이상이 18세 이하) ㅇ (주요내용) 주택전세자금 대출잔액의2%, 최대 100만원 ㅇ (전달체계) 주소지 읍면 신청후 군청에서 지급",금융･복지･문화,취약계층 및 금융지원,"주거지원, 복지",주거지원,,주소지 읍면 문의,18세~39세 / 연령제한:N 0043003 0 0 주소지 읍면 문의 0011009 0013010 0049010 0055003,18세~39세 / 연령제한:N,0043003 0 0 주소지 읍면 문의,,,전북특별자치도 완주군,전북특별자치도 완주군,,https://www.wanju.go.kr/index.9is,https://www.wanju.go.kr/planweb/board/view.9is?contentUid=ff8080818b024d8e018b274f3fdd2ae2&dataUid=4028a602975891f7019983c91c1f3ae4&boardUid=ff8080818a49961a018ab011af3543bc,2026-03-30 18:01:21,2026-04-01 16:52:38,1,온통청년_OPEN_API_getPlcy,전북,완주군 청년 신혼부부 다자녀가구 주택전세자금 대출이자 지원사업 목적 주거비 부담 완화 및 정주여건 개선 대상 청년 18 39세 신혼부부 5년이내 다자녀가구 2명이상 자녀 양육하면서 자녀 중 1명이상이 18세 이하 주요내용 주택전세자금 대출잔액의2 최대 100만원 전달체계 주소지 읍면 신청후 군청에서 지급 대출 주거지원
전북,"52000,45000",20260330005400212331,청년 취업 역량 강화 프로그램 운영,교육지원,희망 직무에 대한 간접적 경험 및 역량 강화로 취업 자신감 회복을 통한 취업 성공률 제고,"○ 구직 기술 역량 강화를 위한 프로그램 운영 - 취업 멘토링(공기업반), 공무원 면접대비반, 면접대비반, 이미지 컨설팅, 토익특강, 챗지피티 교육, 청년익테크(금융교육) 등",교육･직업훈련,미래역량강화,"일자리, 직무교육, 복지, 참여 프로그램",일자리,20260101 ~ 20261231,20260101 ~ 20261231,18세~39세 / 연령제한:N 0043001 0 0 ※ 관내 재학생 포함 0011009 0013010 0049010 0055003,18세~39세 / 연령제한:N,0043001 0 0,○ 온라인 신청 - 익산청년시청 홈페이지,,전북특별자치도 익산시,전북특별자치도 익산시 청년경제국,,https://youthforest.iksan.go.kr/index.iksan,,2026-03-30 16:09:59,2026-04-06 17:13:18,1,온통청년_OPEN_API_getPlcy,전북,청년 취업 역량 강화 프로그램 운영 희망 직무에 대한 간접적 경험 및 역량 강화로 취업 자신감 회복을 통한 취업 성공률 제고 교육지원 일자리
전북,"52000,45000",20260330005400212325,청년인큐베이팅공유공간 운영,주거지원,"교육공간 및 사무공간, 실험실 등 운영 지원","ㅇ (목적) 청년창업가 인큐베이팅 지원 ㅇ (대상) 지역 청년 ㅇ (주요내용) 교육공간 및 사무공간, 실험실 등 운영 지원 ㅇ (전달체계) 군-위탁단체-지역청년",주거,주택 및 거주지,"직무교육, 주거지원, 창업지원",직무교육,,20260101 ~ 20261231,19세~45세 / 연령제한:N 0043001 0 0 0011009 0013010 0049010 0055003,19세~45세 / 연령제한:N,0043001 0 0,,,경상북도 의성군 관광복지국,경상북도 의성군 관광복지국,,https://www.usc.go.kr/youth/page.do?mnu_uid=2022&,,2026-03-30 12:50:26,2026-04-01 16:45:11,1,온통청년_OPEN_API_getPlcy,전북,청년인큐베이팅공유공간 운영 교육공간 및 사무공간 실험실 등 운영 지원 주거지원 직무교육
전북,"52000,45000",20260330005400212324,청년키움지원센터 운영,주거지원,"공유오피스 및 책방, 카페 운영 지원","ㅇ (목적) 청년창업 공유공간으로 공유오피스 및 휴식과 소통의 공간으로 운영 ㅇ (대상) 지역 청년 ㅇ (주요내용) 공유오피스 및 책방, 카페 운영 지원 ㅇ (전달체계) 군-위탁단체-지역청년",주거,주택 및 거주지,"주거지원, 창업지원",주거지원,,20260101 ~ 20261231,19세~45세 / 연령제한:N 0043001 0 0 0011009 0013010 0049010 0055003,19세~45세 / 연령제한:N,0043001 0 0,,,경상북도 의성군 관광복지국,경상북도 의성군 관광복지국,,https://www.usc.go.kr/youth/page.do?mnu_uid=2021&,,2026-03-30 12:48:34,2026-04-01 16:44:32,1,온통청년_OPEN_API_getPlcy,전북,청년키움지원센터 운영 공유오피스 및 책방 카페 운영 지원 주거지원 주거지원
전북,"52000,45000",20260330005400212322,청춘어람 운영,주거지원,복합문화공간 및공유업무공간 운영 지원,ㅇ (목적) 청년복합문화센터로 청년들의 안정적인 정주 기회 제공 ㅇ (대상) 지역 청년 ㅇ (주요내용) 복합문화공간 및공유업무공간 운영 지원 ㅇ (전달체계) 군-위탁단체-지역청년,주거,주택 및 거주지,"주거지원, 복지",주거지원,,20260101 ~ 20261231,19세~45세 / 연령제한:N 0043001 0 0 0011009 0013010 0049010 0055003,19세~45세 / 연령제한:N,0043001 0 0,,,경상북도 의성군 관광복지국,경상북도 의성군 관광복지국,,https://www.usc.go.kr/youth/page.do?mnu_uid=2020&,,2026-03-30 12:43:02,2026-04-01 16:42:26,1,온통청년_OPEN_API_getPlcy,전북,청춘어람 운영 복합문화공간 및공유업무공간 운영 지원 주거지원 주거지원
전북,"52000,45000",20260330005400212321,의성푸드빌리지 운영,주거지원,청년외식창업공간 운영 지원,ㅇ (목적) 지역내 청년의 창업지원 역량 및 전문성 강화를 위한 청년외식창업공동체 공간 운영 ㅇ (대상) 지역 청년 ㅇ (주요내용) 청년외식창업공간 운영 지원 ㅇ (전달체계) 군-위탁단체-지역청년,주거,주택 및 거주지,"직무교육, 주거지원, 창업지원",직무교육,,20260101 ~ 20261231,19세~45세 / 연령제한:N 0043001 0 0 0011009 0013010 0049010 0055003,19세~45세 / 연령제한:N,0043001 0 0,,,경상북도 의성군 관광복지국,경상북도 의성군 관광복지국,,https://www.usc.go.kr/youth/page.do?mnu_uid=2019&,,2026-03-30 12:41:06,2026-04-01 16:41:57,1,온통청년_OPEN_API_getPlcy,전북,의성푸드빌리지 운영 청년외식창업공간 운영 지원 주거지원 직무교육
전북,"52000,45000",20260330005400212319,청년 지역정착 활성화 사업,교육지원,"청년 역량강화 및 교류활성화, 청년 생활인구 유입 프로그램 운영","ㅇ (목적)청년 지역정착 기반 마련 ㅇ (대상)19~45세 청년 ㅇ (주요내용)청년 역량강화 및 교류활성화, 청년 생활인구 유입 프로그램 운영 ㅇ (전달체계)청년센터 위탁 운영",금융･복지･문화,문화활동 및 생활지원,"직무교육, 복지, 참여 프로그램",직무교육,,20260101 ~ 20261231,19세~45세 / 연령제한:N 0043001 0 0 0011009 0013010 0049010 0055003,19세~45세 / 연령제한:N,0043001 0 0,,,경상북도 의성군 관광복지국,경상북도 의성군 관광복지국,,https://www.usc.go.kr/youth/page.do?cmd=258&bod_uid=142190&srchEnable=1&srchSDate=&srchKwd=&initDay=&srchColumn=&listType=&initYear=&srchVote=-1&initMonth=&pageNo=1&srchBgpUid=-1&srchEDate=&mnu_uid=2013&,,2026-03-30 12:34:30,2026-04-01 16:41:25,1,온통청년_OPEN_API_getPlcy,전북,청년 지역정착 활성화 사업 청년 역량강화 및 교류활성화 청년 생활인구 유입 프로그램 운영 교육지원 직무교육
전북,"52000,45000",20260330005400212318,청년기업 융자지원사업,신용회복,"소상공인5천만원, 중소기업 1억원 한도 융자지원","ㅇ (목적)관내 청년기업 융자지원 ㅇ (대상)의성군에 거주중인 청년기업(소상공인, 중소기업) ㅇ (주요내용)소상공인5천만원, 중소기업 1억원 한도 융자지원 ㅇ (전달체계)경북신용보증재단-KB국민은행 의성점-의성군 청년정책과-기금운용심의위원회",금융･복지･문화,취약계층 및 금융지원,"복지, 참여 프로그램",복지,,20260101 ~ 20261231,19세~45세 / 연령제한:N 0043001 0 0 0011009 0013010 0049010 0055003,19세~45세 / 연령제한:N,0043001 0 0,,,경상북도 의성군 관광복지국,경상북도 의성군 관광복지국,,https://www.usc.go.kr/ko/page.do?not_ancmt_mgt_no=38993&mnu_uid=157&board_code=04&cmd=2,,2026-03-30 12:32:10,2026-04-01 16:40:37,1,온통청년_OPEN_API_getPlcy,전북,청년기업 융자지원사업 소상공인5천만원 중소기업 1억원 한도 융자지원 신용회복 복지
전북,"52000,45000",20260330005400212316,귀농 행복주택 조성,주거지원,ㅇ (목적) 귀농귀촌 초기 재정적 부담을 완화하여 안정적 정착 유도 ㅇ (대상) 초기 귀농귀촌인 ㅇ (주요내용) 주거형 건물을 군에서 확보하여 저렴한 임대료로 지원 ㅇ (전달체계) 군직영 운영,ㅇ (목적) 귀농귀촌 초기 재정적 부담을 완화하여 안정적 정착 유도 ㅇ (대상) 초기 귀농귀촌인 ㅇ (주요내용) 주거형 건물을 군에서 확보하여 저렴한 임대료로 지원 ㅇ (전달체계) 군직영 운영,주거,주택 및 거주지,주거지원,주거지원,,모집공고 참고,0세~0세 / 연령제한:Y 0043003 0 0 모집공고문 참고 0011009 0013010 0049010 0055003,0세~0세 / 연령제한:Y,0043003 0 0 모집공고문 참고,,,전북특별자치도 완주군,전북특별자치도 완주군,,https://www.wanju.go.kr/index.9is,https://www.wanju.go.kr/life/life_sub06.html,2026-03-30 10:21:21,2026-04-01 16:22:09,1,온통청년_OPEN_API_getPlcy,전북,귀농 행복주택 조성 목적 귀농귀촌 초기 재정적 부담을 완화하여 안정적 정착 유도 대상 초기 귀농귀촌인 주요내용 주거형 건물을 군에서 확보하여 저렴한 임대료로 지원 전달체계 군직영 운영 주거지원 주거지원
전북,"52000,45000",20260330005400212315,청년쉐어하우스 조성 및 운영,주거지원,ㅇ (목적)청년의 생활안정 및 안정적 정착에 기여 ㅇ (대상)청년 18세~45세 ㅇ (주요내용)주거취약계층 청년 및 귀농귀촌청년들에게 저렴한 비용(월5만원)으로 주거를 지원 ㅇ (전달체계)완주군 홈페이지 공고,ㅇ (목적)청년의 생활안정 및 안정적 정착에 기여 ㅇ (대상)청년 18세~45세 ㅇ (주요내용)주거취약계층 청년 및 귀농귀촌청년들에게 저렴한 비용(월5만원)으로 주거를 지원 ㅇ (전달체계)완주군 홈페이지 공고,주거,주택 및 거주지,주거지원,주거지원,,모집공고문 참고,18세~45세 / 연령제한:N 0043003 0 0 모집공고문 참고 0011009 0013010 0049010 0055003,18세~45세 / 연령제한:N,0043003 0 0 모집공고문 참고,,,전북특별자치도 완주군,전북특별자치도 완주군,,https://youth.wanju.go.kr/index.wanju,https://youth.wanju.go.kr/index.wanju?menuCd=DOM_000000103002000000,2026-03-30 10:18:33,2026-04-01 16:20:08,1,온통청년_OPEN_API_getPlcy,전북,청년쉐어하우스 조성 및 운영 목적 청년의 생활안정 및 안정적 정착에 기여 대상 청년 18세 45세 주요내용 주거취약계층 청년 및 귀농귀촌청년들에게 저렴한 비용 월5만원 으로 주거를 지원 전달체계 완주군 홈페이지 공고 주거지원 주거지원
전북,"52000,45000",20260330005400212314,전통시장 청년창업공간(청년몰) 운영,청년가장,ㅇ (목적)창업 희망하는 청년 상인들에게 전통시장 내 창업공간을 대여하여 기회 제공하고 시장에 활기 제고 및 활성화 기여 ㅇ (대상)관내 창업 희망 청년 ㅇ (주요내용)청년 창업 공간 운영 ㅇ (전달체계)완주군 홈페이지 공고,ㅇ (목적)창업 희망하는 청년 상인들에게 전통시장 내 창업공간을 대여하여 기회 제공하고 시장에 활기 제고 및 활성화 기여 ㅇ (대상)관내 창업 희망 청년 ㅇ (주요내용)청년 창업 공간 운영 ㅇ (전달체계)완주군 홈페이지 공고,일자리,창업,"일자리, 창업지원",일자리,,모집공고문 참고,18세~45세 / 연령제한:N 0043003 0 0 모집공고문 참고 0011009 0013010 0049010 0055003,18세~45세 / 연령제한:N,0043003 0 0 모집공고문 참고,,,전북특별자치도 완주군,전북특별자치도 완주군,,https://www.wanju.go.kr/index.9is,https://blog.naver.com/wanjugun/223366663483,2026-03-30 10:14:22,2026-04-01 16:18:57,1,온통청년_OPEN_API_getPlcy,전북,전통시장 청년창업공간 청년몰 운영 목적 창업 희망하는 청년 상인들에게 전통시장 내 창업공간을 대여하여 기회 제공하고 시장에 활기 제고 및 활성화 기여 대상 관내 창업 희망 청년 주요내용 청년 창업 공간 운영 전달체계 완주군 홈페이지 공고 청년가장 일자리
전북,"52000,45000",20260330005400212313,완주군 창업보육센터 운영,장기미취업청년,"ㅇ (목적) 관내 (예비)창업자 발굴 및 육성 ㅇ (대상) 완주군에서 창업을 희망하는 예비창업자 또는 완주군으로 이전을 희망하는 3년 미만 기창업자 ㅇ (주요내용) 입주기업 발굴 및 지원, 창업 활성화 사업 지원 등 ㅇ (전달체계) 창업보육센터 홈페이지 공고, 센터 메일 또는 센터 방문 접수","ㅇ (목적) 관내 (예비)창업자 발굴 및 육성 ㅇ (대상) 완주군에서 창업을 희망하는 예비창업자 또는 완주군으로 이전을 희망하는 3년 미만 기창업자 ㅇ (주요내용) 입주기업 발굴 및 지원, 창업 활성화 사업 지원 등 ㅇ (전달체계) 창업보육센터 홈페이지 공고, 센터 메일 또는 센터 방문 접수",일자리,취업,"일자리, 창업지원",일자리,,수시,0세~0세 / 연령제한:Y 0043001 0 0 0011009 0013010 0049010 0055003,0세~0세 / 연령제한:Y,0043001 0 0,,,전북특별자치도 완주군,전북특별자치도 완주군,,https://www.wanju.go.kr/index.9is,https://wj-changup.wanju.go.kr/index.wanju,2026-03-30 10:12:33,2026-04-01 16:15:53,1,온통청년_OPEN_API_getPlcy,전북,완주군 창업보육센터 운영 목적 관내 예비 창업자 발굴 및 육성 대상 완주군에서 창업을 희망하는 예비창업자 또는 완주군으로 이전을 희망하는 3년 미만 기창업자 주요내용 입주기업 발굴 및 지원 창업 활성화 사업 지원 등 전달체계 창업보육센터 홈페이지 공고 센터 메일 또는 센터 방문 접수 장기미취업청년 일자리
전북,"52000,45000",20260330005400212312,청년창업 스마트팜 패키지 지원,보조금,"ㅇ (목적) 스마트팜에 도전하는 청년들에게 시설원예 스마트팜을 패키지로 지원하여 즉시 농업경영을 통한 안정적 정착 유도 ㅇ (대상) 전북 김제 스마트팜혁신밸리의 ‘청년창업보육센터’ 수료생 또는 '25년 6월 수료 예정자 중 아래 요건을 모두 충족한 자 - 연령제한 : 2025년 기준 만 18~45세 미만(1980.1.1.~2007.12.31. 출생) - 전북 청년창업보육센터 교육 신청 당시 거주지가 타시도인 수료(예정)자 - 전북 청년창업보육센터 수료(예정)자 명부에 등재된 자 - 사업 신청 전에 해당 시·군에 주민등록 이전이 완료된 자 ○ 인구감소(관심)지역에 거주(주민등록 완료)하고, 스마트팜 작물재배 기술 교육과 ICT 운용 교육을 수료한 우수 청년농업인 중 아래 요건을 모두 충족한 자 - 연령제한 : 2025년 기준 만 18~45세 미만(1980.1.1.~2007.12.31. 출생) - 스마트팜 교육 이수 : 농업교육기관에서 추진한 교육 50시간 이상 이수 ㅇ (주요내용) 스마트팜 패키지 시설 지원 및 농촌에 안정적 정착을 위한 전문가 컨설팅·청년리더교육 등 지원 ㅇ (전달체계) 민간자본이전","ㅇ (목적) 스마트팜에 도전하는 청년들에게 시설원예 스마트팜을 패키지로 지원하여 즉시 농업경영을 통한 안정적 정착 유도 ㅇ (대상) 전북 김제 스마트팜혁신밸리의 ‘청년창업보육센터’ 수료생 또는 '25년 6월 수료 예정자 중 아래 요건을 모두 충족한 자 - 연령제한 : 2025년 기준 만 18~45세 미만(1980.1.1.~2007.12.31. 출생) - 전북 청년창업보육센터 교육 신청 당시 거주지가 타시도인 수료(예정)자 - 전북 청년창업보육센터 수료(예정)자 명부에 등재된 자 - 사업 신청 전에 해당 시·군에 주민등록 이전이 완료된 자 ○ 인구감소(관심)지역에 거주(주민등록 완료)하고, 스마트팜 작물재배 기술 교육과 ICT 운용 교육을 수료한 우수 청년농업인 중 아래 요건을 모두 충족한 자 - 연령제한 : 2025년 기준 만 18~45세 미만(1980.1.1.~2007.12.31. 출생) - 스마트팜 교육 이수 : 농업교육기관에서 추진한 교육 50시간 이상 이수 ㅇ (주요내용) 스마트팜 패키지 시설 지원 및 농촌에 안정적 정착을 위한 전문가 컨설팅·청년리더교육 등 지원 ㅇ (전달체계) 민간자본이전",일자리,취업,"일자리, 직무교육, 창업지원",일자리,,모집공고 참고,18세~45세 / 연령제한:N 0043003 0 0 모집공고문 참고 0011009 0013010 0049010 0055003,18세~45세 / 연령제한:N,0043003 0 0 모집공고문 참고,,,전북특별자치도 완주군,전북특별자치도 완주군,,https://www.wanju.go.kr/index.9is,https://www.wanju.go.kr/planweb/board/view.9is?contentUid=ff8080818b024d8e018b274f3fdd2ae2&dataUid=4028a602975891f70199123b50af6a04&boardUid=ff8080818a49961a018ab011af3543bc,2026-03-30 10:09:23,2026-04-01 16:16:26,1,온통청년_OPEN_API_getPlcy,전북,청년창업 스마트팜 패키지 지원 목적 스마트팜에 도전하는 청년들에게 시설원예 스마트팜을 패키지로 지원하여 즉시 농업경영을 통한 안정적 정착 유도 대상 전북 김제 스마트팜혁신밸리의 청년창업보육센터 수료생 또는 25년 6월 수료 예정자 중 아래 요건을 모두 충족한 자 연령제한 2025년 기준 만 18 45세 미만 1980 1 1 2007 12 31 출생 전북 청년창업보육센터 교육 신청 당시 거주지가 타시도인 수료 예정 자 전북 청년창업보육센터 수료 예정 자 명부에 등재된 자 사업 신청 전에 해당 시 군에 주민등록 이전이 완료된 자 인구감소 관심 지역에 거주 주민등록 완료 하고 스마트팜 작물재배 기술 교육과 ICT 운용 교육을 수료한 우수 청년농업인 중 아래 요건을 모두 충족한 자 연령제한 2025년 기준 만 18 45세 미만 1980 1 1 2007 12 31 출생 스마트팜 교육 이수 농업교육기관에서 추진한 교육 50시간 이상 이수 주요내용 스마트팜 패키지 시설 지원 및 농촌에 안정적 정착을 위한 전문가 컨설팅 청년리더교육 등 지원 전달체계 민간자본이전 보조금 일자리
전북,"52000,45000",20260330005400212311,청년희망 스마트팜 확산지원,바우처,"ㅇ (목적) 농업에 경험이 부족한 청년과 귀농인들이 쉽게 스마트팜에 접근할 수 있는 계기를 만들어 향후, 전북 농업을 이끌 수 있는 역량 강화 ㅇ (대상) 65세 이하 농업인으로서 사업신청 당시(시군) 전북에 주소를 둔 자 - (1순위) 스마트팜 청년창업보육 교육·수료생, 스마트팜혁신밸리 임대형팜 임차인, 청년 경영실습 임대농장 (구)임차인, 청년농업인(만 18세 이상～ 만 45세 미만) - (2순위) 귀농인(타 지원사업을 많이 받지 못한 농업인) - (3순위) 농작물 재해보험 가입농가 ※ 단, 1순위 수요가 많은 시군은 자체 선정기준* 추가 설정하여 추진 * (예시) 사업대상자는 시군배정예산의 일정비율 범위 안에서 결정 ㅇ (주요내용) 농업용 비닐하우스 및 스마트팜 설비 지원 ㅇ (전달체계) 민간자본이전","ㅇ (목적) 농업에 경험이 부족한 청년과 귀농인들이 쉽게 스마트팜에 접근할 수 있는 계기를 만들어 향후, 전북 농업을 이끌 수 있는 역량 강화 ㅇ (대상) 65세 이하 농업인으로서 사업신청 당시(시군) 전북에 주소를 둔 자 - (1순위) 스마트팜 청년창업보육 교육·수료생, 스마트팜혁신밸리 임대형팜 임차인, 청년 경영실습 임대농장 (구)임차인, 청년농업인(만 18세 이상～ 만 45세 미만) - (2순위) 귀농인(타 지원사업을 많이 받지 못한 농업인) - (3순위) 농작물 재해보험 가입농가 ※ 단, 1순위 수요가 많은 시군은 자체 선정기준* 추가 설정하여 추진 * (예시) 사업대상자는 시군배정예산의 일정비율 범위 안에서 결정 ㅇ (주요내용) 농업용 비닐하우스 및 스마트팜 설비 지원 ㅇ (전달체계) 민간자본이전",일자리,취업,"일자리, 직무교육, 주거지원, 창업지원",일자리,,모집공고 참고,18세~65세 / 연령제한:N 0043001 0 0 0011009 0013010 0049010 0055003,18세~65세 / 연령제한:N,0043001 0 0,,,전북특별자치도 완주군,전북특별자치도 완주군,,https://www.wanju.go.kr/index.9is,https://www.wanju.go.kr/planweb/board/view.9is?contentUid=ff8080818b024d8e018b274f3fdd2ae2&dataUid=4028a6029bdaa74e019d199316ae3e6f&boardUid=ff8080818a49961a018ab011af3543bc,2026-03-30 10:04:27,2026-04-01 16:11:42,1,온통청년_OPEN_API_getPlcy,전북,청년희망 스마트팜 확산지원 목적 농업에 경험이 부족한 청년과 귀농인들이 쉽게 스마트팜에 접근할 수 있는 계기를 만들어 향후 전북 농업을 이끌 수 있는 역량 강화 대상 65세 이하 농업인으로서 사업신청 당시 시군 전북에 주소를 둔 자 1순위 스마트팜 청년창업보육 교육 수료생 스마트팜혁신밸리 임대형팜 임차인 청년 경영실습 임대농장 구 임차인 청년농업인 만 18세 이상 만 45세 미만 2순위 귀농인 타 지원사업을 많이 받지 못한 농업인 3순위 농작물 재해보험 가입농가 단 1순위 수요가 많은 시군은 자체 선정기준 추가 설정하여 추진 예시 사업대상자는 시군배정예산의 일정비율 범위 안에서 결정 주요내용 농업용 비닐하우스 및 스마트팜 설비 지원 전달체계 민간자본이전 바우처 일자리
전북,"52000,45000",20260330005400212309,디지털분야 청년창업 육성,벤처,"ㅇ (목적)4차산업 디지털 분야의 청년창업을 미래 전략산업으로 중점 육성하여 미래역량 대응력을 향상시키고 지역경쟁력을 강화 ㅇ (대상)4차산업분야 완주군 청년 기업 ㅇ (주요내용)4차산업 디지털분야(AI, 드론, 서비스플랫폼, 사물인터넷 등) 발전을 위한 청년 창업 1천만원 지원 ㅇ (전달체계)홈페이지 모집 공고","ㅇ (목적)4차산업 디지털 분야의 청년창업을 미래 전략산업으로 중점 육성하여 미래역량 대응력을 향상시키고 지역경쟁력을 강화 ㅇ (대상)4차산업분야 완주군 청년 기업 ㅇ (주요내용)4차산업 디지털분야(AI, 드론, 서비스플랫폼, 사물인터넷 등) 발전을 위한 청년 창업 1천만원 지원 ㅇ (전달체계)홈페이지 모집 공고",일자리,창업,"일자리, 직무교육, 창업지원",일자리,,수시,18세~45세 / 연령제한:N 0043001 0 0 0011009 0013010 0049010 0055003,18세~45세 / 연령제한:N,0043001 0 0,,,전북특별자치도 완주군,전북특별자치도 완주군,,https://youth.wanju.go.kr/index.wanju,https://youth.wanju.go.kr/youth/board/view.wanju?boardId=BBS_0000001&menuCd=DOM_000000101002000000&paging=ok&startPage=1&dataSid=1856,2026-03-30 09:51:46,2026-04-01 16:00:45,1,온통청년_OPEN_API_getPlcy,전북,디지털분야 청년창업 육성 목적 4차산업 디지털 분야의 청년창업을 미래 전략산업으로 중점 육성하여 미래역량 대응력을 향상시키고 지역경쟁력을 강화 대상 4차산업분야 완주군 청년 기업 주요내용 4차산업 디지털분야 AI 드론 서비스플랫폼 사물인터넷 등 발전을 위한 청년 창업 1천만원 지원 전달체계 홈페이지 모집 공고 벤처 일자리
전북,"52000,45000",20260330005400212308,공공근로사업,장기미취업청년,ㅇ (목적) 취약계층에 근로기회 제공 ㅇ (대상) - 18세~65세미만 완주군민이고 - 가구소득 기준중위소득 70%이하면서 - 재산이 4억원 이하인 자 ㅇ (주요내용): - 공공일자리를 제공하여 소득창출 및 고용안전 도모 ㅇ (전달체계): 읍〮면행정복지센터,ㅇ (목적) 취약계층에 근로기회 제공 ㅇ (대상) - 18세~65세미만 완주군민이고 - 가구소득 기준중위소득 70%이하면서 - 재산이 4억원 이하인 자 ㅇ (주요내용): - 공공일자리를 제공하여 소득창출 및 고용안전 도모 ㅇ (전달체계): 읍〮면행정복지센터,일자리,취업,"일자리, 복지",일자리,,수시모집,18세~65세 / 연령제한:N 0043003 0 0 - 가구소득 기준중위소득 70%이하면서 - 재산이 4억원 이하인 자 0011009 0013003 0049010 0055003,18세~65세 / 연령제한:N,0043003 0 0 - 가구소득 기준중위소득 70%이하면서 - 재산이 4억원 이하인 자,,,전북특별자치도 완주군,전북특별자치도 완주군,,https://www.wanju.go.kr/index.9is,https://www.wanju.go.kr/planweb/board/view.9is?contentUid=ff8080818b024d8e018b274f3fdd2ae2&dataUid=4028a6029bdaa74e019cc077b3611544&boardUid=ff8080818a49961a018ab011af3543bc,2026-03-30 09:44:16,2026-04-01 15:43:09,1,온통청년_OPEN_API_getPlcy,전북,공공근로사업 목적 취약계층에 근로기회 제공 대상 18세 65세미만 완주군민이고 가구소득 기준중위소득 70 이하면서 재산이 4억원 이하인 자 주요내용 공공일자리를 제공하여 소득창출 및 고용안전 도모 전달체계 읍 면행정복지센터 장기미취업청년 일자리
전북,"52000,45000",20260330005400212307,구직청년 면접정장 무료대여 지원,장기미취업청년,"ㅇ (목적)청년의 취업준비에 따른 시간적, 경제적 부담을 줄여주고 성공적인 취업을 응원하기 위함 ㅇ (대상)청년 18세~45세 ㅇ (주요내용) 면접용 정장, 구두, 벨트, 기타 소품 등)","ㅇ (목적)청년의 취업준비에 따른 시간적, 경제적 부담을 줄여주고 성공적인 취업을 응원하기 위함 ㅇ (대상)청년 18세~45세 ㅇ (주요내용) 면접용 정장, 구두, 벨트, 기타 소품 등)",금융･복지･문화,취약계층 및 금융지원,"일자리, 복지",일자리,,예산소진시 종료,18세~45세 / 연령제한:N 0043001 0 0 0011009 0013003 0049010 0055003,18세~45세 / 연령제한:N,0043001 0 0,,,전북특별자치도 완주군,전북특별자치도 완주군,,https://youth.wanju.go.kr/index.wanju,https://youth.wanju.go.kr/index.wanju?menuCd=DOM_000000102002008000,2026-03-30 09:35:54,2026-04-01 15:40:44,1,온통청년_OPEN_API_getPlcy,전북,구직청년 면접정장 무료대여 지원 목적 청년의 취업준비에 따른 시간적 경제적 부담을 줄여주고 성공적인 취업을 응원하기 위함 대상 청년 18세 45세 주요내용 면접용 정장 구두 벨트 기타 소품 등 장기미취업청년 일자리
전북,"52000,45000",20260327005400212306,임산부 280 건강관리비 지원사업,"출산,육아",익산시 임산부의 경제적 부담을 경감하고 산모와 아이의 건강증진을 도모하고자 임신에서 출산까지 산모의 건강관리비를 지원,"○ 신청기간 임신 24주 이상 ~ 분만 후 12개월 이내 ○ 지원내용 ① 40만원 연 1회 지원 ② 다태아 임신의 경우라도 임신 1회로 지원 ※ 기 지급자 차액 소급 불가, 부부 모두 외국인경우는 지원불가",금융･복지･문화,건강,복지,복지,20260101 ~ 20261231,20260101 ~ 20261231,"0세~0세 / 연령제한:Y 0043001 0 0 ○ 신청일 기준 부부 모두 익산시에 6개월 이상 주소를 두고 있는 임신 24주 이상 임산부 - (단, 배우자가 직업 등 불가피한 사유로 익산에 주소를 둘 수 없는 경우 재직증명서 등 증빙서류 첨부) ○ 분만 후 신청할 경우 : 반드시 출생아가 익산시에 등재되어야 함. ○ 임신 24주 이후 사산시에도 지원 ※ 타지에 주소 혹은 직장을 두고 있는 임산부 ※ 부부 모두 외국인일 경우 ※ 익산시에 등재되지 않은 임산부 0011009 0013010 0049010 0055003",0세~0세 / 연령제한:Y,0043001 0 0,○ 방문 신청 - 거주지 관할 읍·면·동 주민센터에 방문 신청(주민등록증이나 기타 신분증을 확인할 수 있는 증명서를 본인이 지참하여 구비서류(증빙서류 포함)와 함께 제출 ※ 중복신청서는 환수함,"① 신분증 지참 ② 임산부 280 건강관리비지원 신청서 및 임신확인서(산부인과 확인, 임신24주 이상) ③ 임산부 통장사본(부득이한 경우 또는 외국인 여성일 경우 배우자 통장 가능) ④ 가족관계증명서(부부 주소지 상이, 외국인 배우자, 미혼) ⑤ 외국인등록증(배우자가 외국인일 경우) ⑥ 주민등록등본(출산 후 신청 시) (출생아가 익산시에 출생등록 확인하기 위함) ⑦ 재직증명서 또는 사업자등록증 등(배우자 직업상 타지 거주 시)",전북특별자치도 익산시,전북특별자치도 익산시 보건소,,https://www.iksan.go.kr/health/index.do?menuUid=ff808081975e28f7019776644e780aa8,,2026-03-27 16:58:34,2026-04-01 15:39:09,1,온통청년_OPEN_API_getPlcy,전북,임산부 280 건강관리비 지원사업 익산시 임산부의 경제적 부담을 경감하고 산모와 아이의 건강증진을 도모하고자 임신에서 출산까지 산모의 건강관리비를 지원 출산 육아 복지
전북,"52000,45000",20260327005400212304,청년시청 운영,맞춤형상담서비스,"취·창업, 주거, 복지, 문화를 한 공간에서 청년 맞춤형 종합 행정을 제공",청년 소통창구 및 청년정책 종합 컨드롤타워 역할 수행,참여･기반,정책인프라구축,"주거지원, 창업지원, 복지, 참여 프로그램",주거지원,,20260101 ~ 20261231,18세~39세 / 연령제한:N 0043001 0 0 0011009 0013010 0049010 0055003,18세~39세 / 연령제한:N,0043001 0 0,익산청년시청 홈페이지 참고,,전북특별자치도 익산시,전북특별자치도 익산시 청년경제국,,https://youthforest.iksan.go.kr/index.iksan,,2026-03-27 10:11:36,2026-03-31 17:43:27,1,온통청년_OPEN_API_getPlcy,전북,청년시청 운영 취 창업 주거 복지 문화를 한 공간에서 청년 맞춤형 종합 행정을 제공 맞춤형상담서비스 주거지원
전북,"52000,45000",20260326005400212302,저소득층 기저귀 조제분유 지원사업,"출산,육아",임신에서 출산까지 소요되는 건강관리비용 지원을 통해 출산 가정의 경제적 부담을 경감,저소득층 영아(0~24개월) 가정의 육아 필수재인 기저귀 및 조제분유(산모 모유수유 불가능시) 지원을 통해 경제적 부담을 경감,금융･복지･문화,취약계층 및 금융지원,복지,복지,20260101 ~ 20261231,20260101 ~ 20261231,0세~0세 / 연령제한:Y 0043003 0 0 익산시 보건소 홈페이지 참조 0011009 0013010 0049010 0055003,0세~0세 / 연령제한:Y,0043003 0 0 익산시 보건소 홈페이지 참조,○ 방문 신청 - 보건소 - 읍·면·동 행정복지센터 ○ 온라인 신청 - 복지로 : http://www.bokjiro.go.kr - 정부24 : https://www.gov.kr,익산시 보건소 홈페이지 참조,전북특별자치도 익산시,전북특별자치도 익산시 보건소,,https://www.iksan.go.kr/health/index.do?menuUid=ff808081975e28f701977666032b0acc,,2026-03-26 17:56:02,2026-04-01 17:03:43,1,온통청년_OPEN_API_getPlcy,전북,저소득층 기저귀 조제분유 지원사업 임신에서 출산까지 소요되는 건강관리비용 지원을 통해 출산 가정의 경제적 부담을 경감 출산 육아 복지
전북,"52000,45000",20260326005400212301,예비·신혼부부 무료건강검진,"육아,출산",임신·출산을 앞둔 예비·신혼부부 건강검진을 통해 질환의 조기발견 및 태아 기형아 예방으로 행복한 가정 영위 도모,"소변검사, 간기능검사, 흉부-x선 촬영 등 20여개 무료 검진",금융･복지･문화,건강,복지,복지,20260101 ~ 20261231,20260101 ~ 20261231,0세~0세 / 연령제한:Y 0043001 0 0 0011009 0013010 0049010 0055001,0세~0세 / 연령제한:Y,0043001 0 0,"○ 방문신청 : 보건소 민원실 익산시 보건소 민원실 접수 후 방사선실, 검사실 검진 ※ 검진 전날 21시 이후 공복 유지",① 계약서(예비부부) ② 주민등록등본(신혼부부) ③ 신분증,전북특별자치도 익산시,전북특별자치도 익산시 보건소,,https://www.iksan.go.kr/health/,,2026-03-26 17:30:35,2026-04-01 15:38:43,1,온통청년_OPEN_API_getPlcy,전북,예비 신혼부부 무료건강검진 임신 출산을 앞둔 예비 신혼부부 건강검진을 통해 질환의 조기발견 및 태아 기형아 예방으로 행복한 가정 영위 도모 육아 출산 복지
전북,"52000,45000",20260326005400212297,익산형 청년월세 지원사업,주거지원,청년들의 주거비 지원을 통해 주거 안정 도모 및 지역 정착 유도,"월 20만원 한도 내 최대 12개월 임차료 지원 ※ 생애 1회 지급이며, 월 임차료가 20만원 미만일 경우 실제 납부하는 금액만 지급",주거,전월세 및 주거급여 지원,주거지원,주거지원,20260415 ~ 20260930,20260415 ~ 20260930,"19세~34세 / 연령제한:N 0043003 0 0 청년가구 - 중위소득 130% 이하 / 원가구 - 중위소득 100% 이하 ○ 지원 중지 : 중지 사유 발생일 기준 다음 월부터 미지급 - 타 지역으로 전출한 경우(월 15일 기준 이전 전출자 당월 미지급) - 계약내용 변경 등의 사유가 발생하였으나, 변경신청하지 않은 경우 - 기초생활보장수급자(생계·의료·주거급여)로 선정되는 경우 - 부모와 합가(주민등록 여부 불문)하여 거주중이거나, 주택을 소유(입주권, 분양권 포함)하게 된 경우, 공공임대주택에 거주하게 된 경우 등 지원제외대상으로 거주조건이 변경된 경우 - 정부(공사·공단·기금 포함) 및 지자체 등으로부터 주택 및 월세 지원을 받은 경우 - 지원대상자가 지급받은 임차료를 타 용도로 사용하여 3개월 이상 월차임을 연체한 사실이 확인된 경우 - 군복무 등 법률상 의무 이행을 위해 주거가 보장되는 타지역에 거주하는 경우 - 주민등록이 말소되었거나, 거주불명자로 등록된 경우 - 외국에 최근 6개월간 통산하여 90일을 초과하여 체류한 경우 - 「형의 집행 및 수용자의 처우에 관한 법률」 및 「치료감호 등에 관한 법률」에 따른 교정시설 또는 치료감호시설에 수용중인 경우 등 0011009 0013010 0049010 0055003",19세~34세 / 연령제한:N,0043003 0 0 청년가구 - 중위소득 130% 이하 / 원가구 - 중위소득 100% 이하,청년 본인이 주소지 관할 읍·면·동 행정복지센터 방문 신청 ※ 온라인 신청 불가,○ 필수서류 1. 익산형 청년월세지원 신청서 2. 소득·재산 신고서 3. 서약서 4. 청년본인 통장사본 5. 임대차계약서(확정일 또는 공인중개사 날인) 6. 월세이체 증빙서류(최근 3개월 이내) ○ 추가서류(해당 시 제출) 1. 부채 증빙 서류(대출내역 및 대출금 잔액증명서) 2. 청년가구: 임차보증금 마련 용도/원가구: 주택구입 및 임차보증금 마련 용도,전북특별자치도 익산시,전북특별자치도 익산시 건설국,,https://youthforest.iksan.go.kr/index.iksan,https://youthforest.iksan.go.kr/index.iksan?menuCd=DOM_000000102003001000,2026-03-26 15:07:32,2026-06-05 16:49:04,1,온통청년_OPEN_API_getPlcy,전북,익산형 청년월세 지원사업 청년들의 주거비 지원을 통해 주거 안정 도모 및 지역 정착 유도 주거지원 주거지원
전북,"52000,45000",20260326005400212296,청년문화프로그램 운영,교육지원,청년의 건강한 취미·여가 생활을 즐길 수 있는 공간 및 콘텐츠 제공 필요,"○ 문화학교 : 사전 수요조사(네이버폼 온라인 수요조사)를 통한 장기(1~2개월)프로그램 - 통기타, 비누공예, 쿠킹 클래스, 아로마 테라피 등 ○ 원데이 : 단기적 운영이 필요한 다양한 분야의 강좌 - 도마 만들기, 글라스아트 시계, 꽃다발, 오일 파스텔 등 ○ 청년 샘스쿨(최대 6시간) : 강의 경험이 없는 청년 강사에게 강의 경험 기회 제공 - 그텝박스 댄스 클래스, 강아지 수제간식, 비올라 레슨 등 ○ 소셜다이닝 : 1인 가구의 지역 식자재를 활용한 요리강습 및 네트워킹",금융･복지･문화,문화활동 및 생활지원,"직무교육, 복지",직무교육,20260701 ~ 20261130,20260201 ~ 20261130,18세~39세 / 연령제한:N 0043001 0 0 0011009 0013010 0049010 0055003,18세~39세 / 연령제한:N,0043001 0 0,온라인 접수(익산청년시청 홈페이지),,전북특별자치도 익산시,전북특별자치도 익산시 청년경제국,,https://youthforest.iksan.go.kr/index.iksan,,2026-03-26 13:46:51,2026-04-01 14:13:41,1,온통청년_OPEN_API_getPlcy,전북,청년문화프로그램 운영 청년의 건강한 취미 여가 생활을 즐길 수 있는 공간 및 콘텐츠 제공 필요 교육지원 직무교육
전북,"52000,45000",20260325005400212277,관외 이동 근로자 및 학생 열차운임비 지원,바우처,익산시에 주민등록을 두고 열차 정기승차권을 이용해 관외 지역으로 이동하는 근로자 및 학생(재학생)을 지원하기 위하여 열차 정기승차권 운임비용의 50퍼센트 지원하는 엄청난 혜택을 제공,"○ 지원내용 : 열차 정기승차권 운임비용의 50% 지급(지역화폐로 지급, 연간 200만원 한도) ※ 2025년 사용분 - 200만원 한도 ○ 지원방법 : 시 지역화폐 다이로움으로 지원 ※ 고등학교 이하 학생의 경우 본인 명의 계좌가 없을 시 가족관계 확인 후 부모 명의 다이로움으로 지급 가능(가족관계증명서 첨부 필요) ○ 대상상품 코레일, SRT 일반,기간자유형 정기권 ※ 횟수 차감형인 정기권 N카드, 회수승차권 지원 제외",일자리,권익보호,일자리,일자리,20260101 ~ 20261231,운임비용 지급일로부터 1년 이내,0세~0세 / 연령제한:Y 0043001 0 0 0011009 0013010 0049010 0055003,0세~0세 / 연령제한:Y,0043001 0 0,"① 지원 신청 : 신청자 → 신청자 홈페이지 (상시) - 정기승차권 사용 후 ② 지역화폐 가입 (미가입자) : 신청자 (상시) - 온라인: 앱설치(착한페이) → 익산다이로움 신청 → 회원가입 → 카드신청(2~3일 소요) → 카드수령 - 오프라인: 하나은행, 농협은행, 전북은행, 신협 방문 → 즉시발급 ③ 지원대상 확인 및 수당 지급 : 익산시 (기획예산과) - 자격 조회 및 수당 지급 ④ 수당 수령 : 신청자 - 지역화폐 수당 수령","○ 공통 ① 열차운임비 지원 신청서 ② 개인정보 수집·활용·제공 동의서 ③ 행정정보 공동이용 사전동의서 ④ 열차 정기권 캡처 화면 (사용기간, 사용자, 승차권 번호 표시) ⑤ 주민등록초본(최근 5년): 행정정보공동이용 동의 시 제출하지 않음 ○ 근로자 ⑥ 직장에서 발행하는 관외 출퇴근 확인 서류(재직증명서 등) ※ 신청일로부터 6개월 이내 발행한 서류만 인정 ⑦ 고용보험피보험자격이력내역서 또는 건강보험(자격득실)확인서 : 행정정보공동이용 동의 시 제출하지 않음 ○ 학생 ⑧ 정기권 사용 기간 동안 재학을 증명하는 서류(재학증명서 등) ※ 첨부파일이 많은 경우, 한글파일에 붙이거나 pdf로 변환하여 업로드 부탁드립니다. (zip 파일 불가)",전북특별자치도 익산시,전북특별자치도 익산시 기획안전국,,https://www.iksan.go.kr/reserve/board/post/list.do?boardUid=ff80808199e7462c0199eadd15600784&menuUid=ff8080819973cd47019974821f7403b8&programPostUid=ff80808199f0d11c0199f103608f01df,,2026-03-25 17:59:08,2026-03-31 17:42:13,1,온통청년_OPEN_API_getPlcy,전북,관외 이동 근로자 및 학생 열차운임비 지원 익산시에 주민등록을 두고 열차 정기승차권을 이용해 관외 지역으로 이동하는 근로자 및 학생 재학생 을 지원하기 위하여 열차 정기승차권 운임비용의 50퍼센트 지원하는 엄청난 혜택을 제공 바우처 일자리
전북,"52000,45000",20260325005400212276,청년단기주거공간 운영(금강장),주거지원,체류형 사업 참여자 및 지역청년 단기주거 지원,ㅇ (목적) 유입초기 청년 주거 지원 ㅇ (주요내용) 체류형 사업 참여자 및 지역청년 단기주거 지원 ㅇ (전달체계) 군-위탁단체-지역청년,주거,주택 및 거주지,"주거지원, 참여 프로그램",주거지원,,20260101 ~ 20261231,19세~45세 / 연령제한:N 0043001 0 0 0011009 0013010 0049010 0055003,19세~45세 / 연령제한:N,0043001 0 0,,,경상북도 의성군 관광복지국,경상북도 의성군 관광복지국,,https://www.usc.go.kr/youth/page.do?mnu_uid=2731&,,2026-03-25 17:55:51,2026-03-27 17:08:06,1,온통청년_OPEN_API_getPlcy,전북,청년단기주거공간 운영 금강장 체류형 사업 참여자 및 지역청년 단기주거 지원 주거지원 주거지원
전북,"52000,45000",20260325005400212275,청년복합주거공간 운영(금수장),주거지원,청년 대상 숙박공간 및 워케이션 프로그램 제공,ㅇ (목적) 공유공간과 숙박공간이 분리된 복합주거공간 운영 ㅇ (주요내용) 청년 대상 숙박공간 및 워케이션 프로그램 제공 ㅇ (전달체계) 군-위탁단체-지역청년,주거,주택 및 거주지,"직무교육, 주거지원",직무교육,,20260101 ~ 20261231,19세~45세 / 연령제한:N 0043001 0 0 0011009 0013010 0049010 0055003,19세~45세 / 연령제한:N,0043001 0 0,,,경상북도 의성군 관광복지국,경상북도 의성군 관광복지국,,https://www.usc.go.kr/youth/page.do?mnu_uid=2024&,,2026-03-25 17:45:14,2026-03-27 17:07:36,1,온통청년_OPEN_API_getPlcy,전북,청년복합주거공간 운영 금수장 청년 대상 숙박공간 및 워케이션 프로그램 제공 주거지원 직무교육
전북,"52000,45000",20260325005400212264,신혼부부·청년 주택구입 대출이자 지원사업,"주거지원,대출",주택구입 대출이자 지원으로 주거 안정 및 지역정착 도모,주택가액 6억원 이하 및 전용면적 85㎡이하의 주택 대출잔액의 3.0% 이내 대출이자 지원,주거,전월세 및 주거급여 지원,주거지원,주거지원,20260303 ~ 20260630\N20260701 ~ 20261231,20260303 ~ 20261231,"19세~39세 / 연령제한:N 0043003 0 0 자세한 사항은 공고문 참조 자세한 사항은 공고문 참조 - 대출용도가 주거자금이 아닌 자(일반, 신용대출 불가) - 다른 기관 및 지자체의 유사한 사업으로 지원을 받고 있는 경우 - 실거주가 아닌 경우 - 신청서류가 미비하여 대상자 적격여부 확인이 어려운 자 - 그 밖에 선정기준에 부적합한 자 0011009 0013010 0049010 0055003",19세~39세 / 연령제한:N,0043003 0 0 자세한 사항은 공고문 참조,"○ 신청자 : 대출명의인(주택소유자) ○ 신청방법 - 방문 신청(인북로32길 1, 8층 주택과) ※ 본인 또는 배우자가 아닌 대리인이 방문할 경우, 위임장과 인감증명서(또는 본인서명사실확인서) 제출 전자우편(lje826@korea.kr) - 신청서류는 각각 개별 파일이 아닌, 하나의 PDF 파일로 병합 후 제출 - 메일 제목에 신청 사업명 및 신청자 성명 기재 예) 2026년 주택구입 대출이자 지원사업(홍길동)","○ 제출서류 ① 신청서(서식1) ② 서약서 및 개인정보 동의서(서식2) ③ 설문조사(서식3) ④ 행정정보공동이용사전동의서(서식4) ⑤ 주민등록등본(주민등록번호 13자리 모두 기재) ⑥ 혼안관계증명서(상세) ⑦ 계약서(사본) ⑧ 금융거래확인서 ⑨ 건강보험 자격득실확인서 ⑩ 소득확인서류(2025년 귀속분) ⑪ 통장(사본) ○ 추가서류(해당자 한해서 제출) 해당 대상자 : 전입가구, 연소득 3천만원 이하인 미혼청년, 휴직자, 복직자, 자녀가구, 노인부양가구, 장애인가구, 한부모가구, 다문화가구 ※ 자세한 사항은 공고문 참조",전북특별자치도 익산시,전북특별자치도 익산시 건설국,,https://youthforest.iksan.go.kr/board/view.iksan?boardId=BBS_0000015&menuCd=DOM_000000105002001000&paging=ok&startPage=1&dataSid=45005,,2026-03-25 11:44:44,2026-03-31 17:48:51,1,온통청년_OPEN_API_getPlcy,전북,신혼부부 청년 주택구입 대출이자 지원사업 주택구입 대출이자 지원으로 주거 안정 및 지역정착 도모 주거지원 대출 주거지원
전북,"52000,45000",20260325005400212258,전입 청년 문화예술패스 지원사업,바우처,"문화 예술 접근성을 확대하여 타 지역 청년의 유입을 촉진하고, 적극적인 문화소비 주체로 성장하도록 기여","○ 지원내용 문화·여가, 자기계발, 관광 등에 사용할 수 있는 1인당 연 15만원의 카드 지원 ○ 지원대상 - 1유형(전입청년형) : '25. 1. 1. 이후 관외에서 익산시로 전입한 18~39세 청년 - 2유형(장기거주청년형) : 공고일 기준 5년 이상 익산시에 주소를 두고 계속 거주 중인 18~39새 청년 ※ 현금 교환 및 기한 내 미사용 시 이월 불가 ※ 자세한 사항은 공고문 확인 ※ 26. 4. 7. 기준 2유형(장기거주청년형) 조기 마감",금융･복지･문화,예술인지원,복지,복지,20260101 ~ 20261231,20260101 ~ 20261231,"18세~39세 / 연령제한:N 0043003 0 0 가구기준 중위소득 150% 이하 ① 복지포인트(카드)를 지급받는 공공기관 근무자 ※ 공공기관 범위(참고2) - 공무원, 교사, 청원경찰, 공무직, 기간제 근로자 등 ②학교 밖 청소년 에듀페이 지급 대상자(9세~18세 매달 5만원~10만원 지원) ③ 전라북도 여성농업인 생생카드 대상자(여성농업인 문화·학습활동지원, 연 13만원) ④ 문화누리카드 지원대상자(6세 이상 기초생활수급자 및 차상위계층 문화예술 지원, 연 14만원) ⑤ 문체부 청년문화예술패스 지급 대상자 - 19세청년 문화향유 제공을 위해 공연.전시 관람비 지원, 연 15만원 ⑥ 대한민국 국적을 보유하지 않는 외국인 0011009 0013010 0049010 0055003",18세~39세 / 연령제한:N,0043003 0 0 가구기준 중위소득 150% 이하,"○ 접수방법 ① (신청) 온라인 접수, 전입 청년 문화예술패스 사이트(http://iksanyouthezwel.com) ② (신청방법) 회원가입 후 관련 서류 첨부하여 파일 업로드 - 반드시 PDF 또는 JPG로 파일형식 통일, 한글파일 불가 - 제출서류중 주민등록초본 → 주민등록번호뒷자리 미포함, 주소변동내역 포함 발급 ③ 주민등록번호뒷자리 → 익산시담당자이메일전송(wjdaud2018@korea.kr) ④ 모든 서류는 공고일 이후 발급본만 인정","○ 온라인 작성 ① 신청서(서식1) ② 개인정보 수집·이용·제공 및 행정정보 공동이용 동의서(서식2·서식3) ○ 업로드 서류 ① 주민등록 초본(주민등록번호 뒷자리 미포함, 주소변동내역 포함) ② 건강보험료 납부확인서(2025. 10~12월 납부내역, 부양자 기준) ③ 건강보험자격득실확인서(신청인 기준) ④ 건강보험자격확인서(부양자 기준) ※ 서류는 반드시 공고일(26. 1. 2.) 이후 발급분만 인정 ※ 모든 제출 서류는 스캔 또는 선명하게 사진(사본) 찍어서 홈페이지 업로드",전북특별자치도 익산시,전북특별자치도 익산시 청년경제국,,https://youthforest.iksan.go.kr/index.iksan?menuCd=DOM_000000102009001000,,2026-03-25 10:31:36,2026-04-07 13:37:57,1,온통청년_OPEN_API_getPlcy,전북,전입 청년 문화예술패스 지원사업 문화 예술 접근성을 확대하여 타 지역 청년의 유입을 촉진하고 적극적인 문화소비 주체로 성장하도록 기여 바우처 복지
전북,"52000,45000",20260324005400212257,전입 청년 웰컴박스 지원사업,청년가장,타 지역에서 익산으로 전입한 청년을 대상으로 실생활에서 필요한 생활용품과 익산 관련 정보를 웰컴 박스로 제공하여 익산에서의 청년 정책 안내 및 안정적인 거주 정착을 도모,생활 물품과 청년정책 책자로 구성된 웰컴 박스 제공,금융･복지･문화,문화활동 및 생활지원,복지,복지,20260102 ~ 20261231,20260102 ~ 20261231,18세~39세 / 연령제한:N 0043001 0 0 ○ 지원제외 - 대리인 자격 없는 자의 신청 - 자격 조건 미비 및 제출서류 누락 - 개인정보수집·이용 동의서 미동의 시 0011009 0013010 0049010 0055003,18세~39세 / 연령제한:N,0043001 0 0,'익산청년시청 건물' 방문하여 신청서 제출 후 희망 웰컴 박스 수령 ※ 자세한 사항은 공고문 참조,"○ 제출서류 ① 신청서 1부 - 신청자 본인 작성(신분증 지참) ② 주민등록등본 1부 - 포함사항(최근 2년 이내 주소변동, 세대 구성 정보, 세대 구성원 정보) - 주민등록 뒷번호 미표기 ③ 주민등록초본 1부 - 포함사항(최근 2년 이내 주소변동사항, 발생일/신고일, 변동사유) - 주민등록 뒷번호 미표기 ※ 모든 발급서류는 신청일 기준 발급된 서류 제출을 원칙으로 함.",전북특별자치도 익산시,전북특별자치도 익산시 청년경제국,,https://youthforest.iksan.go.kr/index.iksan?menuCd=DOM_000000102008001000,,2026-03-24 17:59:08,2026-03-31 15:28:27,1,온통청년_OPEN_API_getPlcy,전북,전입 청년 웰컴박스 지원사업 타 지역에서 익산으로 전입한 청년을 대상으로 실생활에서 필요한 생활용품과 익산 관련 정보를 웰컴 박스로 제공하여 익산에서의 청년 정책 안내 및 안정적인 거주 정착을 도모 청년가장 복지
전북,"52000,45000",20260324005400212254,청년 면접 정장 대여사업,장기미취업청년,구직 청년들의 면접 준비 부담금 해소 및 구직비용 절감,"구직 청년에게 면접 정장 무료 대여 - (대여품목) 정장(상·하의), 셔츠, 블라우스, 넥타이, 구두 등 - (대여기간) 대여일로부터 3박 4일 - (대여횟수) 1인당 연 3회",일자리,취업,일자리,일자리,20260101 ~ 20261231,20260101 ~ 20261231,"18세~39세 / 연령제한:N 0043001 0 0 ※ 일반 교육, 모의 면접, 대학교(원) 면접 등 참여자는 지원 제외 0011009 0013003 0049010 0055003",18세~39세 / 연령제한:N,0043001 0 0,"○ 신청 방법: 온라인 신청 ① 익산청년시청 홈페이지(youthforest.iksan.go.kr) 접속 ② 익산청년정책 – 청년 면접 정장 대여사업 ③ 신청서, 개인정보 동의서 다운로드 → 작성(자필 서명 필수) ④ 신청서, 개인정보 동의서, 주민등록초본, 면접 증빙자료 업로드","○ 신청 서류 ① 대여 신청서(붙임 1) ② 개인정보 동의서(붙임 2) ③ 주민등록초본 - 주민등록초본은 신청일 이후 발급분만 인정 ④ 면접 증빙자료 - 면접 증빙자료(면접 통보 메일, 문자 등 관련 자료) 필수 - 증빙자료의 대상자가 본인임을 특정할 수 있어야 증빙자료로 인정(응시번호만 제출하는 경우 X, 대상자 본인의 이름과 응시번호가 함께 나온 캡처본 O)",전북특별자치도 익산시,전북특별자치도 익산시 청년경제국,,https://youthforest.iksan.go.kr/index.iksan?menuCd=DOM_000000102004001000,,2026-03-24 15:54:57,2026-03-31 17:40:27,1,온통청년_OPEN_API_getPlcy,전북,청년 면접 정장 대여사업 구직 청년들의 면접 준비 부담금 해소 및 구직비용 절감 장기미취업청년 일자리
전북,"52000,45000",20260324005400212252,청년 참여 포인트 제도 (청포도),바우처,익산시에 거주하는 18~39세 청년들에게 시정 참여 기회 제공,"시정에 참여하는 청년에게 포인트를 지급, 포인트 누적값에 따라 금액으로 환산하여 익산 다이로움 카드로 지급",참여･기반,청년참여,참여 프로그램,참여 프로그램,20260105 ~ 20261130,20260105 ~ 20261130,"18세~39세 / 연령제한:N 0043001 0 0 참석 수당 등 별도의 수당이나 대가를 받고 참여하는 경우, 프로그램 공고 시 포인트 부여 대상이 아님을 공지한 경우, 세부 적립 기준에 맞지 않는 경우 등 0011009 0013010 0049010 0055003",18세~39세 / 연령제한:N,0043001 0 0,○ 포인트 가입 신청 : 익산청년시청 홈페이지 회원가입 후 청년 참여 포인트 제도 가입신청서 게시 익산청년시청 홈페이지(https://youthforest.iksan.go.kr/index.iksan) → 익산청년정책 → 청년 참여포인트제도 → 신청 → 가입 신청(글쓰기),※ 자세한 사항은 공고문 참조,전북특별자치도 익산시,전북특별자치도 익산시 청년경제국,,https://youthforest.iksan.go.kr/index.iksan?menuCd=DOM_000000102001001000,,2026-03-24 14:35:12,2026-03-31 16:57:46,1,온통청년_OPEN_API_getPlcy,전북,청년 참여 포인트 제도 청포도 익산시에 거주하는 18 39세 청년들에게 시정 참여 기회 제공 바우처 참여 프로그램
전북,"52000,45000",20260323005400112246,창업성공패키지(청년창업사관학교),"벤처,중소기업","유망 창업아이템 및 혁신기술을 보유한 우수 창업자를 발굴하여 성공적인 창업사업화 지원을 위한, 『2026년 창업성공패키지 지원사업』청년창업사관학교 기본과정 지원 대상자를 모집하오니 많은 참여바랍니다.","창업공간 제공, 교육, 기술지원 등의 종합 연계지원 방식으로 청년 기술창업 One-Stop 프로그램 운영",일자리,창업,"일자리, 직무교육, 창업지원, 참여 프로그램",일자리,20260130 ~ 20260213,계속,1세~39세 / 연령제한:N 0043001 0 0 0011009 0013010 0049010 0055003,1세~39세 / 연령제한:N,0043001 0 0,www.k-startup.go.kr - 사업공고,,중소벤처기업부 창업벤처혁신실 창업정책관,중소벤처기업진흥공단 창업지원처,,https://www.mss.go.kr/site/smba/ex/bbs/View.do?cbIdx=310&bcIdx=1065207&parentSeq=1065207,,2026-03-23 17:12:28,2026-03-25 09:05:49,1,온통청년_OPEN_API_getPlcy,전북,창업성공패키지 청년창업사관학교 유망 창업아이템 및 혁신기술을 보유한 우수 창업자를 발굴하여 성공적인 창업사업화 지원을 위한 2026년 창업성공패키지 지원사업 청년창업사관학교 기본과정 지원 대상자를 모집하오니 많은 참여바랍니다 벤처 중소기업 일자리
전북,"52000,45000",20260323005400112245,지식재산 기반 창업촉진(IP 디딤돌 프로그램),"벤처,중소기업","개인 및 예비창업자를 대상으로 창의적 아이디어를 기술적으로 발전시켜 사업아이템을 도출하고, 이에 대한 지식재산 컨설팅 및 권리화 지원","ㅇ 한국발명진흥회 및 전국 17개소의 지역지식재산센터(RIPC)를 통해, 지역별 예비창업자의 아이디어에 대한 기초상담, 창업아이템으로의 고도화/권리화 지원 ㅇ 우수창업기업 대상 IR 심화컨설팅 실시, 데모데이 개최를 통해 특허 기반 초기창업기업의 사업화 및 투자유치 지원",일자리,창업,"일자리, 직무교육, 창업지원, 복지, 참여 프로그램",일자리,,20260101 ~ 20261231,0세~0세 / 연령제한:Y 0043001 0 0 0011009 0013010 0049010 0055003,0세~0세 / 연령제한:Y,0043001 0 0,소재지 지역별 지식재산센터(☎1661-1900)를 통한 상담 및 신청,기초상담(방문/전화상담) 후 신청서 작성 안내,지식재산처,한국발명진흥회,,https://pms.ripc.org/www/main.do,,2026-03-23 14:51:45,2026-03-23 17:08:47,1,온통청년_OPEN_API_getPlcy,전북,지식재산 기반 창업촉진 IP 디딤돌 프로그램 개인 및 예비창업자를 대상으로 창의적 아이디어를 기술적으로 발전시켜 사업아이템을 도출하고 이에 대한 지식재산 컨설팅 및 권리화 지원 벤처 중소기업 일자리
전북,"52000,45000",20260323005400112244,예비청년 대상 발명교육 지원,교육지원,"직업계고 발명/특허 교육지원 학교를 지정하고 발명/지식재산 관련 정규교과목 운영, 산학협동형 교육 등 다양한 지식재산 교육 프로그램 제공","직업계고 발명/특허 교육지원 학교를 지정하고 발명/지식재산 관련 정규교과목 운영, 산학협동형 교육 등 다양한 지식재산 교육 프로그램 제공",교육･직업훈련,미래역량강화,직무교육,직무교육,,20260101 ~ 20261231,0세~0세 / 연령제한:Y 0043001 0 0 0011009 0013010 0049002 0055003,0세~0세 / 연령제한:Y,0043001 0 0,신청서 접수 교육지원청에서 관내 학교로 안내 공문 발송 관내 학교 일정별 신청 및 접수,,지식재산처,한국발명진흥회,,https://www.ip-edu.net/home/kor/main.do,,2026-03-23 14:29:04,2026-03-23 15:24:15,1,온통청년_OPEN_API_getPlcy,전북,예비청년 대상 발명교육 지원 직업계고 발명 특허 교육지원 학교를 지정하고 발명 지식재산 관련 정규교과목 운영 산학협동형 교육 등 다양한 지식재산 교육 프로그램 제공 교육지원 직무교육
전북,"52000,45000",20260323005400112243,체계적인 지식재산 인재 및 리더양성,교육지원,지식재산 전문인력 양성 중점대학 운영 및 산학협동형 캠퍼스특허유니버시아드 운영,"ㅇ 권역별 9개의 지식재산 중점대학을 지정하여 지식재산 교육을 강화하고, 대학특성/지역별 주력산업 등과 연계한 IP융합전공과정 운영(경상대, 전남대, 충북대, 충남대, 경북대, 강원대, 부산대, 전북대, 제주대) ㅇ 발명사업화, 특허전략 수립 2개 부문에 대해 산학협동형 IP실무교육 및 대회 경진대회를 개최하여 기업이 필요로 하는 지식재산 인재 양성",교육･직업훈련,미래역량강화,"직무교육, 창업지원",직무교육,,20260301 ~ 20261231,0세~0세 / 연령제한:Y 0043001 0 0 0011005 0013010 0049005 0055003,0세~0세 / 연령제한:Y,0043001 0 0,,,지식재산처,한국발명진흥회,,https://www.kipa.org/kipa/ip002/kw_business_2201.jsp,https://www.kipa.org/kipa/ip002/kw_hrtraining_0501.jsp,2026-03-23 14:10:17,2026-03-23 15:24:59,1,온통청년_OPEN_API_getPlcy,전북,체계적인 지식재산 인재 및 리더양성 지식재산 전문인력 양성 중점대학 운영 및 산학협동형 캠퍼스특허유니버시아드 운영 교육지원 직무교육
전북,"52000,45000",20260320005400212242,외국인 독도 말하기 대회,교육지원,외국인 유학생을 대상 독도주제 말하기 대회를 통해 국제사회 홍보,외국인 유학생 대상 독도주제 말하기 대회 개최 및 상금지급,참여･기반,청년국제교류,"직무교육, 참여 프로그램",직무교육,20260501 ~ 20260630,20260401 ~ 20261031,0세~0세 / 연령제한:Y 0043001 0 0 외국인 유학생을 대상으로 합니다. 0011009 0013010 0049010 0055003,0세~0세 / 연령제한:Y,0043001 0 0,"독도재단 홈페이지 [공지사항]이나, K-독도 홈페이지 [정보&이슈] 확인하여 신청하시면 됩니다.",,경상북도 환동해지역본부 해양수산국,재단법인독도재단,https://www.koreadokdo.or.kr/,https://www.k-dokdo.com/index.do,,2026-03-20 16:28:17,2026-03-23 17:08:16,1,온통청년_OPEN_API_getPlcy,전북,외국인 독도 말하기 대회 외국인 유학생을 대상 독도주제 말하기 대회를 통해 국제사회 홍보 교육지원 직무교육
전북,"52000,45000",20260320005400112239,한국형 온라인 공개강좌(K-MOOC),교육지원,"대학, 연구기관 등이 제작한 우수한 강좌를 온라인 플랫폼으로 제공","대학, 공공기관 등이 개발한 온라인 강좌를 K-MOOC 플랫폼에 탑재하고, 모든 국민에게 무료 개방하여 누구나 학습할 수 있도록 지원",교육･직업훈련,교육비지원,직무교육,직무교육,,2015년~계속,0세~0세 / 연령제한:Y 0043001 0 0 0011009 0013010 0049010 0055003,0세~0세 / 연령제한:Y,0043001 0 0,,,교육부 고등평생정책실,국가평생교육진흥원,,https://www.kmooc.kr/,,2026-03-20 10:51:25,2026-03-20 15:49:14,1,온통청년_OPEN_API_getPlcy,전북,한국형 온라인 공개강좌 K MOOC 대학 연구기관 등이 제작한 우수한 강좌를 온라인 플랫폼으로 제공 교육지원 직무교육
전북,"52000,45000",20260320005400112238,산업맞춤 단기직무능력인증과정 Match業,교육지원,현장적합성 높은 신기술·신산업 분야 온·오프라인 교육과정 개발 및 제공,대표기업-교육기관이 협업하여 신기술·신산업 분야 직무능력 향상에 필요한 교육과정 개발·운영으로 첨단 지식을 갖춘 실무인재 양성,"교육･직업훈련,교육･직업훈련","온·오프라인교육 ,미래역량강화",직무교육,직무교육,,20260101 ~ 20261231,19세~100세 / 연령제한:N 0043001 0 0 0011009 0013010 0049010 0055003,19세~100세 / 연령제한:N,0043001 0 0,,,교육부 고등평생정책실,국가평생교육진흥원,https://www.matchup.kr/main/mainView.do,https://www.matchup.kr/main/mainView.do,,2026-03-20 10:40:31,2026-03-23 15:25:31,1,온통청년_OPEN_API_getPlcy,전북,산업맞춤 단기직무능력인증과정 Match 현장적합성 높은 신기술 신산업 분야 온 오프라인 교육과정 개발 및 제공 교육지원 직무교육
전북,"52000,45000",20260320005400112237,재직자 인공지능·디지털(AI·D) 집중과정 지원,교육지원,성인 재직자가 각자의 직업 분야에서 활용 가능한 AI·디지털 역량을 함양할 수 있는 재직자 AI·D 집중과정 지원을 통해 청년 업무생산성 제고,- (AI·D 30+ 집중캠프) 30세 이상 성인재직자가 평일 저녁·주말에 각자의 직업 분야에서 활용 가능한 AI·디지털 역량을 함양하는 온·오프라인 교육과정 지원 - (AI·D 묶음강좌) AI·디지털 역량을 체계적으로 익힐 수 있도록 3개 내외 AI·디지털 분야 온라인 묶음강좌 지원,교육･직업훈련,미래역량강화,"일자리, 직무교육",일자리,,20260101 ~ 20261231,"29세~100세 / 연령제한:N 0043001 0 0 30세 이상 성인 재직자를 우선 선발하되, 운영기관별 상황에 따라 이직을 위한 구직자 등 선발 가능 0011009 0013001,0013003 0049010 0055003",29세~100세 / 연령제한:N,0043001 0 0,운영기관별 자체 신청,,교육부 고등평생정책실,국가평생교육진흥원,,https://www.kmooc.kr/view/course/aid,https://www.nile.or.kr/usr/wap/detail.do?app=13309&seq=29&lang=ko,2026-03-20 10:06:53,2026-03-20 13:45:47,1,온통청년_OPEN_API_getPlcy,전북,재직자 인공지능 디지털 AI D 집중과정 지원 성인 재직자가 각자의 직업 분야에서 활용 가능한 AI 디지털 역량을 함양할 수 있는 재직자 AI D 집중과정 지원을 통해 청년 업무생산성 제고 교육지원 일자리
전북,"52000,45000",20260319005400212224,전북 청년 직무인턴 운영,인턴,도내 거주지를 둔 청년을 대상으로 공공기관 및 기업에서의 직무체험을 통해 취업역량 강화 및 진로탐색 기회 제공,"공공기관 및 기업 등 실무체험 제공, 실습비 지원(상반기 5주, 하반기 5주, 3개월형)",일자리,취업,"일자리, 직무교육",일자리,,20260101 ~ 20261231,18세~39세 / 연령제한:N 0043001 0 0 0011009 0013003 0049010 0055003,18세~39세 / 연령제한:N,0043001 0 0,,,전북특별자치도,전북창조경제혁신센터,,https://jbintern.or.kr/,,2026-03-19 11:21:16,2026-03-20 13:23:38,1,온통청년_OPEN_API_getPlcy,전북,전북 청년 직무인턴 운영 도내 거주지를 둔 청년을 대상으로 공공기관 및 기업에서의 직무체험을 통해 취업역량 강화 및 진로탐색 기회 제공 인턴 일자리
전북,"52000,45000",20260319005400212223,(광양시) 청년복합공간 운영,"주거지원,교육지원",예담창고를 중심으로 청년 창업교육·실습·커뮤니티·주거를 연계 지원하는 복합공간 운영 사업입니다.,-교육공간 운영(창업교육·커뮤니티) -실습공간 운영(창업 실습) -참여 청년 주거 지원,일자리,창업,"일자리, 직무교육, 주거지원, 창업지원, 참여 프로그램",일자리,,연중(기수별 개별 공고),18세~45세 / 연령제한:N 0043001 0 0 외지 청년 대상 0011009 0013010 0049010 0055003,18세~45세 / 연령제한:N,0043001 0 0,,,전라남도 광양시 미래산업국,전라남도 광양시 미래산업국,,https://gwangyang.go.kr/,https://gwangyang.go.kr/board.es?mid=a11007000000&bid=0057&act=view&list_no=197336,2026-03-19 11:03:13,2026-03-23 17:03:42,1,온통청년_OPEN_API_getPlcy,전북,광양시 청년복합공간 운영 예담창고를 중심으로 청년 창업교육 실습 커뮤니티 주거를 연계 지원하는 복합공간 운영 사업입니다 주거지원 교육지원 일자리
전북,"52000,45000",20260319005400212219,전북특별자치도 일자리센터 운영,맞춤형상담서비스,전북도 내 청년에게 맞춤형 취업지원서비스 운영,구인·구직 상담 및 취업지원 서비스를 제공하여 우리 도 청년층 취업시장 활성화,일자리,취업,"일자리, 복지",일자리,,20260101 ~ 20261231,0세~0세 / 연령제한:Y 0043001 0 0 0011009 0013003 0049010 0055003,0세~0세 / 연령제한:Y,0043001 0 0,,,전북특별자치도,전북특별자치도 기업유치지원실 일자리민생경제과,,https://www.1577-0365.or.kr/,,2026-03-19 10:48:33,2026-03-20 13:26:02,1,온통청년_OPEN_API_getPlcy,전북,전북특별자치도 일자리센터 운영 전북도 내 청년에게 맞춤형 취업지원서비스 운영 맞춤형상담서비스 일자리
전북,"52000,45000",20260319005400112218,(국토부) 26년 청년월세 지원사업,"주거지원,보조금",고금리·고물가 등으로 경제적 어려움을 겪는 청년층의 주거비 부담 경감을 위해 월 최대 20만원씩 최장 24개월간 월세를 지원합니다(생애 1회).,"월세로 거주하는 청년을 대상으로 실제 납부하는 임대료를 최대 480만원(월 최대 20만원)까지 최대 24개월(회) 동안 매월 분할하여 지원합니다. ○ 실제 월세 범위 내에서 지원하며, 임차보증금, 관리비 등은 제외 후 지원합니다. ○ 주거급여 수급자의 경우 주거급여액 중 월차임분(청년 주거급여 분리지급액 포함)을 차감한 금액만 지원합니다. ○ 방학기간 등으로 수급기간이 연속적이지 않더라도 지급기간 내 24개월(회)분을 지원합니다. 지급기간 : ~2028년 12월 ○ 2026년 신규 수혜자는 2028년 12월까지 지원 ○ 2026년에 선정된 이후 지급 중지 등으로 인해 '28년까지 24개월(회) 지원을 다 못받았다면, '29년 이후 정기 신청기간에 재신청(소득, 재산 재심사)하여 선정될 때 지원을 재개하고 잔여횟수만 지원",주거,전월세 및 주거급여 지원,주거지원,주거지원,20260330 ~ 20260529,20260901 ~ 20281231,"19세~34세 / 연령제한:N 0043003 0 0 하단참고 19세~34세 독립거주 무주택 청년 중 청년가구 소득이 기준 중위소득 60% 이하이면서, 원가구 소득이 중위소득 100% 이하인 청년을 지원합니다. ※ ①30세 이상, ②혼인(이혼), ③미혼부·모, ④30세 미만 미혼 청년의 소득이 중위소득 50% 이상으로 생계를 달리한다고 시·군·구청장이 인정하는 경우 등은 원가구 소득 미고려 ○ (청년가구) 청년 + 배우자 + 직계비속 + 동일 주소지에 거주하는 그 외 민법상 가족 ○ (원가구) 청년독립가구 + 1촌이내 직계혈족(부·모) ○ 주택 소유자(분양권, 입주권 포함) ○ 직계존속·형제·자매 등 2촌 이내 혈족(배우자의 2촌 이내 혈족 포함) 주택 임차 ○ 공공주택특별법에 따른 공공임대주택(공무원임대주택 포함) 거주 ○ 1실(방)에 다수가 거주하는 방식의 전대차인 경우 단, 1실에 다수가 거주하는 경우라도 임대인과 별도 임대차계약 체결 시 지원 가능 ○ 국토부 또는 지자체에서 시행하는 청년월세 지원사업 중복 수혜중인 자(수혜종료 후 신청 가능) 등 ○ 과거 ‘청년월세 한시 특별지원사업’에 선정되어 이미 24개월을 수혜받은 자 등 0011009 0013010 0049010 0055003",19세~34세 / 연령제한:N,0043003 0 0 하단참고,"주소지 관할 주민센터에 청년 본인이 방문하거나 복지로(bokjiro.go.kr)에서 온라인으로 신청이 가능합니다. ○ 방문 신청 시 청년 본인이 신청하는 것이 원칙이나, 불가피한 경우 대리인(①법정대리인 ②주민등록상 동일 세대원(동거인 제외) ③동일 세대원이 아닌 배우자 및 직계존·비속)도 신청이 가능하며, 해당 경우에도 월세는 청년 본인 계좌로 지급됩니다. ※ 대리인 신청 시 위임장, 대리인 신분증(주민등록증, 운전면허증, 여권 등)을 지참 후 방문 ※ 단, 압류방지통장으로 입금은 불가하며, 본인 명의의 계좌 개설이 곤란한 경우 등은 기초생활보장제도 계좌관리 원칙에 따름 복지로 온라인신청 경로는 다음과 같습니다. ○ 복지로 로그인 > 서비스 신청 > 복지서비스 신청 > 복지급여 신청 > 기타 > 청년월세지원","월세지원 신청서, 소득·재산 신고서, 임대차계약서 및 최근 3개월간 월세 이체 증빙서류, 통장 사본, 가족관계증명서 등",국토교통부,한국고용정보원,https://bokjiro.go.kr,https://www.bokjiro.go.kr/ssis-tbu/ssis-tbu/twataa/wlfareInfo/moveTWAT52011M.do?wlfareInfoId=WLF00004661,https://www.youthcenter.go.kr/bbs03View/10003/10455,2026-03-19 10:47:38,2026-03-19 11:26:40,1,온통청년_OPEN_API_getPlcy,전북,국토부 26년 청년월세 지원사업 고금리 고물가 등으로 경제적 어려움을 겪는 청년층의 주거비 부담 경감을 위해 월 최대 20만원씩 최장 24개월간 월세를 지원합니다 생애 1회 주거지원 보조금 주거지원
전북,"52000,45000",20260318005400212194,(광양시)귀농귀촌 보금자리 조성 지원,주거지원,귀농귀촌 희망자에게 농어촌민박 보금자리와 체험비를 지원해 농촌 정착을 돕는 사업입니다.,-농어촌민박 월세 지원(8개월) -체험비 등 참가자 지원 -보금자리 2개소 운영,일자리,취업,"일자리, 주거지원",일자리,,별도 공고,0세~0세 / 연령제한:Y 0043001 0 0 0011009 0013010 0049010 0055003,0세~0세 / 연령제한:Y,0043001 0 0,,,전라남도 광양시 농업기술센터,전라남도 광양시 미래산업국,,https://gwangyang.go.kr/,https://gwangyang.go.kr/jares/menu.es?mid=a50401000000,2026-03-18 13:28:44,2026-03-18 16:27:22,1,온통청년_OPEN_API_getPlcy,전북,광양시 귀농귀촌 보금자리 조성 지원 귀농귀촌 희망자에게 농어촌민박 보금자리와 체험비를 지원해 농촌 정착을 돕는 사업입니다 주거지원 일자리
전북,"52000,45000",20260318005400212186,(광양시)광양만권 소재부품 지식산업센터 운영,"중소기업,벤처",중소·벤처·창업기업에 산업공간과 기업지원 서비스를 제공해 지역 산업기반을 강화하는 사업입니다.,-센터 시설 관리 및 입주기업 지원 -입주기업 모집·관리 -기업 간담회 및 실증공간 운영,일자리,취업,"일자리, 창업지원",일자리,,연중,0세~0세 / 연령제한:Y 0043001 0 0 0011009 0013010 0049010 0055003,0세~0세 / 연령제한:Y,0043001 0 0,,,전라남도 광양시 미래산업국,전라남도 광양시 미래산업국,,https://www.jntp.or.kr/base/main/view,https://www.jntp.or.kr/base/contents/view?contentsNo=3&menuLevel=2&menuNo=50,2026-03-18 09:42:46,2026-03-18 16:16:56,1,온통청년_OPEN_API_getPlcy,전북,광양시 광양만권 소재부품 지식산업센터 운영 중소 벤처 창업기업에 산업공간과 기업지원 서비스를 제공해 지역 산업기반을 강화하는 사업입니다 중소기업 벤처 일자리
전북,"52000,45000",20260318005400212185,(광양시) 청년 일자리 만들기 확대,맞춤형상담서비스,온·오프라인 일자리정보 제공과 상담·매칭을 통해 청년 구직과 기업 채용을 연계하는 일자리 지원 사업입니다.,-스마트 구인·구직 플랫폼 운영 -희망일자리센터 상담·취업알선 -청년 일자리 실태조사 및 정책 연계,일자리,취업,"일자리, 복지",일자리,,연중,0세~0세 / 연령제한:Y 0043001 0 0 0011009 0013010 0049010 0055003,0세~0세 / 연령제한:Y,0043001 0 0,,,전라남도 광양시 미래산업국,전라남도 광양시 미래산업국,,https://job.gwangyang.go.kr/,https://gwangyang.go.kr/youth/kr/board/list.do?bbsId=BBS_000000000000041&menuNo=104002000000&pageIndex=1&searchCategory1=b&searchCnd=0&searchWrd=,2026-03-18 09:28:03,2026-03-18 16:14:27,1,온통청년_OPEN_API_getPlcy,전북,광양시 청년 일자리 만들기 확대 온 오프라인 일자리정보 제공과 상담 매칭을 통해 청년 구직과 기업 채용을 연계하는 일자리 지원 사업입니다 맞춤형상담서비스 일자리
전북,"52000,45000",20260317005400212170,2026년 경상북도 반학반어 청년지원사업,교육지원,"경상북도 어촌마을의 고령화 및 인구감소에 따른 어촌마을 고유의 문화의 소멸위기를 극복하기 위해 청년이 어촌마을에 3박4일간 머물며 어촌주민과 소통하여 마을의 이야기 발굴, 마을의 미래 발전모델을 탐구하여 이를 영상 컨텐츠화 등 진행","- 청년 1인당 활동비 30만원 지급 - 청년 어촌살이 3박 4일간 숙박비 및 일부 식사 지원 - 프로그램 진행 중 제작물에 관한 전문가 컨설팅 지원 - 콘테스트 우수자 경상북도 도지사 표창(대상, 우수상) 지급",참여･기반,청년참여,"직무교육, 복지, 참여 프로그램",직무교육,20260406 ~ 20260504,20260101 ~ 20261231,"19세~39세 / 연령제한:N 0043001 0 0 관련 전공자 우대 (미디어, 커뮤니케이션, 지역개발, 해양, 관광, 물류 등) 동일 사업 기존 참여자 선정불가 0011009 0013010 0049004,0049005,0049006,0049007,0049008 0055003",19세~39세 / 연령제한:N,0043001 0 0,"모집공모에 의한 사업신청서(인적사항, 자기소개서 기재) 접수 후 선정평가위원회를 통한 최종선정","사업신청서, 자기소개서, 재학증명서 및 졸업증명서 (최종선정시)",경상북도 환동해지역본부 어업기술원,(재)환동해산업연구원,www.gbfv.or.kr,www.gbfv.or.kr,,2026-03-17 10:55:55,2026-03-17 13:41:48,2,온통청년_OPEN_API_getPlcy,전북,2026년 경상북도 반학반어 청년지원사업 경상북도 어촌마을의 고령화 및 인구감소에 따른 어촌마을 고유의 문화의 소멸위기를 극복하기 위해 청년이 어촌마을에 3박4일간 머물며 어촌주민과 소통하여 마을의 이야기 발굴 마을의 미래 발전모델을 탐구하여 이를 영상 컨텐츠화 등 진행 교육지원 직무교육
전북,"52000,45000",20260317005400112169,2026년 매장유산 미정리유물 보존 및 활용사업,"장기미취업청년,인턴,교육지원",대학박물관 내 미정리 유물 일제 등록 지원 및 활용을 통한 유물의 안전한 보관 관리 및 청년일자리 제공,"ㅇ 지원내용 - 대학박물관(20개관) 내 미정리 유물 일제 등록 및 활용인원 채용(78명) ㅇ 주요내용 - 미정리 유물에 대한 세척, 넘버링, 사진촬영 등 유물분류 작업 - 미귀속 미발간 보고세 대한 정리 후 보고서 발간 - 국가귀속 대상 유물 등록 및 자료 현행화 등 국가귀속 사전작업 ㅇ 진행경과 - '25년 추진 실적: 22개 대학박물관 약 114명 채용",일자리,취업,"일자리, 직무교육",일자리,20260101 ~ 20261130,20260101 ~ 20261231,0세~0세 / 연령제한:Y 0043001 0 0 전문인력 자격은 석사 이상 혹은 준조사원 0011001 0013010 0049010 0055003,0세~0세 / 연령제한:Y,0043001 0 0,"ㅇ신청 방법 -사업지침 마련 및 확정➡일모아 시스템 가입➡사업정보 등록 및 승인➡모집공고 등록을 순차적으로 진행하여 공개채용 - 워크넷(www.work.go.kr) 및 일모아 시스템과 연동하여 채용 공고 (사)한국대학박물관 협회(채용 공고), 사업기관별 홈페이지(채용 공고)를 통해 충분히 채용정보(모집공고명, 모집직종, 직무내용, 모집기간 및 인원, 사업참여기간, 임금 및 근로시간) 고지한 뒤, 각 참여관 에 채용 신청(협회 모니터링: 관련 서류 일체 구비하여 참여관➡협회로 보고)","ㅇ 제출서류: 지원서 1부, 자기소개서 1부, 성범죄 경력조회 동의서, 개인정보 수집 및 이용 동의서, 최종학력 또는 재학(휴학)증명서, 우대사항 입증서류",국가유산청 문화유산국,국가유산청 유산정책국 정책총괄과,www.work.go.kr,http://www.kaum.or.kr/bbs/board.php?bo_table=recruitment,,2026-03-17 10:36:47,2026-03-17 17:39:29,2,온통청년_OPEN_API_getPlcy,전북,2026년 매장유산 미정리유물 보존 및 활용사업 대학박물관 내 미정리 유물 일제 등록 지원 및 활용을 통한 유물의 안전한 보관 관리 및 청년일자리 제공 장기미취업청년 인턴 교육지원 일자리
전북,"52000,45000",20260316005400112168,2026년 국가유산 산업 인턴십 지원 사업,인턴,국가유산 보존관리 활용 기획 관련 공공 및 민간 산업체에 국가유산 산업 취업 준비 청년인턴(100명) 매칭 지원,"ㅇ 지원대상: 국가유산 산업 분야 취업을 준비 중인 청년 ※ 대한민국 국적 소지자에 한함 ㅇ 지원연령: 만 19세 이상 ~ 만 39세 이하 * 인턴 근무시작일(2026. 3. 1.(일)) 기준 ※ 1986. 3. 2. ~ 2007. 3. 1. 출생자에 한함 ㅇ 지원요건: 학력 및 전공 제한 없음(국가유산 보수, 발굴조사 분야 외) - 국가유산 보수, 발굴조사: 관계 법령 및 전문 분야 특성상 해당 분야 운영기관 지원 시, 학력 및 전공 구분 제한경쟁 실시 ㅇ 근로조건 - 근무장소: 매칭이 완료된 인턴 운영기관 - 근무기간: 2026. 3. 1. ~ 8. 31.(총 6개월 / ※ 근무기간은 상황에 따라 조정될 수 있음) - 근로계약: 인턴과 인턴 운영기관 간 근로계약 체결 * 근무조건: 주40시간(일 8시간*5일) * 급여조건: 월 2,157,000원 이상 (※ 세전 기준 / 4대보험 및 주휴수당 포함) ※ 세부 근로사항은 인턴 운영기관별 상황에 맞춰 인턴과 협의 후 결정 - 인턴활동 * 직무교육 수료 국가유산진흥원에서 제공하는 교육 수강 * 인턴 운영기관 제시 인턴 담당업무 수행 및 운영 실적 보고서 작성 등",일자리,취업,"일자리, 직무교육, 복지",일자리,20260116 ~ 20260201,20260101 ~ 20261231,"19세~39세 / 연령제한:N 0043001 0 0 * 우대사항: 취업취약계층에 해당하며 관련 증명서를 제출하는 자에 한하여 가산점 부여 ① `24~`25년 본 사업에 1일 이상 참여한 이력이 있는 자 ② `24~`25년 청년·경력단절여성 중심 사업[별표 1]의 참여자 ※ 단, 해당 연도 [국민취업지원제도 성실참여 확인서]를 증빙하는 경우 참여 가능 ③ `24~`25년 노동시장이행형 직접일자리사업[별표 2]에 참여한 뒤 ‘실업급여’를 수급한 자 ④ `26년 인턴십 운영기관의 4대 사회보험 직장가입자로 가입되어 자격이 유효한 자 ⑤ `26년 인턴십 운영기관의 대표자(사업주)와 친인척 관계인 자 ⑥ 인턴 근무시작일(2026.3.1.(일)) 기준 `26년 인턴십 운영기관에 4대 보험 직장가입자로 가입이 불가한 자 ⑦ 타 정부 부처 또는 공공기관의 인턴 사업에 참여 중인 자 ※ 모집제한에 해당할 경우 참여가 불가하며, 기타 허위 또는 부정한 방법으로 선정된 자는 해당 사실이 발견되는 경우 선정이 취소될 수 있음 0011008 0013003 0049009 0055003",19세~39세 / 연령제한:N,0043001 0 0,"신청방법: 국가유산진흥원 온라인채용시스템을 통한 온라인 지원(https://heritage-intern.recruiter.co.kr/) ※ 이메일, 우편, 방문접수 및 기타 방법을 통한 지원 불인정","ㅇ 인턴 참여 신청서(※ 온라인 작성 / 한글파일 작성 및 제출 불필요) ㅇ 인턴증 제작용 증명사진 1부(※ 필수 / JPG파일 한정) ㅇ 개인정보 수집 이용 제공 동의서(※ 필수) ㅇ 본인 행정정보 제공 요구서(※ 필수) ㅇ 학력 전공을 증명할 수 있는 재학 또는 졸업 증명서 (※ 국가유산 보수, 발굴조사 분야 인턴십 운영기관 지원자에 한함) ㅇ 국가유산수리기능자 이상 자격증 사본(※ 국가유산 보수 분야 인턴십 운영기관 지원자에 한함) ㅇ 취업취약계층 증명서류(※ 대상자에 한함) ㅇ 국민취업지원제도 성실참여 확인서(※ 대상자에 한함)",국가유산청,국가유산진흥원,https://heritage-intern.recruiter.co.kr/,https://heritage-intern.recruiter.co.kr/,,2026-03-16 17:47:47,2026-03-17 17:40:07,2,온통청년_OPEN_API_getPlcy,전북,2026년 국가유산 산업 인턴십 지원 사업 국가유산 보존관리 활용 기획 관련 공공 및 민간 산업체에 국가유산 산업 취업 준비 청년인턴 100명 매칭 지원 인턴 일자리
전북,"52000,45000",20260316005400112167,2026년 청년 유네스코 세계유산 지킴이,"교육지원,맞춤형상담서비스",청년의 창의적인 유네스코 세계유산 보호활동 지원으로 글로벌 미래문화인재 육성,"ㅇ 청년 유네스코 세계유산지킴이 위촉장 발급 ㅇ 청년 유네스코 대학생 캠프 참여 ㅇ 활동비 지원(1인 50만원, 1팀당 200만원) ㅇ 활동 인증서 발급 등",교육･직업훈련,미래역량강화,"직무교육, 복지, 참여 프로그램",직무교육,20260303 ~ 20260322,20260401 ~ 20261231,"0세~0세 / 연령제한:Y 0043001 0 0 0011009 0013010 0049005,0049006 0055003",0세~0세 / 연령제한:Y,0043001 0 0,,,국가유산청,국가유산청 유산정책국 정책총괄과,,https://www.cha.go.kr/,https://kohga.or.kr/,2026-03-16 16:00:21,2026-03-17 17:41:55,2,온통청년_OPEN_API_getPlcy,전북,2026년 청년 유네스코 세계유산 지킴이 청년의 창의적인 유네스코 세계유산 보호활동 지원으로 글로벌 미래문화인재 육성 교육지원 맞춤형상담서비스 직무교육
전북,"52000,45000",20260316005400112166,기상기후데이터 청년 전문가 양성,교육지원,"기후와 밀접한 산업, 경제 분야에서의 과학적 기후위기 대응을 위한 기상기후데이터 융합 및 분석 청년 기술인력 양성","국내외 산업, 기업의 수요를 반영한 현장 맞춤형 교육과 전문인력양성에 특화된 대학원을 선정 및 지원하여 기상기후데이터 융합분석 전문가 양성",교육･직업훈련,미래역량강화,직무교육,직무교육,,20260101 ~ 20261231,0세~0세 / 연령제한:Y 0043001 0 0 지원 대학원 소속 재학생 0011009 0013010 0049008 0055003,0세~0세 / 연령제한:Y,0043001 0 0,기상기후데이터 융합 및 분석 자체 대학원별 자체 선발,,기상청,한국기상산업기술원,,https://www.kmiti.or.kr/,,2026-03-16 14:51:05,2026-03-17 13:52:53,2,온통청년_OPEN_API_getPlcy,전북,기상기후데이터 청년 전문가 양성 기후와 밀접한 산업 경제 분야에서의 과학적 기후위기 대응을 위한 기상기후데이터 융합 및 분석 청년 기술인력 양성 교육지원 직무교육
전북,"52000,45000",20260313005400212155,가정양육수당 지원,"육아,출산",어린이집·유치원·종일제 아이돌봄서비스를 이용하지 않는 가정의 청년 부모에게 양육수당을 지원하여 양육비 부담 완화 및 보육서비스 간 형평성 제고,"ㅇ (목적) 어린이집·유치원·종일제 아이돌봄서비스를 이용하지 않는 가정의 청년 부모에게 양육수당을 지원하여 양육비 부담 완화 및 보육서비스 간 형평성 제고 ㅇ (대상) 가정양육중인 24개월이상~86개월미만 미취학아동보호자 ㅇ (주요내용) 월령별, 대상별(가정ㆍ장애ㆍ농어촌) 10~20만원/월지원 ㅇ (전달체계) 신청(읍·면·동) → 자격확인 → 급여생성 → 지급",금융･복지･문화,취약계층 및 금융지원,복지,복지,,상시,"2세~6세 / 연령제한:N 0043001 0 0 어린이집, 특수학교(장애포함), 유치원, 초등학교 등 취학시 제한 어린이집, 특수학교(장애포함), 유치원, 초등학교 등 취학시 제한 0011009 0013010 0049010 0055003",2세~6세 / 연령제한:N,0043001 0 0,,,교육부,경상북도 저출생극복본부 아이돌봄과,,https://plus.gov.kr/,,2026-03-13 16:56:42,2026-03-16 09:38:08,2,온통청년_OPEN_API_getPlcy,전북,가정양육수당 지원 어린이집 유치원 종일제 아이돌봄서비스를 이용하지 않는 가정의 청년 부모에게 양육수당을 지원하여 양육비 부담 완화 및 보육서비스 간 형평성 제고 육아 출산 복지
전북,"52000,45000",20260313005400212154,부모급여(영아수당) 지원,"육아,출산","영아기 자녀(0~23개월 아동)를 둔 청년 부모에게 월50~100만원 지원함으로써 양육 부담을 경감하고, 안정적인 양육 환경을 조성","ㅇ (목적) 영아기 자녀를 둔 청년 부모의 양육 부담을 경감하고, 안정적인 양육 환경을 조성 ㅇ (대상) 0~23개월 아동의 보호자 ㅇ (주요내용) (0세)100만원/월, (1세)50만원/월, 매월 25일 계좌 입금 ㅇ (전달체계) 신청(읍·면·동) → 자격결정 → 급여생성 → 지급",금융･복지･문화,취약계층 및 금융지원,복지,복지,,상시,0세~1세 / 연령제한:N 0043001 0 0 어린이집 등 취학시 보육료 차액분을 감하고 지급될 수 있음 아이돌봄서비스(영아종일제) 이용시 등 제한될 수 있음 0011009 0013010 0049010 0055003,0세~1세 / 연령제한:N,0043001 0 0,신청(읍·면·동) → 자격결정 → 급여생성 → 지급(시군→청년부모),,보건복지부,경상북도 저출생극복본부 아이돌봄과,,https://plus.gov.kr/,,2026-03-13 16:49:44,2026-03-16 09:39:57,2,온통청년_OPEN_API_getPlcy,전북,부모급여 영아수당 지원 영아기 자녀 0 23개월 아동 를 둔 청년 부모에게 월50 100만원 지원함으로써 양육 부담을 경감하고 안정적인 양육 환경을 조성 육아 출산 복지
전북,"52000,45000",20260312005400112116,에너지차세대리더육성,교육지원,에너지산업 경쟁력 제고 및 미래 에너지시스템 혁신을 위한 박사후연구원 인재 양성,에너지분야 핵심기술 확보 및 AI 등 기술 융합을 위하여 신진 박사학위 취득자의 후속연구 지원,교육･직업훈련,미래역량강화,직무교육,직무교육,20260201 ~ 20260228,20260201 ~ 20261231,"19세~39세 / 연령제한:N 0043001 0 0 0011004,0011005 0013010 0049008 0055003",19세~39세 / 연령제한:N,0043001 0 0,신규과제 공고(2월) -> 신규과제 선정평가(3월) -> 신규과제 협약 및 연구개발비 지급(4월) -> 성과점검(9~12월),,기후에너지환경부,한국에너지기술평가원,,https://www.ketep.re.kr/,,2026-03-12 11:14:19,2026-03-13 13:16:54,2,온통청년_OPEN_API_getPlcy,전북,에너지차세대리더육성 에너지산업 경쟁력 제고 및 미래 에너지시스템 혁신을 위한 박사후연구원 인재 양성 교육지원 직무교육
전북,"52000,45000",20260312005400112115,에너지인력양성(R&D),교육지원,에너지 산업의 인력수급 불균형 해소와 국가 에너지정책 변화에 대응하기 위한 미래 에너지산업의 석·박사급 혁신인재 양성,(교육훈련) 에너지환경 변화에 대응한 분야별·지역별 기술인력 불균형 해소와 미래 에너지신산업 분야 융합인재 확보를 위해 국내 대학(원) 교육과정 강화 및 기업연계 R&D 훈련 지원 (해외연계) 해외선진기술 습득 및 국내기업 해외진출을 위한 국제 인력 교류 활성화를 목표로 국내 고급인력의 해외 연구기관 파견과 수출국 공무원 대상 국내 학위과정 연계 지원 (정책기반) 인력수급전망 및 실태조사 등 통계자료에 기반한 인력 공백 분야 파악 및 인력양성 전략 수립을 통해 인력양성 정책기반 강화 지원,교육･직업훈련,미래역량강화,"직무교육, 참여 프로그램",직무교육,20260201 ~ 20260331,20260101 ~ 20261231,"0세~0세 / 연령제한:Y 0043001 0 0 0011005 0013001,0013003 0049001,0049002,0049003,0049004,0049005,0049006,0049007,0049008,0049009 0055003",0세~0세 / 연령제한:Y,0043001 0 0,계속과제 실적점검 및 평가(1~2월) -> 신규과제 공고(2~3월) -> 신규과제 선정평가(3월) -> 신규과제 협약 및 연구개발비 지급(4~6월) -> 기후에너지일자리박람회 개최(8~9월) -> 신규과제 발굴을 위한 수요조사 및 기획(10~12월),,기후에너지환경부,한국에너지기술평가원,,https://www.ketep.re.kr/,,2026-03-12 11:01:40,2026-03-13 13:14:41,2,온통청년_OPEN_API_getPlcy,전북,에너지인력양성 R D 에너지 산업의 인력수급 불균형 해소와 국가 에너지정책 변화에 대응하기 위한 미래 에너지산업의 석 박사급 혁신인재 양성 교육지원 직무교육
전북,"52000,45000",20260311005400112111,고교 취업연계 장려금 지원,"중소기업,보조금",고졸 기술·기능인재가 사회초기 안정적으로 정착할 수 있도록 취업연계 장려금 지원,"2026학년도 직업계고, 일반고 직업교육 위탁과정 참여 고등학교 3학년 학생이 졸업후 중소·중견 기업에 취업한 경우, 재직기간에 따라 1인 500만원 분할 지급 - (1차) 사업기준일(2026.10.1.)로 부터 1년 이내 3개월 재직 시 200만원 지급 - (2차) 사업기준일(2026.10.1.)로 부터 30개월 이내 추가 9개월(총 1년) 재직 시 300만원 추가 지급",일자리,취업,"일자리, 직무교육, 참여 프로그램",일자리,20260901 ~ 20261231,20260301 ~ 20270531,"17세~21세 / 연령제한:N 0043001 0 0 아래 3가지 요건을 모두 충족한 자 (1) 기본요건 : 대한민국 국적자로 고교 취업연계 장려금을 신청한 자 (2) 학력요건 : 직업계고 3학년 및 일반고 3학년 中 직업교육 위탁과정 6개월(180일) 이상 참여 학생 (미졸업시 전액 반환) (3) 재직요건 : 중소·중견 기업에 취업(재직)이 확인된 자로 근무시간이 주 15시간 이상인 자(고용보험 가입이력 정보로만 심사) ※ 1차 지급 시 3개월 재직 이력, 2차 지급 시 추가 9개월 간 재직이력 확인 학생이 취업한 기업이 아래에 해당할 경우 장려금을 지급할 수 없습니다. 기업 규모: 중소기업 및 중견기업이 아닌 대기업, 공공기관, 국가 및 지방자치단체, 공기업 제외 업종: 부적격 업종(유흥, 사행성 업종, 무점포 소매업, 다단계 판매 등) 특수 관계: 기업의 대표자가 학생의 부모인 경우 0011009 0013001,0013003 0049003,0049004 0055003",17세~21세 / 연령제한:N,0043001 0 0,한국장학재단 홈페이지 또는 모바일 앱을 통해 회원가입 및 신청완료 - (신청경로) 한국장학재단 홈페이지(www.kosaf.go.kr) 또는 모바일앱 → 서비스 이용자 등록(회원가입) 및 로그인 → '장학금 - 국가근로 및 취업연계 장학금 - 고교 취업연계 장학금 - 고교 취업연계 장려금' 메뉴 접속 → '신청하기' 버튼 클릭 - (신청절차) 취업연계 장려금 수혜 주요 의무사항 확인 → 신청약관 동의·신청 정보 작성 → 사전교육 이수 → 신청 완료,한국장학재단 홈페이지 참고,교육부,한국장학재단,https://www.kosaf.go.kr/ko/main.do?currentMain=1,https://www.kosaf.go.kr/ko/main.do?currentMain=1,https://www.hifive.go.kr/,2026-03-11 14:02:09,2026-03-11 20:38:22,2,온통청년_OPEN_API_getPlcy,전북,고교 취업연계 장려금 지원 고졸 기술 기능인재가 사회초기 안정적으로 정착할 수 있도록 취업연계 장려금 지원 중소기업 보조금 일자리
전북,"52000,45000",20260311005400112108,의약품 규제업무 전문가 양성 교육,교육지원,의약품 안전관리 전주기의 법적·과학적 규제기준에 대한 종합적 지식을 갖춘 '의약품 규제업무 전문가' 양성·배출,"제약업계 취업희망자 및 재직자 대상 의약품 규제업무 전문가 양성교육, 현장실무실습 운영, 인증시험 실시",교육･직업훈련,미래역량강화,"일자리, 직무교육",일자리,20260401 ~ 20260430,사업공고 진행중으로 4월중 개시 예정,"0세~0세 / 연령제한:Y 0043001 0 0 제약업계 진출 희망자 및 제약업계 재직자 졸업예정자 4학년 이상 가능 0011009 0013001,0013003 0049004,0049006,0049007,0049008 0055003",0세~0세 / 연령제한:Y,0043001 0 0,,,식품의약품안전처,식품의약품안전처 의약품안전국,,https://www.k-rsc.or.kr/,,2026-03-11 10:36:00,2026-03-13 13:29:28,2,온통청년_OPEN_API_getPlcy,전북,의약품 규제업무 전문가 양성 교육 의약품 안전관리 전주기의 법적 과학적 규제기준에 대한 종합적 지식을 갖춘 의약품 규제업무 전문가 양성 배출 교육지원 일자리
전북,"52000,45000",20260310005400112106,온국민평생배움터 운영,교육지원,학습콘텐츠 제공-학습이력 관리-학습결과 활용을 위한 평생교육 통합 플랫폼을 구축ㆍ지원하여 4차 산업혁명시대에 대응하는 청년 미래 역량 강화,학습자가 온라인 평생교육ㆍ훈련 콘텐츠를 맞춤형으로 제공받고 학습ㆍ훈련 이력을 한번에 관리할 수 있는 '온국민평생배움터' 운영,교육･직업훈련,교육비지원,직무교육,직무교육,,계속,0세~0세 / 연령제한:Y 0043001 0 0 0011009 0013010 0049010 0055003,0세~0세 / 연령제한:Y,0043001 0 0,,,교육부,국가평생교육진흥원,,https://www.all.go.kr/,,2026-03-10 17:13:30,2026-03-11 20:37:54,2,온통청년_OPEN_API_getPlcy,전북,온국민평생배움터 운영 학습콘텐츠 제공 학습이력 관리 학습결과 활용을 위한 평생교육 통합 플랫폼을 구축 지원하여 4차 산업혁명시대에 대응하는 청년 미래 역량 강화 교육지원 직무교육
전북,"52000,45000",20260310005400112104,청년농업인 R&D 기술창업 통합관리 지원,보조금,공공연구기관의 농업R&D 기술성과를 청년농업인의 창업 자원으로 활용하여 연구성과 기반 기술창업 모델을 육성함으로써 농업농촌의 신성장동력 확보 및 청년농업인의 안정적 정착 지원,"○ 추진방향 - 공공연구기관의 농업 R&D 기술성과 중 사업화 가능성이 높은 기술을 선별하여, 기술이전·공동활용을 전제로 한 청년농업인 기술창업 지원 - 안정적인 창업 지원을 위해 농업 경영진단·분석 등 종합컨설팅 지원 ○ 사업규모 - 사 업 비 : 6,000백만원(개소당 200백만원, 국비·지방비 각 50%) - 사 업 량 : 30개소 * 지자체자본보조 ○ 사업내용 - 공공연구기관에서 개발된 농업 R&D 기술성과*를 기반으로 기술이전·공동활용을 통한 사업화를 희망하는 청년농업인 단체에 전문컨설팅과 창업 기반 조성을 종합적으로 지원",일자리,취업,"일자리, 창업지원",일자리,20260101 ~ 20260131,20260101 ~ 20261231,18세~39세 / 연령제한:N 0043001 0 0 0011009 0013010 0049010 0055003,18세~39세 / 연령제한:N,0043001 0 0,,,농촌진흥청,농촌진흥청,,https://www.rda.go.kr/board/board.do?mode=html&prgId=gud_farmguiddrvQuery,,2026-03-10 14:55:49,2026-03-11 20:38:56,2,온통청년_OPEN_API_getPlcy,전북,청년농업인 R D 기술창업 통합관리 지원 공공연구기관의 농업R D 기술성과를 청년농업인의 창업 자원으로 활용하여 연구성과 기반 기술창업 모델을 육성함으로써 농업농촌의 신성장동력 확보 및 청년농업인의 안정적 정착 지원 보조금 일자리
전북,"52000,45000",20260310005400112103,박사후연구원 연구 여건 개선,교육지원,"기업, 연구소, 대학교원 등으로 취업을 하지 않고 연구를 지속하는 청년 연구자(박사후연구원)의 안정적인 연구 환경 구축","(목적) 기업, 연구소, 대학교원 등으로 취업을 하지 않고 연구를 지속하는 청년 연구자(박사후연구원)의 안정적인 연구 환경 구축 (주요내용) 대학구성원으로 박사후연구원을 명문화해 연구원의 지위 보장(고등교육법 개정)",교육･직업훈련,미래역량강화,"일자리, 직무교육, 복지",일자리,,계속,0세~0세 / 연령제한:Y 0043001 0 0 0011009 0013010 0049008 0055003,0세~0세 / 연령제한:Y,0043001 0 0,,,교육부,교육부,,https://www.moe.go.kr/,,2026-03-10 11:16:18,2026-03-13 13:58:16,2,온통청년_OPEN_API_getPlcy,전북,박사후연구원 연구 여건 개선 기업 연구소 대학교원 등으로 취업을 하지 않고 연구를 지속하는 청년 연구자 박사후연구원 의 안정적인 연구 환경 구축 교육지원 일자리
전북,"52000,45000",20260310005400112102,중남미 지역기구 인턴 파견,"인턴,해외진출",중남미 지역 관련 국제기구에 우리 청년을 인턴으로 파견,"o (목적) 우리 청년들에게 국제무대에서 활동할 수 있는 기회와 여건을 제공하고, 차세대 중남미 전문인력으로서의 능력 개발 및 역량 강화 지원 o (주요내용) 미주기구, 유엔 중남미카리브경제위원회 등 10여개 중남미 지역기구에 매년 25명 내외, 6개월 근무할 인턴을 파견",일자리,취업,"일자리, 직무교육, 참여 프로그램",일자리,,"매년 반기별로 2회 파견 인턴 선발(4-5월경, 10-11월경)","18세~100세 / 연령제한:N 0043001 0 0 o 대한민국 국적자 o 영어 또는 스페인어로 업무처리가 가능한 자 (단, 각 지역기구가 요구하는 어학 조건은 달라질 수 있음) 0011001,0011002,0011003,0011004,0011005,0011006,0011007,0011008 0013010 0049005,0049006,0049007,0049008 0055003",18세~100세 / 연령제한:N,0043001 0 0,,,외교부 중남미국,외교부 중남미국,,https://www.mofa.go.kr/www/brd/m_4075/view.do?seq=369385&page=1&pitem=10,,2026-03-10 10:11:03,2026-04-16 19:06:56,2,온통청년_OPEN_API_getPlcy,전북,중남미 지역기구 인턴 파견 중남미 지역 관련 국제기구에 우리 청년을 인턴으로 파견 인턴 해외진출 일자리
전북,"52000,45000",20260310005400112101,지방청년인재 재외공관 파견,인턴,청년들에게 지방정부 외교활동 분야 일경험을 제공하여 지방정부 국제교류를 활성화하고 지역인재로의 성장 도모,17개 지자체에서 지역인재를 추천받아 6개월간 재외공관에 파견하여 지자체 국제교류 활동을 지원하고 지방경제활성화 방안 연구,일자리,취업,"일자리, 참여 프로그램",일자리,20260316 ~ 20260430,20260201 ~ 20261231,"19세~34세 / 연령제한:N 0043001 0 0 각 시•도 지자체 별도 공지 0011009 0013010 0049005,0049006,0049007 0055003",19세~34세 / 연령제한:N,0043001 0 0,ㅇ 각 시•도 지자체별 선발 및 추천 * 구체 일정은 각 지자체별 계획에 따름,각 시•도 지자체 별도 공지,외교부,외교부,https://www.mofa.go.kr,https://www.youthcenter.go.kr/youthPolicy/ythPlcyTotalSearch/ythPlcyDetail/20260310005400112101?isNew=N,,2026-03-10 09:13:27,2026-03-10 10:29:57,2,온통청년_OPEN_API_getPlcy,전북,지방청년인재 재외공관 파견 청년들에게 지방정부 외교활동 분야 일경험을 제공하여 지방정부 국제교류를 활성화하고 지역인재로의 성장 도모 인턴 일자리
전북,"52000,45000",20260305005400112100,청년문화예술패스,바우처,청년의 문화향유 기회를 제공하고 품격있는 문화시민이자 적극적 문화소비 주체로 성장할 수 있도록 지원하는 사업,"국내 공연·전시 ·영화에 사용 가능한 ‘청년문화예술패스 지원금’ 발급 ※생애 최초 1회 지원(2025년 포인트 사용자 신청 불가) ※수도권(서울, 경기, 인천) 15만원, 비수도권 20만원 지원 ※지자체 예산이 확보된 지역만 발급 가능 ※2026년 8월 이후부터 도서분야 추가 예정",금융･복지･문화,문화활동 및 생활지원,복지,복지,20260225 ~ 20260630,20260225 ~ 20261231,19세~20세 / 연령제한:N 0043001 0 0 2006~2007년 (2006.01.01.~2007.12.31.) 출생자 ※ 생애 최초 1회 지원 (2025년 포인트 사용자 신청 불가) 0011009 0013010 0049010 0055003,19세~20세 / 연령제한:N,0043001 0 0,1. 청년문화예술패스 누리집 회원가입 및 로그인 2. 본인인증 및 신청 3. 신청자격 검증 4. 청년문화예술패스 발급 5. 협력예매처에서 온라인 예매 시 지원금 사용,,문화체육관광부,한국고용정보원,https://youthculturepass.or.kr/,https://youthculturepass.or.kr/,,2026-03-05 09:24:41,2026-03-05 09:47:55,2,온통청년_OPEN_API_getPlcy,전북,청년문화예술패스 청년의 문화향유 기회를 제공하고 품격있는 문화시민이자 적극적 문화소비 주체로 성장할 수 있도록 지원하는 사업 바우처 복지
전북,"52000,45000",20260304005400112099,케이-아트(K-Art) 청년 창작자 지원,"보조금,벤처",청년 예술창작자(39세 이하)들에게 안정적인 창작 여건을 제공하여 기초예술의 창작 활성화를 목적으로함.,"기초예술 분야 청년 창작자(만 39세 이하, 1986. 1. 1. 이후 출생) 3천 명(수도권 1,500명, 비수도권 1,500명)에게 연 9백만 원의 창작지원금을 지원",금융･복지･문화,예술인지원,"창업지원, 복지",창업지원,20260303 ~ 20260330,연중,"0세~39세 / 연령제한:N 0043001 0 0 문학, 시각예술, 공연예술(연극, 뮤지컬, 무용, 클래식, 전통예술), 다원예술, 융·복합예술 등 대중음악이나 영화 등 대중예술 0011009 0013002,0013004,0013006,0013009 0049010 0055003",0세~39세 / 연령제한:N,0043001 0 0,"국가문화예술지원시스템 누리집 온라인 신청 접수 기간 : (수도권) 3. 3.(화)~3. 30.(월), (비수도권) 3. 4(수)~3. 31.(화) 기존에 실연자로 활동했더라도 창작 실적이 있고 창작 계획을 제출하면 신청 가능",,문화체육관광부,한국고용정보원,https://www.ncas.or.kr/,https://www.ncas.or.kr/,,2026-03-04 16:48:51,2026-03-05 09:01:50,2,온통청년_OPEN_API_getPlcy,전북,케이 아트 K Art 청년 창작자 지원 청년 예술창작자 39세 이하 들에게 안정적인 창작 여건을 제공하여 기초예술의 창작 활성화를 목적으로함 보조금 벤처 창업지원
전북,"52000,45000",20260211005400112094,산림산업 창업지원_청년 산림창업 마중물 지원,"보조금,벤처,중소기업",산림분야 청년,"ㅇ 지원대상: 산림분야 창업 업력 7년 이내 19세 이상 39세 이하 청년 ㅇ 주요내용: 산림분야 청년 창업기업 육성을 위한 사업화 자금 지원 및 전문컨설팅, 네트워킹을 통한 도약 성장 도모 ㅇ 운영기간: 5월 ~ 10월 ㅇ 지원분야: 산림자원을 활용한 재화 생산, 서비스 공급 등 전 분야 ㅇ 선정규모: 16개사 내외 ㅇ 지원내용: 사업화 자금, 전문 컨설팅 등 창업 보육 - (기본지원) 선정기업 대상 사업화 자금 15백만원 동일 지급 - (추가지원) 중간평가 결과에 따라 최대 15백만원 차등 지급",일자리,창업,"일자리, 창업지원",일자리,20260302 ~ 20260330,20260427 ~ 20261031,19세~39세 / 연령제한:N 0043001 0 0 신청자격 및 지원 제외 대상은 해당 공고문 참고할 것 신청자격 및 지원 제외 대상은 해당 공고문 참고할 것 0011009 0013010 0049010 0055003,19세~39세 / 연령제한:N,0043001 0 0,"□ 접수안내 ◦접수기간 : 2026년 3월 2일(월) ~ 2026년 3월 30일(월) ◦접수마감 : 2026년 3월 30일(월) 16시 □ 접수방법 : e나라도움 온라인 신청·접수(www.gosims.go.kr) ① 회원가입 : 약관 동의, 본인인증 실시 및 사용자 정보 등록 ② 공모확인 : [공모신청]에서 해당 공고를 선택 후 작성(단계별 저장 필수) * e나라도움 사용자등록 방법, 사업신청 방법(예치형) 참고",,산림청,한국임업진흥원,https://www.kofpi.or.kr/notice/notice_01view.do?cPage=1&bb_seq=12319,https://www.kofpi.or.kr/notice/notice_01view.do?cPage=1&bb_seq=12319,,2026-02-11 13:43:16,2026-03-05 09:56:46,2,온통청년_OPEN_API_getPlcy,전북,산림산업 창업지원 청년 산림창업 마중물 지원 산림분야 청년 보조금 벤처 중소기업 일자리
전북,"52000,45000",20260123005400112079,"대학생 연합생활관(은행권,고양)","주거지원,교육지원",대학생 주거안정을 위해 민간기부(은행연합회)를 통해 설립된 대학생 연합생활관,대학생 주거안정을 위한 기숙사 지원 - 위치: 경기도 고양시 덕양구 원흥1로 23 - 정원: 986명(2인 1실) - 기숙사비: 월 15만원(보증금 15만원) - 입주대상: 대한민국 소재 국내 대학(원)에 입학예정 또는 재적 중인 대학생(세부내용 선발공고 참조),주거,기숙사,"직무교육, 주거지원",직무교육,,"학기별 모집(1월, 7월), 공실발생 시 월단위 수시모집(전월 말 공고 후 해당 월 첫째 주 신청)","0세~0세 / 연령제한:Y 0043001 0 0 원격대학, 기술대학에 재학중인 자(세부내용 선발공고 참조) 0011009 0013010 0049003,0049004,0049005 0055003",0세~0세 / 연령제한:Y,0043001 0 0,한국장학재단 홈페이지 또는 앱으로 신청 - 1학기 정기모집: 1월 19일~1월 30일 - 2학기 정기모집: 7월 27일~8월 10일,"1. 필요 시 제출(수급자 증명서, 차상위 증명서, 장애인 증명서 등) 2. 입주 시 제출(재적증명서, 보호자 주민등록표등본, 건강(결핵)진단서 ※ 단, 전산연계 확인 시 제출 생략",교육부,한국장학재단 청년주거지원부,https://www.kosaf.go.kr,https://www.kosaf.go.kr/ko/notice.do?mode=view&searchStr=&searchType=&page=1&ctgrId1=0000000009&ctgrId2=&seqNo=20404,,2026-01-23 13:57:48,2026-01-26 16:22:45,2,온통청년_OPEN_API_getPlcy,전북,대학생 연합생활관 은행권 고양 대학생 주거안정을 위해 민간기부 은행연합회 를 통해 설립된 대학생 연합생활관 주거지원 교육지원 직무교육
전북,"52000,45000",20260107005400212076,심리상담 바우처 사업(구 전국민 마음투자 지원사업),"맞춤형상담서비스,바우처","우울, 불안 등 정서적 어려움이 있는 국민에게 심리상담 서비스를 제공하여, 국민의 마음건강 돌봄 및 정신질환 사전 예방·조기발견","○정신건강 위험군에게 심리상담 서비스 바우처를 제공함(나이 및 소득기준 없음) - 서비스 1회당 1급 유형 8만원, 2급 유형 7만원이며 건강보험료에 따라 차등지원함 (본인 부담금 0원~24000원까지) *단, 조현병, 약물/알코올 중독, 급박한 자살위기 등은 정신과 진료 필요하므로 제외",금융･복지･문화,건강,복지,복지,,예산소진시까지,"0세~0세 / 연령제한:Y 0043001 0 0 만 19세 미만인 자는 보호자의 동의 필요함 * 약물, 알콜중독, 중증 정신질환(조현병 등), 심각한 심리적 문제(급박한 자살위기 등)로 정신건강 의학과 진료가 우선적으로 필요한 경우 * 청년 마음건강 지원사업('22~'24년), 지역사회서비스 투자사업의 아동청소년 심리지원 서비스, 아동청소년 정서발달 지원 서비스, 정신건강토탈케어 서비스, 성인 심리지원서비스를 받고 있는 경우 0011009 0013010 0049010 0055003",0세~0세 / 연령제한:Y,0043001 0 0,"1. 의뢰서 발급 : 정신건강복지센터, 정신의료기관 등에서 발급 / 자세한 내용은 제출서류에서 확인 2. 신청접수 : 주민등록상 거주지 행정복지센터 또는 온라인(복지로)에서 제출서류 지참 후 신청가능 * 온라인은 아래의 신청사이트 url참고 * 신청시 서비스 유형 선택 (1급 유형 1회당 8만원, 2급 유형 1회당 7만원 / 유형별로 서비스 제공인력의 자격 및 본인부담금 차이가 발생함) 3. 이용자 선정 및 통지 : 지원기준 해당 여부 확인 후 예산 범위 내에서 선착순으로 지원 * 본인부담금은 건강보험료에따라 상이함 4. 바우처 카드 발급 : 카드사 영업점 방문, 홈페이지 또는 콜센터를 통해 신청하거나, 행정복지센터에서 서비스 신청 시 함께 신청 5. 심리상담 실시 : 이용자가 직접 제공기관을 선택하여 서비스 제공 신청(전화, 인터넷, 방문신청) * 이용자는 본인의 주소지에 상관없이 이용이 편리한 제공기관을 선택하여 서비스를 신청할 수 있음 * 120일간 총 8회, 회당 최소 50분이상 * 바우처 및 본인부담금으로 제공기관에 결제","총 3부의 제출서류가 필요함 1. 사회보장급여(사회서비스이용권 신청(변경)서(서식 제1호) 2. 사회서비스 이용자 준수사항 안내 확인 동의서(서식 제2호) 3. 증빙서류(아래의 서류 중 한 가지 이상 제출) 1) 정신건강복지센터, 대학교상담센터, 청소년상담복지센터, Wee센터(클래스) 등에서 심리상담이 필요하다고 인정하는 자 : 기관에서 발급하는 의뢰서(신청일 기준 3개월 이내) * 사설 심리상담센터는 의뢰서 발급기관에서 제외 2) 정신의료기관 등에서 심리상담이 필요하다고 인정하는 자 : 정신과 의사, 한방신경정신과 한의사가 발급하는 진단서 또는 소견서(신청일 기준 3개월 이내) 3) 국가 건강검진 중 정신건강검사(우울증 선별검사, PHQ-9)결과에서 중간정도 이상의 우울(10점 이상)이 확인된 자 : 신청일 기준 1년 이내에 실시한 일반건강검진 결과 통보서 4) 자립준비청년 및 보호연장아동 - 보호종료된 자립준비 청년 : 보호종료확인서 - 보호연장아동 : 시설재원증명서 또는 가정위탁보호확인서 5) 동네의원 마음건강돌봄 연계 시범사업 통해 의뢰된 자 : 해당사업 지침 별지 제 4호 연계의뢰서 (신청일 기준 3개월 이내)",보건복지부,대전광역시 체육건강국 질병관리과,,https://www.socialservice.or.kr:444/,https://www.mohw.go.kr/menu.es?mid=a10706040800,2026-01-07 16:49:03,2026-01-20 10:36:22,2,온통청년_OPEN_API_getPlcy,전북,심리상담 바우처 사업 구 전국민 마음투자 지원사업 우울 불안 등 정서적 어려움이 있는 국민에게 심리상담 서비스를 제공하여 국민의 마음건강 돌봄 및 정신질환 사전 예방 조기발견 맞춤형상담서비스 바우처 복지
전북,"52000,45000",20251218005400212030,지역자원 연계 청년창업 지원,보조금,청년 창업 지원을 통한 청년층 타시도 유출 방지 및 유입 활성화로 지역활력 제고,"지역자원조사 활동비, 창업 교육, 멘토링, 사업화 지원 등",일자리,창업,"일자리, 직무교육, 창업지원, 참여 프로그램",일자리,20240301 ~ 20240328,20240101 ~ 20251230,18세~45세 / 연령제한:N 0043001 0 0 창업예정자 또는 7년 이내 기창업자 0011009 0013006 0049010 0055003,18세~45세 / 연령제한:N,0043001 0 0,,,전라남도,재단법인전남창조경제혁신센터,,https://ccei.creativekorea.or.kr/jeonnam/main.do,,2025-12-18 15:39:52,2025-12-18 16:42:12,2,온통청년_OPEN_API_getPlcy,전북,지역자원 연계 청년창업 지원 청년 창업 지원을 통한 청년층 타시도 유출 방지 및 유입 활성화로 지역활력 제고 보조금 일자리
전북,"52000,45000",20251214005400212002,2027 하계 세계대학경기대회 개최,보조금,충청권 4개 시도 메이저급 국제스포츠 행사 성공 개최,충청권 4개 시도 메이저급 국제스포츠 행사 성공 개최,복지문화,문화활동,복지,복지,,2025.1.~2025.12.,"18세~25세 / 연령제한:N 0043001 0 0 18개 종목(충남 5개 종목) / (지역) 대전, 세종, 충북, 충남 0011009 0013010 0049005 0055003",18세~25세 / 연령제한:N,0043001 0 0,,,충청남도,충청남도,,https://youth.chungnam.go.kr/web/main/main,,2025-12-14 19:42:29,2026-01-01 00:00:00,2,온통청년_OPEN_API_getPlcy,전북,2027 하계 세계대학경기대회 개최 충청권 4개 시도 메이저급 국제스포츠 행사 성공 개최 보조금 복지
전북,"52000,45000",20251214005400212001,청년 맞춤형 도내 관광코스 개발·홍보 (충남 워케이션 프로그램 운영),보조금,ICT 기반 미래형 관광산업 모델 구축을 통한 체류형 관광 활성화,ICT 기반 미래형 관광산업 모델 구축을 통한 체류형 관광 활성화,복지문화,문화활동,"직무교육, 복지",직무교육,,2025.1.~2025.12.,19세~39세 / 연령제한:N 0043001 0 0 일과 여행을 병행하여야 함 0011009 0013010 0049010 0055003,19세~39세 / 연령제한:N,0043001 0 0,,,충청남도,충청남도,,https://youth.chungnam.go.kr/web/main/main,https://www.cnctf.or.kr/site/workation/main.php,2025-12-14 19:40:43,2026-01-01 00:00:00,2,온통청년_OPEN_API_getPlcy,전북,청년 맞춤형 도내 관광코스 개발 홍보 충남 워케이션 프로그램 운영 ICT 기반 미래형 관광산업 모델 구축을 통한 체류형 관광 활성화 보조금 직무교육
전북,"52000,45000",20251124005400211938,찾아가는 일자리 희망버스 운영,"중소기업,맞춤형상담서비스",취업을 희망하는 일자리 구인수요 기업을 방문하여 현장탐방 후 면접을 통해 채용으로 이어지는 원스톱 취업지원 서비스 제공,"구직자가 채용계획이 있는 중소기업을 탐방하고 근무현장에서 면접을 실시해 중소기업 인식을 개선, 실질적인 취업으로 연계",일자리,취업,"일자리, 복지",일자리,,20250201 ~ 20251231,0세~0세 / 연령제한:Y 0043001 0 0 참여기업 구인상세내역에 따라 지원대상 변경됨 0011008 0013003 0049009 0055003,0세~0세 / 연령제한:Y,0043001 0 0,"전남일자리정보망, 일자리종합센터 유선접수 등",,전라남도 동부지역본부 일자리투자유치국 일자리경제과,재단법인전라남도중소기업일자리경제진흥원,,https://job.jeonnam.go.kr,https://job.jeonnam.go.kr/www/86?bbsId=bbs1&postId=8526&clId=&pageIndex=1&pageUnit3=9&condition=&operator=contains&keyword=&url=%2Fwww%2Fbbs%2FpostView,2025-11-24 21:10:16,2026-01-01 00:00:00,2,온통청년_OPEN_API_getPlcy,전북,찾아가는 일자리 희망버스 운영 취업을 희망하는 일자리 구인수요 기업을 방문하여 현장탐방 후 면접을 통해 채용으로 이어지는 원스톱 취업지원 서비스 제공 중소기업 맞춤형상담서비스 일자리
전북,"52000,45000",20251114005400211895,청년 의령 살아보기,주거지원,의령군 지역에 머물면서 개별 자유여행을 진행하며 개인 SNS 등을 통해 의령군 관광자원을 불특정 다수에게 홍보,"숙박비, 부대비(식비), 체험비 등 최대 85만원 지원",복지문화,문화활동,"주거지원, 복지",주거지원,20250314 ~ 20251113,20250314 ~ 20251212,18세~49세 / 연령제한:N 0043001 0 0 0011009 0013010 0049010 0055003,18세~49세 / 연령제한:N,0043001 0 0,"- (온라인) 의령군온라인청년센터(청년정책 > 청년정책패키지 > 신청하기 > 본인인증(휴대폰 인증) > 신청서 및 제출서류 파일 업로드(스캔 또는 사진)) (https://www.uiryeong.go.kr/index.uiryeong?contentsSid=1904) - (우편 또는 방문) 의령군 의령읍 충익로 63, 소멸위기대응추진단","참가신청서(서식1), 개인정보제공·동의서(서식2), 서약서(서식3), 주민등록초본(신청월 기준)",경상남도 의령군 소멸위기대응추진단,경상남도 의령군,,https://www.uiryeong.go.kr/youthcenter/index.uiryeong#,https://www.uiryeong.go.kr/youthcenter/board/view.uiryeong?boardId=BBS_0000533&menuCd=DOM_000002001001004000&startPage=1&dataSid=1092694,2025-11-14 15:53:57,2025-11-14 16:14:54,2,온통청년_OPEN_API_getPlcy,전북,청년 의령 살아보기 의령군 지역에 머물면서 개별 자유여행을 진행하며 개인 SNS 등을 통해 의령군 관광자원을 불특정 다수에게 홍보 주거지원 주거지원
전북,"52000,45000",20251114005400211890,청년자율예산 운영,"교육지원,보조금",제주청년주권회의 내 논의를 통해 발굴되는 청년정책 또는 소속 분과 내 당해연도에 집행하는 것이 타당하다고 판단되는 청년 정책을 주권회의에 제안 심의 후 당해 청년자율예산으로 실현,"해당 년도에 풀예산으로 잡아두어 정책제안활동의 당해연도 집행을 통해 청년 정책 효능감을 높이기 위한 사업 *2025 편성규모 : 총300백만원(행사운영비 210백만원, 민간경상사업보조 90백만원)",참여권리,청년참여,"직무교육, 참여 프로그램",직무교육,20250102 ~ 20250731,20250101 ~ 20251130,0세~0세 / 연령제한:Y 0043001 0 0 0011009 0013010 0049010 0055003,0세~0세 / 연령제한:Y,0043001 0 0,,,제주특별자치도 기획조정실 청년정책담당관,제주특별자치도,,https://jejuyouth.com/pages.php?p=2_7_1_1,,2025-11-14 10:10:11,2025-11-14 16:06:34,2,온통청년_OPEN_API_getPlcy,전북,청년자율예산 운영 제주청년주권회의 내 논의를 통해 발굴되는 청년정책 또는 소속 분과 내 당해연도에 집행하는 것이 타당하다고 판단되는 청년 정책을 주권회의에 제안 심의 후 당해 청년자율예산으로 실현 교육지원 보조금 직무교육
전북,"52000,45000",20251113005400211884,탑동 청년문화 복합콘텐츠 공간 조성 기본계획 수립,교육지원,"청년들이 일상에서 문화예술을 시연, 참여할 수 있는 공간을 조성하여 청년의 예술문화 활성화 및 다양한 문화콘텐츠 창출 기반 마련","소규모 공연장, 연습실, 야외버스킹 공간 등 조성을 위한 기본계획 수립 용역 추진",복지문화,문화활동,"직무교육, 복지, 참여 프로그램",직무교육,20250101 ~ 20251231,20250101 ~ 20251231,18세~39세 / 연령제한:N 0043001 0 0 0011009 0013010 0049010 0055003,18세~39세 / 연령제한:N,0043001 0 0,,,제주특별자치도 문화체육교육국 문화정책과,제주특별자치도 기획조정실,,https://jejuyouthdream.com/support-policy/61,,2025-11-13 15:57:06,2025-11-13 16:04:16,2,온통청년_OPEN_API_getPlcy,전북,탑동 청년문화 복합콘텐츠 공간 조성 기본계획 수립 청년들이 일상에서 문화예술을 시연 참여할 수 있는 공간을 조성하여 청년의 예술문화 활성화 및 다양한 문화콘텐츠 창출 기반 마련 교육지원 직무교육
전북,"52000,45000",20251113005400211883,글로벌 청년창의 레지던시,교육지원,"제주청년 예술가들에게 예술창작의 기회 및 해외 예술가와의 교류를 통한 역량강화 기회를 제공하고, 해외에 제주를 홍보하는 등 문화예술분야의 국제교류 활성화 도모",국내외 청년 예술가 몰입형 그룹 레지던시로 창작 교류 프로그램 추진,복지문화,예술인지원,"직무교육, 복지, 참여 프로그램",직무교육,20250410 ~ 20250509,20250101 ~ 20251231,18세~39세 / 연령제한:N 0043001 0 0 국내외 예술활동 실적이 있는 청년예술인 0011009 0013010 0049010 0055003,18세~39세 / 연령제한:N,0043001 0 0,,,제주특별자치도 문화체육교육국 문화정책과,제주특별자치도 기획조정실,,http://www.cifaljeju.org/bbs/board.php?bo_table=sub05_3&wr_id=204,,2025-11-13 15:26:36,2025-11-13 16:02:32,2,온통청년_OPEN_API_getPlcy,전북,글로벌 청년창의 레지던시 제주청년 예술가들에게 예술창작의 기회 및 해외 예술가와의 교류를 통한 역량강화 기회를 제공하고 해외에 제주를 홍보하는 등 문화예술분야의 국제교류 활성화 도모 교육지원 직무교육
전북,"52000,45000",20251112005400211860,도민리포터 운영(청년 리포터),교육지원,"청년들의 참여 활동으로, 지역 콘텐츠 발굴과 주요 정책 홍보",청년 정책 콘텐츠 및 지역 콘텐츠 발굴 후 홈페이지 게재 및 홍보,참여권리,청년참여,"직무교육, 참여 프로그램",직무교육,20250101 ~ 20250131,20250101 ~ 20251231,19세~39세 / 연령제한:N 0043001 0 0 충청남도에 관심있는 청년 및 전국민 대상 0011009 0013010 0049010 0055003,19세~39세 / 연령제한:N,0043001 0 0,,,충청남도 대변인 디지털소통담당관,충청남도,,https://www.chungnam.go.kr/cnportal/search/cnportalSearch/list.do?pSiteId=cnportal&menuNo=5100165,https://www.chungnam.go.kr/cnportal/main/contents.do?menuNo=500163,2025-11-12 13:58:24,2025-11-12 17:57:14,2,온통청년_OPEN_API_getPlcy,전북,도민리포터 운영 청년 리포터 청년들의 참여 활동으로 지역 콘텐츠 발굴과 주요 정책 홍보 교육지원 직무교육
전북,"52000,45000",20251111005400211828,4차 산업분야 원격실습 직업훈련 지원,교육지원,구직자 취업연계 4차산업분야 원격직업훈련 지원,최신 IT 기술을 활용하여 미취업자·재직자를 대상으로 4차산업 관련 핵심기술에 대한 원격 실습형 직업훈련 과정 운영,일자리,취업,"일자리, 직무교육",일자리,20250101 ~ 20251231,20250101 ~ 20251231,"15세~100세 / 연령제한:N 0043001 0 0 0011009 0013001,0013003 0049010 0055003",15세~100세 / 연령제한:N,0043001 0 0,,,충청남도 산업경제실 경제기획관 일자리기업지원과,충청남도,,https://cn.korchamhrd.net/,,2025-11-11 14:57:33,2025-11-11 18:40:36,2,온통청년_OPEN_API_getPlcy,전북,4차 산업분야 원격실습 직업훈련 지원 구직자 취업연계 4차산업분야 원격직업훈련 지원 교육지원 일자리
전북,"52000,45000",20251110005400211822,수도권 청년 대상 찾아가는 토크콘서트(꿈의 그라운드 경남),장기미취업청년,경남지역 대기업 재직자 강연 경남지역 창업 성공 스토리 강연,"수도권 청년 대상 찾아가는 토크콘서트 1. 일시/장소 : '25. 11. 19.(수) 15시~17시 / 서울시립대 자작마루 2. 주요내용 : 경남지역 대기업 재직자 강연 3. 강 연 자 : LG전자 김성훈 연구원, 한국항공우주산업 최재호 연구원, 한화오션 김태근 엔지니어, 두산에너빌리티 박태규 수석 1. 일시/장소 : '25. 11. 20.(목) 15시~17시 / 서울시립대 자작마루 2. 주요내용 : 경남지역 창업 성공 스토리 강연 3. 강 연 자 : (항공우주) 박준환 대표, (스타트업) 박제홍 대표, (남해안 관광) 유창만 대표, (스마트팜) 임아람 대표",일자리,취업,"일자리, 창업지원",일자리,,20251119 ~ 20251120,19세~39세 / 연령제한:N 0043001 0 0 0011009 0013010 0049010 0055003,19세~39세 / 연령제한:N,0043001 0 0,,,경상남도 교육청년국 청년정책과,경상남도 교육청년국 청년정책과,,https://youth.gyeongnam.go.kr/youth/index.es?sid=a1,,2025-11-10 18:18:25,2026-01-01 00:00:00,2,온통청년_OPEN_API_getPlcy,전북,수도권 청년 대상 찾아가는 토크콘서트 꿈의 그라운드 경남 경남지역 대기업 재직자 강연 경남지역 창업 성공 스토리 강연 장기미취업청년 일자리
전북,"52000,45000",20251106005400211805,함안청년 창업가 지속성장 지원사업,보조금,지역문제를 고민하고 해결하는 과정에서 지역 특성과 고유한 자원을 활용해 창업을 희망하는 함안청년창업가 양성,"○ 예비창업자 창업상담 ○ 창업아카데미를 통한 전문경영교육(회계, 마케팅 등) 및 컨설팅 지원 ○ 창업에 필요한 시제품 개발 및 마케팅 비용 지원 ○ 창업관련 행사 및 민간지원 연계(박람회, 마켓, 지역행사, 토크콘서트 등)",일자리,창업,"일자리, 직무교육, 창업지원, 복지",일자리,20250101 ~ 20250110,20250101 ~ 20251231,"19세~49세 / 연령제한:N 0043001 0 0 단, 사업종료 전까지 함안군 전입 필수 0011009 0013010 0049010 0055003",19세~49세 / 연령제한:N,0043001 0 0,,,경상남도 함안군 혁신전략담당관,경상남도 함안군 혁신전략담당관,,https://www.haman.go.kr,https://www.youthhaman.kr/contents/04_share/board.html?board_id=board_notice&mode=view&no=176,2025-11-06 17:39:46,2025-11-07 10:57:52,2,온통청년_OPEN_API_getPlcy,전북,함안청년 창업가 지속성장 지원사업 지역문제를 고민하고 해결하는 과정에서 지역 특성과 고유한 자원을 활용해 창업을 희망하는 함안청년창업가 양성 보조금 일자리
전북,"52000,45000",20250917005400211702,청년친화도시 부산진구 트라이얼스토어 운영 기업 모집,"중소기업,벤처","□ 모집개요 ○ 사 업 명: 2025년 청년친화도시 트라이얼스토어 ○ 모집대상: 전국 청년창업가(창업 7년이내) ○ 모집기간: 2025. 9. 1.(월) ~ 9. 21.(일) ○ 구청지원: 전포사잇길 내 9평 점포(2주간), 기본인테리어, 공공요금 등 ○ 입점기업 준비: 포스기 및 결제수단, 상품 진열·판매물품, 운영인력, 자체 홍보 및 프로모션",전포 내 창업가가 단기로 자사를 홍보하고 물건을 판매할 수 있는 공간을 제공하여 전포상권 활성화 및 청년창업가를 지원하고자 함,일자리,창업,"일자리, 창업지원",일자리,20250901 ~ 20250921,20251002 ~ 20251210,18세~39세 / 연령제한:N 0043001 0 0 창업 7년 이내 0011009 0013006 0049010 0055003,18세~39세 / 연령제한:N,0043001 0 0,"□ 모집기간 ❍ 2025. 9. 1.(월) ~ 9. 21.(일) 23:59까지 □ 제출서류 ❍ 입점신청서 1부 ❍ 회사소개서(브랜드·기업 개요, 대표자 정보) 1부 ❍ 사업자등록증 또는 법인등기부등본 1부 ❍ 주민등록표 초본 1부 ‣ 대표자 부산광역시 내 거주 시 가점용 (부산진구 내 거주 시 추가 가점) □ 접수방법 ❍ 이메일: sohyun125@korea.kr □ 선정방법 ❍ 서류심사 및 면접심사","❍ 입점신청서 1부 ❍ 회사소개서(브랜드·기업 개요, 대표자 정보) 1부 ❍ 사업자등록증 또는 법인등기부등본 1부 ❍ 주민등록표 초본 1부 ‣ 대표자 부산광역시 내 거주 시 가점용 (부산진구 내 거주 시 추가 가점)",부산진구,부산광역시 부산진구 문화경제국,https://www.busanjin.go.kr/board/view.busanjin?boardId=BBS_0000081&menuCd=DOM_000001704001000000&paging=ok&startPage=1&dataSid=3937152,https://www.busanjin.go.kr/board/view.busanjin?boardId=BBS_0000081&menuCd=DOM_000001704001000000&paging=ok&startPage=1&dataSid=3937152,,2025-09-17 09:10:42,2025-09-17 15:24:23,2,온통청년_OPEN_API_getPlcy,전북,청년친화도시 부산진구 트라이얼스토어 운영 기업 모집 모집개요 사 업 명 2025년 청년친화도시 트라이얼스토어 모집대상 전국 청년창업가 창업 7년이내 모집기간 2025 9 1 월 9 21 일 구청지원 전포사잇길 내 9평 점포 2주간 기본인테리어 공공요금 등 입점기업 준비 포스기 및 결제수단 상품 진열 판매물품 운영인력 자체 홍보 및 프로모션 중소기업 벤처 일자리
전북,"52000,45000",20250915005400211692,IFWY 2025 한국 지역 대화 참가자 모집,해외진출,"청년들이 지속가능한 미래를 위한 행동과 연대를 실현할 수 있는 글로벌 플랫폼으로 청년 간 토론, 예술, 문화 교류의 장","○ 일시 : 2025. 10. 11.(토) ~ 10. 12.(일) ○ 장소 : MBC 경기도 양주 연수원 ○ 대상 : 현재 대한민국에 거주하고 있는 청년(만 18세-35세) 누구나 ○ 목적 : 동료 평가를 통해 IFWY파이널 컨퍼런스에 참여할 25명의 청년 대표 선정 ○ 내용 : 한국에 거주하는 외국인과 청년들이 글로벌 주제에 대한 이해와 소통을 통해 IFWY파이널 컨퍼런스(25. 10. 27.~10. 29.)에서 발표할 권고안을 도출하는 청년 아고라 ※ 전 일정은 영어로 진행됩니다 ※ ○ 주최 : 은평구, 유엔사회개발연구소(UNRISD), MBC, 한양대학교 ○ 문의 : 경희대 국제개발협력연구센터 02-961-0590",참여권리,청년참여,"복지, 참여 프로그램",복지,20250916 ~ 20250926,20251011 ~ 20251012,18세~35세 / 연령제한:N 0043001 0 0 0011009 0013010 0049010 0055003,18세~35세 / 연령제한:N,0043001 0 0,"(1) IFWY 홈페이지에서 계정 생성 (2) 간단한 본인 소개, IFWY 참여 동기 작성 (3) 아이디어 허브에 자신의 아이디어 공유 - 관심 있는 주제를 선택하여 정책 아이디어 제출",홈페이지 신청서 작성 및 제출,은평구,서울특별시 은평구,https://ifwy.org/,https://ifwy.org/,,2025-09-15 11:12:45,2025-09-15 15:27:25,2,온통청년_OPEN_API_getPlcy,전북,IFWY 2025 한국 지역 대화 참가자 모집 청년들이 지속가능한 미래를 위한 행동과 연대를 실현할 수 있는 글로벌 플랫폼으로 청년 간 토론 예술 문화 교류의 장 해외진출 복지
전북,"52000,45000",20250909005400211690,2025년 화성특례시「청년의 날 기념행사」,맞춤형상담서비스,청년의 권리 보장과 청년 문제에 대한 관심을 높이기 위해 'Refresh Playground'를 주제로 2025년 화성특례시「청년의 날 기념행사」를 개최,"식전행사, 기념식, 청년 예술인 공연, 참여 ․ 체험 프로그램, 부스운영 등",참여권리,청년국제교류,"직무교육, 복지, 참여 프로그램",직무교육,20250920 ~ 20250920,20250920 ~ 20250920,0세~0세 / 연령제한:Y 0043001 0 0 0011009 0013010 0049010 0055003,0세~0세 / 연령제한:Y,0043001 0 0,,,화성시,화성시,,https://hey.hscity.go.kr/base/board/read?boardManagementNo=8&boardNo=1106&searchCategory=&page=1&searchType=&searchWord=&menuLevel=2&menuNo=31,,2025-09-09 22:38:25,2025-09-10 09:57:05,2,온통청년_OPEN_API_getPlcy,전북,2025년 화성특례시 청년의 날 기념행사 청년의 권리 보장과 청년 문제에 대한 관심을 높이기 위해 Refresh Playground 를 주제로 2025년 화성특례시 청년의 날 기념행사 를 개최 맞춤형상담서비스 직무교육
전북,"52000,45000",20250909005400111689,청년정책조정위원회 실무위원회 위촉직 위원 모집,맞춤형상담서비스,청년정책조정위원회 실무위원회 위촉직 청년위원 모집,청년정책조정위원회 심의사항에 대한 전문적 검토,참여권리,청년참여,"복지, 참여 프로그램",복지,20250909 ~ 20250922,20250909 ~ 20250922,19세~34세 / 연령제한:N 0043001 0 0 0011009 0013010 0049010 0055003,19세~34세 / 연령제한:N,0043001 0 0,ㅇ 청년인재DB 홈페이지(www.2030db.go.kr)를 통해 온라인 신청 - 회원가입 → “공지사항” → “청년을 찾습니다” → 지원 신청(청년인재DB 프로필 등록) * 프로필 자기소개란에 청년정책조정위원회 실무위원회 지원동기를 작성 - 신청 완료 여부는 청년인재DB “등록상태” → “공모전 신청현황”에서 확인 가능,,국무조정실,한국고용정보원,https://www.2030db.go.kr,https://www.2030db.go.kr/user/ntt/BBS_0000000000000005/NTT_0000000000000442/selectNttDetail.do,,2025-09-09 13:23:30,2025-09-09 13:26:34,2,온통청년_OPEN_API_getPlcy,전북,청년정책조정위원회 실무위원회 위촉직 위원 모집 청년정책조정위원회 실무위원회 위촉직 청년위원 모집 맞춤형상담서비스 복지
전북,"52000,45000",20250909005400211679,공학교육혁신센터 지원,"보조금,교육지원",산업계 수요 및 대학특성에 맞는 공학교육 프로그램 개발·운영으로 관내 기업 연계 캡스톤디자인 수행,"○ (사 업 명) 2025년 공학교육혁신센터 지원사업 ○ (사업기간) '25. 4. 1. ~ '26. 2. ※ 대학 회계연도 적용 ○ (총사업비) 167백만원(국비 120, 시비 20, 대학 17, 산업체 10) ※ 국비는 국가직접지원(산업통상자원부), 市는 시비 20백만원 편성‧교부 ○ (주요내용) 홍익대학교세종캠퍼스 재학생 대상으로 캡스톤디자인 20팀 모집 및 과제 수행비(팀 운영비, 경진대회 참여경비 등) 지원",일자리,취업,"일자리, 직무교육, 참여 프로그램",일자리,20250409 ~ 20250430,20250401 ~ 20260228,"0세~0세 / 연령제한:Y 0043001 0 0 세종시 관내 기업과 산학연계 필수 0011001,0011002,0011003,0011004,0011005,0011006,0011007,0011008 0013010 0049005 0055003",0세~0세 / 연령제한:Y,0043001 0 0,- (신청대상) 홍익대학교 세종캠퍼스 재학생 3~4학년 - (사업공고) 홍익대학교 세종캠퍼스 공학교육혁신센터(세종 GRIDA 인력양성사업단) 홈페이지 - (신청방법) 세종 GRIDA 홈페이지 서류 다운로드 후 이메일 제출 및 학교 통합정보관리시스템 참가신청,세종시 그랜드캡스톤디자인 참가 신청서,청년정책담당관,홍익대학교,http://grida.hongik.ac.kr,http://grida.hongik.ac.kr,,2025-09-09 09:00:20,2025-09-09 15:59:44,2,온통청년_OPEN_API_getPlcy,전북,공학교육혁신센터 지원 산업계 수요 및 대학특성에 맞는 공학교육 프로그램 개발 운영으로 관내 기업 연계 캡스톤디자인 수행 보조금 교육지원 일자리
전북,"52000,45000",20250908005400211676,청년기업 디자인 지원사업(세종시 맞춤형디자인 지원사업),"교육지원,맞춤형상담서비스",디자인 개발에 어려움을 겪고 있는 청년에게 맞춤형 디자인 지원,"□ 지원대상 사업자등록증(농업경영체등록 확인서) 소재지가 세종시 또는 주민등록상 1년 이상 거주지가 세종시 (예비)청년*창업자, (예비)청년농업인** * 만19세~ 39세 이하의 청년(1985.1.1. 이후출생) ** 만18세~45세 미만의 청년농업인(1980.1.1. 이후출생) □ 지원내용 ◦디자인 지원분야 4개 항목(브랜드·상품포장·홍보물·전시부스 그래픽 디자인 등) 중 1개 선택 가능하며 참여기업에 대한 디자인 컨설팅 진행 후 디자인 개발 ◦디자인 지원 후 6개월 이내 디자인에 대한 애로사항 자문 지원 실시 ◦본 사업은 디자인 개발지원으로 실제 상용화하는 제작비(인쇄비, 사진 촬영비 등)는 해당 기업 자부담 ※ 업체별 협의 및 컨설팅 결과에 따라 디자인 세부항목이 변경될 수 있음 ※ 동 사업 1회 참여 가능(22·23년 사업명「청년기업디자인 지원사업」)",일자리,창업,"일자리, 직무교육, 창업지원, 복지, 참여 프로그램",일자리,20250701 ~ 20250714,20250201 ~ 20251231,"19세~39세 / 연령제한:N 0043001 0 0 청년농업인 만 18세~45세 0011009 0013002,0013006,0013008 0049010 0055003",19세~39세 / 연령제한:N,0043001 0 0,"제출서류를 파일 형태(한글, jpeg, pdf)로 이메일 송부 - 이메일 : idealjj@korea.kr","(공 통) ① 신청서, ② 주민등록등본(뒷자리 미표기), ③ 개인정보 수집·이용 및 제3자 제공 동의서 (청년창업자) ① 사업자등록증, ② 부가가치세 과세표증증명, ③ 4대보험 완납증명서, ④국세 완납증명서 ⑤지방세 완납증명서 (청년농업인) ① 농업경영체 등록 확인서, ② 건강보험료 완납증명서 (예비청년창업자) ① 창업계획서(신청서 서식 ‘붙임3’)",정책기획관,세종특별자치시 기획조정실,https://www.sejong.go.kr/shrUrl/BG752j07WU.do,https://www.sejong.go.kr/shrUrl/BG752j07WU.do,,2025-09-08 14:39:39,2025-09-08 14:45:26,2,온통청년_OPEN_API_getPlcy,전북,청년기업 디자인 지원사업 세종시 맞춤형디자인 지원사업 디자인 개발에 어려움을 겪고 있는 청년에게 맞춤형 디자인 지원 교육지원 맞춤형상담서비스 일자리
전북,"52000,45000",20250908005400211664,초기 창업기업을 위한 창업보육공간 운영·지원,"교육지원,맞춤형상담서비스",혁신적인 기술창업 아이디어를 보유한 예비창업자를 위한 창업공간 운영 및 창업프로그램을 통한 역량강화 및 사업고도화 지원,"ㅇ 초기창업기업을 위한 창업공간(세종창업키움센터 등) 지원 및 창업 프로그램(창업교육·사업화·멘토링 등) 운영 - (창업공간) IT·BT·CT 분야 등 (예비)창업자 및 초기창업기업을 위한 창업공간 운영 - (프로그램) 창업교육 및 사업화지원(인증지원, 시제품 제작 등)을 통한 사업고도화 지원 - (네트워킹) 입주기업 간 정기 간담회 개최를 통한 창업기업 네트워크 형성 및 기업 간 협업 활성화",일자리,창업,"일자리, 직무교육, 창업지원, 복지, 참여 프로그램",일자리,,상시,0세~0세 / 연령제한:Y 0043001 0 0 세종시 소재 7년 미만 창업기업 또는 (예비) 창업자 0011009 0013006 0049010 0055003,0세~0세 / 연령제한:Y,0043001 0 0,(세종창업키움센터) 담당자 이메일(h2wa@ccei.kr) 제출 (홍익대학교 창업보육센터) 방문(홍익대학교 세종캠퍼스 산학협력관 행정실(201호)) 또는 이메일(lyso27@hongik.ac.kr) 제출 (영상대학교 창업보육센터) 방문·우편접수 또는 이메일접수(lkb970@naver.com),각 창업보육센터 모집 공고문 참고,경제정책과,세종창조경제혁신센터,,https://ccei.creativekorea.or.kr/sejong/,,2025-09-08 11:02:21,2026-01-01 00:00:00,2,온통청년_OPEN_API_getPlcy,전북,초기 창업기업을 위한 창업보육공간 운영 지원 혁신적인 기술창업 아이디어를 보유한 예비창업자를 위한 창업공간 운영 및 창업프로그램을 통한 역량강화 및 사업고도화 지원 교육지원 맞춤형상담서비스 일자리
전북,"52000,45000",20250904005400211644,청년 문화예술기획자 양성(시민축제단),인턴,축제 기획 및 운영을 확보한 전문 축제 인력 양성,"□ 사업 개요 ○ (기 간) 2025. 4. ~ 10. ○ (자 격) 축제에 열정과 관심을 갖고 성실히 참여가능한 자 ○ (운영내용) 공통교육, 멘토링, 축제참여, 백서제작참여, 성과공유회 ○ (주요활동) 축제 관광 코스 기획, 홍보 콘텐츠 제작, 현장 운영 ○ (소요예산) 4천만원(전문가 멘토링, 공통교육, 홍보·기획운영비 등)",복지문화,예술인지원,"일자리, 직무교육, 복지, 참여 프로그램",일자리,20250401 ~ 20250531,20250401 ~ 20251031,"0세~0세 / 연령제한:Y 0043001 0 0 축제에 열정과 관심을 갖고 성실히 참여 가능한 자 필수과정(오리엔테이션, 공통교육, 멘토링, 세종축제, 성과공유회) 참여 0011009 0013010 0049010 0055003",0세~0세 / 연령제한:Y,0043001 0 0,○ (모집공고) 세종시문화관광재단 홈페이지 공지사항 게시 ○ (서류접수) 온라인 접수(이메일로 신청서 제출),"신청서, 기획 및 홍보 아이디어 제안서, 개인정보 제공 및 활용 동의서, 개인별 포트폴리오 등",문화예술과,재단법인세종시문화관광재단,https://sjcf.or.kr,https://sjcf.or.kr,,2025-09-04 16:21:54,2025-09-04 17:17:15,2,온통청년_OPEN_API_getPlcy,전북,청년 문화예술기획자 양성 시민축제단 축제 기획 및 운영을 확보한 전문 축제 인력 양성 인턴 일자리
전북,"52000,45000",20250904005400211635,출생축하금,"바우처,육아,출산",출산가정의 초기 양육 부담을 경감하고 아동양육에 대한 지자체에 대한 책임을 강화하여 저출산 완화에 기여하고자 함,"□ 사업 개요 ○ (사업근거) 「저출산·고령사회 기본법」제10조 (경제적 부담의 경감), 「세종특별자치시 출산장려에 관한 조례」제6조 (출산축하금 등 지급) ○ (사업기간) ‘12.1월~계속 ○ (사업대상) 신생아 출생일 기준으로 3개월 이전 또는 출생일을 포함하여 이후 3개월 이상 계속 市 에 주민등록 주소를 두고 거주하는 부 또는 모로서 신생아의 출생신고를 우리 市에 한 경우 ○ (신청시기) 자녀 출생신고 시 ※신생아 출생신고 후 6개월 이내 신청 가능 ○ (신청서류) 출산서비스통합처리신청서, 신분증 ○ (지원액) 일시금 120만원/지역화폐 지급",복지문화,취약계층 및 금융지원,복지,복지,,상시,0세~0세 / 연령제한:Y 0043001 0 0 0011009 0013010 0049010 0055003,0세~0세 / 연령제한:Y,0043001 0 0,"(읍면동) 신청·접수→(시군구) 지원결정 및 지급→(시군구) 대상자 관리 ○ 주소지 행정복지센터 방문 접수 ○ 정부24 (plus.gov.kr) 접속 → (검색창) 세종시 출산축하금 → 신청하기 ※ 단 정부24 접속을 통한 행복출산통합서비스 신청 시, 출생축하금 항목 √(신청)체크 만으로 신청 처리 불가하므로 반드시 정부24 접속 > 세종시 출산축하금 별도 신청 필수",(민원인이 제출해야 하는 서류) 주민등록등초본(거주기간 확인) ※ 읍면동 행정복지센터 사정에 따라 제출서류 없이 담당자가 확인하여 처리,인구여성가족과,세종특별자치시 기획조정실,https://plus.gov.kr/,https://plus.gov.kr/,,2025-09-04 15:03:48,2026-01-01 00:00:00,2,온통청년_OPEN_API_getPlcy,전북,출생축하금 출산가정의 초기 양육 부담을 경감하고 아동양육에 대한 지자체에 대한 책임을 강화하여 저출산 완화에 기여하고자 함 바우처 육아 출산 복지
전북,"52000,45000",20250904005400211634,첫만남 이용권 지원,"출산,바우처,육아",출산가정의 초기 양육부담을 경감하고 아동양육에 대한 사회·국가 책임을 강화하여 청년들의 출산기피에 따른 저출산 완화에 기여하고자 함.,"□ 사업 개요 ○ (사업 근거) 「저출산·고령사회 기본법」제10조 (경제적 부담의 경감) ○ (사업 내용) ‘22.1.1이후 출생 아동에게 첫만남 이용권 첫째아 200만원, 둘째아 이상 300만원 지급하여 아동 양육에 따른 경제적 부담을 경감하고, 사회·국가 책임 강화 ○ (사업 대상) ‘22.1.1이후 출생아의 보호자 및 보호자의 대리인 ○ (추진 절차) (읍면동) 신청·접수 → (시군구) 지원결정 → (사회보장정보원) 바우처 생성·관리→(시군구) 대상자 관리",복지문화,취약계층 및 금융지원,복지,복지,,상시,0세~0세 / 연령제한:Y 0043001 0 0 0011009 0013010 0049010 0055003,0세~0세 / 연령제한:Y,0043001 0 0,오프라인 접수 : 읍면동 행정복지센터 온라인 접수 : 정부24-출산 관련 서비스 통합처리 신청(행복출산),"(민원인이 제출해야 하는 서류) - 신분증 ※ 대리신청시 위임장, 보호자 신분증 사본 제출, 대리인 신분증",보건복지부,인구여성가족과,https://www.gov.kr/mw/AA020InfoCappView.do?CappBizCD=17410000001&tp_seq=01,https://www.gov.kr/mw/AA020InfoCappView.do?CappBizCD=17410000001&tp_seq=01,,2025-09-04 14:53:16,2026-01-01 00:00:00,2,온통청년_OPEN_API_getPlcy,전북,첫만남 이용권 지원 출산가정의 초기 양육부담을 경감하고 아동양육에 대한 사회 국가 책임을 강화하여 청년들의 출산기피에 따른 저출산 완화에 기여하고자 함 출산 바우처 육아 복지
전북,"52000,45000",20250904005400211625,대학생 사이버보안 경진대회,보조금,대학생 사이버보안 역량 강화 및 인재 발굴·양성을 위해 매년 전세계 대학생을 대상으로 사이버보안 경진대회 개최,"사이버보안에 관심이 있는 학생에게 양질의 사이버보안 분야 문제 풀이(웹, 포렌식, 리버싱, 포너블, 트렌드 등 / CTF 방식) 기회 제공 경진대회 입상자에게 총 3,800만원의 상금 지급 (고급분야 총 7팀 3,200만원 / 초급분야 총 7팀 600만원) ※ 2025년 기준으로 추후 변경될 수 있음",교육,미래역량강화,"직무교육, 주거지원",직무교육,20250317 ~ 20250425,"별도 공고(市 누리집, 보도자료, 공문 등)","0세~0세 / 연령제한:Y 0043001 0 0 대학생(휴학생 포함)만 참가 가능 ※ 대학원생 참가 불가 0011009 0013010 0049006,0049007 0055003",0세~0세 / 연령제한:Y,0043001 0 0,핵테온 세종 누리집 참고,①대회 참가 신청서·서약서 ②대학(교) 재학(휴학)증명서 ※ 발급이 어려우면 지도교수 추천서 ③개인정보 수집·이용·제공 동의서 ※ 2025년 기준으로 추후 변경될 수 있음,정보통계담당관,세종특별자치시 기획조정실,https://hacktheon.org,https://hacktheon.org,,2025-09-04 11:16:52,2025-09-04 14:27:58,2,온통청년_OPEN_API_getPlcy,전북,대학생 사이버보안 경진대회 대학생 사이버보안 역량 강화 및 인재 발굴 양성을 위해 매년 전세계 대학생을 대상으로 사이버보안 경진대회 개최 보조금 직무교육
전북,"52000,45000",20250903005400211614,청년월세 지원사업,"주거지원,보조금",고금리·고물가 등으로 경제적 어려움을 겪는 청년층의 주거비 경감을 위해 청년이 실제 납부한 월세를 최대 20만원씩 최대 24개월간 지원,"○ (관련근거) 「청년기본법」제20조, 「주거기본법」제13조 ○ (사업기간) 2022년 8월 ~ 2027년 12월 ○ (지원내용) 실제 납부한 월세를 월 최대 20만원씩 최대 24개월 지원 - (대상연령) 19~34세 이하 부모님과 별도 거주하는 무주택 청년 - (지원요건) 청년가구 중위소득 60% 이하 & 재산 122백만원 이하이면서, 원가구 중위소득 100% 이하 & 재산 470만원 이하",주거,전월세 및 주거급여 지원,주거지원,주거지원,20240226 ~ 20250225,상시,"19세~34세 / 연령제한:N 0043003 0 0 중위소득 60% 이하 주택 소유자(분양권, 입주권 포함), 직계존속·형제·자매 등 2촌 이내 혈족(배우자의 2촌 이내 혈족 포함) 주택 임차, 공공주택특별법에 따른 공공임대주택(공무원임대주택 포함) 거주, 1실(방)에 다수가 거주하는 방식의 전대차인 경우(단, 1실에 다수가 거주하는 경우라도 임대인과 별도 임대차계약 체결 시 지원 가능), 국토부 또는 지자체 에서 시행하는 청년월세 지원 수혜 중인 자(수혜종료 후 신청 가능) 등 0011009 0013010 0049010 0055003",19세~34세 / 연령제한:N,0043003 0 0 중위소득 60% 이하,"(온라인)복지로, (방문신청)세종시청 청년정책담당관실 ※ 복지로 온라인신청 경로: 복지로 로그인 > 서비스 신청 > 복지서비스 신청 > 복지급여 신청 > 기타 > 청년월세 한시 특별지원","임대차계약서, 월세이체 증빙서류(최근3개월), 통장사본, 청약통장사본, 가족관계증명서(상세-주민등록번호 전부공개, 본인·부·모기준 각 1부씩) 등",청년정책담당관,세종특별자치시 기획조정실,https://www.bokjiro.go.kr/ssis-tbu/twataa/wlfareInfo/moveTWAT52011M.do?wlfareInfoId=WLF00004661,https://www.bokjiro.go.kr/ssis-tbu/twataa/wlfareInfo/moveTWAT52011M.do?wlfareInfoId=WLF00004661,,2025-09-03 17:08:10,2025-09-03 17:46:21,2,온통청년_OPEN_API_getPlcy,전북,청년월세 지원사업 고금리 고물가 등으로 경제적 어려움을 겪는 청년층의 주거비 경감을 위해 청년이 실제 납부한 월세를 최대 20만원씩 최대 24개월간 지원 주거지원 보조금 주거지원
전북,"52000,45000",20250903005400211608,기초청년 주거급여(임차급여),"보조금,주거지원","주거급여 수급가구원 중 취학, 구직 등을 목적으로 부모와 따로 거주하는 미혼청년(19세 이상 30세 미만)에게 별도 주거급여를 지급하여 주거안정과 자립 도모","○ (관련근거) 「국민기초생활보장법」제11조(주거급여), 「주거급여법」제7조의2(주거급여의 분리 지급) ○ (사업기간) 2021년 ~ 계속 ○ (지원내용) 청년 주소지 기준임대료 상한으로 실제임차료 지급 - (대상연령) 임차 또는 자가가구 내 만19세~30세 미만 미혼 청년 ※ 청년가구원 연령 기준: 만 19세가 되는 해에 1월 1일을 맞이한 사람을 포함하고, 지급이 제외되는 만 30세의 경우에는 출생월을 적용 - (임차계약) 청년명의의 임대차계약을 체결하고 임차료를 지불하는 청년에게 지급(전입신고필수) - (지원인원 수) 동일 시·군내 거주하는 2명 이상의 청년은 1명만 분리지급을 인정하되 기숙사·사택 등에 거주하는 경우는 모두 인정 - (분리거주 공간적 기준) 주거급여 수급가구의 부모와 청년이 주민등록상 시·군을 달리하는 경우 인정하되, 동일 시·군이라도 보장기관이 인정하는 경우는 예외로 함 ○ (지원절차) ① 청년주거급여 신청 - 방문 신청(원가족 주소지 읍면동) / 온라인 신청(복지로 홈페이지) ② 주택조사 - 방문, 서류심사(LH) ③ 지원대상 조사 - 소득재산 등 자격요건 조사(시청 통합조사팀) ④ 보장결정 및 급여지급(시청 주택과)",주거,전월세 및 주거급여 지원,"일자리, 주거지원, 복지",일자리,,상시,19세~30세 / 연령제한:N 0043003 0 0 가구원수별 소득인정액 선정기준 이내 임차급여 또는 수선유지급여를 지급받는 수급자의 미혼 청년가구원이어야 함 0011009 0013010 0049010 0055002,19세~30세 / 연령제한:N,0043003 0 0 가구원수별 소득인정액 선정기준 이내,"- 신청권자 : 주거급여 수급가구의 가구원, 친족, 기타 관계인, 담당 공무원 ※ 대리신청도 가능하나 위임장 필요, 담당 공무원 직권신청은 수급권자 동의 필요 - 신청방법 : 방문 신청(수급가구 내 가구주(부모)가 거주하는 읍·면·동 행정복지센터) 또는 온라인 신청(복지로(www.bokjiro.go.kr))","- 사회보장급여 제공(변경) 신청서(신청인의 신분증 지참) - 청년 주거급여 분리지급 신청서 - 임차(전대차)가구임을 증빙할 수 있는 서류 - 최근 3개월 내 임차료 증빙 서류 - 통장사본 ※ 대리신청시 위임장, 수급권자의 신분증 사본 및 대리인 신분증 지참",주택과,세종특별자치시 기획조정실,https://www.bokjiro.go.kr/,https://www.bokjiro.go.kr/,,2025-09-03 16:04:28,2026-01-01 00:00:00,2,온통청년_OPEN_API_getPlcy,전북,기초청년 주거급여 임차급여 주거급여 수급가구원 중 취학 구직 등을 목적으로 부모와 따로 거주하는 미혼청년 19세 이상 30세 미만 에게 별도 주거급여를 지급하여 주거안정과 자립 도모 보조금 주거지원 일자리
전북,"52000,45000",20250903005400211606,청년취업박람회,"교육지원,장기미취업청년",노동시장 진입 준비 중인 청년의 역량 강화를 위한 교육 및 컨설팅 운영,"○ 우수한 지역 중견‧중소기업과 청년 간 만남의 장을 제공하여 상호 간 이해도 제고 및 일자리 미스매치 해소 - (온라인 취업박람회) 세종 종합 일자리 플랫폼을 통해 온라인 채용관을 운영하여 현장박람회 안내 및 실시간 접수 진행 - (현장 취업박람회) 기업별 상담‧채용관, 컨설팅, 기업 및 일자리 기관 홍보 등 현장 행사 운영을 통한 구인-구직 매칭의 장 제공",일자리,취업,"일자리, 직무교육, 복지",일자리,20250701 ~ 20251130,(온라인박람회) 2025. 7. 1. ~ 2025. 11. 30. / (현장박람회) 2025. 11. 6,19세~39세 / 연령제한:N 0043001 0 0 0011009 0013010 0049010 0055003,19세~39세 / 연령제한:N,0043001 0 0,,,기업지원과,재단법인세종일자리경제진흥원,,http://www.jobaram.com,,2025-09-03 15:40:17,2025-09-03 17:40:30,2,온통청년_OPEN_API_getPlcy,전북,청년취업박람회 노동시장 진입 준비 중인 청년의 역량 강화를 위한 교육 및 컨설팅 운영 교육지원 장기미취업청년 일자리
전북,"52000,45000",20250903005400211605,"구인‧구직만남의 날, 찾아가는 일자리상담소 운영","장기미취업청년,교육지원",-구인‧구직만남의 날 운영을 통해 기업과 구직자에게 현장 면접의 기회 제공 -찾아가는 일자리상담소 운영으로 구직자가 있은 곳으로 찾아가 1:1 취업상담,(구인‧구직만남의날) 기업의 채용희망 인원을 모집하여 구직자와의 현장 면접의 기회 제공 (찾아가는 일자리상담소) 직업상담사가 관내 구직자가 있는 곳에 찾아가 1:1 상담 진행,일자리,취업,"일자리, 직무교육, 복지",일자리,,20250101 ~ 20251231,0세~0세 / 연령제한:Y 0043001 0 0 0011009 0013010 0049010 0055003,0세~0세 / 연령제한:Y,0043001 0 0,"- 일자리지원센터 ☎044-251-3239, 3242(고용복지플러스센터) - 일자리지원센터 ☎044-251-3230, 3241(세종시청민원실) - 유선으로 상담신청","- (기업) 구인신청서, 채용담당자 신원확인 서류, 사업자등록증 등 - (구직자) 구직신청서, 신분증",기업지원과,재단법인세종일자리경제진흥원,,https://sjepa.or.kr/page/sub4_2,,2025-09-03 15:24:51,2026-01-01 00:00:00,2,온통청년_OPEN_API_getPlcy,전북,구인 구직만남의 날 찾아가는 일자리상담소 운영 구인 구직만남의 날 운영을 통해 기업과 구직자에게 현장 면접의 기회 제공 찾아가는 일자리상담소 운영으로 구직자가 있은 곳으로 찾아가 1 1 취업상담 장기미취업청년 교육지원 일자리
전북,"52000,45000",20250902005400211588,청년 지역정착 통합 플랫폼 구축,교육지원,"청년 생활인구 유입 프로그램 및 지역청년 역량강화, 네트워크 활성화 프로그램 등 청년대상 각종 프로그램 운영","ㅇ (모집기간): 프로그램 별 상이 ㅇ (신청방법) 온라인 신청 ㅇ (사업대상) 관내·외 청년(19세 이상 45세 이하) ㅇ (사업내용) ①청년 생활인구 유입 ②청년 교류 활성화 ③청년 역량강화 프로그램 운영 ①청년 생활인구 유입: 청년연구자 의성살아보기, 청년예술가 의성살아보기 ②청년 교류 활성화: 청년합창단, 청년동아리, 잇는살롱 등 ③청년 역량강화 프로그램 운영: 청년창업가 컨설팅, 청년삶담소, 청년 역량강화 과정 등",복지문화,문화활동,"직무교육, 창업지원, 복지, 참여 프로그램",직무교육,,20250301 ~ 20251231,19세~45세 / 연령제한:N 0043001 0 0 0011009 0013010 0049010 0055003,19세~45세 / 연령제한:N,0043001 0 0,,,의성군,경상북도 의성군 관광복지국,,https://www.usc.go.kr/youth/page.do?cmd=258&bod_uid=131109&srchEnable=1&srchSDate=&initDay=&srchKwd=&srchColumn=&listType=&initYear=&srchVote=-1&initMonth=&pageNo=&srchBgpUid=-1&srchEDate=&mnu_uid=2013&,,2025-09-02 21:27:34,2026-01-01 00:00:00,2,온통청년_OPEN_API_getPlcy,전북,청년 지역정착 통합 플랫폼 구축 청년 생활인구 유입 프로그램 및 지역청년 역량강화 네트워크 활성화 프로그램 등 청년대상 각종 프로그램 운영 교육지원 직무교육
전북,"52000,45000",20250902005400211587,청년개발자 해커톤 대회 및 컨퍼런스 개최,교육지원,청년 IT 개발자 대상 지역 청년정책 홍보 및 유입경로 마련을 위한 경진대회 및 컨퍼런스 개최,ㅇ (대상) 청년 IT 개발자(17세 이상 39세 이하) ㅇ (주요내용) 청년 IT 개발자 대상 지역 청년정책 홍보 및 유입경로 마련을 위한 경진대회 및 컨퍼런스 개최 ㅇ (모집기간) 프로그램 별 상이 - 청년개발자 경진대회: 2025. 6. 27.(금) ~ 6. 29.(일) [무박3일] - 청년개발자 컨퍼런스: 2025. 8. 18.(월) ~ 8. 19.(화) ㅇ (신청방법) 온라인 신청 ㅇ (사업위치) 의성읍 일원 ㅇ (사업대상) 관내·외 청년 및 관내 청소년 ㅇ (사업내용) 청년 생활인구 유입을 위한 IT개발자 대상 프로그램 운영 - 청년개발자 경진대회: 지역문제해결을 위한 S/W 개발 경진대회 개최 - 청년개발자 컨퍼런스: 로컬 청년개발자 간 네트워킹 및 IT분야 전문 발제 등 컨퍼런스 개최,참여권리,청년참여,"직무교육, 참여 프로그램",직무교육,,프로그램 별 상이 ※담당부서 문의,17세~39세 / 연령제한:N 0043001 0 0 0011009 0013010 0049010 0055003,17세~39세 / 연령제한:N,0043001 0 0,,,의성군,경상북도 의성군 관광복지국,,https://www.usc.go.kr/ko/page.do?cmd=258&bod_uid=132167&srchEnable=1&srchSDate=&initDay=&srchKwd=&srchColumn=&listType=&initYear=&srchVote=-1&initMonth=&pageNo=&srchBgpUid=-1&srchEDate=&mnu_uid=156&,https://www.usc.go.kr/youth/page.do?cmd=258&bod_uid=134989&srchEnable=1&srchSDate=&initDay=&srchKwd=&srchColumn=&listType=&initYear=&srchVote=-1&initMonth=&pageNo=&srchBgpUid=-1&srchEDate=&mnu_uid=2028&,2025-09-02 21:20:49,2025-09-04 17:12:42,2,온통청년_OPEN_API_getPlcy,전북,청년개발자 해커톤 대회 및 컨퍼런스 개최 청년 IT 개발자 대상 지역 청년정책 홍보 및 유입경로 마련을 위한 경진대회 및 컨퍼런스 개최 교육지원 직무교육
전북,"52000,45000",20250902005400211585,청년인큐베이팅공유공간운영,교육지원,ㅇ (목적) 창업초기 청년 인큐베이팅 지원 ㅇ (대상) 예비창업청년 ㅇ (주요내용) 청년팝업스토어 및 교육공간 운영 ㅇ (전달체계) 군-위탁단체-지역청년,ㅇ (목적) 창업초기 청년 인큐베이팅 지원 ㅇ (대상) 예비창업청년 ㅇ (주요내용) 청년팝업스토어 및 교육공간 운영 ㅇ (전달체계) 군-위탁단체-지역청년,복지문화,문화활동,"직무교육, 창업지원, 복지",직무교육,,상시,19세~45세 / 연령제한:N 0043001 0 0 0011009 0013010 0049010 0055003,19세~45세 / 연령제한:N,0043001 0 0,,,관광복지국,경상북도 의성군 관광복지국,,www.usc.go.kr,,2025-09-02 17:03:46,2026-01-01 00:00:00,2,온통청년_OPEN_API_getPlcy,전북,청년인큐베이팅공유공간운영 목적 창업초기 청년 인큐베이팅 지원 대상 예비창업청년 주요내용 청년팝업스토어 및 교육공간 운영 전달체계 군 위탁단체 지역청년 교육지원 직무교육
전북,"52000,45000",20250902005400211582,의성푸드빌리지운영,교육지원,ㅇ (목적) 지역내 청년의 창업지원 역량 및 전문성 강화를 위한 청년외식창업공동체 공간 운영 ㅇ (대상) 지역 청년 ㅇ (주요내용) 운영단체 교육·컨설팅 지원 ㅇ (전달체계) 군-위탁단체-지역청년,ㅇ (목적) 지역내 청년의 창업지원 역량 및 전문성 강화를 위한 청년외식창업공동체 공간 운영 ㅇ (대상) 지역 청년 ㅇ (주요내용) 운영단체 교육·컨설팅 지원 ㅇ (전달체계) 군-위탁단체-지역청년,복지문화,문화활동,"직무교육, 창업지원, 복지",직무교육,,상시,0세~0세 / 연령제한:Y 0043001 0 0 0011009 0013010 0049010 0055003,0세~0세 / 연령제한:Y,0043001 0 0,,,관광복지국,경상북도 의성군 관광복지국,,www.usc.go.kr,,2025-09-02 16:59:56,2026-01-01 00:00:00,2,온통청년_OPEN_API_getPlcy,전북,의성푸드빌리지운영 목적 지역내 청년의 창업지원 역량 및 전문성 강화를 위한 청년외식창업공동체 공간 운영 대상 지역 청년 주요내용 운영단체 교육 컨설팅 지원 전달체계 군 위탁단체 지역청년 교육지원 직무교육
전북,"52000,45000",20250902005400211581,청년시설활성화프로젝트,"주거지원,교육지원",ㅇ (목적)생활인구 유입을 통한 청년시설 이용 확대 ㅇ (대상) 관내 청년시설 7개소 ㅇ (주요내용)자생 비즈니스를 수행할 수 있는 시스템 구축 ㅇ (전달체계) 군-위탁단체-지역청년,ㅇ (목적)생활인구 유입을 통한 청년시설 이용 확대 ㅇ (대상) 관내 청년시설 7개소 ㅇ (주요내용)자생 비즈니스를 수행할 수 있는 시스템 구축 ㅇ (전달체계) 군-위탁단체-지역청년,복지문화,문화활동,"직무교육, 주거지원, 복지",직무교육,,상시,19세~45세 / 연령제한:N 0043001 0 0 0011009 0013010 0049010 0055003,19세~45세 / 연령제한:N,0043001 0 0,,,관광복지국,경상북도 의성군 관광복지국,,www.usc.go.kr,,2025-09-02 16:57:46,2026-01-01 00:00:00,2,온통청년_OPEN_API_getPlcy,전북,청년시설활성화프로젝트 목적 생활인구 유입을 통한 청년시설 이용 확대 대상 관내 청년시설 7개소 주요내용 자생 비즈니스를 수행할 수 있는 시스템 구축 전달체계 군 위탁단체 지역청년 주거지원 교육지원 직무교육
전북,"52000,45000",20250902005400211579,이웃사촌시범마을시설운영 (금수장및청년주거지등),주거지원,ㅇ (목적) 유입초기 청년 주거 지원 ㅇ (대상) 지역 청년 ㅇ (주요내용) 청년 주거지 및 워케이션 공간 지원 ㅇ (전달체계) 군-위탁단체-지역청년,ㅇ (목적) 유입초기 청년 주거 지원 ㅇ (대상) 지역 청년 ㅇ (주요내용) 청년 주거지 및 워케이션 공간 지원 ㅇ (전달체계) 군-위탁단체-지역청년,주거,주택 및 거주지,주거지원,주거지원,,공실 발생 시,19세~45세 / 연령제한:N 0043001 0 0 0011009 0013010 0049010 0055003,19세~45세 / 연령제한:N,0043001 0 0,,,관광복지국,경상북도 의성군 관광복지국,,www.usc.go.kr,,2025-09-02 16:54:31,2026-01-01 00:00:00,2,온통청년_OPEN_API_getPlcy,전북,이웃사촌시범마을시설운영 금수장및청년주거지등 목적 유입초기 청년 주거 지원 대상 지역 청년 주요내용 청년 주거지 및 워케이션 공간 지원 전달체계 군 위탁단체 지역청년 주거지원 주거지원
전북,"52000,45000",20250902005400211578,안계행복플랫폼청년창업점포운영,장기미취업청년,ㅇ (목적) 안계행복플랫폼 내 청년창업점포 입점자 운영 지원 ㅇ (대상) 지역 청년 ㅇ (주요내용) 청년창업점포 입점자 운영 지원 ㅇ (전달체계) 군-입주 청년,ㅇ (목적) 안계행복플랫폼 내 청년창업점포 입점자 운영 지원 ㅇ (대상) 지역 청년 ㅇ (주요내용) 청년창업점포 입점자 운영 지원 ㅇ (전달체계) 군-입주 청년,일자리,창업,"일자리, 창업지원",일자리,,공실 발생 시,19세~45세 / 연령제한:N 0043001 0 0 0011009 0013010 0049010 0055003,19세~45세 / 연령제한:N,0043001 0 0,,,의성군,경상북도 의성군 관광복지국,,www.usc.go.kr,,2025-09-02 16:52:57,2026-01-01 00:00:00,2,온통청년_OPEN_API_getPlcy,전북,안계행복플랫폼청년창업점포운영 목적 안계행복플랫폼 내 청년창업점포 입점자 운영 지원 대상 지역 청년 주요내용 청년창업점포 입점자 운영 지원 전달체계 군 입주 청년 장기미취업청년 일자리
전북,"52000,45000",20250902005400211577,창업허브센터운영,"장기미취업청년,주거지원","ㅇ (목적) 창업과 주거, 일자리를 통합시킨 허브센터 운영 ㅇ (대상) 지역 청년 ㅇ (주요내용) 입주자 대상 사무실 및 주거공간 지원 ㅇ (전달체계) 군-입주 청년","ㅇ (목적) 창업과 주거, 일자리를 통합시킨 허브센터 운영 ㅇ (대상) 지역 청년 ㅇ (주요내용) 입주자 대상 사무실 및 주거공간 지원 ㅇ (전달체계) 군-입주 청년",일자리,창업,"일자리, 주거지원, 창업지원",일자리,,상시,19세~45세 / 연령제한:N 0043001 0 0 0011009 0013010 0049010 0055003,19세~45세 / 연령제한:N,0043001 0 0,,,관광복지국,경상북도 의성군 관광복지국,,www.usc.go.kr,,2025-09-02 16:50:11,2026-01-01 00:00:00,2,온통청년_OPEN_API_getPlcy,전북,창업허브센터운영 목적 창업과 주거 일자리를 통합시킨 허브센터 운영 대상 지역 청년 주요내용 입주자 대상 사무실 및 주거공간 지원 전달체계 군 입주 청년 장기미취업청년 주거지원 일자리
전북,"52000,45000",20250901005400211555,청년창업 지역정착 지원사업,보조금,청년 1인당 사업화 자금 및 활동비 최대 2년간 지원,"󰏅 사업목적 : 청년의 지역유입과 정착을 통해 일자리창출과 지역활력 촉진 󰏅 사업대상 : 19세 ~ 39세 이하 전국 청년 (관외청년대상, 부부커플 우대) 󰏅 지원내용 : 청년 1인당 사업화자금 및 활동비 최대 2년간 지원 󰏅 운영기관 : (재)경상북도경제진흥원(道 지정 운영기관) 󰏅 사 업 비 : 50백만원(도비 15백만원 군비35백만원)",일자리,창업,"일자리, 창업지원",일자리,20250301 ~ 20250408,20250301 ~ 20251231,19세~39세 / 연령제한:N 0043001 0 0 경상북도내 청년 신청불가 0011009 0013006 0049010 0055003,19세~39세 / 연령제한:N,0043001 0 0,참여자 모집기간 중 경상북도경제진흥원 내 모집공고에 기재된 메일로 신청서류 제출,,예천군,(재)경상북도경제진흥원,https://www.gepa.kr/,,,2025-09-01 11:15:59,2025-09-01 13:07:59,2,온통청년_OPEN_API_getPlcy,전북,청년창업 지역정착 지원사업 청년 1인당 사업화 자금 및 활동비 최대 2년간 지원 보조금 일자리
전북,"52000,45000",20250901005400211550,청년자립마을 활성화 지원사업,보조금,지방소멸 위기 극복을 위해 도내외 청년 정착지원과 외부청년 유입 및 청년의 지역사회 참여 활성화로 지역 활력 회복에 기여,"ㅇ (목적) 지방소멸 위기 극복을 위해 도내외 청년 정착지원과 외부청년 유입 및 청년의 지역사회 참여 활성화로 지역 활력 회복에 기여 ㅇ (대상) 청년마을 3개소, 청년 ㅇ (주요내용) 청년 역량강화(지역정착 프로그램 수행 및 맞춤형 멘토링), 유휴공간 재생 통한 지역 활력 증진 ㅇ (전달체계) 시군보조",참여권리,청년참여,"직무교육, 참여 프로그램",직무교육,,20250401 ~ 20251231,19세~49세 / 연령제한:N 0043001 0 0 0011009 0013010 0049010 0055003,19세~49세 / 연령제한:N,0043001 0 0,매월 예천군 홈페이지 및 생텀마을 인스타그램을 통해 지역살이 프로그램 참여 신청 가능,,예천군,경상북도 예천군,,,,2025-09-01 11:00:51,2026-01-01 00:00:00,2,온통청년_OPEN_API_getPlcy,전북,청년자립마을 활성화 지원사업 지방소멸 위기 극복을 위해 도내외 청년 정착지원과 외부청년 유입 및 청년의 지역사회 참여 활성화로 지역 활력 회복에 기여 보조금 직무교육
전북,"52000,45000",20250829005400211539,2025년 경북 K-로컬창업스쿨 운영사업,보조금,"전국 우수 예비창업가 발굴하여 지역자원조사, 교육, 멘토링, 전문가 자문 등의 맞춤형, 단계별 창업 지원을 통한 지역 혁신가형 창업가 육성",단계별 심사를 통한 지역자원조사(팀당 4백만원 지원)-시제품개발(팀당 최대15백만원 지원)-창업지원(팀당 최대50백만원) 맞춤형 지원,일자리,창업,"일자리, 직무교육, 창업지원, 참여 프로그램",일자리,20250312 ~ 20250414,20250101 ~ 20251231,19세~39세 / 연령제한:N 0043001 0 0 0011009 0013006 0049010 0055003,19세~39세 / 연령제한:N,0043001 0 0,,,경상북도,(재)경상북도경제진흥원,,,,2025-08-29 17:31:13,2025-08-29 17:48:28,2,온통청년_OPEN_API_getPlcy,전북,2025년 경북 K 로컬창업스쿨 운영사업 전국 우수 예비창업가 발굴하여 지역자원조사 교육 멘토링 전문가 자문 등의 맞춤형 단계별 창업 지원을 통한 지역 혁신가형 창업가 육성 보조금 일자리
전북,"52000,45000",20250829005400211538,2025년 경북 청년창업 지역정착 지원사업,보조금,전국 청년 창업 아이디어의 지역 사업화 지원을 통해 지방소멸 위기 극복과 지역활력 촉진 도모,"최대 2년간 연간 20백만원 창업활동비(사업화자금) 지원 및 교육, 컨설팅 등 맞춤지원",일자리,창업,"일자리, 직무교육, 창업지원",일자리,20250310 ~ 20250813,20250101 ~ 20251231,"19세~39세 / 연령제한:N 0043001 0 0 경북지역 청년은 외지 청년과 팀을 이룰 경우 사업 신청 가능 0011009 0013003,0013006 0049010 0055003",19세~39세 / 연령제한:N,0043001 0 0,,,경상북도,(재)경상북도경제진흥원,,,,2025-08-29 17:18:39,2025-08-29 17:48:12,2,온통청년_OPEN_API_getPlcy,전북,2025년 경북 청년창업 지역정착 지원사업 전국 청년 창업 아이디어의 지역 사업화 지원을 통해 지방소멸 위기 극복과 지역활력 촉진 도모 보조금 일자리
전북,"52000,45000",20250829005400211533,2025년 경북청춘 창업드림 지원사업,"중소기업,보조금",청년 아이디어 창업지원과 추가 청년채용에 따른 인센티브 지원으로 지역사회 청년유입과 자립기반 마련을 통해 인구감소지역 지방소멸 방지 및 지역공동체 회복 기여,(1~2년차) 인구감소지역 내 창업아이디어 창업 사업화 지원(연간 20백만원/1인) (3년차) 청년 추가채용 시 인건비 지원(연간 24백만원/1인),일자리,창업,"일자리, 창업지원",일자리,20240101 ~ 20241231,"2025년 연중(신청기간 종료, 2024년 1~2년차 사업화지원 종료, 2025년 현재 사업화완료기업 별도 추가채용 인센티브 지원 중)","19세~39세 / 연령제한:N 0043001 0 0 0011009 0013003,0013006 0049010 0055003",19세~39세 / 연령제한:N,0043001 0 0,,,경상북도,(재)경상북도경제진흥원,,,,2025-08-29 15:46:02,2025-08-29 17:46:01,2,온통청년_OPEN_API_getPlcy,전북,2025년 경북청춘 창업드림 지원사업 청년 아이디어 창업지원과 추가 청년채용에 따른 인센티브 지원으로 지역사회 청년유입과 자립기반 마련을 통해 인구감소지역 지방소멸 방지 및 지역공동체 회복 기여 중소기업 보조금 일자리
전북,"52000,45000",20250829005400211531,청년예술 창업특구 조성사업,보조금,"예술분야 예비 창업자 창업지원, 정착기반 마련","ㅇ (목적) 청년층의 지역 유입과 정착 기반 마련 ㅇ (기간) 2025. 2 ~ 12 * 2025년도 사업대상자 5명 선정완료 사업 시행중 ㅇ (대상) 예술분야 예비 창업자 19 ~ 39세 청년(개인 or 팀) ㅇ (주요내용) 참여자(개인, 팀)당 최대 25백만원까지 지원",일자리,창업,"일자리, 창업지원, 참여 프로그램",일자리,20250414 ~ 20250422,20250301 ~ 20251231,19세~39세 / 연령제한:N 0043001 0 0 0011009 0013006 0049010 0055003,19세~39세 / 연령제한:N,0043001 0 0,공고기간 : 2025. 3. 31.(월) ~ 4. 22.(화) 접 수 : 2025. 4. 14.(월) ~ 4. 22.(화) -접수기간 내 이메일을 통한 온라인접수,참여신청서 및 사업계획서 1부 신분증 사본 1부(팀원 전원) 개인 및 기업정보 수집 동의서 1부,미래교육돌봄국,재단법인대구경북디자인진흥원,,,,2025-08-29 11:31:44,2025-08-29 15:05:30,2,온통청년_OPEN_API_getPlcy,전북,청년예술 창업특구 조성사업 예술분야 예비 창업자 창업지원 정착기반 마련 보조금 일자리
전북,"52000,45000",20250827005400211523,제3회 은평청년축제 개최,보조금,청년의 날을 기념하여 청년들이 직접 기획하고 구민 모두가 참여하는 축제를 개최,김태호 PD 특별강연 일시 : 2025. 9. 18.(목) 19:00 장소 : 은평문화예술회관 공연장 대상 : 남녀노소 누구나 선착순 500명,복지문화,문화활동,"복지, 참여 프로그램",복지,20250918 ~ 20250918,20250918 ~ 20250918,0세~0세 / 연령제한:Y 0043001 0 0 0011009 0013010 0049010 0055003,0세~0세 / 연령제한:Y,0043001 0 0,온라인 신청 폼 제출,,은평구,서울특별시 은평구,https://answer.moaform.com/answers/MGxN0V,,,2025-08-27 11:10:18,2025-08-27 13:18:28,2,온통청년_OPEN_API_getPlcy,전북,제3회 은평청년축제 개최 청년의 날을 기념하여 청년들이 직접 기획하고 구민 모두가 참여하는 축제를 개최 보조금 복지
전북,"52000,45000",20250827005400211522,제3회 은평청년축제(부제 : 아무도 모르는 축제) 개최,보조금,청년의 날을 기념하여 청년들이 직접 기획하고 구민 모두가 참여하는 축제를 개최,"청년의 날 기념식, 추리게임 부스, 초청공연, 부대행사 등 일시 : 2025. 9. 13.(토) 14:00~19:00 장소 : 구파발 폭포 만남의 광장 대상 : 청년 및 남녀노소 누구나",복지문화,문화활동,"복지, 참여 프로그램",복지,20250913 ~ 20250913,20250913 ~ 20250913,0세~0세 / 연령제한:Y 0043001 0 0 0011009 0013010 0049010 0055003,0세~0세 / 연령제한:Y,0043001 0 0,,,은평구,서울특별시 은평구,https://www.instagram.com/ep3_festival/,,,2025-08-27 10:58:17,2025-08-27 13:17:59,2,온통청년_OPEN_API_getPlcy,전북,제3회 은평청년축제 부제 아무도 모르는 축제 개최 청년의 날을 기념하여 청년들이 직접 기획하고 구민 모두가 참여하는 축제를 개최 보조금 복지
전북,"52000,45000",20250822005400211521,신월지역 청년점포 및 청년기업 육성사업 참여자 추가모집 공고,보조금,"청년 실업 해소와 지역상권 활성화를 위한 창업지원 정책으로, 창업을 준비하는 청년의 초기 창업비용 일부 지원","※ 자부담금 필수 - 임차료 지원 : 협약체결일로부터 1년 동안 월 임차료의 50% 범위 안에서 최대 100만원 - 홍보비 지원 : 홍보 비용의 50% 범위 안에서 신규창업자 최대 50만원, 초기창업자 최대 100만원 - 리모델링비 지원 : 신규창업자에 한해 지원하며, 리모델링 비용의 50% 범위 안에서 최대 1,000만원 - 창업 기본교육(창업절차, 상권분석 등) 및 안정적인 정착을 위한 컨설팅 기회 제공",일자리,창업,"일자리, 직무교육, 주거지원, 창업지원, 참여 프로그램",일자리,20250825 ~ 20250905,선정일로부터 1년간 지원,19세~39세 / 연령제한:N 0043001 0 0 0011009 0013006 0049010 0055003,19세~39세 / 연령제한:N,0043001 0 0,담당자 이메일 신청(lisa17@yangcheon.go.kr),※ 제출서류 등 자세한 내용은 양천구청 홈페이지 공지사항 및 고시공고 참고,양천구,서울특별시 양천구 행정지원국,,https://www.yangcheon.go.kr/site/yangcheon/ex/seol/seolContentDeailView.do?not_ancmt_mgt_no=44446,,2025-08-22 17:35:32,2025-08-26 14:26:40,2,온통청년_OPEN_API_getPlcy,전북,신월지역 청년점포 및 청년기업 육성사업 참여자 추가모집 공고 청년 실업 해소와 지역상권 활성화를 위한 창업지원 정책으로 창업을 준비하는 청년의 초기 창업비용 일부 지원 보조금 일자리
전북,"52000,45000",20250731005400211508,청년문화예술주문배달서비스사업(청년예술 퀵),"중소기업,벤처,보조금","- 도내 청년예술인에게 실연 중심의 공연활동 기회 제공을 통해 안정적인 창작환경과 실질적 소득 창출 기반 마련 - 문화 접근이 어려운 근로자, 기관 종사자 등을 대상으로 청년예술인(공연팀)이 찾아가는 공연 제공","(청년예술인)공연활동 및 활동비 지원(팀별 3회 공연, 회당 50~150만원) (기업‧기관) 현장방문을 통한 공연배달 서비스 제공(1~2회)",복지문화,예술인지원,"일자리, 창업지원, 복지",일자리,20250411 ~ 20250425,20250101 ~ 20251231,"18세~39세 / 연령제한:N 0043001 0 0 청년예술인으로 구성된 도내 소재 소규모 공연팀(4인 이하)으로 아래 조건을 모두 충족해야 함 ① 팀원 전원이 만 18세 ~ 39세 이하이며, 거주지 요건을 충족하는 공연팀 - (나이) 1985. 1. 1. ~ 2006. 12. 31. 출생자 - (거주지) 팀원 중 1/2 이상 도내 1년 이상 주민등록자 또는 도내 소재 고등학교 이상 졸업자로 구성된 팀 ② 예술적 역량과 열정을 지닌 도내 청년예술인으로서, 1회 이상 기업‧기관과 직접 매칭이 가능한 공연팀 * 공연팀은 4인 초과 구성도 가능하나, 인원수와 관계없이 최대 지원액은 동일함 ∘ 동일인이 다수 팀에 중복 지원한 경우(신청 시 한 팀만 선택해야 함) ∘ 주요 목적이 문화예술활동이 아닌 종교기관 및 종교기관에 소속되거나 연관된 팀 ∘ 「성폭력범죄의 처벌에 관한 특례법」제2조의 죄로 형 또는 치료감호의 선고를 받은 자(형실효법 제7조의 경과기간이 지나지 아니한 자) 또는 공고일 기준으로 그 자가 구성원에 포함된 단체 ∘ 성범죄의 혐의와 관련하여 수사를 받거나 또는 기소되어 판결이 확정되지 아니한 자 또는 단체로서 이로 인하여 사업 수행이 곤란하거나 불확실하다고 인정하는 자 ∘ 「예술인복지법」 제6조의2(금지행위 등)에 규정된 불공정한 행위를 하여 처벌된 개인·단체 ∘ 「남녀고용평등과 일·가정 양립 지원에 관한 법률」제37조 제2항 제2호로 인해 형 또는 벌금 선고를 받은 개인 및 단체(형실효법 제7조의 경과기간이 지나지 아니한 자) ∘ 표절, 임금 체불 등의 사유로 형 집행 중인 개인 및 단체 0011009 0013010 0049010 0055003",18세~39세 / 연령제한:N,0043001 0 0,(청년예술인) 사업 공모 - 서류 및 동영상 심의 - 인터뷰심의 - 선정 (기업‧기관) 사업 공모 - 적격대상 지원,"1. 지원신청서 - 개인정보활용동의서 - 청렴이행서약서 - 성희롱성폭력 예방 등에 관한 서약서 - 주민등록초본 또는 기타 증빙서류 2. 공연 동영상 - 3분 이내, 200mb 이하 동영상 파일",문화체육관광국,재단법인전북특별자치도문화관광재단,https://www.jbct.or.kr/,https://www.jbct.or.kr/bizNotice_infoView.php?id=2022,,2025-07-31 14:05:30,2025-08-01 09:33:16,2,온통청년_OPEN_API_getPlcy,전북,청년문화예술주문배달서비스사업 청년예술 퀵 도내 청년예술인에게 실연 중심의 공연활동 기회 제공을 통해 안정적인 창작환경과 실질적 소득 창출 기반 마련 문화 접근이 어려운 근로자 기관 종사자 등을 대상으로 청년예술인 공연팀 이 찾아가는 공연 제공 중소기업 벤처 보조금 일자리
전북,"52000,45000",20250731005400211507,지역문화예술육성지원사업,보조금,전북특별자치도 예술인의 창작역량 강화 및 성장 도모를 위한 문화예술창작활동 지원 (문학‧시각‧공연예술‧다원예술분야 등 10개 장르),"청년예술인의 기초예술창작 발표활동(공연, 전시, 출판)에 소요되는 직접경비의 일부 지원(4백만원 정액)",복지문화,예술인지원,"직무교육, 복지",직무교육,20250110 ~ 20250207,20250101 ~ 20251231,"0세~40세 / 연령제한:N 0043001 0 0 공고일 기준 전북특별자치도에 거주하고 있는 40세 이하 예술인 (2025년 사업 기준, 1985.1.1.이후 출생자부터 해당, 주민등록등본 기준) 대한민국 국적이 아닌 자 2024년 지역문화예술육성지원사업 선정 이력이 있는 자(휴식년제 적용) 공공재원으로 운영되는 국공립기관 및 교육기관 등에 소속되어 정년이 보장된 자 0011009 0013010 0049010 0055003",0세~40세 / 연령제한:N,0043001 0 0,사업 공모 - 전문가심의 - 선정 - 국가문화예술지원시스템(ncas.or.kr)을 통한 온라인 신청,"지원신청 서류(재단 홈페이지 공고 상 요구하는 서류) - 지원신청서 - 주민등록등본 - 개인정보 제공 및 활동 동의서 - 청렴 이행 서약서 - 성희롱, 성폭력 예방 등에 관한 서약서",문화체육관광국,재단법인전북특별자치도문화관광재단,https://www.jbct.or.kr/,https://www.jbct.or.kr/bizNotice_infoView.php?id=1975,,2025-07-31 13:17:26,2025-08-01 09:24:46,2,온통청년_OPEN_API_getPlcy,전북,지역문화예술육성지원사업 전북특별자치도 예술인의 창작역량 강화 및 성장 도모를 위한 문화예술창작활동 지원 문학 시각 공연예술 다원예술분야 등 10개 장르 보조금 직무교육
전북,"52000,45000",20250729005400111501,자립준비청년 자립지원 체계 구축,보조금,매월 40만원 한도 내에서 자립준비청년 맞춤형 사례관리 제공,매월 40만원 한도 내에서 자립준비청년 맞춤형 사례관리 제공,복지문화,취약계층 및 금융지원,복지,복지,,2025년 상시,18세~30세 / 연령제한:N 0043001 0 0 0011009 0013010 0049010 0055003,18세~30세 / 연령제한:N,0043001 0 0,보호대상아동 보호종료 시 사후관리 후 대상자 선정,,전북특별자치도,전북특별자치도,,,,2025-07-29 11:50:49,2026-01-01 00:00:00,2,온통청년_OPEN_API_getPlcy,전북,자립준비청년 자립지원 체계 구축 매월 40만원 한도 내에서 자립준비청년 맞춤형 사례관리 제공 보조금 복지
전북,"52000,45000",20250729005400211500,퇴소아동 자립정착금,보조금,아동생활시설 및 가정위탁 보호종료아동에게 보호종료 시 1천만원 자립정착금 지원,아동생활시설 및 가정위탁 보호종료아동에게 보호종료 시 1천만원 자립정착금 지원 자세한 사항은 시군 아동보호팀 문의 필요,복지문화,취약계층 및 금융지원,복지,복지,,보호종료 30일 전부터 사전 신청 가능,"15세~28세 / 연령제한:N 0043001 0 0 18세 이후 아동복지시설(양육시설, 보호치료시설*, 공동생활가정) 및 가정위탁 보호가 종료된 아동 * 법원 보호위탁처분 등으로 인한 일시보호의 경우 지원 제외 보호 종료일 기준으로 1년 이상(보호기간 합산 가능) 연속하여 보호받은 아동 ※ 단, 대학교 조기입학 등 예외적인 사유로 15세에 아동복지시설 혹은 가정위탁 보호가 종료되는 경우는 시군아동복지심의위원회 또는 사례결정위원회에서 심의 후 지급 가능 0011009 0013010 0049010 0055003",15세~28세 / 연령제한:N,0043001 0 0,신청인->시설->시군,자립정착금 신청서 등,전북특별자치도,군산시,,,,2025-07-29 11:41:19,2026-01-01 00:00:00,2,온통청년_OPEN_API_getPlcy,전북,퇴소아동 자립정착금 아동생활시설 및 가정위탁 보호종료아동에게 보호종료 시 1천만원 자립정착금 지원 보조금 복지
전북,"52000,45000",20250728005400211495,문화예술교육사 현장역량강화사업,교육지원,"지역의 다양한 문화기반시설을 활용한 문화예술교육사의 실무경험을 통해 문화예술교육사의 역량을 강화시키고, 문화시설 대상 문화예술교육사 활용도 및 자격에 대한 인식을 높이고자 추진하는 사업입니다.","- 문화시설 6개소 선정 지원, 문화예술교육사 6인 채용 - 교육프로그램 기획‧운영을 위한 인건비, 교육 프로그램 개발 및 운영비 등 지원",복지문화,예술인지원,"일자리, 직무교육, 복지",일자리,20250501 ~ 20250630,20250101 ~ 20251231,"0세~0세 / 연령제한:Y 0043001 0 0 1. 문화예술교육사 자격증 취득자(필수) 2. 만 39세 이하 문화예술교육사 자격증 취득한 지 3년 이하인 자 우대 선발 1. 문화예술교육사 현장역량강화 사업(前 문화예술교육사 인턴십 지원사업)에 2년이상(2회까지 가능) 참여한 문화예술교육사의 경우 선발(채용) 제한 2. 타 인턴지원 사업에 참여중인 자 또는 병역법에 의한 특례근무 중인 자 3. 타 기관이나 신청시설에서 근무하고 있는 자 4. 선정문화시설의 사업주와 직계비속, 형제·자매 등 특수 관계가 있는 자 0011008 0013010 0049010 0055003",0세~0세 / 연령제한:Y,0043001 0 0,1. 문화시설 공모 - 심의 - 선정 2. 문화시설 자체 문화예술교육사 채용(각 홈페이지 및 취업사이트 공고를 통한 신청),"1. 문화시설 서류 : 지원신청서, 사업자등록증 등 재단 홈페이지 공고 상 요구하는 서류 2. 문화예술교육사(청년) 서류 : 각 문화시설에서 요구하는 서류",문화체육관광국,재단법인전북특별자치도문화관광재단,https://www.jbct.or.kr/,https://www.jbct.or.kr/bizNotice_infoView.php?id=2009,,2025-07-28 15:01:04,2025-07-28 15:19:21,2,온통청년_OPEN_API_getPlcy,전북,문화예술교육사 현장역량강화사업 지역의 다양한 문화기반시설을 활용한 문화예술교육사의 실무경험을 통해 문화예술교육사의 역량을 강화시키고 문화시설 대상 문화예술교육사 활용도 및 자격에 대한 인식을 높이고자 추진하는 사업입니다 교육지원 일자리
전북,"52000,45000",20250723005400211485,영화영상활성화 지원사업(주민시네마스쿨 운영),교육지원,"지역 주민들에게 영화.영상 미디어 콘넨츠 제작 교육을 제공하고, 다양한 영화영상문화 활동에 대한 지원과 지역문화의 주체로 성장할 수 있는 기회 제공",지역의 영화·영상 영역에 대한 맞춤형 지원과 지역 주민이 영상 제작 교육 후 제작자 또는 영상 교육자로 성장할 수 있도록 지원,복지문화,예술인지원,"직무교육, 복지",직무교육,20250512 ~ 20250723,20250512 ~ 20251130,0세~0세 / 연령제한:Y 0043001 0 0 0011009 0013010 0049010 0055003,0세~0세 / 연령제한:Y,0043001 0 0,전주시민미디어센터 홈페이지 신청서 작성 후 이메일 접수,신청서,전북특별자치도,전북특별자치도 문화체육관광국 문화산업과,https://0simi.org,,,2025-07-23 17:00:15,2025-07-23 17:20:42,2,온통청년_OPEN_API_getPlcy,전북,영화영상활성화 지원사업 주민시네마스쿨 운영 지역 주민들에게 영화 영상 미디어 콘넨츠 제작 교육을 제공하고 다양한 영화영상문화 활동에 대한 지원과 지역문화의 주체로 성장할 수 있는 기회 제공 교육지원 직무교육
전북,"52000,45000",20250723005400211484,영화영상활성화 지원사업(전북단편영화 제작스쿨 운영 지원),교육지원,지역 내 예비 연출자의 시나리오 및 연출 멘토링을 통해 영화를 제작하고자 하는 지역 영화인 육성 및 전북 지역 제작 활성화 도모,"청년들이 정해진 기간동안 시나리오, 연출, 촬영 및 조명, 음향에 대해 배우며 단편영화를 완성하는 제작스쿨 운영",복지문화,예술인지원,"직무교육, 복지, 참여 프로그램",직무교육,20250410 ~ 20250511,20250522 ~ 20250720,0세~0세 / 연령제한:Y 0043001 0 0 0011009 0013010 0049010 0055003,0세~0세 / 연령제한:Y,0043001 0 0,전북독립영화협회 홈페이지 공지사항 내 양식 제출 후 이메일 접수,지원서,전북특별자치도,전북특별자치도 문화체육관광국 문화산업과,http://www.jifa.or.kr,,,2025-07-23 16:42:45,2025-07-23 17:20:06,2,온통청년_OPEN_API_getPlcy,전북,영화영상활성화 지원사업 전북단편영화 제작스쿨 운영 지원 지역 내 예비 연출자의 시나리오 및 연출 멘토링을 통해 영화를 제작하고자 하는 지역 영화인 육성 및 전북 지역 제작 활성화 도모 교육지원 직무교육
전북,"52000,45000",20250723005400211480,소규모 문화예술공간 구축사업,보조금,"공간구성(창작공간, 전시, 공연 등) 지원","공간구성(창작공간, 전시, 공연 등) 지원",복지문화,문화활동,복지,복지,20250306 ~ 20250311,20250101 ~ 20251231,0세~0세 / 연령제한:Y 0043001 0 0 0011009 0013010 0049010 0055003,0세~0세 / 연령제한:Y,0043001 0 0,,,문화산업과,전북특별자치도 문화체육관광국,,,,2025-07-23 10:23:42,2025-07-23 10:39:44,2,온통청년_OPEN_API_getPlcy,전북,소규모 문화예술공간 구축사업 공간구성 창작공간 전시 공연 등 지원 보조금 복지
전북,"52000,45000",20250723005400211478,기능성게임산업 육성산업,"보조금,인턴,중소기업","기능성 게임 콘텐츠 제작지원, 도내 기업 경쟁력 강화 및 마케팅 지원, 인력양성 등 지원","기능성 게임 콘텐츠 제작지원, 도내 기업 경쟁력 강화 및 마케팅 지원, 인력양성 등 지원",복지문화,예술인지원,"일자리, 복지",일자리,,20250101 ~ 20251231,0세~0세 / 연령제한:Y 0043001 0 0 0011009 0013010 0049010 0055003,0세~0세 / 연령제한:Y,0043001 0 0,,,전북특별자치도,재단법인전북특별자치도콘텐츠융합진흥원,,,,2025-07-23 10:14:46,2026-01-01 00:00:00,2,온통청년_OPEN_API_getPlcy,전북,기능성게임산업 육성산업 기능성 게임 콘텐츠 제작지원 도내 기업 경쟁력 강화 및 마케팅 지원 인력양성 등 지원 보조금 인턴 중소기업 일자리
전북,"52000,45000",20250722005400211476,전북 청년 취업 지원 패키지,장기미취업청년,"자격증 취득 응시 수수료, 면접 실비 등 지원","- 구직(면접) 및 면접용 증명사진 촬영, 면접정장 대여비 지원 - 취업 역량강화를 위한 자격증 취득 경비 지원 - 홈페이지, SNS, 커뮤니티, 대학과의 협력 등을 통한 홍보",일자리,취업,"일자리, 직무교육, 참여 프로그램",일자리,,사업비 소진 시 까지,18세~39세 / 연령제한:N 0043001 0 0 0011009 0013003 0049010 0055003,18세~39세 / 연령제한:N,0043001 0 0,,,전북특별자치도,전북특별자치도,https://www.jb2030.or.kr/,,,2025-07-22 17:39:56,2026-01-01 00:00:00,2,온통청년_OPEN_API_getPlcy,전북,전북 청년 취업 지원 패키지 자격증 취득 응시 수수료 면접 실비 등 지원 장기미취업청년 일자리
전북,"52000,45000",20250722005400211475,창업기업 양성 프로젝트,중소기업,초기 창업기업들의 성장과 혁신을 촉진하는 창업 프로그램과 사업화 자금지원 등 통합패키지 제공,초기 창업기업들의 성장과 혁신을 촉진하는 창업 프로그램과 사업화 자금지원 등 통합패키지 제공,일자리,창업,"일자리, 직무교육, 창업지원",일자리,20250403 ~ 20250422,20250101 ~ 20251231,0세~0세 / 연령제한:Y 0043001 0 0 0011009 0013010 0049010 0055003,0세~0세 / 연령제한:Y,0043001 0 0,,,전북특별자치도,전북창조경제혁신센터,,,,2025-07-22 10:03:33,2025-07-22 14:40:46,2,온통청년_OPEN_API_getPlcy,전북,창업기업 양성 프로젝트 초기 창업기업들의 성장과 혁신을 촉진하는 창업 프로그램과 사업화 자금지원 등 통합패키지 제공 중소기업 일자리
전북,"52000,45000",20250718005400211443,청년농업인 생생동아리 지원,보조금,청년농업인 동아리 활동에 필요한 네트워킹 비용 지원,"8~12명으로 구성된 청년농업인 동아리 1.5백만원 지원 (선배농업인 초청강의, 그룹스터디, 정보교류 활동 등)",참여권리,청년참여,참여 프로그램,참여 프로그램,20250131 ~ 20250331,20250401 ~ 20251231,18세~45세 / 연령제한:N 0043001 0 0 0011009 0013010 0049010 0055003,18세~45세 / 연령제한:N,0043001 0 0,시군 농업기술센터 신청,,농생명축산산업국,전북특별자치도 농생명축산산업국,,,,2025-07-18 17:02:17,2025-07-18 17:09:47,2,온통청년_OPEN_API_getPlcy,전북,청년농업인 생생동아리 지원 청년농업인 동아리 활동에 필요한 네트워킹 비용 지원 보조금 참여 프로그램
전북,"52000,45000",20250718005400211442,청년창업농 영농기반 임차지원,보조금,"청년창업농 농지, 재배시설, 축사 등 임차료 지원",농식품부 및 전북형 청년창업농(5년이하)에게 임차료 50% 지원(최대 5백만원),일자리,창업,"일자리, 주거지원, 창업지원",일자리,20250101 ~ 20250331,20250401 ~ 20251231,0세~0세 / 연령제한:Y 0043003 0 0 해당 시군 예산 범위 내 세대 건강보험료 합계가 적은 순으로 선정 0011009 0013010 0049010 0055003,0세~0세 / 연령제한:Y,0043003 0 0 해당 시군 예산 범위 내 세대 건강보험료 합계가 적은 순으로 선정,시군 농업기술센터 신청,,농생명축산산업국,전북특별자치도 농생명축산산업국,,,,2025-07-18 16:58:09,2025-07-18 17:10:03,2,온통청년_OPEN_API_getPlcy,전북,청년창업농 영농기반 임차지원 청년창업농 농지 재배시설 축사 등 임차료 지원 보조금 일자리
전북,"52000,45000",20250718005400211441,청년창업농 정책자금 이차보전,보조금,청년창업농 중 정책자금 대출자 이자 지원,"정책자금 대출실행으로 은행에 납부한 이자 중(1.5%) 중 (0.5%) 지원, 최대 2.5백만원",일자리,창업,"일자리, 창업지원",일자리,20250101 ~ 20250331,20250401 ~ 20251231,18세~40세 / 연령제한:N 0043003 0 0 해당 시군 예산 범위 내 세대 건강보험료 합계가 적은 순으로 선정 0011009 0013010 0049010 0055003,18세~40세 / 연령제한:N,0043003 0 0 해당 시군 예산 범위 내 세대 건강보험료 합계가 적은 순으로 선정,시군 농업기술센터 신청,,농생명축산산업국,전북특별자치도 농생명축산산업국,,,,2025-07-18 16:53:22,2025-07-18 17:10:18,2,온통청년_OPEN_API_getPlcy,전북,청년창업농 정책자금 이차보전 청년창업농 중 정책자금 대출자 이자 지원 보조금 일자리
전북,"52000,45000",20250718005400211421,청년농업인 유치 임대스마트팜 건립,보조금,동부권 시군의 청년농업인 유치를 위한 임대형 스마트팜 건립,"동부권 시군의 인구유입과 고유자원의 산업화를 지원하고, 청년농업인이 안정적으로 정착할 수 있도록 부지 기반조성, 온실 신축, 에너지 시설 등 임대형 스마트팜 구축",일자리,창업,"일자리, 주거지원, 창업지원",일자리,20241001 ~ 20241118,20230101 ~ 20251231,0세~0세 / 연령제한:Y 0043001 0 0 0011009 0013010 0049010 0055003,0세~0세 / 연령제한:Y,0043001 0 0,,,농생명축산산업국,스마트농산과,,,,2025-07-18 14:37:19,2025-07-18 16:30:51,2,온통청년_OPEN_API_getPlcy,전북,청년농업인 유치 임대스마트팜 건립 동부권 시군의 청년농업인 유치를 위한 임대형 스마트팜 건립 보조금 일자리
전북,"52000,45000",20250718005400211420,청년희망 스마트팜 확산사업,보조금,청년농 및 귀농인 등 농업초보자도 쉽게 접할 수 있는 ICT 장비가 구축된 시설하우스 지원으로 농가소득 증대 기여,"농업에 경험이 부족한 청년들이 쉽게 스마트팜에 접근할 수 있도록 시설하우스, ICT 및 부대시설, 관련 설비 등을 지원하여 향후 도내 농업을 이끌 수 있는 역량 강화",일자리,창업,"일자리, 직무교육, 창업지원",일자리,20240823 ~ 20240913,20250101 ~ 20251231,18세~65세 / 연령제한:N 0043001 0 0 ○ 66세 이상 농업인 ○ 본 사업에서 하우스만 설치하고 ICT 관련 시설을 갖추지 않으려는 농업인 ○ 신청자가 직접 농업에 종사하지 않는 경우 0011009 0013010 0049010 0055003,18세~65세 / 연령제한:N,0043001 0 0,사업신청(농업인) → 적합여부 검토 및 사업비 신청(시군) → 사업비 배정(도) → 사업자 선정(시군),,농생명축산산업국,스마트농산과,,,,2025-07-18 14:23:42,2025-07-18 16:31:24,2,온통청년_OPEN_API_getPlcy,전북,청년희망 스마트팜 확산사업 청년농 및 귀농인 등 농업초보자도 쉽게 접할 수 있는 ICT 장비가 구축된 시설하우스 지원으로 농가소득 증대 기여 보조금 일자리
전북,"52000,45000",20250718005400211419,전북특별자치도 창업 식품기업 지원사업,"보조금,중소기업",7년 미만 창업 식품기업에게 생산 보관에 관련된 자동화 기계 장비 지원하여 초기비용 부담 경감 및 창업의 진입장벽 해소 지원,"○ 사업기간 : 매년 9월~10월 공모 후 익년도 사업추진 ○ 사 업 량 : 6개소 내외 ○ 사업시행 : 시장․군수 ○ 대상자 선정 : 도 주관 공모사업 절차에 의해 선정 ○ 사업비 : 300백만원(도비 108, 시군비 42, 자담 150) - 보조비율 : 도비 36%, 시군비 14%, 자담 50% ○ 사업단가 : 업체당 최대 50백만원까지 - 전체 사업비 초과분에 대해 보조사업비 상위 선정기업부터 사업비 조정 ○ 사용용도 : 생산·보관에 관련된 자동화 기계·장비 지원(스마트 제조 공정 관련 등) * 이동이 용이한 소형 기계‧설비 및 단순 집기류는 지원이 제외될 수 있음",일자리,창업,"일자리, 창업지원",일자리,20250901 ~ 20251001,20260101 ~ 20261231,0세~0세 / 연령제한:Y 0043001 0 0 1. 7년미만 농식품 창업기업 2. 예비창업자는 2026년도 부터 반영 예정(아직 미확정) 0011009 0013006 0049010 0055003,0세~0세 / 연령제한:Y,0043001 0 0,,,농생명축산산업국,전북특별자치도 농생명축산산업국,,,,2025-07-18 14:10:53,2025-07-18 16:32:00,2,온통청년_OPEN_API_getPlcy,전북,전북특별자치도 창업 식품기업 지원사업 7년 미만 창업 식품기업에게 생산 보관에 관련된 자동화 기계 장비 지원하여 초기비용 부담 경감 및 창업의 진입장벽 해소 지원 보조금 중소기업 일자리
전북,"52000,45000",20250718005400211416,청년창업 스마트팜 패키지 지원,보조금,스마트팜에 도전하는 청년들에게 시설원예 스마트팜을 패키지로 지원하여 즉시 농업경영을 통한 안정적 정착 유도,"정착지역 결정 및 농업부지가 확보된 청년농업인(수료생)에게 기반조성, 온실신축, 에너지시설, ICT 장비 및 재배시설 구축, 전문가 컨설팅, 교육 운영 등 스마트팜을 패키지로 지원하여 가족단위로 농촌에 정착하여 농업경영 유도",일자리,창업,"일자리, 직무교육, 창업지원",일자리,20240812 ~ 20250906,20250101 ~ 20251231,18세~45세 / 연령제한:N 0043001 0 0 전북 김제 스마트팜혁신밸리의 청년창업보육센터 수료생 또는 수료 예정자 최근 3년이내 온실신축사업으로 보조금 2억원 이상 수혜자는 선정 배제 0011009 0013010 0049010 0055003,18세~45세 / 연령제한:N,0043001 0 0,공모 및 접수 → 사업설명회 → 평가 및 선정 → 사업대상자 간담회 → 교육 및 컨설팅 → 사업추진,,농생명축산산업국,스마트농산과,,,,2025-07-18 14:01:50,2025-07-18 16:34:21,2,온통청년_OPEN_API_getPlcy,전북,청년창업 스마트팜 패키지 지원 스마트팜에 도전하는 청년들에게 시설원예 스마트팜을 패키지로 지원하여 즉시 농업경영을 통한 안정적 정착 유도 보조금 일자리
전북,"52000,45000",20250718005400211413,전북특별자치도장학숙 인재육성 장학금,보조금,"전북사랑 장학금, SOS 장학금, 지역정착 장학금, 희망장학금, 미래인재특기 장학금 등","특수학급 재학 고등학생, 긴급구호가정 대상 학생, 타지역 출신 도내 소재 대학교 재학생 등 장학금 지원",교육,미래역량강화,직무교육,직무교육,,장학금 종류에 따라 상이,"0세~0세 / 연령제한:Y 0043001 0 0 장학금 종류에 따라 상이, 전북특별자치도평생교육장학진흥원 홈페이지 참고 0011009 0013010 0049010 0055003",0세~0세 / 연령제한:Y,0043001 0 0,"전북특별자치도평생교육장학진흥원 홈페이지 온라인 신청, 기관 추천 등","1.재학증명서, 2.수상실적 증빙자료, 3.주민등록등본 4.생활정도확인서류(건강보험료납부확인서, 수급자증명서 등 해당서류), 5.개인정보활용동의서 등",재단법인전북특별자치도평생교육장학진흥원,전북특별자치도,,https://www.jbiles.or.kr/,,2025-07-18 13:46:04,2026-01-01 00:00:00,2,온통청년_OPEN_API_getPlcy,전북,전북특별자치도장학숙 인재육성 장학금 전북사랑 장학금 SOS 장학금 지역정착 장학금 희망장학금 미래인재특기 장학금 등 보조금 직무교육
전북,"52000,45000",20250718005400211412,전북특별자치도장학숙 운영,주거지원,전북특별자치도장학숙 운영,"서울장학숙, 전주장학숙 운영",교육,교육비지원,"직무교육, 주거지원",직무교육,,20250101 ~ 20251231,"0세~0세 / 연령제한:Y 0043001 0 0 · 퇴학·정학 처분을 받거나 휴학 중인 사람 (단, 휴학중인 사람 중 다음 학기에 등록할 자는 제외) · 재학생으로 학기별 9학점(대학원생은 6학점) 미만 수강 신청자 · 직장인 등 장학숙 취지에 맞지 않다고 관장이 판단하는 사람 · 전북특별자치도전주장학숙에 재사했던 사람 중 다음 각 호에 해당되는 사람 (입사생수칙에 의거 징계처분을 받아 퇴사한 사람) / ※ 선발 확정되어 입사 후에도 제외 대상에 해당되는 사람은 확인 즉시 퇴사 조치 함 0011009 0013010 0049005,0049009 0055003",0세~0세 / 연령제한:Y,0043001 0 0,"서울,전주 장학숙 홈페이지 온라인 신청(서류 PDF 파일 제출)","1.입사원서, 2.재학증명서, 3.성적증명서, 4.주민등록등본, 5.생활정도확인서류(건강보험료납부확인서, 수급자증명서 등 해당서류), 6.개인정보활용동의서",재단법인전북특별자치도평생교육장학진흥원,전북특별자치도,,https://seoul.jbiles.or.kr/,https://jeonju.jbiles.or.kr/,2025-07-18 13:23:38,2026-01-01 00:00:00,2,온통청년_OPEN_API_getPlcy,전북,전북특별자치도장학숙 운영 전북특별자치도장학숙 운영 주거지원 직무교육
전북,"52000,45000",20250718005400211410,청년창업농 영농정착지원사업,보조금,청년농업인(18~39세) 영농정착지원금 지원,청년창업농 선발자 최장 3년간 영농정착지원금 지원,일자리,창업,"일자리, 창업지원, 복지",일자리,20250102 ~ 20250331,20250101 ~ 20251231,18세~40세 / 연령제한:N 0043003 0 0 중위소득 140% 0011009 0013009 0049010 0055003,18세~40세 / 연령제한:N,0043003 0 0 중위소득 140%,시군 농업기술센터 신청,,농림축산식품부,전북특별자치도 농생명축산산업국,,,,2025-07-18 13:20:32,2025-07-18 16:38:09,2,온통청년_OPEN_API_getPlcy,전북,청년창업농 영농정착지원사업 청년농업인 18 39세 영농정착지원금 지원 보조금 일자리
전북,"52000,45000",20250718005400211404,청년친화 친구기업 지원사업,보조금,"청년들이 희망하는 근로조건을 갖춘 기업을 발굴 및 선정하여 각종 인세티브를 지원, 일자리창출 확산 및 고용안정 도모",-기업 : 청년 신규 채용 시 인건비 월 200만원(자부담포함)씩 24개월 지원 -청년 : 3년 참여 시 인센티브 1천만원 지원,일자리,재직자,"일자리, 참여 프로그램",일자리,,20250101 ~ 20251231,18세~39세 / 연령제한:N 0043001 0 0 0011009 0013003 0049010 0055003,18세~39세 / 연령제한:N,0043001 0 0,,,전북특별자치도,전북특별자치도,,,,2025-07-18 11:06:53,2026-01-01 00:00:00,2,온통청년_OPEN_API_getPlcy,전북,청년친화 친구기업 지원사업 청년들이 희망하는 근로조건을 갖춘 기업을 발굴 및 선정하여 각종 인세티브를 지원 일자리창출 확산 및 고용안정 도모 보조금 일자리
전북,"52000,45000",20250718005400211403,청년나래 일자리 지원사업,보조금,지역특성에 맞는 청년 일자리 제공으로 청년들의 지역정착 유도 및 지역경제 활력 제고,-기업 : 청년 신규 채용 시 인건비 월 200만원(자부담포함)씩 24개월 지원 -청년 : 3년 참여 시 인센티브 1천만원 지원,일자리,재직자,"일자리, 참여 프로그램",일자리,,20250101 ~ 20251231,18세~39세 / 연령제한:N 0043001 0 0 0011009 0013003 0049010 0055003,18세~39세 / 연령제한:N,0043001 0 0,,,전북특별자치도,전북특별자치도,,,,2025-07-18 11:05:00,2026-01-01 00:00:00,2,온통청년_OPEN_API_getPlcy,전북,청년나래 일자리 지원사업 지역특성에 맞는 청년 일자리 제공으로 청년들의 지역정착 유도 및 지역경제 활력 제고 보조금 일자리
전북,"52000,45000",20250718005400211401,지역주도형 청년일자리사업(시군),보조금,지역특성에 맞는 청년 일자리 제공으로 청년들의 지역정착 유도 및 지역경제 활력 제고,- 기업 : 청년 신규채용 시 인건비 월 200만원(자부담 포함)씩 24개월 지원 - 청년 : 3년 만기 참여 시 1천만원 인센티브 지원,일자리,재직자,"일자리, 참여 프로그램",일자리,,20250101 ~ 20251231,18세~39세 / 연령제한:N 0043001 0 0 0011009 0013003 0049010 0055003,18세~39세 / 연령제한:N,0043001 0 0,,,전북특별자치도,전북특별자치도,,,,2025-07-18 11:02:11,2026-01-01 00:00:00,2,온통청년_OPEN_API_getPlcy,전북,지역주도형 청년일자리사업 시군 지역특성에 맞는 청년 일자리 제공으로 청년들의 지역정착 유도 및 지역경제 활력 제고 보조금 일자리
전북,"52000,45000",20250718005400211383,공공임대주택 공급,공공임대주택,"사회초년생, 대학생, 신혼부부 등 주거안정을 위한 공공주택 공급","사회초년생, 대학생, 신혼부부 등을 대상으로 공공주택 공급 확대를 통한 주거비 부담 완화로 무주택 서민의 주거안정 도모",주거,주택 및 거주지,주거지원,주거지원,,20250101 ~ 20251231,"0세~0세 / 연령제한:Y 0043003 0 0 모집 공고일 현재 무주택세대구성원(청년 및 혼인중이 아닌 경우로서 단독세대주로 입주하려는 고령자는 무주택자)으로서 자산, 소득 기준 및 입주자격 구분별 입주자격 충족 ❍ 입주대상: 입주자 모집공고일 현재 성년자인 무주택자 또는 무주택 구성원 - (일반공급) · 청년, 신혼부부·한부모(6세 이하 자녀 있는 경우), 고령자, 일반계층 · 기준 중위소득 150% 이하, 자산 및 자동차 기준 충족 - (우선공급) · 청년, 다자녀가구, 수급자, 신혼부부·한부모, 고령자, 장애인 등 여러계층 · 기준 중위소득 100% 이하, 자산 및 자동차 기준 충족 0011009 0013010 0049010 0055003",0세~0세 / 연령제한:Y,"0043003 0 0 모집 공고일 현재 무주택세대구성원(청년 및 혼인중이 아닌 경우로서 단독세대주로 입주하려는 고령자는 무주택자)으로서 자산, 소득 기준 및 입주자격 구분별 입주자격 충족",ㅇ 입주자공고 → 신청접수 → 자격검증 및 소명 → 당첨자 발표 → 계약체결 및 입주,"ㅇ 신청서류 - 본인 확인 서류(주민등록증, 운전면허증, 여권만 인정) 사본 제출 - 공급 신청서(모집 공고의 첨부 양식 작성 제출) - 개인정보 수집 이용 및 제3자 제공 동의서 · (대상자) 신청자를 포함한 세대구성원 전원 예비 신혼부부의 경우 혼인으로 구성될 세대구성원 전원",국토교통부,국토교통부,,www.jpdc.co.kr,https://apply.lh.or.kr,2025-07-18 09:47:33,2026-01-01 00:00:00,2,온통청년_OPEN_API_getPlcy,전북,공공임대주택 공급 사회초년생 대학생 신혼부부 등 주거안정을 위한 공공주택 공급 공공임대주택 주거지원
전북,"52000,45000",20250717005400211372,제주청년 갭이어 프로그램 운영,"교육지원,보조금,맞춤형상담서비스",도내외 청년에게 주체적 미래설계와 제주 정주 기회 제공,도내외 청년에게 주체적 미래설계와 제주 정주 기회 제공,참여권리,청년참여,"직무교육, 복지, 참여 프로그램",직무교육,20250514 ~ 20250608,20250509 ~ 20251108,19세~39세 / 연령제한:N 0043001 0 0 0011009 0013010 0049010 0055003,19세~39세 / 연령제한:N,0043001 0 0,,,기획조정실,제주특별자치도 기획조정실,,,,2025-07-17 17:57:47,2025-07-18 10:24:34,2,온통청년_OPEN_API_getPlcy,전북,제주청년 갭이어 프로그램 운영 도내외 청년에게 주체적 미래설계와 제주 정주 기회 제공 교육지원 보조금 맞춤형상담서비스 직무교육
전북,"52000,45000",20250717005400211361,네오플 제주아카데미 운영,교육지원,취업과 연계한 실무〮현장 중심의 인재양성 프로그램 운영,취업과 연계한 실무〮현장 중심의 인재양성 프로그램 운영,일자리,취업,"일자리, 직무교육",일자리,20251004 ~ 20251018,20250530 ~ 20260630,"0세~0세 / 연령제한:Y 0043001 0 0 -기졸업자 및 ‘26년 2월 졸업예정자 -인턴기간 동안 풀타임 근무가 가능한 분 -인턴십 종료 후 정규직 입사가 가능한 분 -병역필 또는 면제자로 해외여행에 결격 사유가 없는 분 0011009 0013010 0049006,0049007 0055003",0세~0세 / 연령제한:Y,0043001 0 0,,,기획조정실,(재)제주테크노파크,,,,2025-07-17 17:26:27,2025-07-18 11:19:42,2,온통청년_OPEN_API_getPlcy,전북,네오플 제주아카데미 운영 취업과 연계한 실무 현장 중심의 인재양성 프로그램 운영 교육지원 일자리
전북,"52000,45000",20250717005400211332,대학생 학자금 대출이자 지원,교육지원,한국장학재단에서 대출받은 학자금에 대한 대출이자 지원,한국장학재단에서 대출받은 학자금에 대한 대출이자 지원,교육,교육비지원,직무교육,직무교육,20250301 ~ 20250831,"상반기(2~6월), 하반기(8월~11월)","0세~0세 / 연령제한:Y 0043001 0 0 0011009 0013010 0049005,0049006,0049007,0049008 0055003",0세~0세 / 연령제한:Y,0043001 0 0,각 시군 공고문에 따름,,전북특별자치도,전북특별자치도,,,,2025-07-17 08:11:10,2025-07-17 09:32:38,2,온통청년_OPEN_API_getPlcy,전북,대학생 학자금 대출이자 지원 한국장학재단에서 대출받은 학자금에 대한 대출이자 지원 교육지원 직무교육
전북,"52000,45000",20250716005400211325,익산형 근로청년수당,"중소기업,바우처","중소,중견기업에 취업한 청년들의 보수 지원과 장기근속 및 지역정착지원",월30만원씩 최대3년간 지역화폐로 수당지급,일자리,재직자,"일자리, 복지",일자리,20250414 ~ 20250502,20250627 ~ 20280626,18세~39세 / 연령제한:N 0043003 0 0 건강보험료 본인부담금 고지금액 기준 중위소득 150%이하 공고문 참조 공고문 참조 0011009 0013001 0049010 0055003,18세~39세 / 연령제한:N,0043003 0 0 건강보험료 본인부담금 고지금액 기준 중위소득 150%이하,"방문, 우편, 온라인접수(청년시청 홈페이지)",공고문 참조,익산시,전북특별자치도 익산시,https://youthforest.iksan.go.kr/index.iksan?menuCd=DOM_000000102002000000,,,2025-07-16 16:28:45,2025-07-16 17:01:22,2,온통청년_OPEN_API_getPlcy,전북,익산형 근로청년수당 중소 중견기업에 취업한 청년들의 보수 지원과 장기근속 및 지역정착지원 중소기업 바우처 일자리
전북,"52000,45000",20250716005400211324,청년 면접 정장 대여사업,장기미취업청년,관내 거주 청년의 구직활동 지원,"구직 청년에게 면접 정장(정장(상·하의), 셔츠, 블라우스, 넥타이, 구두 등) 무료 대여",일자리,취업,일자리,일자리,,2025. 1. ~ 예산소진시,18세~39세 / 연령제한:N 0043001 0 0 0011009 0013010 0049010 0055003,18세~39세 / 연령제한:N,0043001 0 0,"① 익산청년시청 홈페이지(youthforest.iksan.go.kr) 접속 ② 익산청년정책 – 청년 면접 정장 대여사업 ③ 신청서, 개인정보 동의서 다운로드 → 작성(자필 서명 필수) ④ 신청서, 개인정보 동의서, 주민등록초본, 면접 증빙자료 업로드 ※ 신청서 양식은 익산청년시청 홈페이지에서 다운로드 가능","신청서, 개인정보동의서, 주민등록초본, 면접증빙자료 업로드",익산시,익산시,https://youthforest.iksan.go.kr,https://youthforest.iksan.go.kr/board/view.iksan?boardId=BBS_0000015&menuCd=DOM_000000105002001000&paging=ok&startPage=1&searchType=DATA_TITLE&searchOperation=AND&keyword=%EB%A9%B4%EC%A0%91%EC%A0%95%EC%9E%A5&dataSid=35885,,2025-07-16 16:18:02,2026-01-01 00:00:00,2,온통청년_OPEN_API_getPlcy,전북,청년 면접 정장 대여사업 관내 거주 청년의 구직활동 지원 장기미취업청년 일자리
전북,"52000,45000",20250716005400211323,청년창업더하기 지원사업,"중소기업,인턴,벤처",관내 청년 창업 지원,"○ 사업기간 : 2025. 03. ~ 12. ○ 사 업 량 : 3개소(명) ○ 사업내용 : 관내에 주소를 둔 18세~49세 개인 또는 법인·단체 등에 시설비, 리모델링, 장비구입, 원재료구입, 홍보비 등 지원 ○ 사 업 비 : 54백만원",일자리,창업,"일자리, 창업지원",일자리,20250304 ~ 20250314,20250301 ~ 20251231,18세~49세 / 연령제한:N 0043001 0 0 예비창업자 또는 창업 3년 이내 0011009 0013010 0049010 0055003,18세~49세 / 연령제한:N,0043001 0 0,,,장수군,전북특별자치도 장수군,,,,2025-07-16 15:48:06,2025-07-16 17:02:16,2,온통청년_OPEN_API_getPlcy,전북,청년창업더하기 지원사업 관내 청년 창업 지원 중소기업 인턴 벤처 일자리
전북,"52000,45000",20250716005400211322,특성화 전문반 고등학교 육성지원,교육지원,"특성화 전문반 고등학교 육성지원(자동차, 제빵 관련)",▪ 지원대상 : 전북유니텍고등학교 ▪ 지원기준 : 관내 특성화 고등학교 ▪ 지원내용 : 전국･전북기능대회 대비 자동차 기능 영재반 및 조리제빵반 자격증 취득 캠프 운영,"일자리,교육","취업,미래역량강화","일자리, 직무교육",일자리,,20250301 ~ 20251231,16세~18세 / 연령제한:N 0043001 0 0 0011009 0013010 0049002 0055003,16세~18세 / 연령제한:N,0043001 0 0,,,장수군,전북특별자치도 장수군,,,,2025-07-16 15:38:57,2025-07-16 17:02:44,2,온통청년_OPEN_API_getPlcy,전북,특성화 전문반 고등학교 육성지원 특성화 전문반 고등학교 육성지원 자동차 제빵 관련 교육지원 일자리
전북,"52000,45000",20250716005400211321,"지역주민 평생교육(중장비운전, 생활용점, 제과제빵 실습반) 운영 지원",교육지원,"지역주민 평생교육(중장비운전, 생활용점, 제과제빵 실습반) 운영 지원","○ 사업기간 : 2025. 3. ~ 2025. 12. ○ 사업대상 : 장수군민 ○ 사업내용 : 지역주민 대상 중장비, 생활용접 및 제과제빵 실기반 운영 ○ 사 업 비 : 15,000천원","일자리,교육","취업,미래역량강화","일자리, 직무교육",일자리,20250114 ~ 20250131,20250301 ~ 20250831,0세~0세 / 연령제한:Y 0043001 0 0 0011009 0013010 0049010 0055003,0세~0세 / 연령제한:Y,0043001 0 0,,,장수군,전북유니텍고등학교,,,,2025-07-16 15:31:34,2025-07-16 17:03:13,2,온통청년_OPEN_API_getPlcy,전북,지역주민 평생교육 중장비운전 생활용점 제과제빵 실습반 운영 지원 지역주민 평생교육 중장비운전 생활용점 제과제빵 실습반 운영 지원 교육지원 일자리
전북,"52000,45000",20250716005400211320,전북대학교 계약학과 운영,교육지원,전북대학교 계약학과 운영,○ 운영기간 : 2025. 3. ~ 2026. 2. ○ 지원자격 : 관내 농생명분야 산업체 재직자 또는 영농조합법인 조합원 ○ 사업내용 : 현장 맞춤형 핵심 인재 양성을 위한 재교육형 계약학과 운영,"일자리,교육","취업,미래역량강화","일자리, 직무교육",일자리,20250101 ~ 20250131,20250301 ~ 20260228,0세~0세 / 연령제한:Y 0043001 0 0 0011009 0013010 0049010 0055003,0세~0세 / 연령제한:Y,0043001 0 0,,,장수군,전북특별자치도 장수군,,,,2025-07-16 15:23:23,2025-07-16 17:59:27,2,온통청년_OPEN_API_getPlcy,전북,전북대학교 계약학과 운영 전북대학교 계약학과 운영 교육지원 일자리
전북,"52000,45000",20250716005400211319,전북형 청년친화 기업 육성,중소기업,"일-생활 균형 조직문화, 복지혜택이 우수한 도내 기업 발굴 및 일자리 질 향상을 통한 지역청년 장기근속 유도","전북형 청년친화기업을 선정하여 각종 인센티브 지원 1. 근무환경개선금(복지지원금) - 선정된 기업당 10백만원 지원 2. 청년추가고용장려금 - 기업당 최대 2명, 청년 1인당 15백만원 지원 3. 육아휴직대체근로수당 - 기업당 최대 1명, 대체근로자에게 월30만원씩 최대 10개월 지원",일자리,재직자,"일자리, 복지",일자리,,20250101 ~ 20251231,0세~0세 / 연령제한:Y 0043001 0 0 0011009 0013001 0049010 0055003,0세~0세 / 연령제한:Y,0043001 0 0,,,전북특별자치도,전북특별자치도,,,,2025-07-16 15:16:31,2026-01-01 00:00:00,2,온통청년_OPEN_API_getPlcy,전북,전북형 청년친화 기업 육성 일 생활 균형 조직문화 복지혜택이 우수한 도내 기업 발굴 및 일자리 질 향상을 통한 지역청년 장기근속 유도 중소기업 일자리
전북,"52000,45000",20250716005400211318,결혼축하금 지원사업,보조금,신혼부부의 결혼축하금을 지원하여 장수군의 정착 유도 및 이탈 방지,"○ 사업기간 : 2025. 1. ~ 2025. 12. ○ 사 업 량 : 92쌍(184명) ○ 사업내용 : 아래 지원자격을 모두 충족하는 부부당 1,000만원 3년 분할 지원 - 혼인신고일 기준 19 ~49세 남녀 - 혼인신고일 기준으로 2년 전부터 계속해서 장수군에 주민등록을 두고 거주(1인 이상) - 지원신청일 장수군에 주민등록을 두고 거주하는 부부",복지문화,취약계층 및 금융지원,복지,복지,,정해진 사업 기간 없이 신청 가능,19세~49세 / 연령제한:N 0043001 0 0 0011009 0013010 0049010 0055001,19세~49세 / 연령제한:N,0043001 0 0,읍·면 행정복지센터(읍·면사무소) 방문 신청 지원자격 충족일부터 6개월 이내 신청,,장수군,전북특별자치도 장수군,,,,2025-07-16 14:29:47,2026-01-01 00:00:00,3,온통청년_OPEN_API_getPlcy,전북,결혼축하금 지원사업 신혼부부의 결혼축하금을 지원하여 장수군의 정착 유도 및 이탈 방지 보조금 복지
전북,"52000,45000",20250716005400211317,장수군 청년동아리 지원사업,"맞춤형상담서비스,교육지원",□ 관내 청년 구성원들의 사회적 연결성 증진 및 지역 정착발판 마련 □ 장수군 청년의 네트워킹 강화를 통하여 행정과 접점이 없는 점조직까지 활동을 지원하여 역량있는 청년 단체 발굴로 유지 기반 조성,"□ 사 업 명 : 2025년 장수군 청년동아리 지원사업 □ 사업기간 : 2025. 4. ~ 12. □ 지원대상 : 장수군에 거주하거나 활동하는 청년 5인 이상으로 구성된 동아리 7팀 ※ [붙임 1] 심사기준표에 의거 총점이 60점 이상일 때만 최종 선정 가능 □ 지원분야 : 문화예술, 지역사회 연계(봉사활동), 취미·여가, 지역발전연구 등 □ 모집방법 : 공개모집 / 방문접수 또는 이메일접수(최종제출일 기준) □ 소요예산 : 14,000천원(군비100%) / 총 7개동아리 * 기타 자세한 사항 붙임 공고문 참고",참여권리,정책인프라구축,"직무교육, 복지, 참여 프로그램",직무교육,20250502 ~ 20250509,20250501 ~ 20251231,15세~49세 / 연령제한:N 0043001 0 0 0011009 0013010 0049010 0055003,15세~49세 / 연령제한:N,0043001 0 0,,,장수군,전북특별자치도 장수군,,,,2025-07-16 14:12:25,2025-07-16 17:05:36,3,온통청년_OPEN_API_getPlcy,전북,장수군 청년동아리 지원사업 관내 청년 구성원들의 사회적 연결성 증진 및 지역 정착발판 마련 장수군 청년의 네트워킹 강화를 통하여 행정과 접점이 없는 점조직까지 활동을 지원하여 역량있는 청년 단체 발굴로 유지 기반 조성 맞춤형상담서비스 교육지원 직무교육
전북,"52000,45000",20250716005400211305,청년·신혼부부 주거비 지원사업,주거지원,관내 청년·신혼부부의 주거비를 지원함으로써 청년과 신혼부부의 경제적 부담을 완화 및 정주여건을 개선,"사업개요 ○ 사업명 : 장수군 청년·신혼부부 주거비 일부 지원 ○ 사업기간 : 2025. 4. ~ 2025. 12. ○ 소요예산 : 100,000천원 (1,000천원 × 100가구) ○ 지원대상 : 공고일 현재 관내 주소를 두고 실 거주하는 중위소득 150% 이하(사업소득 또는 근로소득자, 구직급여 수급자격자) 청년·신혼부부 무주택 임차가구(주거공급면적 85㎡ 이하) - (청년) 19세~39세 이하 미혼자 ※ 2025년 기준 출생연도 : 1986.1.1. ~ 2006.12.31. - (신혼부부) 혼인신고 후 5년 이내 부부(부부 모두 49세 이하) ※ 2025년 기준 출생연도 : 1976.1.1. ~ 2006.12.31. ○ 지원내용 : 가구당 100만원 이내(연 1회, 최대 3년) - (전세) 대출 잔액의 2% 이내 이자 - (월세) 연간 임차료의 30% \ ※ 신청절차, 신청서류 등 기타 사항 공고문 참고",주거,전월세 및 주거급여 지원,"일자리, 주거지원",일자리,,20250101 ~ 20251231,19세~39세 / 연령제한:N 0043003 0 0 2025년 기준중위소득 150% 이하 0011009 0013010 0049010 0055003,19세~39세 / 연령제한:N,0043003 0 0 2025년 기준중위소득 150% 이하,,,장수군,전북특별자치도 장수군,,,,2025-07-16 10:59:58,2026-01-01 00:00:00,3,온통청년_OPEN_API_getPlcy,전북,청년 신혼부부 주거비 지원사업 관내 청년 신혼부부의 주거비를 지원함으로써 청년과 신혼부부의 경제적 부담을 완화 및 정주여건을 개선 주거지원 일자리
전북,"52000,45000",20250716005400211293,2025년 군산시 청년창업플랫폼(청춘미가) 지원사업,맞춤형상담서비스,외식창업을 희망하는 예비 청년창업자들의 창업 지원,"￭ 위 치 : 전북특별자치도 군산시 구영6길 74-1(중앙로1가) ￭ 면 적 : 대지면적 129㎡, 건축면적 65.08㎡(지상1층) ￭ 지원내용 : 외식창업을 희망하는 예비 청년 창업자에게 일정기간 동안 사업장 및 기물 무상 대여 ※ 식재료비, 수도요금, 광열비 등 공과금 사업자 부담 ￭ 입주예정일 : 2025년 8월(2회에 한해서 최대 6개월 연장 가능) ￭ 운영 전 맛의 표준화, 판매·홍보 전략 등 컨설팅 진행",일자리,창업,"일자리, 창업지원, 복지",일자리,20250716 ~ 20250808,입주예정일 2025년 8월,"19세~39세 / 연령제한:N 0043001 0 0 우대조건은 별도 확인 • 타 정부(중앙, 지방) 및 공공기관에서 동일한 내용의 지원사업을 수행 중인 자 • 채무불이행으로 규제 중이거나 국세 또는 지방세 체납으로 규제 중인 자 등 군산시장이 참여 제한의 사유가 있다고 인정하는 자 • 공고일 기준 대학교(대학원) 재학생(졸업예정자, 유예자, 휴학생) 0011009 0013006 0049010 0055003",19세~39세 / 연령제한:N,0043001 0 0,❍ 접수방법 - 방 문 접수 : 군산시청 6층 기업지원과 - 이메일 접수 : ow150033@korea.kr ※ 이메일로 신청 시 지원서류 도장 또는 서명 필수 ❍ 서류심사 합격자 발표 : ‘25. 8. 13.(수) 개별통보 ❍ 면접 및 메뉴시연 : ‘25. 8월 중순 예정 / 시간‧장소 개별통보 ❍ 최종 발표 : ‘25. 8월 말 예정 / 개별통보[최종 1팀 선발] ※ 일정은 사정에 의해 변동될 수 있음 / 최종선정팀의 2배수 차순위 후보자로 선정,"참가신청서 1부 [서식1] 사업계획서 1부 [서식2] 개인정보 수집·이용·제공·조회 동의서 1부 [서식3] 주민등록 등본 1부 국세·지방세 납세증명서 1부 사업자 미등록 사실 증명 1부 관련분야 경력증명서 및 자격증 사본 각 1부(해당자) 관련분야 교육수료 및 졸업 증빙자료 각 1부(해당자) ※ 모든 서류는 공고일 이후 발행분에 한하며, 공고일 이전의 서류인 경우 법에서 정한 유효기간(증명서에 유효기간이 기재된 것만 인정) 내의 서류여야 함",군산시,전북특별자치도 군산시,,,,2025-07-16 09:42:41,2025-07-16 11:07:15,3,온통청년_OPEN_API_getPlcy,전북,2025년 군산시 청년창업플랫폼 청춘미가 지원사업 외식창업을 희망하는 예비 청년창업자들의 창업 지원 맞춤형상담서비스 일자리
전북,"52000,45000",20250716005400211289,청년농촌보금자리 조성사업,"주거지원,공공임대주택",지구당 30호 내외 임대주택 및 커뮤니티센터 1동 조성,"❍ (대 상) 만 40세 미만 귀농·귀촌 청년, 신혼부부이거나, 가구주 연령 만 40세 미만의 1명 이상 자녀 양육가정 ❍ (사업내용) 지구당 임대주택 30호, 커뮤니티센터 1동 조성 ❍ (임대기간) 최초 2년, 2회 연장계약 가능(미취약 아동 있을 시 최장 10년)",주거,주택 및 거주지,"주거지원, 참여 프로그램",주거지원,20261201 ~ 20270331,20250101 ~ 20261231,20세~39세 / 연령제한:N 0043001 0 0 0011009 0013010 0049010 0055003,20세~39세 / 연령제한:N,0043001 0 0,,,농촌재생지원팀,김제시,,,,2025-07-16 09:20:14,2025-07-16 11:08:38,3,온통청년_OPEN_API_getPlcy,전북,청년농촌보금자리 조성사업 지구당 30호 내외 임대주택 및 커뮤니티센터 1동 조성 주거지원 공공임대주택 주거지원
전북,"52000,45000",20250715005400211286,공공기관 청년고용의무제 운영,장기미취업청년,"지방공기업 청년고용의무제를 실시, 사장경영성과계약 이행실적 평가 시 평가하여 고용의무제 100% 달성 노력",지방공기업 정원의 100분의3 이상씩 청년 미취업자 고용,일자리,취업,일자리,일자리,20250901 ~ 20251031,20250101 ~ 20251231,"19세~34세 / 연령제한:N 0043001 0 0 만 19~34세 이하 취업준비생, 채용 공고 시 별도로 정하는 요건 만족(거주지등) 0011009 0013003 0049010 0055003",19세~34세 / 연령제한:N,0043001 0 0,,,기획조정실,충청남도개발공사,,https://www.cndc.kr/index.do,,2025-07-15 23:30:22,2025-07-17 10:03:08,3,온통청년_OPEN_API_getPlcy,전북,공공기관 청년고용의무제 운영 지방공기업 청년고용의무제를 실시 사장경영성과계약 이행실적 평가 시 평가하여 고용의무제 100 달성 노력 장기미취업청년 일자리
전북,"52000,45000",20250715005400211285,지방공기업 체험형 청년인턴 제도 운영,인턴,청년 대상 일자리 경험 제공 및 취업역량 강화,체혐형 청년인턴 제도 운영 (고용기간 4개월),일자리,취업,"일자리, 직무교육",일자리,20250513 ~ 20250525,20250101 ~ 20251231,"19세~34세 / 연령제한:N 0043001 0 0 청년(19~34세) 취업준비생, 채용 공고 시 별도로 정하는 요건 만족(거주지 등) 0011009 0013003 0049010 0055003",19세~34세 / 연령제한:N,0043001 0 0,,,기획조정실,충청남도개발공사,,https://www.cndc.kr/index.do,,2025-07-15 23:23:53,2025-07-17 09:45:01,3,온통청년_OPEN_API_getPlcy,전북,지방공기업 체험형 청년인턴 제도 운영 청년 대상 일자리 경험 제공 및 취업역량 강화 인턴 일자리
전북,"52000,45000",20250715005400211273,주택 안심계약 도움서비스 제공,주거지원,청년 등 안정적인 지역 정착과 주거복지 향상에 기여하기 위한 맞춤형 부동산 전문상담 및 집보기 동행서비스 제공,사회초년생 청년 등을 위한 주거 상담 「주택 안심 계약 도움 서비스」제공,주거,주택 및 거주지,"주거지원, 복지",주거지원,,20250101 ~ 20251231,19세~39세 / 연령제한:N 0043001 0 0 충청남도에 거주하거나 거주할 예정인 청년 등 0011009 0013010 0049010 0055003,19세~39세 / 연령제한:N,0043001 0 0,,,건설교통국,충청남도,,,,2025-07-15 21:58:36,2026-01-01 00:00:00,3,온통청년_OPEN_API_getPlcy,전북,주택 안심계약 도움서비스 제공 청년 등 안정적인 지역 정착과 주거복지 향상에 기여하기 위한 맞춤형 부동산 전문상담 및 집보기 동행서비스 제공 주거지원 주거지원
전북,"52000,45000",20250715005400211271,충남형 청년 한달살이 프로그램 운영,교육지원,- 청년들의 삶의 경로 탐색 및 확장을 통한 역량강화와 자기성장 유도 - 타 시도 청년을 대상으로 지역자원을 소개하고 문화체험 기회를 제공하여 지역정착과 관계인구 형성을 도모,"2~4주간 타 시도 청년들에게 충남에서의 주거, 생활, 일자리 체험 등을 제공하여 지역유입 및 정착 유도",참여권리,청년참여,"일자리, 직무교육, 주거지원, 복지, 참여 프로그램",일자리,,20250101 ~ 20251231,19세~39세 / 연령제한:N 0043001 0 0 충남에 살아보고 싶은 타 시도 만19~39세 이하 청년 0011009 0013010 0049010 0055003,19세~39세 / 연령제한:N,0043001 0 0,,,청년정책관,충청남도,,,,2025-07-15 21:47:51,2026-01-01 00:00:00,3,온통청년_OPEN_API_getPlcy,전북,충남형 청년 한달살이 프로그램 운영 청년들의 삶의 경로 탐색 및 확장을 통한 역량강화와 자기성장 유도 타 시도 청년을 대상으로 지역자원을 소개하고 문화체험 기회를 제공하여 지역정착과 관계인구 형성을 도모 교육지원 일자리
전북,"52000,45000",20250715005400211263,전국 청년 페스티벌 개최,교육지원,"- 전국의 청년들이 모여 재능과 끼를 펼칠 기회 제공 - 법정기념일인 청년의 날을 기념하여 청년들이 직접 기획하고, 참여하는 행사를 개최하여 청년 문제에 대한 공감대 형성",청년 관련 대표 주제를 설정하여 청년 정책 홍보 및 문화예술 기획행사 추진 등,복지문화,문화활동,"직무교육, 복지, 참여 프로그램",직무교육,,20250101 ~ 20251231,19세~39세 / 연령제한:N 0043001 0 0 0011009 0013010 0049010 0055003,19세~39세 / 연령제한:N,0043001 0 0,,,청년정책관,충청남도,https://youth.chungnam.go.kr,https://youth.chungnam.go.kr,https://www.instagram.com/peaktime_festival/,2025-07-15 21:21:45,2026-01-01 00:00:00,3,온통청년_OPEN_API_getPlcy,전북,전국 청년 페스티벌 개최 전국의 청년들이 모여 재능과 끼를 펼칠 기회 제공 법정기념일인 청년의 날을 기념하여 청년들이 직접 기획하고 참여하는 행사를 개최하여 청년 문제에 대한 공감대 형성 교육지원 직무교육
전북,"52000,45000",20250715005400211257,장수 청년 Level Up,보조금,지역 자원을 활용한 창의적인 아이디어를 지원하여 관내 청년의 발전과 생활인구 유입을 촉진,"사업개요 □ 사 업 명 : 장수 청년 레벨업(Level Up) □ 사업기간 : 2025. 4.~ 2025. 12. □ 지원대상 : 신청일 기준 관내 거주중인 3인 이상으로 구성된 청년단체, 개인사업자 □ 소요예산 : 30,000천원(1개소당 10,000천원) □ 사업규모 : 총 3개 청년 단체·사업자(공모 선정) ※ 목적에 부합하는 합리적인 예산 사용을 위하여 심사 과정에서 사업 규모 및 지원 금액이 변경될 수 있음 □ 지원내용 : 지역자원을 활용한 우수 아이디어 발굴·지원(사업비, 전문가 컨설팅, 홍보비 등)",참여권리,정책인프라구축,"창업지원, 참여 프로그램",창업지원,20250414 ~ 20250423,20250501 ~ 20251231,15세~49세 / 연령제한:N 0043001 0 0 0011009 0013010 0049010 0055003,15세~49세 / 연령제한:N,0043001 0 0,,,장수군,전북특별자치도 장수군,,,,2025-07-15 17:31:15,2025-07-15 17:48:07,3,온통청년_OPEN_API_getPlcy,전북,장수 청년 Level Up 지역 자원을 활용한 창의적인 아이디어를 지원하여 관내 청년의 발전과 생활인구 유입을 촉진 보조금 창업지원
전북,"52000,45000",20250715005400211255,청년내일저축계좌 지원,"바우처,보조금",새로운 빈곤위험군으로 부상하고 있는 일하는 중간계층 청년이 사회에 안착할 수 있도록 자산형성 지원과 자립 촉진,"ㅇ 차상위 초과자(기준중위소득 50%~100%) - (연령) 만 19세 이상 ~ 만 34세 이하 - (소득) 월 50만원 초과 ~ 월 250만원 이하 - (지원액) 월 10만원 ㅇ 차상위 이하자(기준중위소득 50% 이하) - (연령) 만 15세 이상 ~ 만 39세 이하 - (소득) 월 10만원 이상 근로,사업소득 발생 - (지원액) 월 30만원",복지문화,취약계층 및 금융지원,"일자리, 복지",일자리,20250502 ~ 20250521,3년 만기,"15세~39세 / 연령제한:N 0043001 0 0 0011009 0013001,0013002,0013004,0013005,0013008,0013009 0049010 0055003",15세~39세 / 연령제한:N,0043001 0 0,복지로(www.bokjiro.go.kr) 온라인 신청 또는 읍면동 행정복지센터 방문 접수,,보건복지부,전북특별자치도,www.bokjiro.go.kr,,,2025-07-15 17:16:32,2025-07-15 17:35:48,3,온통청년_OPEN_API_getPlcy,전북,청년내일저축계좌 지원 새로운 빈곤위험군으로 부상하고 있는 일하는 중간계층 청년이 사회에 안착할 수 있도록 자산형성 지원과 자립 촉진 바우처 보조금 일자리
전북,"52000,45000",20250714005400111227,산림산업 창업지원_청년 임팩트 창업 아이디어 챌린지,"교육지원,맞춤형상담서비스,장기미취업청년",산림자원을 활용 기반의 산림 문제 해결형 사업 공모전 개최 및 실증 과정을 통한 청년 창업 경험 지원,"ㅇ 공모전명 : 2026 청년 林팩트 창업 아이디어 챌린지 ㅇ 주요내용 : 산림자원을 활용 기반의 산림 문제 해결형 사업 공모전 개최 및 실증 과정을 통한 청년 창업 경험 지원 ㅇ 일 정 : 2026.6.22.(월) ~ 6.23(화) / [참가신청: 5.20.(수)~6.3.(수)] ㅇ 공모대상 : 산림분야 창업에 관심있는 청년 * 공고일(2026.5.20.)기준 만19~39세 이하 ㅇ 시상내역 : 산림청장상, 한국임업진흥원장상 및 총350만원 상금 ㅇ 문의전화 : 공모전 운영사무국 (☎ 070-4481-8997) * 상세내용(장소 및 일정, 접수방법 등)은 안내문, 포스터 등 참조","일자리,일자리","취업,창업","일자리, 직무교육, 창업지원, 복지, 참여 프로그램",일자리,20260520 ~ 20260603,20260622 ~ 20260623,19세~39세 / 연령제한:N 0043001 0 0 산림창업에 관심있는 청년(만19세 ~ 39세) 누구나 0011009 0013010 0049010 0055003,19세~39세 / 연령제한:N,0043001 0 0,,1. 신청사이트 URL을 통하여 참가신청서 작성 2. 한국임업진흥원 누리집(www.kofpi.or.kr)의 ‘알림/홍보’ - ‘공지사항’ 메뉴 '청년 임팩트 창업 아이디어 챌린지' 게시판의 참가신청 큐알(QR) 코드 또는 링크(https://docs.google.com/forms/u/0/d/1-QTMyaKxeBcQvtNYkMlNIkhtZ-K1lxyVEBMDn9WsAuo/viewform?edit_requested=true) 제출,산림청,한국임업진흥원,https://docs.google.com/forms/u/0/d/1-QTMyaKxeBcQvtNYkMlNIkhtZ-K1lxyVEBMDn9WsAuo/viewform?edit_requested=true,www.kofpi.or.kr,,2025-07-14 22:19:33,2026-05-29 11:08:25,3,온통청년_OPEN_API_getPlcy,전북,산림산업 창업지원 청년 임팩트 창업 아이디어 챌린지 산림자원을 활용 기반의 산림 문제 해결형 사업 공모전 개최 및 실증 과정을 통한 청년 창업 경험 지원 교육지원 맞춤형상담서비스 장기미취업청년 일자리
전북,"52000,45000",20250714005400211226,지역특성화산업 전문인력양성사업,교육지원,현장중심의 융복합 산업인력 확보 및 기업수요에 맞는 전문인력 양성,"대학과 기업 간에 체결한 채용협약을 근거로 하여 기업 맞춤형 교육 과정을 개설·운영하고, 수료 시 해당 기업에 취업을 보장하는 새로운 형식의 산·학 협력 플랫폼 구축",일자리,취업,"일자리, 직무교육",일자리,20250120 ~ 20250203,20250301 ~ 20260228,"0세~0세 / 연령제한:Y 0043001 0 0 ○ 신청주체 - 대학 : 도내 4년제 대학으로 지역산업 육성분야의 전문인력 양성을 위한 특성화과정 개설이 가능한 대학 - 기업 : 도내 입주 또는 입주예정인 지역산업육성 분야의 기업 및 연구기관*으로서, 교육과정 졸업생(이수자)의 100% 또는 일정비율(50% 이상) 채용을 확약하는 기업 및 연구기관 * 연구기관은 도내 소재 정부 또는 지자체 출연 연구기관, 전문생산기술연구소, 대학교 산하 독립 연구기관으로 한정함. 기업 및 연구기관이 특별한 사유 없이 졸업생에 대한 채용을 거부할 경우 사업 참여에 제한이 있을 수 있음. 0011005 0013010 0049005,0049006,0049007 0055003",0세~0세 / 연령제한:Y,0043001 0 0,○ 대학과 기업이 컨소시엄을 구성해 신청 ○ 제출 기한 내 방문 또는 우편 접수 - 전북특별자치도 홈페이지(www.jeonbuk.go.kr) → 공고/고시에서 다운로드 받아 사용 - 전북테크노파크 홈페이지(www.jbtp.or.kr) → 사업 공고에서 다운로드 받아 사용,제출 공문 1부 [양식 1] 사업계획서 10부(첨부파일 포함) [양식 2] 증빙자료 10부(첨부파일 포함) [양식 3] 참여기업 리스트 [양식 4] 사업비 편성 세부 현황,특별자치교육협력국,(재)전북테크노파크,,,,2025-07-14 17:18:16,2025-07-15 09:45:14,3,온통청년_OPEN_API_getPlcy,전북,지역특성화산업 전문인력양성사업 현장중심의 융복합 산업인력 확보 및 기업수요에 맞는 전문인력 양성 교육지원 일자리
전북,"52000,45000",20250711005400211194,청년문화예술기획자 양성학교 운영,교육지원,청년 문화기획자 양성을 통해 문화예술인의 창조활동을 제고하고 중진 문화기획자로 성장하도록 지원,"❍ 수료 후 포스트 과정(프로젝트 참여, 네트워크 연결, 취업, 창업 지원 등) ❍ 지속적인 비빌 언덕(꿈을 함께 할 동료 x 아지트 공간 x 애프터케어) ❍ 프로젝트 실습비 지원(100만원 내외) ❍ 학교장/지도멘토진의 1:1 맞춤교육과 네트워크 형성 ❍ 실무형 문화기획 전문학교 수료증 및 최우수 참여자 2명 시장상 수여 예정",복지문화,예술인지원,"일자리, 직무교육, 창업지원, 복지, 참여 프로그램",일자리,20250301 ~ 20250331,20250301 ~ 20251231,"18세~39세 / 연령제한:N 0043001 0 0 ▶ 실전 문화기획을 배우고 싶은 청년 (86년생~06년생) ​- 문화기획자 지망생 및 역량 강화 필요한 현직 기획자 - 기획 실무 능력이 필요한 예술인 등 창작자 - 문화예술 분야 전공 대학(원)생 및 창업자 - N잡러, 프리랜서로 문화활동 하고 싶은 분 0011009 0013010 0049010 0055003",18세~39세 / 연령제한:N,0043001 0 0,제출서류 작성 후 이메일 접수 (culturehub@daum.net),"지원서, 자기소개서(필수) 포트폴리오, 관련 증빙서류 등(해당자만)",문화정책관,광주광역시,,,,2025-07-11 18:29:42,2025-07-14 10:20:26,3,온통청년_OPEN_API_getPlcy,전북,청년문화예술기획자 양성학교 운영 청년 문화기획자 양성을 통해 문화예술인의 창조활동을 제고하고 중진 문화기획자로 성장하도록 지원 교육지원 일자리
전북,"52000,45000",20250711005400211183,도시재생 전문인력 양성사업 지원,교육지원,도시재생 정책과 제도 변화 등을 반영한 특성화 교육으로 융‧복합적 소양을 갖춘 도시재생 전문인력 양성,광주대학교 일반대학원 도시재생·부동산학과를 신설 및 운영 융․복합적 소양을 갖춘 도시재생 핵심 전문인력 양성 - 대학 도시재생 전공과목 신설 및 운영지원 - 도시재생 전공과목과 우리 시 도시재생사업 현장실무 융합,교육,미래역량강화,직무교육,직무교육,20250609 ~ 20250620,20250101 ~ 20250101,"0세~0세 / 연령제한:Y 0043001 0 0 0011009 0013010 0049007,0049008 0055003",0세~0세 / 연령제한:Y,0043001 0 0,"인터넷접수 : 대학원 홈페이지 원서접수 바로가기 클릭 → 입학원서 입력 및 첨부파일 업로드 후 저장 → 전형료 입금 (인터넷 접수 후 첨부 누락된 증빙서류는 등기 발송 또는 방문 제출) 방문 및 우편 접수 : 광주광역시 남구 효덕로 277 광주대학교 대학원 교학팀(호심관4층) 주말, 공휴일, 점심시간(12:00~13:00) 제외",모집요강 참조,공간혁신과,광주광역시,,http://urre.kr/,,2025-07-11 14:29:47,2025-07-11 15:00:34,3,온통청년_OPEN_API_getPlcy,전북,도시재생 전문인력 양성사업 지원 도시재생 정책과 제도 변화 등을 반영한 특성화 교육으로 융 복합적 소양을 갖춘 도시재생 전문인력 양성 교육지원 직무교육
전북,"52000,45000",20250711005400211182,청년 귀환 채널구축 사업(고향올래),"주거지원,벤처,교육지원","타지역 청년을 대상으로 대구 귀환 희망 청년을 발굴하여, 대구에서 정착할 수 있도록 귀환 경로별 지원 및 주거·창업공간 제공","○ 대구 청년 정책 홍보 및 타지역 청년 유입 경로별 활동 프로그램 운영 - 온라인 홍보 플랫폼 운영 및 오프라인 홍보 사업설명회 개최 - 대구 한달살기, 유입 경로별(로컬벤처창업·취업·프리랜서) 지원 프로그램 운영 · (로컬벤처)창업교육, 시제품 개발비, 사업화자금 등 지원(3기/60명) · (취 업)대구 기업 채용박람회 참여실비 지원(100명), 대구 기업견학(20명) · (프리랜서) 지역기업 매칭 및 프로젝트 참여 지원(20명) · (한달살기)주거․활동 공간, 지역탐방, 로컬크리에이터 교육 지원(5기/100명) ○ 유관기관 연계하여 프로그램 참여 후 지역 정착을 위한 후속 지원 - 주거공간(한국산업단지공단 공유사택), 창업공간(iM뱅크 유니콘랩) 지원",일자리,취업,"일자리, 직무교육, 주거지원, 창업지원, 참여 프로그램",일자리,,20250101 ~ 20251231,19세~39세 / 연령제한:N 0043001 0 0 대구 외 타지역 거주 청년 0011009 0013010 0049010 0055003,19세~39세 / 연령제한:N,0043001 0 0,프로그램별 별도 접수(홈페이지 참조),프로그램별 별도 접수(홈페이지 참조),대구광역시,(재)대구테크노파크,https://dgtp.or.kr/dgtp.do,,,2025-07-11 11:01:08,2026-01-01 00:00:00,3,온통청년_OPEN_API_getPlcy,전북,청년 귀환 채널구축 사업 고향올래 타지역 청년을 대상으로 대구 귀환 희망 청년을 발굴하여 대구에서 정착할 수 있도록 귀환 경로별 지원 및 주거 창업공간 제공 주거지원 벤처 교육지원 일자리
전북,"52000,45000",20250710005400211180,글로벌 이노베이터 페스타 사업 지원,벤처,"5대 미래 신산업(ABB, 반도체, 로봇, 모빌리티, 헬스케어) 분야 글로벌 진출에 도전하는 유망 창업기업을 발굴하기 위한 ‘창업경진대회’를 개최하고자 함","❍ 대 회 명 : 「2025 글로벌 창업 아이디어 경진대회」 ❍ 기 간 : ’25. 6월 ~ 10월 ❍ 공모분야 : 5대 미래 신산업 분야 글로벌 수준의 혁신형 사업화 아이디어 ❍ 참가대상 : 예비창업자 및 창업 후 7년 이내 창업기업 ❍ 공모부문 : 2개 부문(예비창업자/스타트업) ❍ 시상규모 : 총 10팀(부문별 5팀)/총상금 50,000천원 - 예비창업자 리그 : 대상 1(중기부장관상, 10,000천), 최우수 1(시장상, 4,000천원) 우수 1(시장상, 2,000천원), 장려 2(시장상, 1,000천원) - 스타트업 리그 : 대상 1(중기부장관상, 15,000천), 최우수 1(시장상, 10,000천원) 우수 1(시장상, 5,000천원), 장려 2(시장상, 1,000천원)",일자리,창업,"일자리, 창업지원",일자리,20250627 ~ 20250814,20250101 ~ 20251231,"0세~0세 / 연령제한:Y 0043001 0 0 - 예비창업팀 : 모집공고일(2025.6.27.) 기준 신청자 및 팀원 명의의 사업자등록(개인, 법인)을 하지 않은 예비창업자 - 창업기업팀 :「중소기업기본법」 제2조 제1항에 따른 창업기업으로 모집공고일(2025.6.27.) 기준 ‘사업을 개시한 날’로부터 7년 이내 법인 또는 개인사업자 0011009 0013006 0049010 0055003",0세~0세 / 연령제한:Y,0043001 0 0,홈페이지 온라인 접수,"경진대회 참가신청서, 사업계획서, 개인정보 수집이용제공 동의서, 참가자 서약서",대구광역시,재단법인대구창조경제혁신센터,https://startup.daegu.go.kr/index.do?menu_id=00002552&menu_link=/front/project/projectFrontDetail.do?project_id=PROJECT_00004343,https://www.gifesta.kr/,,2025-07-10 16:54:14,2025-07-10 17:37:53,3,온통청년_OPEN_API_getPlcy,전북,글로벌 이노베이터 페스타 사업 지원 5대 미래 신산업 ABB 반도체 로봇 모빌리티 헬스케어 분야 글로벌 진출에 도전하는 유망 창업기업을 발굴하기 위한 창업경진대회 를 개최하고자 함 벤처 일자리
전북,"52000,45000",20250710005400211172,SW전문인재 양성,교육지원,"현장수요에 맞는 교육과정을 기업과 대학이 공동 설계하고, 기업 주도 집중교육을 통해 산업체에서 즉시 활용가능한 인력 적기 공급",대학의 교육자원 활용 및 기업이 가진 실전 노하우를 전수하여 역량이 검증된 경쟁력 있는 SW 실무인재 양성 - NHN아카데미 광주캠퍼스,교육,미래역량강화,직무교육,직무교육,,2022~2025,19세~29세 / 연령제한:N 0043001 0 0 IT계열 졸업(예정)자 0011009 0013010 0049006 0055003,19세~29세 / 연령제한:N,0043001 0 0,NHN아카데미 광주캠퍼스 과정 신청,,로봇가전의료산업과,광주광역시,,,,2025-07-10 15:33:53,2026-01-01 00:00:00,3,온통청년_OPEN_API_getPlcy,전북,SW전문인재 양성 현장수요에 맞는 교육과정을 기업과 대학이 공동 설계하고 기업 주도 집중교육을 통해 산업체에서 즉시 활용가능한 인력 적기 공급 교육지원 직무교육
전북,"52000,45000",20250710005400211170,반도체 특성화 대학 지원,교육지원,개방형 반도체 융합전공을 통한 반도체 특화전문 인재 양성,"전남대학교, 전북대학교 학생 대상 우리 시 특화산업(자동차, 광융합, 인공지능)과 연계 활용하여 반도체 산업 인재양성 및 인프라 확장을 통한 반도체 융합 전문 인재 양성",교육,미래역량강화,직무교육,직무교육,,2023~2027,"0세~0세 / 연령제한:Y 0043001 0 0 (전남대학교) 재학생 2학년 이상, 평균성적 3.75 이상 0011009 0013010 0049005 0055003",0세~0세 / 연령제한:Y,0043001 0 0,,,AI반도체과,광주광역시,,,,2025-07-10 15:28:17,2026-01-01 00:00:00,3,온통청년_OPEN_API_getPlcy,전북,반도체 특성화 대학 지원 개방형 반도체 융합전공을 통한 반도체 특화전문 인재 양성 교육지원 직무교육
전북,"52000,45000",20250710005400211169,정보보호 특성화 대학 지원,교육지원,"디지털전환 대비, 우리지역 AI기반 정보보호 인재양성을 통해 AI 융합 인재 양성의 다변화와 지역 사이버보안 역량 강화를 위한 전문인력 배출","전남대학교 인공지능학부 재학생(3학년~4학년) 대상 AI기술을 활용한 정보보호 분야(사고대응) 특성화 인재 양성 - (교육 인프라 구축) 첨단 보안 실습장비, 교육 및 연구 전용공간 구축 - (정보보호 교육) 전공신설, 교육 커리큘럼 준비 및 교육시행 등 - (산학 인력양성) 실무교육, 사고대응 실습플랫폼 구축, 인턴십 등",교육,미래역량강화,"일자리, 직무교육",일자리,,2024~2028,20세~30세 / 연령제한:N 0043001 0 0 0011009 0013010 0049005 0055003,20세~30세 / 연령제한:N,0043001 0 0,"ㅇ 인공지능 정보보안 전공 모집 (재학 3학년 대상 30명, 4학년 30명) - 인공지능 보안 전공 교과과정 운영, 사이버보안 실습 수행",,AI반도체과,광주광역시,,,,2025-07-10 15:25:42,2026-01-01 00:00:00,3,온통청년_OPEN_API_getPlcy,전북,정보보호 특성화 대학 지원 디지털전환 대비 우리지역 AI기반 정보보호 인재양성을 통해 AI 융합 인재 양성의 다변화와 지역 사이버보안 역량 강화를 위한 전문인력 배출 교육지원 일자리
전북,"52000,45000",20250710005400211168,인공지능대학원 지원,교육지원,"광주 인공지능 산업융합 집적단지에 필요한 고급인재 양성으로 국가 경쟁력 향상, 지역균형 발전 및 미래 일자리 창출 기반 마련","세계적 수준의 AI 분야 석·박사급 인재 양성 GIST 인공지능대학원 신설 및 운영 · (AI 융합인재 양성) 석·박사통합, 박사과정 신입생 선발, 첨단 연구분야 소개 및 우수학생 유치를 위한 AI 오픈랩 운영 등 · (협업 프로그램 운영) 교육 생태계를 통한 협업(AXEL Together), 산·학·관·연 협업(AXEL Triangle), 글로벌 협업(AXEL Beyond) 등",교육,미래역량강화,"일자리, 직무교육",일자리,,20191001 ~ 20281231,0세~0세 / 연령제한:Y 0043001 0 0 AI 대학원생 및 학부생 0011009 0013010 0049007 0055003,0세~0세 / 연령제한:Y,0043001 0 0,"AI 대학원 및 학부 입학, 프로그램 이수",,AI반도체과,광주광역시,,,,2025-07-10 15:15:42,2026-01-01 00:00:00,3,온통청년_OPEN_API_getPlcy,전북,인공지능대학원 지원 광주 인공지능 산업융합 집적단지에 필요한 고급인재 양성으로 국가 경쟁력 향상 지역균형 발전 및 미래 일자리 창출 기반 마련 교육지원 일자리
전북,"52000,45000",20250710005400211162,2025년 군산시 신혼부부 주택 전세자금 대출이자 지원사업,"주거지원,대출",무주택 신혼부부의 주거마련 비용 부담 완화를 위해 전세자금 대출이자를 지원,"전세 임차보증금의 대출잔액 이율(최대 2%) 해당 금액 세대당 최대 연간 200만원(월 최대 166,670원) 이내로 지원 횟수는 3회(3년)를 초과하지 않음. ※ 대출 이율이 2% 미만일 경우 실제 대출금리 적용",주거,전월세 및 주거급여 지원,주거지원,주거지원,20250121 ~ 20251210,상시,"0세~0세 / 연령제한:Y 0043003 0 0 부부합산소득 연 8000만원 이하 공고일 기준 아래의 조건을 모두 충족하는 가구 - 부부 모두 군산시에 주민등록을 두고, 공고일 이전까지 혼인신고를 마친 자 - 부부 모두 무주택자로서 혼인신고일 기준 5년 이내 신혼부부 - 부부합산소득 연8,000만원 이하로 금융권에 주택 전세자금 대출을 받은 자 - 임대보증금 3억 이내, 전용면적 85㎡ 이하 주택에 신청인(또는 배우자)이 임대차계약을 체결한 가구 - 임대차계약서는 주택소유자(부부의 직계존비속 제외)와 신청인(또는 배우자) 계약으로 한정 - 국민기초생활보방법 제7조에 따른 급여를 받는 수급자 중 생계·의료·주거급여 수급자 - 공공주택 특별법 시행령 제2조 각 호의 어느 하나에 해당하는 공공임대(국민임대주택, 영구임대주택, 장기전세주택, 행복주택, 매입임대주택, 전세임대주택 등) 거주자 - 불법건축물에 거주하는 경우 - 주택공급에 관한 규칙 제2조제7호에 따라 “당첨자(분양권 등)”에 해당하는 경우 - 그 밖에 시장이 정하는 기준에 해당하지 않을 경우 0011009 0013010 0049010 0055001",0세~0세 / 연령제한:Y,0043003 0 0 부부합산소득 연 8000만원 이하,"접수장소 : 주소지 행정복지센터 방문 신청 접수 접수방법 : 세대주 본인 및 세대원 방문 접수 제외 대상자 - 국민기초생활보방법 제7조에 따른 급여를 받는 수급자 중 생계·의료·주거급여 수급자 - 공공주택 특별법 시행령 제2조 각 호의 어느 하나에 해당하는 공공임대(국민임대주택, 영구임대주택, 장기전세주택, 행복주택, 매입임대주택, 전세임대주택 등) 거주자 - 불법건축물에 거주하는 경우 - 주택공급에 관한 규칙 제2조제7호에 따라 “당첨자(분양권 등)”에 해당하는 경우 -그 밖에 시장이 정하는 기준에 해당하지 않을 경우","- 군산시 신혼부부 전세자금 대출이자 지원 신청서 - 군산시 신혼부부 전세자금 대출이자 지원서약서 및 동의서 - 주택전세자금 대출을 확인할 수 있는 서류 : 금융거래확인서(대출용도, 대출기간, 대출금액, 대출금리 표시) 등 필요시 추가서류 제출 - 전세계약서, 신분증, 지급통장사본 - 주민등록등본, 가족관계증명서(부부모두), 혼인관계증명서",군산시,전북특별자치도 군산시,,,,2025-07-10 11:41:00,2025-07-10 15:31:31,3,온통청년_OPEN_API_getPlcy,전북,2025년 군산시 신혼부부 주택 전세자금 대출이자 지원사업 무주택 신혼부부의 주거마련 비용 부담 완화를 위해 전세자금 대출이자를 지원 주거지원 대출 주거지원
전북,"52000,45000",20250710005400211161,2025년 군산시 청년기업 인증사업,"중소기업,벤처",군산시 청년기업을 발굴·인증함으로써 미래성장 원동력인 청년들의 기업 활동을 촉진하기 위한 사업,청년기업 인증 혜택 ① 시 관련 조례에 따른 중소기업육성기금 등 자금지원 우대 ② 「지방자치단체를 당사자로 하는 계약에 관한 법률」 제9조제1항에 따른 수의계약 참여 시 우대 ③ 청년기업의 신제품 개발 및 신기술·정보의 제공 ④ 청년기업 제품의 구매 촉진 및 판로를 위한 지원 ⑤ 그 밖에 청년기업을 위하여 시장이 필요하다고 인정하는 사업,일자리,취업,"일자리, 창업지원, 참여 프로그램",일자리,20250214 ~ 20251231,상시,18세~39세 / 연령제한:N 0043003 0 0 중소기업확인 0011009 0013009 0049010 0055003,18세~39세 / 연령제한:N,0043003 0 0 중소기업확인,신청 및 접수 ❍ 신청기간 : 매월(15 ~ 31일) 신청 ❍ 신청방법 : 군산시청 기업지원과 방문신청,❍ 신청 구비서류 (공고문 첨부 확인) ① 청년기업 인증 신청서 ② 개인정보 수집 및 이용 동의서 ③ 대표자 주민등록등본 ④ 사업자등록증 사본 또는 법인등기부등본(법인인 경우) ⑤ 중소기업확인서,군산시,전북특별자치도 군산시,,,,2025-07-10 11:18:40,2025-07-10 15:30:49,3,온통청년_OPEN_API_getPlcy,전북,2025년 군산시 청년기업 인증사업 군산시 청년기업을 발굴 인증함으로써 미래성장 원동력인 청년들의 기업 활동을 촉진하기 위한 사업 중소기업 벤처 일자리
전북,"52000,45000",20250704005400111154,마을기업 육성사업,보조금,지역주민이 각종 지역자원을 활용한 수익사업을 통해 소득 및 일자리를 창출 등 지역문제를 해결,"마을기업 직접지원(1~3차) 및 기획전, 품평회 등 간접지원",일자리,창업,"일자리, 창업지원",일자리,20250704 ~ 20301231,20250704 ~ 20301204,0세~0세 / 연령제한:Y 0043001 0 0 0011009 0013006 0049010 0055003,0세~0세 / 연령제한:Y,0043001 0 0,신청공고,공고시 안내,행정안전부,행정안전부,,https://www.mois.go.kr/frt/sub/a06/b06/village/screen.do,,2025-07-04 15:49:44,2025-07-04 17:05:17,3,온통청년_OPEN_API_getPlcy,전북,마을기업 육성사업 지역주민이 각종 지역자원을 활용한 수익사업을 통해 소득 및 일자리를 창출 등 지역문제를 해결 보조금 일자리
전북,"52000,45000",20250703005400111146,청년 유입 및 체류 지원,"보조금,교육지원,맞춤형상담서비스","청년들에게 지역 살아보기, 일거리 실험 및 활동 공간 마련 등의 기회를 제공해 지역에 청년들이 모이는 마을 조성","지역 청년이 주도하여 도시 청년들을 대상으로 지역 살아보기, 일거리 실험 및 교류 행사 등 청년 유입 프로그램 운영",참여･기반,청년참여,"직무교육, 복지, 참여 프로그램",직무교육,,20260401 ~ 20261130,19세~34세 / 연령제한:N 0043001 0 0 0011009 0013010 0049010 0055003,19세~34세 / 연령제한:N,0043001 0 0,청년마을 누리집 또는 인스타그램을 통해 참여 신청,,행정안전부,행정안전부,https://localro.co.kr/program,https://localro.co.kr/,,2025-07-03 09:35:33,2026-05-26 19:46:52,3,온통청년_OPEN_API_getPlcy,전북,청년 유입 및 체류 지원 청년들에게 지역 살아보기 일거리 실험 및 활동 공간 마련 등의 기회를 제공해 지역에 청년들이 모이는 마을 조성 보조금 교육지원 맞춤형상담서비스 직무교육
전북,"52000,45000",20250702005400111145,산림산업 현장 맞춤형 인재양성(R&D),교육지원,"기업, 협단체 등 현장에서 필요한 기술을 대학 등이 타 기관과 공동으로 거버넌스를 구성하여 현장 연구사업과 교육 프로그램을 병행하여 산업계에 맞춤형 인력을 배출하는 산림청 출연 R&D 세부사업임. 산림청 고유 임무인 6가지(조림, 산불, 산사태, 병해충, 목재, 단기소득임산물) 과제에 지원","1. 조림: 지능형 적지적수, 기후변화 대응 숲가꾸기 기술개발 등 2. 산불: 산불행동예측 향상 및 AI 기반 산불 대응 기술개발 등 3. 산사태: 물리기반 산사태 위험도 모델개발 및 피해저감 시스템 개발 등 4. 병해충: 원격탐사 기술 기반 병해충 감영목 탐지기술 및 효율적 방제기술 개발 5. 목재: 한국형 건축구조재 개발 및 OSC 양산 프로세스 구축/테스트 기반 통합 실증 6. 단기소득임산물: 고품질 단기소득임산물 생산, 표준화 기술개발 및 주요 임산물 기능성 분석",교육,미래역량강화,직무교육,직무교육,20240205 ~ 20240222,20240401 ~ 20281231,18세~30세 / 연령제한:N 0043001 0 0 산림분야전공 대학생 없음. 0011007 0013010 0049005 0055003,18세~30세 / 연령제한:N,0043001 0 0,범부처통합연구지원시스템(IRIS) 활용,,산림정책과,산림청 산림산업정책국 산림정책과,,,,2025-07-02 20:03:50,2025-07-03 17:38:09,3,온통청년_OPEN_API_getPlcy,전북,산림산업 현장 맞춤형 인재양성 R D 기업 협단체 등 현장에서 필요한 기술을 대학 등이 타 기관과 공동으로 거버넌스를 구성하여 현장 연구사업과 교육 프로그램을 병행하여 산업계에 맞춤형 인력을 배출하는 산림청 출연 R D 세부사업임 산림청 고유 임무인 6가지 조림 산불 산사태 병해충 목재 단기소득임산물 과제에 지원 교육지원 직무교육
전북,"52000,45000",20250702005400111144,디지털정부 Young Frontier 교육,교육지원,"한국의 디지털정부, ICT 기본소양, 국제개발협력 등을 함양하여 국내외에 홍보, 전수할 수 있는 미래 해외진출 디지털정부 전문가 양성",디지털 정부의 성과 및 체계를 학습 AI의 최신 동향 및 활용교육을 통해 교육생의 실무활용 능력과 AI 기반 문제해결 역량 강화 디지털정부 분야 개발협력 전문가로의 진로탐색과 역량 개발 지원,교육,미래역량강화,직무교육,직무교육,20250703 ~ 20250722,20250804 ~ 20250807,19세~34세 / 연령제한:N 0043001 0 0 0011009 0013010 0049010 0055003,19세~34세 / 연령제한:N,0043001 0 0,,,행정안전부,한국지능정보사회진흥원,https://www.nia.or.kr/site/nia_kor/ex/bbs/View.do?cbIdx=99835&bcIdx=28298&parentSeq=28298,,,2025-07-02 18:07:39,2025-07-03 18:00:59,3,온통청년_OPEN_API_getPlcy,전북,디지털정부 Young Frontier 교육 한국의 디지털정부 ICT 기본소양 국제개발협력 등을 함양하여 국내외에 홍보 전수할 수 있는 미래 해외진출 디지털정부 전문가 양성 교육지원 직무교육
전북,"52000,45000",20250701005400111142,2030 자문단,인턴,통일부 정책 전반에 청년의 의견을 반영하기 위한 청년정책자문기구,"o모집분야 : '통일부 2030자문단' 단원 o임기 : 2025. 1. 1. ~ 2025. 12. 31. (1년) o활동내용 - 정책제안 및 자문 - 청년세대 여론 수렴 및 전달 o지원내용 -자문단 공식 활동(회의, 행사 참석, 홍보 등)에 대한 소정의 수당 지급 -기타 자문단 활동에 소요되는 경비(여비 등) 지원 -통일부 장관 명의 위촉장 및 활동 증명서 발급",참여권리,청년참여,"일자리, 복지, 참여 프로그램",일자리,20241122 ~ 20241206,20250101 ~ 20251231,19세~39세 / 연령제한:N 0043001 0 0 0011009 0013010 0049010 0055003,19세~39세 / 연령제한:N,0043001 0 0,,,통일부,기획조정실,https://www.2030db.go.kr/user/ntt/BBS_0000000000000005/NTT_0000000000000330/selectNttDetail.do,,,2025-07-01 18:05:11,2025-07-21 15:20:01,3,온통청년_OPEN_API_getPlcy,전북,2030 자문단 통일부 정책 전반에 청년의 의견을 반영하기 위한 청년정책자문기구 인턴 일자리
전북,"52000,45000",20250627005400111140,청년 1인가구 사회적관계망 형성지원,맞춤형상담서비스,"가족센터를 중심으로 청년 1인가구의 고독, 고립 등 방지를 위한 사회적 관계망 지원","청년 1인가구를 대상으로 고독,고립 예방과 문제 해결을 위한 심리정서 상담 지원, 돌봄지원, 사회적 관계망 지원 및 사례관리 등 추진",복지문화,취약계층 및 금융지원,복지,복지,,계속사업,0세~0세 / 연령제한:Y 0043001 0 0 0011009 0013010 0049010 0055003,0세~0세 / 연령제한:Y,0043001 0 0,가족센터 대표번호(1577-9337)로 연락 혹은 가족센터 홈페이지에서 청년 관련 프로그램 검색 및 해당 프로그램 신청,,가족정책과,여성가족부 청소년가족정책실 가족정책과,https://familynet.or.kr,,,2025-06-27 17:17:53,2026-01-01 00:00:00,3,온통청년_OPEN_API_getPlcy,전북,청년 1인가구 사회적관계망 형성지원 가족센터를 중심으로 청년 1인가구의 고독 고립 등 방지를 위한 사회적 관계망 지원 맞춤형상담서비스 복지
전북,"52000,45000",20250626005400111138,이주배경청년(청소년)지원,교육지원,이주배경청(소)년의 사회적응을 위한 교육 등 지원,"이주배경청(소)년 진로역량 강화, 심리정서 지원, 다문화감수성 증진 프로그램 운영 등",복지문화,취약계층 및 금융지원,"직무교육, 복지",직무교육,,상시,8세~24세 / 연령제한:N 0043001 0 0 0011009 0013010 0049010 0055003,8세~24세 / 연령제한:N,0043001 0 0,이주배경청소년지원재단 홈페이지 참조,이주배경청소년지원재단 홈페이지 참조,학교밖청소년지원과,여성가족부 청소년가족정책실 학교밖청소년지원과,https://www.rainbowyouth.or.kr/,,,2025-06-26 10:07:27,2026-01-01 00:00:00,3,온통청년_OPEN_API_getPlcy,전북,이주배경청년 청소년 지원 이주배경청 소 년의 사회적응을 위한 교육 등 지원 교육지원 직무교육
전북,"52000,45000",20250626005400111137,학교 밖 청소년 온라인 지원 강화,교육지원,"비대면, 온라인 환경에 익숙한 청소년을 고려하여, 메타버스 기반 플랫폼인 꿈드림ON을 통해 체계적인 온라인 통합서비스 제공","학교 밖 청소년 대상 온라인 콘텐츠 및 프로그램 개발 및 보급, 메타버스 기반 꿈드림ON운영 및 서비스 제공","교육,교육","미래역량강화,온라인교육",직무교육,직무교육,,상시,9세~24세 / 연령제한:N 0043001 0 0 학교 밖 청소년 0011009 0013010 0049009 0055003,9세~24세 / 연령제한:N,0043001 0 0,"청소년상담1388(유선: 지역번호+1388, 온라인 : https://1388.go.kr) 또는 지역 학교밖청소년지원센터 문의",해당없음,여성가족부,여성가족부 청소년가족정책실 학교밖청소년지원과,https://1388.go.kr,,,2025-06-26 09:49:11,2026-01-01 00:00:00,3,온통청년_OPEN_API_getPlcy,전북,학교 밖 청소년 온라인 지원 강화 비대면 온라인 환경에 익숙한 청소년을 고려하여 메타버스 기반 플랫폼인 꿈드림ON을 통해 체계적인 온라인 통합서비스 제공 교육지원 직무교육
전북,"52000,45000",20250625005400111136,해외산림청년인재 육성,"해외진출,인턴",산림분야 해외 근무지 파견을 통한 글로벌 인재 육성,"o 해외산림청년인재 파견 지원 - 체재비, 항공료, 파견준비비 등 o 해외산림청년인재 역량강화 - 안전교육, 어학교육, 전공교육, 현장학습 등",일자리,취업,"일자리, 직무교육",일자리,,20250116 ~ 20251211,"19세~34세 / 연령제한:N 0043001 0 0 0011007,0011008 0013003 0049004,0049006,0049007 0055003",19세~34세 / 연령제한:N,0043001 0 0,,,해외자원담당관,산림청 국제산림협력관 해외자원담당관,,https://ofiis.kofpi.or.kr/overseasForest_intern.do,,2025-06-25 13:52:44,2026-01-01 00:00:00,3,온통청년_OPEN_API_getPlcy,전북,해외산림청년인재 육성 산림분야 해외 근무지 파견을 통한 글로벌 인재 육성 해외진출 인턴 일자리
전북,"52000,45000",20250625005400111135,청년 직장 성폭력 근절,교육지원,"교육기회, 접근성 부족 청년 등 대상 찾아가는 폭력예방교육 실시","(목적) 교육 기회 및 접근성 부족 청년 등 대상 찾아가는 폭력예방교육 실시를 통한 직장 내 성폭력 예방 인식 확산 지원 (주요내용) 소규모 사업장 소속 사회초년생, 취업 준비 청년 등 교육 기회 및 접근성 부족 청년 대상 찾아가는 폭력예방교육 실시",일자리,재직자,"일자리, 직무교육",일자리,,'13년도~계속,0세~0세 / 연령제한:Y 0043001 0 0 0011009 0013010 0049010 0055003,0세~0세 / 연령제한:Y,0043001 0 0,,,폭력예방교육과,여성가족부,,https://shp.mogef.go.kr/shp/front/anony/suport/anonySuportPreventionEdu.do?menuNo=84010100,,2025-06-25 13:51:00,2026-01-01 00:00:00,3,온통청년_OPEN_API_getPlcy,전북,청년 직장 성폭력 근절 교육기회 접근성 부족 청년 등 대상 찾아가는 폭력예방교육 실시 교육지원 일자리
전북,"52000,45000",20250625005400111134,위기청년 자립지원(시설퇴소청소년 자립지원수당 지원),보조금,"청소년복지시설 퇴소청소년에게 최장 5년, 월 50만원 자립지원수당 지원","청소년복지시설 퇴소청소년에게 최장 5년, 월 50만원 자립지원수당을 지급하여 안정적인 자립기반 마련 지원 - 대상 : 만 18세 이후 퇴소하여 퇴소일(또는) 사례관리일 기준, 쉼터 입소기간 또는 청소년자립지원관 사례관리 기간을 합산하여 과거 3년 동안 2년 이상 보호받은 자(직전 6개월은 연속하여 보호받았을 것)",복지문화,취약계층 및 금융지원,복지,복지,,별도 종료 시기 없음,18세~29세 / 연령제한:N 0043001 0 0 0011009 0013010 0049010 0055003,18세~29세 / 연령제한:N,0043001 0 0,"시설퇴소청소년의 최종 쉼터, 자립지원관에서 대상 청소년 추천(상담, 안내, 서류발급, 공문추천)",1) 자립지원수당 지급신청서 2) 자립계획서 3) 입퇴소 확인서 4) 주민등록등본 및 신분증 사본 (청소년사업안내(2) 476~480P),청소년자립지원과,여성가족부 청소년가족정책실,,https://1388.go.kr,,2025-06-25 11:30:21,2026-01-01 00:00:00,3,온통청년_OPEN_API_getPlcy,전북,위기청년 자립지원 시설퇴소청소년 자립지원수당 지원 청소년복지시설 퇴소청소년에게 최장 5년 월 50만원 자립지원수당 지원 보조금 복지
전북,"52000,45000",20250624005400111131,창조경제혁신센터 멘토링 프로그램 운영,벤처,창조경제혁신센터를 통해 분야별 전문가 멘토링 및 창업상담 제공,창조경제혁신센터를 통해 분야별 전문가 멘토링 및 창업상담 제공,일자리,창업,"일자리, 직무교육, 창업지원, 복지, 참여 프로그램",일자리,,계속,0세~0세 / 연령제한:Y 0043001 0 0 0011009 0013006 0049010 0055003,0세~0세 / 연령제한:Y,0043001 0 0,,,중소벤처기업부,중소벤처기업부,,https://ccei.creativekorea.or.kr/,,2025-06-24 17:09:33,2026-01-01 00:00:00,3,온통청년_OPEN_API_getPlcy,전북,창조경제혁신센터 멘토링 프로그램 운영 창조경제혁신센터를 통해 분야별 전문가 멘토링 및 창업상담 제공 벤처 일자리
전북,"52000,45000",20250624005400111130,청년창업기업 보증,"대출,벤처",청년창업기업 맞춤형 보증지원,"청년창업기업에 대한 보증료 감면, 보증비율 상향, 산정특례 등",일자리,창업,"일자리, 창업지원",일자리,,계속,17세~39세 / 연령제한:N 0043001 0 0 0011009 0013006 0049010 0055003,17세~39세 / 연령제한:N,0043001 0 0,,,중소벤처기업부,중소벤처기업부,,https://www.kibo.or.kr/dbranch/index.do,,2025-06-24 16:48:23,2026-01-01 00:00:00,3,온통청년_OPEN_API_getPlcy,전북,청년창업기업 보증 청년창업기업 맞춤형 보증지원 대출 벤처 일자리
전북,"52000,45000",20250624005400111129,청년전용창업자금,"벤처,중소기업",청년창업기업 성장을 위한 자금 지원,"신용 및 담보력이 부족한 청년 창업가를 대상으로 원부자재 구임, 인건비, 시설자금 등 융자 지원",일자리,창업,"일자리, 창업지원",일자리,,계속,0세~39세 / 연령제한:N 0043001 0 0 0011009 0013006 0049010 0055003,0세~39세 / 연령제한:N,0043001 0 0,,,중소벤처기업부,중소벤처기업부,,https://digital.kosmes.or.kr/dh/map/main.do,,2025-06-24 16:41:05,2026-01-01 00:00:00,3,온통청년_OPEN_API_getPlcy,전북,청년전용창업자금 청년창업기업 성장을 위한 자금 지원 벤처 중소기업 일자리
전북,"52000,45000",20250624005400111128,제조창업활성화(메이커스페이스 지원),"벤처,중소기업",메이커 저변확대 및 제조창업 촉진을 위한 사업비 지원,메이커 스페이스 공간 및 시제품 제작 등 제조창업활성화 지원,일자리,창업,"일자리, 창업지원",일자리,,계속,0세~0세 / 연령제한:Y 0043001 0 0 0011009 0013006 0049010 0055003,0세~0세 / 연령제한:Y,0043001 0 0,,,중소벤처기업부,중소벤처기업부,,https://ccei.creativekorea.or.kr/,,2025-06-24 16:37:09,2026-01-01 00:00:00,3,온통청년_OPEN_API_getPlcy,전북,제조창업활성화 메이커스페이스 지원 메이커 저변확대 및 제조창업 촉진을 위한 사업비 지원 벤처 중소기업 일자리
전북,"52000,45000",20250624005400111127,TIPS(팁스) 프로그램,벤처,"유망 기술창업기업의 사업화, 마케팅 자금 지원","창업기획자, 초기전문 VC 등 민간이 발굴한 유망 기술창업기업 지원",일자리,창업,"일자리, 직무교육, 창업지원",일자리,,계속,0세~0세 / 연령제한:Y 0043001 0 0 0011009 0013006 0049010 0055003,0세~0세 / 연령제한:Y,0043001 0 0,,,중소벤처기업부,중소벤처기업부,,https://www.k-startup.go.kr/,,2025-06-24 16:33:18,2026-01-01 00:00:00,3,온통청년_OPEN_API_getPlcy,전북,TIPS 팁스 프로그램 유망 기술창업기업의 사업화 마케팅 자금 지원 벤처 일자리
전북,"52000,45000",20250624005400111124,방위산업 전문인력 양성 지원사업,"중소기업,교육지원,맞춤형상담서비스",산업 현장의 수요에 기반한 전문인력 양성 및 청년 일자리 창출을 통해 방위산업의 발전 생태계 조성을 지원하는 사업,○ (인력양성) 청년층 대상 방위산업 전문교육 운영 및 취업연계 지원 - (연구개발인력) 방위산업 계약학과 석·박사 학위과정 운영('25년 기준 국방우주 및 국방무인로봇·AI 분야 학과운영) - (실무·기능인력) 대졸미취업자 대상 방산 전문교육과정(6개월) 및 직업계고 학생 대상 기업맞춤형 방산 교육과정(120hr) 운영,일자리,취업,"일자리, 직무교육, 복지",일자리,,주관기관 운영 협약 기간에 따름,"19세~34세 / 연령제한:N 0043001 0 0 0011009 0013001,0013003,0013009 0049002,0049007,0049008 0055003",19세~34세 / 연령제한:N,0043001 0 0,,,방위사업청,국방기술진흥연구소,,https://krit.re.kr/krit/contents.do?gotoMenuNo=02021100,https://www.changwon.ac.kr/kor/na/ntt/selectNttInfo.do?mi=10177&nttSn=1371878,2025-06-24 15:40:47,2026-01-01 00:00:00,3,온통청년_OPEN_API_getPlcy,전북,방위산업 전문인력 양성 지원사업 산업 현장의 수요에 기반한 전문인력 양성 및 청년 일자리 창출을 통해 방위산업의 발전 생태계 조성을 지원하는 사업 중소기업 교육지원 맞춤형상담서비스 일자리
전북,"52000,45000",20250623005400111122,청년 기술평가체험단,"중소기업,벤처",청년구직자의 취업역량 제고와 중소기업에 대한 인식개선을 위해 중소기업 기술평가 현장 탐방 지원,기술보증기금 기업 평가 과정 체험 지원,일자리,취업,"일자리, 직무교육, 창업지원",일자리,,계속,0세~0세 / 연령제한:Y 0043001 0 0 0011009 0013003 0049010 0055003,0세~0세 / 연령제한:Y,0043001 0 0,,,중소벤처기업부,중소벤처기업부,,https://www.kibo.or.kr/main/index.do,,2025-06-23 18:07:34,2026-01-01 00:00:00,3,온통청년_OPEN_API_getPlcy,전북,청년 기술평가체험단 청년구직자의 취업역량 제고와 중소기업에 대한 인식개선을 위해 중소기업 기술평가 현장 탐방 지원 중소기업 벤처 일자리
전북,"52000,45000",20250623005400111121,기업인력애로센터,"벤처,중소기업",구인애로 중소기업을 발굴하고 청년구직자와 취업매칭,기업인력애로센터를 통해 청년구직자의 중소기업 채용 정보 제공,일자리,취업,"일자리, 창업지원",일자리,,계속,0세~0세 / 연령제한:Y 0043001 0 0 0011009 0013003 0049010 0055003,0세~0세 / 연령제한:Y,0043001 0 0,,,중소벤처기업부,중소벤처기업부,,https://job.kosmes.or.kr/main/main.do,,2025-06-23 18:03:22,2026-01-01 00:00:00,3,온통청년_OPEN_API_getPlcy,전북,기업인력애로센터 구인애로 중소기업을 발굴하고 청년구직자와 취업매칭 벤처 중소기업 일자리
전북,"52000,45000",20250623005400111120,벤처기업경쟁력강화사업,중소기업,우수한 벤처기업이 공동으로 청년 신규직원 채용 및 교육훈련 지원,"(공동채용) 벤처기업 채용박람회, 기업탐방 등을 통해 청년 구직자와 벤처기업 채용 연계 (공동훈련) 신입직원 직무역량 강화 교육",일자리,취업,"일자리, 직무교육, 창업지원",일자리,,계속,0세~0세 / 연령제한:Y 0043001 0 0 0011009 0013003 0049010 0055003,0세~0세 / 연령제한:Y,0043001 0 0,,,중소벤처기업부,중소벤처기업부,,https://www.gov.kr/portal/rcvfvrSvc/dtlEx/SD0000010429,,2025-06-23 17:34:44,2026-01-01 00:00:00,3,온통청년_OPEN_API_getPlcy,전북,벤처기업경쟁력강화사업 우수한 벤처기업이 공동으로 청년 신규직원 채용 및 교육훈련 지원 중소기업 일자리
전북,"52000,45000",20250623005400111119,스마트제조인력양성,중소기업,스마트공장 전문인력 양성,산학융합지구 내 대학 캠퍼스에 스마트랩을 구축·활용하여 스마트공장 핵심 분야 교육과정 운영,일자리,취업,"일자리, 직무교육",일자리,,상시,0세~0세 / 연령제한:Y 0043001 0 0 0011009 0013010 0049010 0055003,0세~0세 / 연령제한:Y,0043001 0 0,,,중소벤처기업부,중소벤처기업부,,,,2025-06-23 17:27:59,2026-01-01 00:00:00,3,온통청년_OPEN_API_getPlcy,전북,스마트제조인력양성 스마트공장 전문인력 양성 중소기업 일자리
전북,"52000,45000",20250623005400111117,기술사관 육성,중소기업,직업계고(2년) + 전문대(2년) 연계 교육을 통해 중소기업의 현장전문기술인력을 양성,직업계고(2년) + 전문대(2년) 연계 교육,일자리,취업,"일자리, 직무교육",일자리,,상시,0세~0세 / 연령제한:Y 0043001 0 0 0011009 0013003 0049010 0055003,0세~0세 / 연령제한:Y,0043001 0 0,,,중소벤처기업부,중소벤처기업부,,https://www.smes.go.kr/sanhakin/#w2xPath=/wqxml/cmn/menu/MAIN_new.xml&mainType=1,,2025-06-23 17:20:38,2026-01-01 00:00:00,3,온통청년_OPEN_API_getPlcy,전북,기술사관 육성 직업계고 2년 전문대 2년 연계 교육을 통해 중소기업의 현장전문기술인력을 양성 중소기업 일자리
전북,"52000,45000",20250623005400111116,중소기업 계약학과,중소기업,중소기업 근로자 대상으로 산업계 수요를 반영한 학위과정 운영,중소기업 재직자 학위 과정 지원,일자리,취업,일자리,일자리,,상시,0세~0세 / 연령제한:Y 0043001 0 0 0011009 0013001 0049010 0055003,0세~0세 / 연령제한:Y,0043001 0 0,,,중소벤처기업부,중소벤처기업부,,https://www.smes.go.kr/sanhakin/#w2xPath=/wqxml/cmn/menu/intro.xml,,2025-06-23 17:18:13,2026-01-01 00:00:00,3,온통청년_OPEN_API_getPlcy,전북,중소기업 계약학과 중소기업 근로자 대상으로 산업계 수요를 반영한 학위과정 운영 중소기업 일자리
전북,"52000,45000",20250623005400111114,청년 1인가구 사회적 관계망 형성 지원,교육지원,"청년 1인가구의 고독, 고립 등 방지를 위한 사회적 관계망 지원",가족센터를 중심으로 1인가구 대상 프로그램을 다양화하여 지원,복지문화,취약계층 및 금융지원,"직무교육, 복지",직무교육,,당해 연도,0세~0세 / 연령제한:Y 0043001 0 0 0011009 0013010 0049010 0055003,0세~0세 / 연령제한:Y,0043001 0 0,,,가족정책과,여성가족부 기획조정실 기획재정담당관,,,,2025-06-23 15:32:17,2026-01-01 00:00:00,3,온통청년_OPEN_API_getPlcy,전북,청년 1인가구 사회적 관계망 형성 지원 청년 1인가구의 고독 고립 등 방지를 위한 사회적 관계망 지원 교육지원 직무교육
전북,"52000,45000",20250623005400111112,청년한부모 자립 지원(추가아동양육비 지원),청년가장,경제 사회적 자립기반이 취약한 청년 한부모에 대한 추가 아동 양육비 지원 및 양육비 선지급으로 청년 한부모의 자립 지원 강화,ㅇ 추가아동양육비 지원 : 저소득층 청년한부모(25~34세) 대상 아동양육비 추가 지원 - 5세 이하 아동 : 월 10만원 - 6세 이상 18세 미만 아동 : 월 5만원 ㅇ 양육비 선지급 : 양육비 채권을 보유했으나 지급받지 못하는 한부모 대상 양육비 선지급(월 20만원),복지문화,취약계층 및 금융지원,복지,복지,,당해 연도,25세~34세 / 연령제한:N 0043001 0 0 0011009 0013010 0049010 0055003,25세~34세 / 연령제한:N,0043001 0 0,(추가아동양육비) - 읍면동 주민센터(행복복지센터)에 방문하거나 온라인(복지로)으로 신청,"(추가아동양육비) - 사회복지서비스 및 급여 제공(변경) 신청서 - 소득재산 신고서 - 금융정보 등 제공동의서 - 임대차계약서, 제적등본, 외국인등록사실증명서 등(해당자에 한함)",가족지원과,여성가족부 기획조정실 기획재정담당관,http://www.bokjiro.go.kr,,,2025-06-23 15:25:55,2026-01-01 00:00:00,3,온통청년_OPEN_API_getPlcy,전북,청년한부모 자립 지원 추가아동양육비 지원 경제 사회적 자립기반이 취약한 청년 한부모에 대한 추가 아동 양육비 지원 및 양육비 선지급으로 청년 한부모의 자립 지원 강화 청년가장 복지
전북,"52000,45000",20250623005400111110,경력단절 예방 지원 강화,교육지원,ㅇ 청년여성의 직업의식 제고 및 장기적 경력개발 설계 등을 통한 선제적 경력단절예방 지원,"(구직준비지원) 대학생, 특성화고생 등 청년 구직여성 대상으로 경력개발 상담, 진로 지도, 직업의식 교육 등 취업 초기 지원 (경력단절예방지원) 청년 재직여성의 직장 적응 및 임식 육아 등에 따른 인사노무 상담, 복귀 지원 교육 등 경력유지 지원",일자리,취업,"일자리, 직무교육, 복지",일자리,,당해 연도,0세~0세 / 연령제한:Y 0043001 0 0 0011009 0013010 0049010 0055003,0세~0세 / 연령제한:Y,0043001 0 0,,,경력단절여성지원과,여성가족부 기획조정실 기획재정담당관,,https://saeil.mogef.go.kr/hom/prevent/prevent01.do,https://jongno.seoulwomanup.or.kr/jongno/common/cntnts/selectContents.do?cntnts_id=D2400021,2025-06-23 15:10:47,2026-01-01 00:00:00,3,온통청년_OPEN_API_getPlcy,전북,경력단절 예방 지원 강화 청년여성의 직업의식 제고 및 장기적 경력개발 설계 등을 통한 선제적 경력단절예방 지원 교육지원 일자리
전북,"52000,45000",20250623005400111109,청년 등 기업가 대상 중소기업 법률 서비스 지원,중소기업,지원단 변호사가 중소기업을 위한 법률서비스를 제공할 경우 법률지원단이 비용 일부 지원,"2009년 1월부터 운영된 「9988 중소기업 법률지원단」과 2015년 4월부터 운영된 「창조경제혁신센터 법률지원단」이 2024년 6월부터 「법무부 중소기업 법률지원단」으로 통합되어 운영되고 있다. 이 지원단은 중소기업과 소상공인을 대상으로 법률자문과 소송지원을 제공하며, 일반 기업에는 자문 최대 100만 원, 소송 최대 200만 원까지 지원한다. 다만 2025년 6월 2일부터는 「1인 창조기업 육성에 관한 법률 시행령」 제2조 제3항에 따른 청년기업의 경우에는 자문 최대 200만 원, 소송 최대 300만 원으로 한도가 상향된다. 청년기업이란 39세 이하 청년이 대표권 있는 임원으로 등기되어 있는 회사(공동대표의 경우 청년이 비청년보다 더 많은 의결권을 보유한 경우) 또는 청년 개인사업자를 말한다. 현재 법률지원단에는 약 102명의 변호사가 활동 중이다.",일자리,창업,"일자리, 창업지원",일자리,,상시,"0세~0세 / 연령제한:Y 0043001 0 0 1. ｢중소기업기본법｣ 제2조에 따른 “중소기업” 2. ｢벤처기업육성에 관한 특별법｣ 제2조의2에 따른 “벤처기업” 3. ｢1인 창조기업 육성에 관한 법률｣ 제2조에 따른 “1인 창조기업” 4. ｢소상공인기본법｣ 제2조에 따른 “소상공인 「1인 창조기업 육성에 관한 법률 시행령」 제2조 제3항 각 호 중 하나를 충족하는 기업(“청년기업”)의 경우 자문료 총액은 200만원, 소송비용 총액은 300만원으로 지원한도 상향 1. 기업경영과 직접 관련이 없는 기업주 개인의 법률문제 2. 형사사건 및 행정사건 3. 근로자 기타 사회적 약자를 상대로 하는 분쟁 4. 그 밖에 법률지원단 법률지원제도의 취지상 지원이 부적절한 사건 0011009 0013010 0049010 0055003",0세~0세 / 연령제한:Y,0043001 0 0,신청사이트 통한 온라인 신청 및 9988law@korea.kr로 서류 제출->적격 심사->심사 통과 시 확인증 발급->지원단 변호사 수임->변호사가 직접 사후적으로 법률비용 지원 신청,"대표자확인서, 사업자등록증, 중소기업확인서, 법인등기부등본(법인의 경우)",상사법무과,상사법무과,https://9988law.com/startlaw,,,2025-06-23 14:50:40,2026-01-01 00:00:00,3,온통청년_OPEN_API_getPlcy,전북,청년 등 기업가 대상 중소기업 법률 서비스 지원 지원단 변호사가 중소기업을 위한 법률서비스를 제공할 경우 법률지원단이 비용 일부 지원 중소기업 일자리
전북,"52000,45000",20250623005400111106,청년 채무조정 제공,신용회복,소득원이 없거나 불안정하여 채무상환에 어려움을 겪는 대학생 및 미취업청년의 채무조정을 지원,"1. 사전채무조정 - (신청대상) 연체 31일 이상 89일 이하 - (분할상환) 최장 10년 원리금분할상환 - (이자율조정) 약정이자율 70% 인하 - (채무감면) 연체이자 전액 감면 - (상환전유예) 최장 3년 상환유예 - (유예이자)상환유예기간 이자 납입(연2%) 2. 개인워크아웃 - (신청대상) 연체 90일 이상 - (분할상환) 최장 10년 원금분할상환 - (이자율조정) 이자 전액 감면 - (채무감면) 이자·연체이자 전액 감면 미상각채권 원금 0~30% 감면, 상각채권 원금 최대 70% 감면 - (상환전유예) 대학생인 경우, 재학기간 상환유예 및 종업 후 취업시까지 최장 4년 상환유예 미취업청년인 경우, 취업시까지 최장 5년 상환유예 - (유예이자) 상환유예기간 이자 납입 면체",복지문화,취약계층 및 금융지원,"일자리, 복지",일자리,,'15년~,0세~34세 / 연령제한:N 0043001 0 0 0011009 0013003 0049010 0055003,0세~34세 / 연령제한:N,0043001 0 0,○ 전국 서민금융통합지원센터 - 문의 : 신용회복위원회 상담센터 ☏ 1600-5500 ○ 신용회복위원회 사이버상담부,,금융소비자국,신용회복위원회,https://cyber.ccrs.or.kr/,https://www.ccrs.or.kr/,https://cyber.ccrs.or.kr/,2025-06-23 11:41:33,2026-01-01 00:00:00,3,온통청년_OPEN_API_getPlcy,전북,청년 채무조정 제공 소득원이 없거나 불안정하여 채무상환에 어려움을 겪는 대학생 및 미취업청년의 채무조정을 지원 신용회복 일자리
전북,"52000,45000",20250623005400111104,청년 SW개발자 커뮤니티 지원 및 멘토단 구성,"장기미취업청년,교육지원",SW개발자 기술공유·소통·협업의 場인 커뮤니티 활동 지원과 청년 SW개발자 멘토단을 구성·운영하여 청년 SW개발자의 역량 강화 유도,청년 SW 개발자 중심의 커뮤니티 활성화 지원 및 멘토단 운영 - (커뮤니티 지원) SW개발자 커뮤니티 활동에 필요한 모임 공간 지원 - (멘토단 운영) 예비 공개SW 개발자의 공개SW 개발 기여 및 최신 기술 습득 등 역량 강화를 위한 리더급 개발자의 멘토 활동 지원,교육,미래역량강화,"일자리, 직무교육, 참여 프로그램",일자리,,"커뮤니티 상시 운영, 멘토단 2~4분기 운영(변동)",0세~0세 / 연령제한:Y 0043001 0 0 0011009 0013010 0049010 0055003,0세~0세 / 연령제한:Y,0043001 0 0,"공개SW포털→공개SW사업→컨트리뷰션아카데미→공지사항, 이메일 접수(contribution_ac@oss.kr)","지원신청서(신청 프로젝트(커뮤니티) 정보, 운영 방안, 개인정보수집·이용 동의서 등)",과학기술정보통신부,정보통신산업진흥원,https://www.oss.kr/,,,2025-06-23 10:46:29,2026-01-01 00:00:00,3,온통청년_OPEN_API_getPlcy,전북,청년 SW개발자 커뮤니티 지원 및 멘토단 구성 SW개발자 기술공유 소통 협업의 인 커뮤니티 활동 지원과 청년 SW개발자 멘토단을 구성 운영하여 청년 SW개발자의 역량 강화 유도 장기미취업청년 교육지원 일자리
전북,"52000,45000",20250623005400111103,대학창업펀드 조성,벤처,초기 대학 창업기업에 자금을 공급하여 대학창업기업의 사업화 기반 마련 및 경쟁력 있는 기업으로 성장 지원,"정부는 벤처투자 모태조합(모펀드)을 통해 대학창업펀드(자펀드)에 출자, 대학 등은 약정비율에 따라 출자하여 펀드를 조성하여 대학의 우수 창업기업에 중점투자",일자리,창업,"일자리, 창업지원",일자리,,상시,0세~0세 / 연령제한:Y 0043001 0 0 0011009 0013010 0049010 0055003,0세~0세 / 연령제한:Y,0043001 0 0,공고 → 제안서 접수 → 1차 심의(서류 심사 및 현장 실사) → 2차 심의(운용사 제안서 PT) → 최종 선정,제안서,지역인재정책관,교육부 인재정책실 평생직업교육정책관,http://install.kvic.or.kr,www.kvic.or.kr,,2025-06-23 10:29:00,2026-01-01 00:00:00,3,온통청년_OPEN_API_getPlcy,전북,대학창업펀드 조성 초기 대학 창업기업에 자금을 공급하여 대학창업기업의 사업화 기반 마련 및 경쟁력 있는 기업으로 성장 지원 벤처 일자리
전북,"52000,45000",20250621005400111102,현장실습 지원,교육지원,"대학(원)생을 대상으로 동·하계, 학기·학년제, 석·박사 학위연수 등 장·단기 현장실습 교육을 지원하여 청년식품 인력 육성",참여학생 학습단계 및 니즈에 따라 다양한 현장실습 교육을 지원,"일자리,교육","취업,미래역량강화","일자리, 직무교육, 참여 프로그램",일자리,,"동·하계(4~8주), 학기(14주이상)·학년제(28주이상), 석·박사(12개월)","0세~0세 / 연령제한:Y 0043001 0 0 0011009 0013010 0049005,0049006,0049007,0049008 0055003",0세~0세 / 연령제한:Y,0043001 0 0,식품진흥원 홈페이지(www.foodpolis.kr) 디지털식품정보플랫폼내에 공고를 통해 온라인 접수,"신청서, 자기 소개서, 자기 소개동영상",농림축산식품부,농림축산식품부 농업혁신정책실 농업정책관,www.foodpolis.kr,,,2025-06-21 11:48:28,2026-01-01 00:00:00,3,온통청년_OPEN_API_getPlcy,전북,현장실습 지원 대학 원 생을 대상으로 동 하계 학기 학년제 석 박사 학위연수 등 장 단기 현장실습 교육을 지원하여 청년식품 인력 육성 교육지원 일자리
전북,"52000,45000",20250621005400111101,청년식품 창업성장 지원,"교육지원,인턴","식품분야 청년 예비·초기 창업자를 대상으로 전문교육, 시제품 제작 기회를 제공하여 창업 생태계 활성화 및 기술사업화 촉진","식품분야 청년 예비·초기 창업자 대상 전문교육, 시제품 제작, 투자유치 및 판로 등 창업·사업화 지원",일자리,취업,"일자리, 직무교육, 창업지원",일자리,20250101 ~ 20250630,"청년식품창업 성장지원사업 전문교육(3~4월), 시제품 제작지원(4~10월), 창업캠프(6~7월)",19세~39세 / 연령제한:N 0043001 0 0 0011009 0013010 0049010 0055003,19세~39세 / 연령제한:N,0043001 0 0,"식품진흥원 홈페이지(www.foodpolis.kr), 창업지원포털(www.K-startup.go.kr) 공고를 활용 온라인 접수","참가신청서, 대표자 인적사항, 서약서, 중복수혜금지 확약서, 개인정보 수집 및 이용에 관한 동의서, 사실증명, 납세증명, 가점 관련 증빙서류(특허, 수상경력, 자격증 등 증빙자료)",농림축산식품부,농림축산식품부 농업혁신정책실 농업정책관,,,,2025-06-21 11:46:33,2025-06-23 13:22:09,3,온통청년_OPEN_API_getPlcy,전북,청년식품 창업성장 지원 식품분야 청년 예비 초기 창업자를 대상으로 전문교육 시제품 제작 기회를 제공하여 창업 생태계 활성화 및 기술사업화 촉진 교육지원 인턴 일자리
전북,"52000,45000",20250621005400111097,청년창업농장학금지원,"교육지원,보조금",졸업 후 농식품분야 취·창업 희망 대학생에게 장학금을 지원하여 농업분야 우수 후계인력 육성,ㅇ졸업 후 농림축산식품분야 취·창업을 조건으로 대학생에게 장학금 지원 ㅇ학기당 등록금 전액 + 학업장려금 250만원 ㅇ(의무종사) 졸업 후 수혜횟수(학기)×6개월 동안 농림축산식품산업 분야에 취업 또는 창업 유지,"일자리,교육","취업,미래역량강화","일자리, 직무교육, 창업지원",일자리,20250623 ~ 20250708,20250101 ~ 20251231,0세~39세 / 연령제한:N 0043001 0 0 0011009 0013010 0049005 0055003,0세~39세 / 연령제한:N,0043001 0 0,신청･접수(학생→재단) → 자격요건확인 및 추천(대학) → 심사･선정(농림축산식품부(농어촌희망재단)),취창업 계획서,농림축산식품부,농림축산식품부 농업혁신정책실 농업정책관,www.rhof.or.kr,,,2025-06-21 11:29:57,2025-06-23 13:21:20,3,온통청년_OPEN_API_getPlcy,전북,청년창업농장학금지원 졸업 후 농식품분야 취 창업 희망 대학생에게 장학금을 지원하여 농업분야 우수 후계인력 육성 교육지원 보조금 일자리
전북,"52000,45000",20250621005400111092,선임대후매도,"대출,보조금,바우처",농지 구입자금이 부족한 청년농에게 농지 확보 기회 제공,농지 확보에 어려움을 겪고 있는 청년농을 대상으로 농지 수요에 맞는 농지 매입 후 청년농에게 매도를 목적으로 조건부 임대(최장 30년)하여 농지 매입대금 완납 시 소유권 이전,일자리,창업,"일자리, 주거지원, 창업지원",일자리,,20250101 ~ 20251231,18세~39세 / 연령제한:N 0043003 0 0 농업외소득 37백만원 미만 0011009 0013010 0049010 0055003,18세~39세 / 연령제한:N,0043003 0 0 농업외소득 37백만원 미만,농지은행포털(www.fbo.or.kr) 또는 농지소재지 관할 농어촌공사 지사에 방문 신청,"청년농 희망농지 신청서, 농지 임대차·매매계약서, 선임대후매도사업 주요내용 설명확인서, 주민등록초본, 신분증(사본), 가족관계증명서, 농지대장, 농업경영체등록확인서, 지방세 세목별 미과세 증명서, 지방세 완납 증명서, 소득금액증명원",농림축산식품부,한국농어촌공사,www.fbo.or.kr,,,2025-06-21 11:11:02,2026-01-01 00:00:00,3,온통청년_OPEN_API_getPlcy,전북,선임대후매도 농지 구입자금이 부족한 청년농에게 농지 확보 기회 제공 대출 보조금 바우처 일자리
전북,"52000,45000",20250621005400111091,공공임대용 농지매입,"바우처,대출,보조금",농지은행이 농지를 매입하여 청년농 등에 낮은 임대료로 임대,"고령, 은퇴농 등의 농지를 농어촌공사가 매입하여 영농활동을 하려고 하는 청년농 등에게 장기 임대 지원",일자리,창업,"일자리, 주거지원, 창업지원",일자리,,20250101 ~ 20251231,0세~64세 / 연령제한:N 0043003 0 0 농업외소득 37백만원 미만 0011009 0013010 0049010 0055003,0세~64세 / 연령제한:N,0043003 0 0 농업외소득 37백만원 미만,농지은행포털(www.fbo.or.kr) 또는 농지소재지 관할 농어촌공사 지사에 방문 신청,"비축농지임차신청서, 개인정보의 제공 활용 동의서, 주민등록등본(초본), 신분증(사본), 가족관계증명서, 농지대장, 농업경영체등록확인서, 국세·지방세 납세증명서, 소득금액증명서",농림축산식품부,한국농어촌공사,www.fbo.or.kr,,,2025-06-21 11:08:50,2026-01-01 00:00:00,3,온통청년_OPEN_API_getPlcy,전북,공공임대용 농지매입 농지은행이 농지를 매입하여 청년농 등에 낮은 임대료로 임대 바우처 대출 보조금 일자리
전북,"52000,45000",20250621005400111088,청년귀농 장기교육,교육지원,영농경험이 부족한 청년층의 안정적인 정착지원을 위해 실습중심의 장기체류형 귀농교육지원,"만 40세 미만의 청년 귀농희망자를 대상으로 청년특화 실전형 귀농교육과정 개발, 운영",교육,미래역량강화,직무교육,직무교육,,20250101 ~ 20251231,0세~40세 / 연령제한:N 0043001 0 0 0011009 0013010 0049010 0055003,0세~40세 / 연령제한:N,0043001 0 0,귀농귀촌종합플랫폼(그린대로)를 통한 신청,교육신청서 등,농림축산식품부,농림수산식품교육문화정보원,http://greendaero.go.kr,,,2025-06-21 09:41:45,2026-01-01 00:00:00,3,온통청년_OPEN_API_getPlcy,전북,청년귀농 장기교육 영농경험이 부족한 청년층의 안정적인 정착지원을 위해 실습중심의 장기체류형 귀농교육지원 교육지원 직무교육
전북,"52000,45000",20250620005400111087,직업계고 채용연계형 직무교육과정 지원,교육지원,고졸 구직자 선호 직무와 기업이 기대하는 고졸 적합직무의 균형을 갖춘 내실있는 직무교육을 통해 구인난·구직난 동시 해소,- 일자리 중심 특화교육과정 개발 · 운영으로 실무 역량 제고 - 참여기업 대상 채용 연계 - 기업현장교육과정 개발 및 제공을 통해 전문직업인으로의 성장 지원 등,일자리,취업,"일자리, 직무교육, 참여 프로그램",일자리,20250514 ~ 20250620,20250301 ~ 20260228,"17세~20세 / 연령제한:N 0043001 0 0 0011009 0013010 0049002,0049003,0049004 0055003",17세~20세 / 연령제한:N,0043001 0 0,대한상공회의소 직업계고 채용연계형 직무교육과정 지원사업 홈페이지를 통해 신청,,평생직업교육정책관,인력개발사업단(대한),https://hi.korchamhrd.net/,,,2025-06-20 18:19:34,2025-06-23 13:23:25,3,온통청년_OPEN_API_getPlcy,전북,직업계고 채용연계형 직무교육과정 지원 고졸 구직자 선호 직무와 기업이 기대하는 고졸 적합직무의 균형을 갖춘 내실있는 직무교육을 통해 구인난 구직난 동시 해소 교육지원 일자리
전북,"52000,45000",20250620005400111085,제약 스마트공장 혁신기술 인재 양성,"교육지원,중소기업,벤처","제약혁신기술(QbD 등) 교육, 세미나를 통한 전문가 양성 및 맞춤형 기술 컨설팅","(교육) 제약현장 의약품 개발에 종사하고 있는 재직자를 대상으로 국내외 전문가를 초빙하여 제약혁신기술 교육 및 국제세미나 개최 (컨설팅) 제약혁신기술(QbD 등)을 적용하여 의약품 개발을 계획, 추진 중인 국내 제약사의 신청 분야에 따른 맞춤형 기술 컨설팅 제공",교육,미래역량강화,"일자리, 직무교육, 창업지원",일자리,,20250301 ~ 20251130,"0세~0세 / 연령제한:Y 0043001 0 0 0011004,0011005 0013001,0013007 0049010 0055003",0세~0세 / 연령제한:Y,0043001 0 0,교육 및 컨설팅 모집 공지를 확인 후 신청,,의약품안전국,식품의약품안전처,https://rspolicy.dongguk.edu/rspolicy5_1,,,2025-06-20 12:12:55,2026-01-01 00:00:00,3,온통청년_OPEN_API_getPlcy,전북,제약 스마트공장 혁신기술 인재 양성 제약혁신기술 QbD 등 교육 세미나를 통한 전문가 양성 및 맞춤형 기술 컨설팅 교육지원 중소기업 벤처 일자리
전북,"52000,45000",20250619005400111080,직업계고 학생 현장실습 내실화,중소기업,괜찮은 현장실습 기회 발굴과 참여자 지원을 통해 내실 있는 현장실습 운영 및 참여 활성화 추진,"직업계고 현장실습처 발굴·확대, 중앙취업지원센터 운영, 취업지원관 확대 배치 등 현장실습 내실화",일자리,취업,"일자리, 참여 프로그램",일자리,,20250301 ~ 20260228,"16세~19세 / 연령제한:N 0043001 0 0 직업계고 학생 0011009 0013003 0049002,0049003 0055003",16세~19세 / 연령제한:N,0043001 0 0,,,평생직업교육정책관,한국장학재단,,https://portal.kosaf.go.kr/CO/jcAction.do,,2025-06-19 17:35:52,2026-01-01 00:00:00,3,온통청년_OPEN_API_getPlcy,전북,직업계고 학생 현장실습 내실화 괜찮은 현장실습 기회 발굴과 참여자 지원을 통해 내실 있는 현장실습 운영 및 참여 활성화 추진 중소기업 일자리
전북,"52000,45000",20250619005400111075,(청년 금융교육 지원) e-금융교육센터 재무상담 사례 게시판,교육지원,"e-금융교육센터에 금융감독원의 무료 맞춤형 금융소비자 상담 사례를 연령, 재무상황, 상담범위 등의 기준에 따라 확인할 수 있도록 게시","e-금융교육센터에 금융감독원의 무료 맞춤형 금융소비자 상담 사례를 연령, 재무상황, 상담범위 등의 기준에 따라 확인할 수 있도록 게시","교육,교육","미래역량강화,온라인교육","직무교육, 복지",직무교육,,상시,0세~0세 / 연령제한:Y 0043001 0 0 - - 0011009 0013010 0049010 0055003,0세~0세 / 연령제한:Y,0043001 0 0,-,,금융감독원,금융교육국,https://www.fss.or.kr/edu/bbs/B0000418/list.do?menuNo=300210,,,2025-06-19 15:37:57,2026-01-01 00:00:00,3,온통청년_OPEN_API_getPlcy,전북,청년 금융교육 지원 e 금융교육센터 재무상담 사례 게시판 e 금융교육센터에 금융감독원의 무료 맞춤형 금융소비자 상담 사례를 연령 재무상황 상담범위 등의 기준에 따라 확인할 수 있도록 게시 교육지원 직무교육
전북,"52000,45000",20250619005400111073,(청년 금융교육 지원) 청년층을 위한 실전 재무설계 온라인 동영상,교육지원,"금융감독원에서는 청년층이 장기적 안목을 갖고 안정적이고 건전한 금융생활을 할 수 있도록 지원하기 위해 학자금 조달, 종잣돈 마련, 재무설계, 주거자금 마련 등 청년기에 꼭 필요한 금융관련 내용을 총 8편의 영상으로 제작하여 금융감독원의 유튜브 채널과 e-금융교육센터에 공개","청년층을 위한 금융교육 영상 구성 ➊ 학자금 마련하기 : 대학 학자금 부담, 학자금 마련 방법 등 - 7분 ➋ 사회초년기 자금관리 : 종잣돈 마련하기, 연말정산, 위험에 대비하기 등 - 12분 ➌ 결혼자금 마련 : 결혼 관련 통계 현황, 결혼자금 마련 계획 등 - 11분 ➍ 사회초년기 재무설계 : 재무설계의 의의, 재무설계 프로세스 등 - 12분 ➎ 신혼부부의 경제생활 적응 : 우리가족 인생설계 그려보기, 공동목표 설정하기 등 - 10분 ➏ 자녀 출산 및 양육비 준비 : 출산·양육비 예상하기, 출산·양육비 부담 줄여보기 등 - 10분 ➐ 주택자금 마련 : 주택자금 마련 방법 및 자금 준비하기 등 - 20분 ➑ 신혼기 부부의 재무설계 : 재무목표 수립하기, 재무상태 점검 및 실행하기 등 - 16분","교육,교육","미래역량강화,온라인교육","직무교육, 주거지원, 복지",직무교육,,상시,0세~0세 / 연령제한:Y 0043001 0 0 - - 0011009 0013010 0049010 0055003,0세~0세 / 연령제한:Y,0043001 0 0,금융감독원 e-금융교육센터 ‘콘텐츠 한눈에’ 동영상 코너 금융감독원 유튜브 채널에 게시,-,금융감독원,금융교육국,https://www.fss.or.kr/edu/fec/contMng/contSearch.do?menuNo=300016,,,2025-06-19 15:26:03,2026-01-01 00:00:00,3,온통청년_OPEN_API_getPlcy,전북,청년 금융교육 지원 청년층을 위한 실전 재무설계 온라인 동영상 금융감독원에서는 청년층이 장기적 안목을 갖고 안정적이고 건전한 금융생활을 할 수 있도록 지원하기 위해 학자금 조달 종잣돈 마련 재무설계 주거자금 마련 등 청년기에 꼭 필요한 금융관련 내용을 총 8편의 영상으로 제작하여 금융감독원의 유튜브 채널과 e 금융교육센터에 공개 교육지원 직무교육
전북,"52000,45000",20250619005400111071,한·일대학생연수,해외진출,일본 현지 어학연수 및 인턴십 지원,"참가학생 1인당 850만원 내외 지원 *항공료, 비자발급비, 인턴십 관리운영비, 보험료 등 *취업 취약계층은 최대 350만원 추가지원",교육,미래역량강화,"일자리, 직무교육",일자리,,20250201 ~ 20260101,"0세~0세 / 연령제한:Y 0043001 0 0 ㅇ 일반대 4학기 이상, 전문대 2학기 이상을 이수한 재학생 ㅇ 대학 자체 기준에 따라 선발하되, 일정 수준 이상 일본어 구사능력 필요 ㅇ 취업취약계층(30%) 우선 선발 0011009 0013010 0049005,0049006 0055003",0세~0세 / 연령제한:Y,0043001 0 0,(학생선발) 대학이 배정된 예산·인원 범위 내에서 자체기준에 따라 선발 * 선발인원의 30%이상 취업 취약계층 우선선발 추진,,지역인재정책관,한국장학재단,https://www.moe.go.kr/boardCnts/viewRenew.do?boardID=72761&boardSeq=102648&lev=0&searchType=null&statusYN=W&page=1&s=moe&m=020502&opType=N,,,2025-06-19 15:03:11,2026-01-01 00:00:00,3,온통청년_OPEN_API_getPlcy,전북,한 일대학생연수 일본 현지 어학연수 및 인턴십 지원 해외진출 일자리
전북,"52000,45000",20250619005400111070,(청년 금융교육 지원) 대학생 금융교육봉사단,교육지원,"어린이, 청소년 및 어르신 등을 위해 금융교육 봉사활동을 수행할 ｢대학생 금융교육 봉사단｣을 모집합니다.","금융감독원은 2012년부터 금융교육에 대한 높은 열정과 사명감을 지닌 대학생을 ｢FSS 대학생 금융교육 봉사단｣으로 선발하여◦ 초‧중‧고 방문교육, 어린이 ‘늘봄학교 금융교육’, 청소년 ‘방과후 금융교실’, 어르신 ‘디지털 금융교육’ 등의 금융교육 봉사활동을 활발히 실시해오고 있습니다. ※ 봉사단 출범부터 ’24년까지 총 5,703회(약 25.5만명 교육)의 봉사활동 수행 금융지식 및 강의역량을 향상시키고 봉사의 기쁨도 누릴 수 있는 ｢대학생 금융교육 봉사단｣에 많은 관심과 참여 바랍니다. (모집인원) 총 100명 이내에서 교육수요 등을 고려하여 지역별로 선발 (지원자격) 전국 4년제 대학 1~3학년 재학생 및 동 학년에 준하는 휴학생으로 다음의 요건 중 1개 이상을 충족한 자 ① 금융감독원에서 지원하는 ‘대학 실용금융’ 강좌를 이수했거나 이수중인 자(K-MOOC*를 통한 ‘실용금융의 이론과 실제’ 강좌 이수도 인정) * K-MOOC(Korean Massive Open Online Course) : 국가평생교육진흥원에서 운영중인 공개강좌 플랫폼 ② 금융감독원 ｢FSS 금융아카데미｣ 수료자 ③ 금융교육 봉사 경험이 있는 자 ④ 한국은행, 한국거래소 등 공적 기관의 금융교육을 10시간 이상 수강한 자⑤ 어린이‧청소년·어르신 대상 금융교육 봉사활동에 열의가 있는 자* * 자기소개서로 평가 (활동지원) 금융교육 봉사에 필요한 금융지식 및 강의역량을강화할 수 있는 강사연수를 진행 그 외 금융교육 진행시 활용할 수 있는 금융교육 교재(교구)·강의안을 제공하며, 교육을 진행할 때마다 소정의 활동비를 지원 (활동혜택) 발대식에 참여한 봉사단원에게는 금감원장명의의 ‘FSS 대학생 금융교육 봉사단 위촉장’을 수여하고 5회 이상 금융교육 봉사활동 시 ‘봉사활동 인증서’를 발급하며 우수 봉사단원 선정 시 포상 등 혜택을 부여",교육,미래역량강화,"직무교육, 복지, 참여 프로그램",직무교육,20250602 ~ 20250627,'12년부터 매년 시행중,"19세~40세 / 연령제한:N 0043001 0 0 전국 4년제 대학 1~3학년 재학생 및 동 학년에 준하는 휴학생으로 다음의 요건 중 1개 이상을 충족한 자 ① 금융감독원에서 지원하는 대학 실용금융강좌(‘대학생을 위한 실용금융’ 교재 활용)를 이수했거나 이수중인 자(K-MOOC를 통한 강좌이수도 인정) ② FSS금융아카데미 수료자 ③ 금융교육 봉사 경험이 있는 자 ④ 한국은행, 한국거래소 등 공공기관의 금융교육을 10시간 이상 수강한 자 ⑤ 어린이·청소년·어르신 등 금융교육 봉사에 열정이 있는 자 * K-MOOC(Korean Massive Open Online Course) : 국가평생교육진흥원에서 운영중인 공개강좌 플랫폼 0011009 0013010 0049005 0055003",19세~40세 / 연령제한:N,0043001 0 0,금융감독원 ｢e-금융교육센터｣(http://www.fss.or.kr/edu)를 통해 신청,"① 자기소개서 ② 재,휴학증명서 ③ 대학 실용금융 강좌 증빙 첨부파일 또는 FSS금융아카데미 수료증 파일 또는 금융교육 봉사경험 증빙 첨부파일 또는 공공기관 교육 10시간이상 이수 증빙 첨부파일",금융감독원,금융교육국,https://www.fss.or.kr/edu/main/contents.do?menuNo=300077,,,2025-06-19 15:00:08,2025-06-20 10:17:16,3,온통청년_OPEN_API_getPlcy,전북,청년 금융교육 지원 대학생 금융교육봉사단 어린이 청소년 및 어르신 등을 위해 금융교육 봉사활동을 수행할 대학생 금융교육 봉사단 을 모집합니다 교육지원 직무교육
전북,"52000,45000",20250619005400111069,파란사다리,"보조금,해외진출",취약계층 대학생에게 해외연수를 통한 진로탐색 기회 제공,"1인당 평균 400만원 내외(항공료, 보험료, 교육비, 체제비(일부)) *파견 국가(권역)별 물가수준 및 온오프라인 운영방식에 따라 지원금 변동가능 *중기 유형 참여대학 대상 지원금 추가지원 예정(참가자 당 약 5백만원)",교육,미래역량강화,"직무교육, 복지, 참여 프로그램",직무교육,,20250201 ~ 20260131,"0세~0세 / 연령제한:Y 0043001 0 0 ㅇ경제적 취약 대학생 - 소득분위상 저소득층, 기타 ㅇ 사회적 취약 대학생 - 장애학생, 한부모가족 지원대상자, 자립준비청년, 청소년복지시설 입·퇴소 청소년, 기타 0011009 0013010 0049005,0049006 0055003",0세~0세 / 연령제한:Y,0043001 0 0,대학이 배정된 예산·인원 범위 내에서 자체기준에 따라 선발,,지역인재정책관,한국장학재단,https://www.moe.go.kr/boardCnts/viewRenew.do?boardID=72761&boardSeq=102647&lev=0&searchType=null&statusYN=W&page=1&s=moe&m=020502&opType=N,,,2025-06-19 14:56:43,2026-01-01 00:00:00,3,온통청년_OPEN_API_getPlcy,전북,파란사다리 취약계층 대학생에게 해외연수를 통한 진로탐색 기회 제공 보조금 해외진출 직무교육
전북,"52000,45000",20250619005400111067,한·미대학생연수(WEST),해외진출,미국 현지 어학연수 및 인턴십 지원,"참가비·생활비(소득분위별 차등지급), 왕복항공료(정액)",교육,미래역량강화,"일자리, 직무교육, 복지",일자리,,20250101 ~ 20251231,"0세~0세 / 연령제한:Y 0043001 0 0 4년제 대학 4학기 이상, 전문대학 2학기 이상을 이수한 국내 대학 재·휴학생 및 최근 1년 이내 졸업생 복수 국적자 및 외국 소재 대학(교)학생, WEST 프로그램 기 참가자 또는 기 지원자 중 참가비 납부 마감 이후 포기자 0011009 0013010 0049005,0049006,0049007 0055003",0세~0세 / 연령제한:Y,0043001 0 0,서류심사 -> 1·2차 면접 -> 선발 (1차 면접) 국립국제교육원 인성면접 (2차 면접) 현지중개기관 영어면접,,지역인재정책관,국립국제교육원,http://www.niied.go.kr/user/nd81540.do,,,2025-06-19 14:50:09,2026-01-01 00:00:00,3,온통청년_OPEN_API_getPlcy,전북,한 미대학생연수 WEST 미국 현지 어학연수 및 인턴십 지원 해외진출 일자리
전북,"52000,45000",20250619005400111066,(청년 금융교육 지원) 대학 실용금융 강좌,교육지원,금융감독원은 대학생에게 체계적인 금융교육을 제공하기 위하여 2016년부터 실용금융강좌 개설을 지원하고 있습니다.,"①교수지원 : 금융감독원 금융교육국 소속 교수(금감원 국/실장, 부국장 등 관리직을 역임했던 직원)가 한 학기 강좌를 담당(학사관리 포함), 통상적으로 겸임교원, 강사 등으로 임용되어 기간 중 활동 -- 강사료는 없음(금융감독원 부담) ②교재지원 : 본 프로그램의 전용 교재인 '대학생을 위한 실용금융(24년 개정판)'을 수강인원만큼 제공하고, 교수는 대학 측에서 자체적으로 섭외하여 진행 ③온라인 강의 영상 지원 : 한 학기(15주차) 기준 운영이 가능한 강의 영상을 제공하며, 대학은 학내 LMS등에 탑재하여 운영(통상 비교과로 운영, 별도의 보고 의무 없음)",교육,온라인교육,"직무교육, 복지",직무교육,20250604 ~ 20250630,'16년부터 매년 시행중,0세~0세 / 연령제한:Y 0043001 0 0 0011008 0013009 0049009 0055003,0세~0세 / 연령제한:Y,0043001 0 0,「e-금융교육센터」 홈페이지에서 온라인 신청 e-금융교육센터(www.fss.or.kr/edu) • 첫 화면에 ‘2025년 2학기 대학 실용금융 강좌 개설신청’(배너)의“신청하기” 이용,-,금융감독원,금융교육국,https://www.fss.or.kr/edu/fem/collegeUtilityCourse/view.do?menuNo=300035&evenNo=336,,,2025-06-19 14:44:59,2025-06-19 15:58:15,3,온통청년_OPEN_API_getPlcy,전북,청년 금융교육 지원 대학 실용금융 강좌 금융감독원은 대학생에게 체계적인 금융교육을 제공하기 위하여 2016년부터 실용금융강좌 개설을 지원하고 있습니다 교육지원 직무교육
전북,"52000,45000",20250619005400111065,전문대학 글로벌 현장학습,"보조금,해외진출,인턴",전문대학생에세 해외 현지에서의 전공·직무 연계 현장실습 기회 제공,"참가학생 1인당 500~900만원 내외 지원 * 항공료, 비자발급비, 인턴십 관리운영비, 보험료 등 * 해외 창업트랙 우수대학 선정하여 우수대학을 대상으로 추가 지원",교육,미래역량강화,"일자리, 직무교육, 창업지원",일자리,,20250201 ~ 20260131,"0세~0세 / 연령제한:Y 0043001 0 0 전문대 2학기 이상을 이수한 재학생 0011009 0013010 0049005,0049006 0055003",0세~0세 / 연령제한:Y,0043001 0 0,(대학선발) 각 대학 사업계획서 서면평가를 통해 선발학생 TO 배분 (학생선발) 대학이 배정된 예산·인원 범위 내에서 자체기준에 따라 선발,,지역인재정책관,지역인재정책관,,https://www.kcce.or.kr/web/majorBusiness/webInternationExchange.do,,2025-06-19 14:41:40,2026-01-01 00:00:00,3,온통청년_OPEN_API_getPlcy,전북,전문대학 글로벌 현장학습 전문대학생에세 해외 현지에서의 전공 직무 연계 현장실습 기회 제공 보조금 해외진출 인턴 일자리
전북,"52000,45000",20250619005400111064,청년·대학생 햇살론(햇살론유스),대출,저소득 청년층을 위한 보증부대출,대학생·청년층의 금융애로를 해소하고 향후 제도권 금융으로 안착할 수 있도록 지원,복지문화,취약계층 및 금융지원,복지,복지,,상시진행,19세~34세 / 연령제한:N 0043002 0 3500 0011009 0013010 0049010 0055003,19세~34세 / 연령제한:N,0043002 0 3500,,,서민금융진흥원,서민금융진흥원,https://www.kinfa.or.kr/financialProduct/hessalLoanYoos.do,,,2025-06-19 10:03:18,2026-01-01 00:00:00,3,온통청년_OPEN_API_getPlcy,전북,청년 대학생 햇살론 햇살론유스 저소득 청년층을 위한 보증부대출 대출 복지
전북,"52000,45000",20250618005400111051,이공계 연구생활장려금,교육지원,이공계 대학원 진학 촉진 및 연구·학업 몰입 지원,이공계 전일제 대학원생에게 매월 일정금액 이상의 학생지원금 보장 및 학생연구자 지원구조 보강,교육,미래역량강화,"직무교육, 복지",직무교육,,2025~2033,"0세~0세 / 연령제한:Y 0043001 0 0 0011004,0011005,0011008 0013010 0049007,0049008 0055003",0세~0세 / 연령제한:Y,0043001 0 0,,,과학기술정보통신부,과학기술정보통신부,,https://www.nrf.re.kr/biz/info/notice/view?menu_no=378&page=&nts_no=234580&biz_no=645&target=&biz_not_gubn=notice&search_type=NTS_TITLE&search_keyword1=,https://www.nrf.re.kr/biz/info/info/view?menu_no=378&biz_no=645,2025-06-18 18:09:13,2026-01-01 00:00:00,3,온통청년_OPEN_API_getPlcy,전북,이공계 연구생활장려금 이공계 대학원 진학 촉진 및 연구 학업 몰입 지원 교육지원 직무교육
전북,"52000,45000",20250618005400111042,WFK KOICA자문단,해외진출,"민간, 공공부문 현직 또는 퇴직 전문가를 파견하여 협력국에 우리나라 경제사회 발전의 노하우를 전수하는 프로그램","국내 우수 전문 인력의 해외 진출을 활성화하며, 협력국의 개발 역량 강화 및 제도 구축을 지원",참여권리,청년국제교류,"직무교육, 참여 프로그램",직무교육,,연 2회 선발 예정,"0세~0세 / 연령제한:Y 0043001 0 0 모집분야(공공행정, 교육, 농림수산, 보건) 직무 관련 경력 10년 이상 0011008 0013010 0049009 0055003",0세~0세 / 연령제한:Y,0043001 0 0,KOICA 봉사단 홈페이지에서 지원,공지사항 참고,외교부,한국국제협력단,https://kov.koica.go.kr/ho/main.do,http://koica.go.kr,,2025-06-18 17:23:00,2026-01-01 00:00:00,3,온통청년_OPEN_API_getPlcy,전북,WFK KOICA자문단 민간 공공부문 현직 또는 퇴직 전문가를 파견하여 협력국에 우리나라 경제사회 발전의 노하우를 전수하는 프로그램 해외진출 직무교육
전북,"52000,45000",20250618005400111040,WFK 청년중기봉사단,해외진출,"개발도상국의 현지 기관에서 교육봉사, 환경개선 및 문화교류 등을 위하여 5명 내외의 팀제 봉사단원을 파견하는 사업","KOICA 해외사무소 소재 국가를 대상으로 400명의 청년(19~34세)이 5개월간의 봉사활동에 참여함을 통해, 청년의 개발협력사업 참여 저변을 확대하고 협력국 문제 해결에 기여함으로써 글로벌 사회적 가치 실현",참여권리,청년국제교류,"직무교육, 복지, 참여 프로그램",직무교육,,연 2회 선발(상반기 활동 예정자 : 전년도 4분기 / 하반기 활동 예정자 : 당해연도 2분기),"19세~34세 / 연령제한:N 0043001 0 0 학력, 전공 상세요건 각 모집공고 참고 0011008 0013010 0049009 0055003",19세~34세 / 연령제한:N,0043001 0 0,시스템(또는 이메일) 서류 접수,각 모집공고 참고,외교부,한국국제협력단,,,,2025-06-18 17:20:21,2026-01-01 00:00:00,3,온통청년_OPEN_API_getPlcy,전북,WFK 청년중기봉사단 개발도상국의 현지 기관에서 교육봉사 환경개선 및 문화교류 등을 위하여 5명 내외의 팀제 봉사단원을 파견하는 사업 해외진출 직무교육
전북,"52000,45000",20250618005400111039,WFK NGO봉사단,해외진출,"개발도상국과의 협력 증진, 개발도상국 현지 NGO 사업지의 주민 삶의 질 향상, 봉사단원 자아실현을 위한 봉사단원 파견 프로그램","민간 부문(CSO)과의 파트너십을 통해 우리 국민의 개발협력 분야 현장 경험 기회를 제공하며, 개발협력 사업의 효과성을 제고함",참여권리,청년국제교류,"직무교육, 참여 프로그램",직무교육,,연 1회(4분기 중) 예정,"0세~0세 / 연령제한:Y 0043001 0 0 학력, 전공, 연령 등 상세요건은 각 공지사항 참고 0011008 0013010 0049009 0055003",0세~0세 / 연령제한:Y,0043001 0 0,온라인 모집플랫폼(인크루트) 또는 이메일 지원,공지사항 참고,외교부,한국국제협력단,,http://recruit.incruit.com/ngovol/,www.kidc.or.kr,2025-06-18 17:16:33,2026-01-01 00:00:00,3,온통청년_OPEN_API_getPlcy,전북,WFK NGO봉사단 개발도상국과의 협력 증진 개발도상국 현지 NGO 사업지의 주민 삶의 질 향상 봉사단원 자아실현을 위한 봉사단원 파견 프로그램 해외진출 직무교육
전북,"52000,45000",20250618005400111038,WFK NIPA자문단,해외진출,퇴직전문가 파견을 통한 협력국 산업개발 자문·컨설팅프로그램,"정보통신, 산업기술 등 5대 분야에서 10년 이상 경력을 보유한 퇴직전문가의 협력국 파견을 통한 정책 자문·컨설팅",참여권리,청년국제교류,"직무교육, 참여 프로그램",직무교육,,"연 2회(1월, 7월) 선발 예정","0세~0세 / 연령제한:Y 0043001 0 0 모집분야(정보통신, 산업기술, 에너지자원, 무역투자, 지역발전) 10년 이상 또는 그에 상응하는 경력 보유 0011008 0013010 0049009 0055003",0세~0세 / 연령제한:Y,0043001 0 0,지원서류 온라인 홈페이지 접수,"지원서, 학력증명서, 경력증명서, 면허증 및 자격증, 병적증명서 등",산업통상자원부,정보통신산업진흥원,https://senior.nipa.kr/index.do,,,2025-06-18 17:11:57,2026-01-01 00:00:00,3,온통청년_OPEN_API_getPlcy,전북,WFK NIPA자문단 퇴직전문가 파견을 통한 협력국 산업개발 자문 컨설팅프로그램 해외진출 직무교육
전북,"52000,45000",20250618005400111037,WFK 과학기술지원단,해외진출,이공계 전문인력 파견을 통한 협력국 과학기술 발전 지원하는 프로그램,"협력국 현지 대학/연구기관에 우리 과학기술 인재를 파견, 대한민국 발전 경험 공유 및 협력국 인재양성 지원",참여권리,청년국제교류,"직무교육, 참여 프로그램",직무교육,,"연 2회 선발(1월, 7월) 예정","0세~0세 / 연령제한:Y 0043001 0 0 ㅇ 학력요건: 모집분야 학사학위 이상 또는 동등한 자격이 있다고 인정되는 경우 ㅇ 전공, 연령 등 상세요건은 공지사항 참고 0011008 0013010 0049009 0055003",0세~0세 / 연령제한:Y,0043001 0 0,지원서류 이메일 접수,"지원서, 이력서, 커버레터, 개인정보 제공 및 활용 동의서, 부모(배우자) 동의서, 학력증명서, 경력증명서, 어학시험 증명서, 자격증 및 우대사항 증빙, 병적증명서, 기본증명서 등",과학기술정보통신부,한국연구재단,https://www.nrf.re.kr/index,,,2025-06-18 16:50:12,2026-01-01 00:00:00,3,온통청년_OPEN_API_getPlcy,전북,WFK 과학기술지원단 이공계 전문인력 파견을 통한 협력국 과학기술 발전 지원하는 프로그램 해외진출 직무교육
전북,"52000,45000",20250618005400111034,(신규)건축구조기사 양성,교육지원,건축구조분야 전문인력 수요에 따른 건축구조기사 국가기술자격 신설,건축물 안전 향상을 위한 건축구조기사 국가기술자격 신설 및 건축구조분야 전문인력 확보,교육,미래역량강화,직무교육,직무교육,,'25년~계속,0세~0세 / 연령제한:Y 0043001 0 0 0011009 0013010 0049010 0055003,0세~0세 / 연령제한:Y,0043001 0 0,,,국토교통부,국토교통부,,,,2025-06-18 15:34:44,2026-01-01 00:00:00,3,온통청년_OPEN_API_getPlcy,전북,신규 건축구조기사 양성 건축구조분야 전문인력 수요에 따른 건축구조기사 국가기술자격 신설 교육지원 직무교육
전북,"52000,45000",20250618005400111029,WFK 한방봉사단,해외진출,한의약을 중심으로 매년 ODA 대상국에 의료구제 사업을 실시하여 범인류애적 인도주의를 실천하고 한의학의 세계화와 국위선양에 기여하는 프로그램,한의사 또는 일반봉사자를 팀으로 개도국에 파견하여 한의약을 중심으로 의료혜택에서 소외된 개도국 주민들의 건강 증진을 위한 의료봉사활동 전개,참여권리,청년국제교류,"직무교육, 복지, 참여 프로그램",직무교육,,국가별 모집시기 상이(연중 4-5회),"0세~0세 / 연령제한:Y 0043001 0 0 ㅇ 학력요건: (한의사) 의료면허 소지자, (일반단원) : 제한없음 ㅇ 추가조건: 대한한의약해외의료봉사단(KOMSTA) 정회원 ㅇ 기타 전공, 연령 등 상세조건은 공지사항 참고 0011008 0013010 0049009 0055003",0세~0세 / 연령제한:Y,0043001 0 0,시스템 서류 접수,공지사항 참고,보건복지부,외교부,https://komsta.org,,,2025-06-18 14:24:32,2026-01-01 00:00:00,3,온통청년_OPEN_API_getPlcy,전북,WFK 한방봉사단 한의약을 중심으로 매년 ODA 대상국에 의료구제 사업을 실시하여 범인류애적 인도주의를 실천하고 한의학의 세계화와 국위선양에 기여하는 프로그램 해외진출 직무교육
전북,"52000,45000",20250618005400111028,WFK 청년봉사단(한국대학사회봉사협의회),해외진출,한국 및 현지 대학생들 간의 연계와 교류를 통한 친선과 상호이해 증진 프로그램,"WFK 파견국을 대상으로 대한민국 청년들을 파견하여 특화봉사(SDGs, 전공연계), 노력봉사, 문화교류 활동을 진행하고, 이를 통해 단원들의 폭넓은 국제경험과 인도주의 정신 함양, 세계시민 역량 신장을 지원",참여권리,청년국제교류,"직무교육, 복지, 참여 프로그램",직무교육,,"연 2회 선발( 4~5월 , 9~10월) 예정","0세~0세 / 연령제한:Y 0043001 0 0 분야(교육, 기술환경에너지, 보건의료, 농림수산) 선발, 상세 조건은 공지사항 참고 0011008 0013010 0049005,0049006 0055003",0세~0세 / 연령제한:Y,0043001 0 0,시스템 서류 접수,공지사항 참고,외교부,외교부,https://www.kucss.or.kr/,,,2025-06-18 14:20:48,2026-01-01 00:00:00,3,온통청년_OPEN_API_getPlcy,전북,WFK 청년봉사단 한국대학사회봉사협의회 한국 및 현지 대학생들 간의 연계와 교류를 통한 친선과 상호이해 증진 프로그램 해외진출 직무교육
전북,"52000,45000",20250618005400111027,WFK 청년봉사단(태평양아시아협회),해외진출,한국 및 현지 대학생들 간의 연계와 교류를 통한 친선과 상호이해 증진 프로그램,"대한민국 대학생을 수원국에 파견하여 3주간 교육봉사, 노력봉사, 문화교류 등 다양한 봉사활동을 통해 단원들의 봉사정신을 함양",참여권리,청년국제교류,"직무교육, 복지, 참여 프로그램",직무교육,,"연 2회 선발(3월, 9월) 예정","0세~0세 / 연령제한:Y 0043001 0 0 0011008 0013010 0049005,0049006 0055003",0세~0세 / 연령제한:Y,0043001 0 0,시스템 서류 접수,공지사항 참고,외교부,외교부,https://www.pas.or.kr/,,,2025-06-18 14:09:28,2026-01-01 00:00:00,3,온통청년_OPEN_API_getPlcy,전북,WFK 청년봉사단 태평양아시아협회 한국 및 현지 대학생들 간의 연계와 교류를 통한 친선과 상호이해 증진 프로그램 해외진출 직무교육
전북,"52000,45000",20250618005400111026,KOICA 영프로페셔널(해외),"인턴,해외진출",청년들의 ODA사업 참여 기회 제공을 통해 글로벌경쟁력을 보유한 ODA 전문인력을 양성하고자 KOICA 해외사무소 및 재외공관에 파견되어 근무하는 청년인턴 프로그램,"KOICA 사무소 소재국(약 47개국)의 해외사무소, 재외공관에 파견하여 개발협력사업 현장 경험을 축적하고 이를 토대로 개발협력 분야 전문가로 성장해 나가는 경력개발 현장 경험 중심 프로그램",참여권리,청년국제교류,"일자리, 직무교육, 참여 프로그램",일자리,20250701 ~ 20250731,연 2회(하반기 7월 예정) 선발,"0세~0세 / 연령제한:Y 0043001 0 0 학력, 전공, 연령 등 상세조건 공지사항 참고 0011008 0013010 0049009 0055003",0세~0세 / 연령제한:Y,0043001 0 0,시스템 서류 접수,공지사항 참고,외교부,한국국제협력단,https://koica-yp.hrsystem.co.kr,https://koica.go.kr/sites/koica_kr/index.do,,2025-06-18 14:05:38,2025-06-25 14:52:41,3,온통청년_OPEN_API_getPlcy,전북,KOICA 영프로페셔널 해외 청년들의 ODA사업 참여 기회 제공을 통해 글로벌경쟁력을 보유한 ODA 전문인력을 양성하고자 KOICA 해외사무소 및 재외공관에 파견되어 근무하는 청년인턴 프로그램 인턴 해외진출 일자리
전북,"52000,45000",20250618005400111025,KOICA 영프로페셔널(국내),"해외진출,인턴","국내 KOICA 파트너(NGO, 대학, 연구기관, 민간기업 컨설팅 기관 등)을 통해 개발협력 실무경험을 제공","개발협력 사업수행기관 YP는 개발협력의 첫 발을 내딛고자 하는 청년들이 국제사회의 SDGs 달성을 위한 사업을 추진중인 KOICA 파트너(NGO, 대학, 연구기관, 민간기업 컨설팅 기관 등)를 통해 개발협력 실무경험을 쌓을 수 있게 하는 사업입니다. 사업수행기관 YP 사업을 수행 파트너 중 본인이 원하는 분야 및 기관을 선택하여 지원 가능하며, 다양한 개발협력 업무 경험과 해외사업현장 OJT 지원을 통해 글로벌 인재 역량을 강화할 수 있습니다.",참여권리,청년국제교류,"일자리, 직무교육, 참여 프로그램",일자리,20250625 ~ 20250724,연 2회 (하반기 : 2025.6.25.-7.24.) 선발 예정,"0세~0세 / 연령제한:Y 0043001 0 0 학력, 전공, 연령 등 상세조건 기관별 상이 0011008 0013010 0049009 0055003",0세~0세 / 연령제한:Y,0043001 0 0,공지사항 참고(각 기관별 상이),공지사항 참고(각 기관별 상이),외교부,한국국제협력단,,,,2025-06-18 14:01:49,2025-06-25 14:53:39,3,온통청년_OPEN_API_getPlcy,전북,KOICA 영프로페셔널 국내 국내 KOICA 파트너 NGO 대학 연구기관 민간기업 컨설팅 기관 등 을 통해 개발협력 실무경험을 제공 해외진출 인턴 일자리
전북,"52000,45000",20250618005400111024,WFK UNV대학생봉사단,해외진출,청년 인재의 UN 현지기구 파견을 통한 국제기구 진출 기회 확대 및 글로벌 경쟁력 강화하는 프로그램,"코이카 사무소가 소재한 국가에 UNV대학생봉사단 약 6개월간 파견, 국제기구 실무 근무 경험을 통해 국제 업무 능력을 증진하여 글로벌 역량을 갖춘 인재 양성 도모",참여권리,청년국제교류,"직무교육, 참여 프로그램",직무교육,,연중 1회 실시(통상 5월),"0세~0세 / 연령제한:Y 0043001 0 0 학력, 전공, 연령 등 상세조건은 국제기구 제출 직위별 상이 0011008 0013009 0049009 0055003",0세~0세 / 연령제한:Y,0043001 0 0,시스템 서류 접수,공지사항 참고,외교부,한국국제협력단,https://app.unv.org/?donor=1651875970445568,,,2025-06-18 13:58:23,2026-01-01 00:00:00,3,온통청년_OPEN_API_getPlcy,전북,WFK UNV대학생봉사단 청년 인재의 UN 현지기구 파견을 통한 국제기구 진출 기회 확대 및 글로벌 경쟁력 강화하는 프로그램 해외진출 직무교육
전북,"52000,45000",20250618005400111023,WFK IT봉사단,해외진출,"대학생, IT 전문가 등의 IT 인력을 개도국의 정부기관, 공공기관 및 대학 등에 파견하여 국가 간 정보격차 해소 기여하는 프로그램","약 400명의 청년 단원들을 2~4주 간 ICT인프라가 취약한 협력국에 파견, ICT 교육 및 프로젝트를 실행함으로써 글로벌 디지털 격차를 해소하고 국내 ICT 인재들이 글로벌 역량을 갖출 수 있도록 지원",참여권리,청년국제교류,"직무교육, 참여 프로그램",직무교육,,연중 1회(3~4월)선발 예정,"0세~0세 / 연령제한:Y 0043001 0 0 ICT 교육이 가능한 자(관련 분야 전공자, 경력자, 자격증 보유자 등) 최소 2인을 포함한 팀으로 지원 가능 0011009 0013010 0049010 0055003",0세~0세 / 연령제한:Y,0043001 0 0,시스템 서류 접수,공지사항 참고,과학기술정보통신부,한국지능정보사회진흥원,https://kiv.nia.or.kr,,,2025-06-18 13:51:43,2026-01-01 00:00:00,3,온통청년_OPEN_API_getPlcy,전북,WFK IT봉사단 대학생 IT 전문가 등의 IT 인력을 개도국의 정부기관 공공기관 및 대학 등에 파견하여 국가 간 정보격차 해소 기여하는 프로그램 해외진출 직무교육
전북,"52000,45000",20250618005400211022,2025년 울산광역시 남구 청년도전 지원사업(단기·중기),"장기미취업청년,맞춤형상담서비스",구직단념 청년을 발굴·모집하여 사회활동 참여의욕 고취 및 맞춤형 프로그램 제공,"○사업명: 2025년 울산 남구 청년도전 지원사업 프로그램(단기·중기) ○신청기간: 상시(선착순 마감) ○참여기간: 2025. 7. 7. ~ 11. 23.(20주) ○ 모집대상: 구직단념청년 등 ※ 최근 6개월 이내 취업경력과 직업훈련 경험이 없는 만 19세~39세 청년 ○지원규모: 72명 ○지원내용: 맞춤형 프로그램(밀착상담, 취업역량강화 등), 구직지원금 최대 350만(교육 이수시) ○운영기관: (주)좋은일자리 ☎052-944-3500",일자리,취업,"일자리, 직무교육, 복지, 참여 프로그램",일자리,20250618 ~ 20251123,20250707 ~ 20251123,"19세~39세 / 연령제한:N 0043001 0 0 -최근 6개월간 고용보험, 직업훈련, 교육(대학교 포함) 이력 有 -실업급여 수급 6개월 이내 -대학(원), 방통대 등 재학 중 -국민취업지원제도 참여이력 有 -사업자등록 보유 0011009 0013003 0049010 0055003",19세~39세 / 연령제한:N,0043001 0 0,(주)좋은일자리 방문신청 또는 인터넷 신청,,구청장,행정경제국,https://www.ulsan1.kr/busi/busi09.php#form,https://www.ulsannamgu.go.kr/cop/bbs/selectBoardArticle.do,,2025-06-18 13:50:00,2025-06-25 14:45:15,3,온통청년_OPEN_API_getPlcy,전북,2025년 울산광역시 남구 청년도전 지원사업 단기 중기 구직단념 청년을 발굴 모집하여 사회활동 참여의욕 고취 및 맞춤형 프로그램 제공 장기미취업청년 맞춤형상담서비스 일자리
전북,"52000,45000",20250618005400111021,WFK KOICA 프로젝트봉사단,해외진출,KOICA의 개발협력 전문성과 민간의 분야 전문성을 결합하여 협력국의 개발 문제에 기여하는 성과 중심 프로그램,우리나라 청년들 및 경력자들이 4~5개월 동안 ODA 현장 실무 수행하며 일 경험을 쌓을 수 있는 성과 중심의 팀제 봉사단,참여권리,청년국제교류,"직무교육, 참여 프로그램",직무교육,,"하반기 2회 선발(7월, 11월)예정 *시기는 변경될 수 있음.","19세~999세 / 연령제한:N 0043001 0 0 연령조건: 만19세 이상~만34세 이하 80%, 만34세 이상 20% 선발 0011008 0013010 0049009 0055003",19세~999세 / 연령제한:N,0043001 0 0,지원서 온라인 제출,"지원서 및 적합도 검사 실시, 학력/경력/자격증/가산점(외국어성적/사회적배려층/기타) 증빙서류",외교부,한국국제협력단,https://kov.koica.go.kr/ho/main.do,https://koica.go.kr/sites/koica_kr/index.do,,2025-06-18 13:45:26,2026-01-01 00:00:00,3,온통청년_OPEN_API_getPlcy,전북,WFK KOICA 프로젝트봉사단 KOICA의 개발협력 전문성과 민간의 분야 전문성을 결합하여 협력국의 개발 문제에 기여하는 성과 중심 프로그램 해외진출 직무교육
전북,"52000,45000",20250618005400111018,WFK KOICA 일반봉사단,해외진출,"협력국 수요를 바탕으로 공공행정, 교육, 농림수산, 보건, 기술환경에너지 각 분야에 파견하여 개인 단위 봉사활동 프로그램","대한민국 정부가 파견하는 해외봉사단으로 협력국의 경제사회 발전 지원을 위해 파견분야 관련 기술/지식 전수를 위한 교육, 현장활동 수행 (1~2년)",참여권리,청년국제교류,"직무교육, 참여 프로그램",직무교육,,"하반기 2회 선발(7월, 9월)예정 *시기는 변경될 수 있음.",19세~999세 / 연령제한:N 0043001 0 0 0011008 0013010 0049009 0055003,19세~999세 / 연령제한:N,0043001 0 0,지원서 온라인 제출,"지원서 및 적합도 검사 실시, 학력/경력/자격증/가산점(외국어성적/사회적배려층/기타) 증빙서류",외교부,한국국제협력단,https://kov.koica.go.kr/ho/main.do,https://koica.go.kr/sites/koica_kr/index.do,,2025-06-18 11:24:21,2026-01-01 00:00:00,3,온통청년_OPEN_API_getPlcy,전북,WFK KOICA 일반봉사단 협력국 수요를 바탕으로 공공행정 교육 농림수산 보건 기술환경에너지 각 분야에 파견하여 개인 단위 봉사활동 프로그램 해외진출 직무교육
전북,"52000,45000",20250618005400111009,정보보호특성화대학 지원사업,교육지원,국내 4년제 대학의 정보보호 관련 학과 및 전공 지원을 통해 학부과정 교육기반 강화 및 직무중심의 우수인력 양성,"정보보호특성화대학 운영을 위한 대학단위 사업비 지원 - 교육 인프라 구축, 교육과정 개발 및 운영, 해외 교육 및 연수, 산학협력중점교수 채용, 학업장려금 지원 등",교육,미래역량강화,"일자리, 직무교육",일자리,,지원 학교별 상이,"0세~0세 / 연령제한:Y 0043001 0 0 지원대학 소속 재학생 0011004,0011005 0013010 0049005 0055003",0세~0세 / 연령제한:Y,0043001 0 0,정보보호특성화 지원대학별 자체 선발,,과학기술정보통신부,한국인터넷진흥원,,,,2025-06-18 10:26:41,2025-06-25 16:24:44,3,온통청년_OPEN_API_getPlcy,전북,정보보호특성화대학 지원사업 국내 4년제 대학의 정보보호 관련 학과 및 전공 지원을 통해 학부과정 교육기반 강화 및 직무중심의 우수인력 양성 교육지원 일자리
전북,"52000,45000",20250618005400111008,도심융합특구 조성,주거지원,지방 도심에 청년인재 정착과 지역발전을 위한 산업·주거·문화 등 복합혁신공간(도심융합특구) 조성,지방 광역시(5곳)에 도심융합특구를 조성하기 위하여 기본계획·실시계획 수립비 지원,주거,주택 및 거주지,"주거지원, 복지",주거지원,,'21년~계속,0세~0세 / 연령제한:Y 0043001 0 0 0011009 0013010 0049010 0055003,0세~0세 / 연령제한:Y,0043001 0 0,,,국토교통부,국토교통부,,,,2025-06-18 10:24:05,2026-01-01 00:00:00,3,온통청년_OPEN_API_getPlcy,전북,도심융합특구 조성 지방 도심에 청년인재 정착과 지역발전을 위한 산업 주거 문화 등 복합혁신공간 도심융합특구 조성 주거지원 주거지원
전북,"52000,45000",20250618005400111007,ICT 석박사 인재의 글로벌 연구 역량 강화,교육지원,해외 최고 수준 대학에 디지털 혁신기술 분야 맞춤형 교육과정을 개설하고 국내 청년인재를 파견 교육,세계 최고 수준의 대 학과 협력을 통해 AI 등 디지털 혁신기술 분야 맞춤형 교육과정 운영 및 교육생 양성,교육,미래역량강화,직무교육,직무교육,20250519 ~ 20250622,20220701 ~ 20271231,0세~0세 / 연령제한:Y 0043001 0 0 0011009 0013010 0049008 0055003,0세~0세 / 연령제한:Y,0043001 0 0,,,정보통신산업정책관,정보통신기획평가원,,,,2025-06-18 10:22:28,2025-06-25 16:28:08,3,온통청년_OPEN_API_getPlcy,전북,ICT 석박사 인재의 글로벌 연구 역량 강화 해외 최고 수준 대학에 디지털 혁신기술 분야 맞춤형 교육과정을 개설하고 국내 청년인재를 파견 교육 교육지원 직무교육
전북,"52000,45000",20250618005400111006,공유주택 펀드투자,주거지원,대학생·청년 등 1인 가구 맞춤형 민간 공유주택 활성화 지원,"도심 내 공유주택을 운영하거나 공유서비스를 제공하는 스타트업, 사회적 기업 등에 장기 자금지원을 위한 펀드 조성",주거,주택 및 거주지,"주거지원, 창업지원",주거지원,,'20년~계속,0세~0세 / 연령제한:Y 0043001 0 0 0011009 0013010 0049010 0055003,0세~0세 / 연령제한:Y,0043001 0 0,,,국토교통부,국토교통부,,,,2025-06-18 10:16:26,2026-01-01 00:00:00,3,온통청년_OPEN_API_getPlcy,전북,공유주택 펀드투자 대학생 청년 등 1인 가구 맞춤형 민간 공유주택 활성화 지원 주거지원 주거지원
전북,"52000,45000",20250618005400111005,주거포털 마이홈 개선,맞춤형상담서비스,국민의 다양한 주거수요를 반영한 맞춤형 주거지원 정보를 보다 쉽게 찾아볼 수 있도록 마이홈 포털을 개선,마이홈포털 및 모바일 어플리케이션의 UI 등을 개선하여 사용 편의성을 증진하고 주거복지 정책에 대한 국민 접근성 제고,주거,주택 및 거주지,"주거지원, 복지",주거지원,,'15년~,0세~0세 / 연령제한:Y 0043001 0 0 0011009 0013010 0049010 0055003,0세~0세 / 연령제한:Y,0043001 0 0,,,국토교통부,국토교통부,,,,2025-06-18 10:13:31,2026-01-01 00:00:00,3,온통청년_OPEN_API_getPlcy,전북,주거포털 마이홈 개선 국민의 다양한 주거수요를 반영한 맞춤형 주거지원 정보를 보다 쉽게 찾아볼 수 있도록 마이홈 포털을 개선 맞춤형상담서비스 주거지원
전북,"52000,45000",20250618005400111003,전세사기 피해 예방 및 지원 강화,주거지원,"주택가격 상승기에 전세반환보증 악용, 임차인 정보 부족 등으로 전세사기 피해가 현실화되어 피해를 입은 임차인, 특히 청년 등 주거취약계층의 주거안정 도모를 목적으로 함","전세사기피해자에게 경·공매 절차 및 조세 징수 등에 관한 특례를 부여하고, 저리·대환대출 등 금융지원, 우선매수권 양도를 통한 매입임대 등 주거지원 등을 제공함으로써 청년층의 주거 안정을 도모",주거,주택 및 거주지,"주거지원, 복지",주거지원,,'23년~'25년(한시특별법),0세~0세 / 연령제한:Y 0043001 0 0 0011009 0013010 0049010 0055003,0세~0세 / 연령제한:Y,0043001 0 0,,,국토교통부,국토교통부,,,,2025-06-18 09:58:52,2026-01-01 00:00:00,3,온통청년_OPEN_API_getPlcy,전북,전세사기 피해 예방 및 지원 강화 주택가격 상승기에 전세반환보증 악용 임차인 정보 부족 등으로 전세사기 피해가 현실화되어 피해를 입은 임차인 특히 청년 등 주거취약계층의 주거안정 도모를 목적으로 함 주거지원 주거지원
전북,"52000,45000",20250618005400111001,청년 자산형성 지원(청년도약계좌),보조금,만기 5년 동안 매월 70만원 한도 내에서 자유롭게 납입 가능한 정부지원형 적금상품으로 청년의 중장기 자산형성을 지원합니다.,"□ 청년도약계좌는 매월 가입신청할 수 있도록 운영 (청년도약계좌의 비과세 혜택이 '25.12.31일부로 일몰됨에 따라 상품 신규 가입신청 중단) □ 가입자의 소득구간 및 월 납입액에 따라 최대 6%까지 정부기여금을 지원 □ 본인이 납입한 금액에 비례하여 정부기여금 지원 및 이자소득 등에 대한 비과세 혜택(만기·특별중도해지시) ※ 전년도 소득 확정 전, 가입자의 경우 모두 비과세 인정(24년 1월 이전에 가입하였더라도 해당) □ 저소득층 청년 대상 일정수준의 우대금리 제공 (명칭 : 소득+우대금리) ※ 육아휴직급여(육아휴직수당 포함) 및 군장병급여만 있는 경우, 정부기여금 매칭비율 6% 적용",복지문화,취약계층 및 금융지원,복지,복지,20250102 ~ 20251205,~2025년 12월 31일,"19세~34세 / 연령제한:N 0043003 0 0 □ (개인소득요건) 직전 과세기간의 총급여액이 7,500만원 이하이며, 종합소득과세표준에 합산되는 종합소득금액이 6,300만원 이하인 경우 (단, 육아휴직급여(육아휴직수당), 군 장병급여 외에 비과세 소득만 있는 경우는 제외) ※ 직전 과세기간의 소득이 확정되지 않은 기간에 소득을 확인한 경우 전전년도 소득으로 인정 □ (가구소득요건) 가구원 수에 따른 기준 중위소득 250% 이하에 해당하는 자 ※ 직전 과세기간의 소득이 확정되지 않은 기간에 소득을 확인한 경우 전전년도 소득으로 인정 가구원은 청년 본인과 본인의 주민등록표 등본상 배우자, 부모, 자녀, 형제·자매(미성년자)를 기준으로 판단 □ (금융소득종합과세) 가입일이 속한 과세기간의 직전 3개년도 중 1회 이상 금융소득종합과세 대상자에 해당하지 않는 자 현재 청년희망적금을 가입 유지하고 있는 경우 가입 불가능 0011009 0013010 0049010 0055003",19세~34세 / 연령제한:N,"0043003 0 0 □ (개인소득요건) 직전 과세기간의 총급여액이 7,500만원 이하이며, 종합소득과세표준에 합산되는 종합소득금액이 6,300만원 이하인 경우 (단, 육아휴직급여(육아휴직수당), 군 장병급여 외에 비과세 소득만 있는 경우는 제외) ※ 직전 과세기간의 소득이 확정되지 않은 기간에 소득을 확인한 경우 전전년도 소득으로 인정 □ (가구소득요건) 가구원 수에 따른 기준 중위소득 250% 이하에 해당하는 자 ※ 직전 과세기간의 소득이 확정되지 않은 기간에 소득을 확인한 경우 전전년도 소득으로 인정 가구원은 청년 본인과 본인의 주민등록표 등본상 배우자, 부모, 자녀, 형제·자매(미성년자)를 기준으로 판단",,,금융위원회,서민금융진흥원,,https://ylaccount.kinfa.or.kr/main,https://www.kinfa.or.kr/counselingSupport/oftendoneQuestion.do,2025-06-18 09:31:59,2025-12-29 09:58:42,3,온통청년_OPEN_API_getPlcy,전북,청년 자산형성 지원 청년도약계좌 만기 5년 동안 매월 70만원 한도 내에서 자유롭게 납입 가능한 정부지원형 적금상품으로 청년의 중장기 자산형성을 지원합니다 보조금 복지
전북,"52000,45000",20250618005400111000,디지털 스타트업 허브 조성,해외진출,국내 혁신기술 스타트업과 해외 주요국 스타트업간 조인트벤처 추진 및 성장지원을 위한 디지털 스타트업 허브 구축,글로벌 디지털 스타트업 허브 구축 내 국내외 혁신기술 스타트업 간 기술매칭형 조인트벤처(JV) 추진·성장 지원 등 개방적 혁신 창업 생태계 조성 및 글로벌 디지털 경쟁력 강화,일자리,창업,"일자리, 직무교육, 창업지원",일자리,20250401 ~ 20250930,20250101 ~ 20251231,0세~0세 / 연령제한:Y 0043001 0 0 0011009 0013010 0049010 0055003,0세~0세 / 연령제한:Y,0043001 0 0,,,과학기술정보통신부,과학기술정보통신부,,,,2025-06-18 08:44:51,2025-06-25 16:33:06,3,온통청년_OPEN_API_getPlcy,전북,디지털 스타트업 허브 조성 국내 혁신기술 스타트업과 해외 주요국 스타트업간 조인트벤처 추진 및 성장지원을 위한 디지털 스타트업 허브 구축 해외진출 일자리
전북,"52000,45000",20250617005400110987,문화비(체육시설 이용료 등) 소득공제,바우처,문화비 소득공제에 헬스장/수영장 시설 이용료를 추가하여 청년의 체육활동 활성화,문화비 소득공제에 청년이 보편적으로 많이 이용하는 시설인 헬스장/수영장 시설 이용료를 추가하여 청년의 체육활동 활성화,복지문화,문화활동,복지,복지,20250102 ~ 20250630,'25.7.1.~ 계속,0세~0세 / 연령제한:Y 0043003 0 0 총 급여 7천만원 이하 0011009 0013010 0049010 0055003,0세~0세 / 연령제한:Y,0043003 0 0 총 급여 7천만원 이하,,,문화체육관광부,문화체육관광부,,,,2025-06-17 21:28:44,2025-06-25 17:59:31,3,온통청년_OPEN_API_getPlcy,전북,문화비 체육시설 이용료 등 소득공제 문화비 소득공제에 헬스장 수영장 시설 이용료를 추가하여 청년의 체육활동 활성화 바우처 복지
전북,"52000,45000",20250617005400110962,K-Shield 주니어 15기 정규과정,교육지원,사이버보안 분야 입문 및 진출을 희망하는 청년 대상 정보보호 기초 교육(80시간 이상)과 직무 교육(300시간 이상) 운영,"학업장려금 지급, 우수 수료생 해외연수, 교육과정 수료생 대상 취업지원(인턴십 연계 등)",일자리,취업,"일자리, 직무교육",일자리,20250519 ~ 20250625,20250721 ~ 20251027,"19세~34세 / 연령제한:N 0043001 0 0 0011001,0011002,0011003,0011004,0011005,0011006,0011007,0011008 0013003 0049004,0049006,0049007,0049008 0055003",19세~34세 / 연령제한:N,0043001 0 0,KISA 아카데미 홈페이지를 통한 신청,,과학기술정보통신부,한국인터넷진흥원,https://academy.kisa.or.kr/edu/apply/applyEduDetail.do?APPLY=04&SQ=9886,https://academy.kisa.or.kr/cont/programInfo/kShieldJunior.do,https://academy.kisa.or.kr/edu/apply/applyEduDetail.do?APPLY=04&SQ=9886,2025-06-17 17:59:31,2025-06-18 09:34:10,3,온통청년_OPEN_API_getPlcy,전북,K Shield 주니어 15기 정규과정 사이버보안 분야 입문 및 진출을 희망하는 청년 대상 정보보호 기초 교육 80시간 이상 과 직무 교육 300시간 이상 운영 교육지원 일자리
전북,"52000,45000",20250617005400110952,미혼청년 주거급여 분리지급,주거지원,부모와 따로 거주하는 청년세대에게 주거급여를 별도 분리지급하여 안정적인 미래준비와 자립 도모,"주거급여 수급가구원 중 취학,구직 등의 사유로 부모와 따로 거주하는 20대 미혼자녀에게 별도 주거급여 지급 (지원내용) 부모와 청년 각각의 거주지, 가구원수에 따라 산정한 기준임대료를 상한으로 실제 임차료를 지급하고, 자기부담분은 분리된 가구 각각의 가구원 수에 비례하여 적용",주거,주택 및 거주지,"일자리, 주거지원",일자리,,'21년~,"19세~29세 / 연령제한:N 0043003 0 0 중위소득 48% 이하 주거급여 수급가구 내 부모와 떨어져 사는 청년에게 주거급여를 분리하여 지급 - 임차급여 또는 수선유지급여를 지급받는 수급가구 내 만 19세 이상 30세 미만의 미혼자녀 - 청년명의의 임대차계약을 체결하고 임차료를 지불하는 청년에게 지급(전입신고 필수) - 주거급여 수급가구의 부모와 청년이 주민등록상 시·군을 달리하는 경우 인정하되, 동일 시·군이라도 보장기관이 인정하는 경우는 예외로 함 주거급여가 불필요하거나, 타 법령 등에 의하여 주거를 제공받고 있는 수급자에 대해서는 주거급여를 지급하지 않음 0011009 0013010 0049010 0055003",19세~29세 / 연령제한:N,0043003 0 0 중위소득 48% 이하,"□ 읍면동 주민센터에 관련 상담 신청 → 신청서, 금융정보 등 제공 동의서, 임대차 계약서(해당자 한함) 등 기타 구비서류 안내받아 접수 □ 복지로 서비스신청을 통한 온라인신청 : 복지로 로그인 > 서비스 신청 > 복지서비스 신청 > 복지급여 신청 > 저소득층 > '주거급여' 또는 '청년주거급여분리지급'",,국토교통부,국토교통부,https://www.bokjiro.go.kr/ssis-tbu/twataa/wlfareInfo/moveTWAT52011M.do?wlfareInfoId=WLF00003201,,,2025-06-17 15:06:29,2026-01-01 00:00:00,3,온통청년_OPEN_API_getPlcy,전북,미혼청년 주거급여 분리지급 부모와 따로 거주하는 청년세대에게 주거급여를 별도 분리지급하여 안정적인 미래준비와 자립 도모 주거지원 일자리
전북,"52000,45000",20250617005400110950,의료기기 규제과학 전문가 양성,교육지원,의료기기 산업분야 교육·자격제도 운영으로 '의료기기 분야 규제과학(RA) 전문인력' 양성,"의료기기 규제과학(RA) 전문가 양성 교육을 통해 의료기기 산업의 경쟁력을 강화하고, 청년 역량 강화 및 의료기기 규제 분야 진입 장벽 해소를 목표로 교육 프로그램을 운영하고 있습니다. 재직자를 대상으로, 경력 단계별 직무역량에 맞춘 세분화한 교육체계를 운영합니다. (입문) 최신 규제사항을 반영한 직무 기초 교육 (실무강화) 현장형 전문인력 양성을 위한 실무 중심 교육 (고급전략) 최신 의료기기 동향 및 규제사항을 반영한 전문교육",교육･직업훈련,미래역량강화,"일자리, 직무교육, 복지",일자리,,20260101 ~ 20261231,0세~0세 / 연령제한:Y 0043001 0 0 0011009 0013001 0049010 0055003,0세~0세 / 연령제한:Y,0043001 0 0,"한국의료기기안전정보원 교육자격 홈페이지(https://edu.nids.or.kr)를 통해 교육신청 * 교육프로그램에 따라, 신청기간 운영",,식품의약품안전처,한국의료기기안전정보원,https://edu.nids.or.kr,https://edu.nids.or.kr/,,2025-06-17 14:48:30,2026-03-13 14:25:39,4,온통청년_OPEN_API_getPlcy,전북,의료기기 규제과학 전문가 양성 의료기기 산업분야 교육 자격제도 운영으로 의료기기 분야 규제과학 RA 전문인력 양성 교육지원 일자리
전북,"52000,45000",20250617005400110946,빈곤 청년에 대한 근로인센티브 확대,보조금,빈곤 청년에 대한 근로인센티브 확대,"○ 근로·사업소득 공제 - (30세 미만 청년 또는 대학생) 40만원+30% 공제 - (자립준비청년, 청소년 복지시설 퇴소 청소년, 청소년 한부모) 60만원+30% 공제 ○ 등록금 공제 - 대학생의 등록금을 대학생 본인 또는 가구의 근로·사업소득으로 지출한 경우 해당 지출금액을 소득 산정 시 공제 ○ 자립지원 별도가구 보장 - 청년층(18~34세)이 포함된 가구가 청년층 소득으로 인해 선정기준을 초과할 경우 해당 청년을 가구에서 제외하여 나머지 가구원의 수급권 보호 ○ 소득·재산 공제 - 소득인정액 산정 시 자시돌봄청년에게 지급되는 자기돌봄비, 자립준비청년 등 복지시설 퇴소 청년에게 지급되는 자립수당 및 자립 정착금을 수급자의 소득·재산에서 공제",복지문화,취약계층 및 금융지원,"일자리, 복지",일자리,,20250101 ~ 20251231,"18세~34세 / 연령제한:N 0043003 0 0 가구의 소득인정액이 생계급여 선정기준 이하 생계와 주거를 달리하는 1촌 혈족 및 그 배우자의 소득·재산이 일정 기준(연소득 1.3억원, 일반재산 12억원) 이하 특례 미적용 외국인 0011009 0013010 0049010 0055003",18세~34세 / 연령제한:N,0043003 0 0 가구의 소득인정액이 생계급여 선정기준 이하,읍면동 행정복지센터 또는 시군구청 방문,ㅇ사회보장급여 신청(변경)서 ㅇ금융정보 등 제공 동의서 ㅇ기타 구비서류,복지정책관,보건복지부 사회복지정책실 복지정책관,,,,2025-06-17 10:30:51,2026-01-01 00:00:00,4,온통청년_OPEN_API_getPlcy,전북,빈곤 청년에 대한 근로인센티브 확대 빈곤 청년에 대한 근로인센티브 확대 보조금 일자리
전북,"52000,45000",20250617005400110945,자립준비청년 의료비 지원 사업,보조금,건강보험 가입 자립준비청년을 대상으로 차상위 본인부담경감 대상자와 유사한 수준에서 의료 이용이 가능하도록 요양급여비용 본인일부부담금 차액을 지원,건강보험 가입 자립준비청년을 대상으로 차상위 본인부담경감 대상자와 유사한 수준에서 의료 이용이 가능하도록 요양급여비용 본인일부부담금 차액을 지원,복지문화,취약계층 및 금융지원,복지,복지,,상시,"18세~29세 / 연령제한:N 0043001 0 0 1. 아동복지시설, 가정위탁 보호종료 아동 중 보호종료일 기준으로 과거 2년 이상 연속하여 보호를 받은 자로서 다음 사항 중 어느 하나에 해당하는 경우 - 만 18세 이후 만기 및 연장 보호종료 또는 재보호종료된 자로서 보호종료 5년 이내인 자(단, '18.8월 이후 보호종료된 자) - 만 15세 이후 보호조치가 조기 종료된 자로서 만 18세가 된 때로부터 5년 이내인 자(단, 아동복지법 시행('24.2.9.)이후 만 18세가 된 자부터 적용) 2. 건강보험 가입자 또는 피부양자 - 차상위본인부담 경감대상자는 제외 1,2 조건을 모두 충족하는 자 0011009 0013010 0049010 0055003",18세~29세 / 연령제한:N,0043001 0 0,읍면동 행정복지센터에 자립준비청년 의료비 지원 신청,"자립준비청년 의료비 지원 신청서 1부, 신분증, 보호종료확인서 등",인구아동정책관,보건복지부,,,,2025-06-17 09:42:39,2026-01-01 00:00:00,4,온통청년_OPEN_API_getPlcy,전북,자립준비청년 의료비 지원 사업 건강보험 가입 자립준비청년을 대상으로 차상위 본인부담경감 대상자와 유사한 수준에서 의료 이용이 가능하도록 요양급여비용 본인일부부담금 차액을 지원 보조금 복지
전북,"52000,45000",20250617005400110944,자립준비청년 자립지원 사업,맞춤형상담서비스,"아동복지시설(아동양육시설,공동생활가정), 가정위탁 보호대상 아동이 보호종료된 후에 사후 관리 및 개인별 맞춤형 사례관리 지원",자립준비청년의 안정적 사회정착 지원을 위해 보호종료 5년이내 자립준비청년을 대상으로 정기적 사후관리 상담 및 개인별 맞춤형 사례관리 서비스 지원,복지문화,취약계층 및 금융지원,복지,복지,,상시,"18세~29세 / 연령제한:N 0043001 0 0 - 아동복지시설, 가정위탁 보호종료 5년 이내 자립준비청년(18세 또는 연장 보호종료된 경우 보호종료로부터 5년간 지원) - 15세 이후 조기 보호종료된 경우 18세가 된 때로부터 5년간 지원(단, 개정된 아동복지법 시행일('24.2.9.)이후 18세가 된 자부터 적용) - 재보호조치 대상자로 결정 후 재보호조치 종료된 경우, 5년 중 재보호조치 결정 이전 동안 진행된 사후관리 기간을 제외한 잔여기간 지원 0011009 0013010 0049010 0055003",18세~29세 / 연령제한:N,0043001 0 0,,,인구아동정책관,보건복지부,,,,2025-06-17 09:24:08,2026-01-01 00:00:00,4,온통청년_OPEN_API_getPlcy,전북,자립준비청년 자립지원 사업 아동복지시설 아동양육시설 공동생활가정 가정위탁 보호대상 아동이 보호종료된 후에 사후 관리 및 개인별 맞춤형 사례관리 지원 맞춤형상담서비스 복지
전북,"52000,45000",20250613005400110925,1인 미디어 창작자 및 스타트업 지원,"교육지원,해외진출","1인 미디어 창작자의 콘텐츠 제작 및 창업 활성화를 위한 스튜디오 운영, 인력 양성 등 지원","1. 1인 미디어 콤플렉스 시설 운영 - 스타트업 입주공간(40개) 제공 및 특화 제작 스튜디오(7식) 운영(상시) - 대상 : 크리에이터 미디어 기반의 창업 5년 이내 초기 창업기업(스타트업) - 내용 : 독립형 전용 사무공간 및 부대시설, 최신식 크리에이터 미디어 콘텐츠 전문 스튜디오 이용 2. 2025년 전업 크리에이터 육성 사업 - 대상 : 전업 창작자로서 성장을 희망하는 콘텐츠 크리에이터 65팀 - 내용 : 채널 지식재산권(IP) 기반 사업화를 위한 맞춤형 지원 3. 2025년도 크리에이터 미디어 신직업 육성 사업 - 대상 : 크리에이터 미디어 산업 진출을 희망하는 교육생 25명 - 내용 : 크리에이터 미디어 산업 관련 기업에 취업준비생 등 예비 산업 인력 현장 실무 교육 4. 2025년 크리에이터 미디어 콘텐츠 제작지원 - 대상 : 1인 미디어 콘텐츠 창작자 관련 업종코드 등록 사업자 20개사 - 내용 : 오리지널 콘텐츠 제작지원 및 해외진출용 제제작 지원 5. 2025년 글로벌 크리에이터 브랜드 협업 지원 사업 - 대상 : 글로벌 IP 비즈니스 확장을 희망하는 국내 크리에이터 10팀 - 내용 : IP 기반 해외 협력 네트워크 확대 및 글로벌 비즈니스 모델 발굴 지원 6. 미디어·콘텐츠 스타트업 육성 프로그램 : CRE-UP 2025 - 대상 : 미디어·콘텐츠 산업 분야에서의 성장을 희망하는 창업기업 20개사 - 내용 : 해외시장 진출을 준비하는 창업기업의 비즈니스 모델 개선 및 현지 파트너 발굴 등 지원",일자리,창업,"일자리, 직무교육, 창업지원, 참여 프로그램",일자리,,20250101 ~ 20251231,0세~0세 / 연령제한:Y 0043001 0 0 지원 사업별 모집공고 참조 지원 사업별 모집공고 참조 0011009 0013010 0049010 0055003,0세~0세 / 연령제한:Y,0043001 0 0,공모를 통해 신청 접수,지원 사업별 모집공고 참조,방송진흥정책관,한국전파진흥협회,www.meplex.co.kr,,,2025-06-13 13:32:34,2026-01-01 00:00:00,4,온통청년_OPEN_API_getPlcy,전북,1인 미디어 창작자 및 스타트업 지원 1인 미디어 창작자의 콘텐츠 제작 및 창업 활성화를 위한 스튜디오 운영 인력 양성 등 지원 교육지원 해외진출 일자리
전북,"52000,45000",20250613005400110922,유망청년창업기업 보증,"대출,중소기업",유망청년창업기업의 성장을 위한 우대보증 지원,"보증한도 우대, 보증비율 우대(90-100%), 보증료율 우대(고정보증료율 0.3%)",일자리,창업,"일자리, 창업지원",일자리,,00010101 ~ 20291231,"17세~39세 / 연령제한:N 0043001 0 0 □ 공통요건 - 사업개시일로부터 보증신청접수일까지 기간이 7년 이내인 기업 ▷ 지역성장형 - 수도권(서울특별시, 경기도, 인천광역시) 이외의 지역에 주사업장을 두고 지역주력산업 또는 지역협력산업을 영위하는 창업기업 ▷ 고용확산형 - 정규직 근로자의 고용 증가율이 일정 비율 이상이거나 평균 인원이 일정 수 이상인 창업기업 ▷ 전문·기술형 - 전문자격 또는 기술·지식을 보유하고 있는 (예비)창업기업 0011009 0013006 0049010 0055003",17세~39세 / 연령제한:N,0043001 0 0,신용보증기금 디지털 플랫폼(On-Biz) 또는 사업장 인근 영업점 신청,,신용보증기금,신용보증기금,https://www.kodit.co.kr/apps/index.do,https://www.kodit.co.kr/kodit/cm/cntnts/cntntsView.do?mi=2531&cntntsId=11071,https://www.kodit.co.kr/apps/index.do,2025-06-13 10:50:04,2026-01-01 00:00:00,4,온통청년_OPEN_API_getPlcy,전북,유망청년창업기업 보증 유망청년창업기업의 성장을 위한 우대보증 지원 대출 중소기업 일자리
전북,"52000,45000",20250612005400110919,청년법조인 국제법무 전문인력 양성,해외진출,"국내 청년법조인을 국제법무 현장형 실무인재로 양성하여 이들의 국제법무역량을 제고하고, 나아가 대한민국 법률서비스의 국제경쟁력 증진을 위한 '청년법조인 국제법무 전문인력 양성'","1. 해외진출 아카데미 : 청년법조인의 해외진출 지원을 위해 대한변호사협회, 세계한인법률가회(IAKL)와 공동으로 국제법무전문가를 섭외해 실무접학적인 이론 교육 진행 2. 글로벌 펠로우십(Global Fellowship) : 해외진출 아카데미를 이수한 청년법조인을 유럽, 아시아, 중동 등 14개국 16개 도시 26개 기관의 해외 법무법인, 국제기구 등에 파견해 3개월~1년 간의 법률실무 경험 기회 제공",교육,미래역량강화,직무교육,직무교육,20260101 ~ 20260228,"1. 해외진출 아카데미 : 2025. 10. ~ 2025. 12., 2. 글로벌 펠로우십 : 2026. 4. ~ 2026. 12., 글로벌펠로우십과 관련하여, 대상자와 파견기관이 파견 개시일자 및 파견기간 개별적 협의하며, 파견 기간의 경우 보통 3개월 내지 1년 정도의 기간으로 진행함",0세~0세 / 연령제한:Y 0043001 0 0 1. 해외진출 아카데미 : 법조 경력 10년 이내의 대한변호사협회 등록 변호사 2. 글로벌 펠로우십 : 법조 경력 10년 이내의 대한변호사협회 등록 및 개업 변호사 중 해당 연도 해외진출 아카데미를 수료한 자 1. 해외진출 아카데미 : 법조 경력 10년 이내의 대한변호사협회 등록 변호사 2. 글로벌 펠로우십 : 법조 경력 10년 이내의 대한변호사협회 등록 및 개업 변호사 중 해당 연도 해외진출 아카데미를 수료한 자 0011009 0013009 0049009 0055003,0세~0세 / 연령제한:Y,0043001 0 0,1. 해외진출 아카데미 : 대한변호사협회에서 개설한 구글폼으로 접수 및 지원서 업로드 2. 글로벌 펠로우십 : 제출서류를 법무부 국제법무지원과 메일(ILAD1@korea.kr)로 제출,"1. 해외진출 아카데미 : 지원서 2. 글로벌 펠로우십 : 파견기관 지망순위, 지원서(국영문), 국문 자기소개서, 변호사자격 취득 증명원, 졸업 증명서 및 성적 증명서, 외국어 능력 증빙서류, 기타 추가 증빙서류 등 ※ 단, 파견기관마다 추가 요구하는 서류가 있을 수 있음",국제법무지원과,국제법무지원과,,,,2025-06-12 14:51:27,2025-06-26 10:53:39,4,온통청년_OPEN_API_getPlcy,전북,청년법조인 국제법무 전문인력 양성 국내 청년법조인을 국제법무 현장형 실무인재로 양성하여 이들의 국제법무역량을 제고하고 나아가 대한민국 법률서비스의 국제경쟁력 증진을 위한 청년법조인 국제법무 전문인력 양성 해외진출 직무교육
전북,"52000,45000",20250612005400110918,현장실습 지원금,교육지원,고졸 기술·기능 인재가 사회초기 안정적으로 정착할 수 있도록 현장실습 참여 수당 지원,산업체 채용형 현장실습 이수 일수당 6만원(최대 360만원) 지급 ※ 2025학년도 고교 취업연계 장려금(현장실습 지원금) 업무처리기준 참고,일자리,취업,"일자리, 직무교육, 복지, 참여 프로그램",일자리,20250512 ~ 20250630,20250301 ~ 20260531,17세~19세 / 연령제한:N 0043001 0 0 아래 2가지 요건을 모두 충족한 자 (1) 기본 요건 : 국내 직업계고 3학년 학생 중 현장실습 지원금을 신청한 자 (외국인 재학생 신청 가능) (2) 지원 요건 : 산업체 채용형 현장실습에 참여하고 ‘현장실습 표준협약서’를 작성한 현장 실습생 0011009 0013010 0049002 0055003,17세~19세 / 연령제한:N,0043001 0 0,한국장학재단 홈페이지 또는 모바일 앱을 통해 회원가입 및 신청완료 - (신청경로) 한국장학재단 홈페이지(www.kosaf.go.kr) 또는 모바일앱 → 서비스 이용자 등록(회원가입) 및 로그인 → '장학금 - 국가근로 및 취업연계 장학금 - 고교 취업연계 장학금 - 고교 취업연계 장려금' 메뉴 접속 → '신청하기' 버튼 클릭 - (신청절차) 취업연계 장려금 수혜 주요 의무사항 확인 → 신청약관 동의·신청 정보 작성 → 사전교육 이수 → 신청 완료,※ 2025학년도 고교 취업연계 장려금(현장실습지원금) 업무처리기준 참고,교육부,고졸취업지원부,https://www.kosaf.go.kr/ko/scholar.do?pg=scholarship_submain02,https://www.kosaf.go.kr/ko/scholar.do?pg=scholarship05_19_01,https://www.hifive.go.kr/,2025-06-12 14:17:57,2025-06-26 10:54:16,4,온통청년_OPEN_API_getPlcy,전북,현장실습 지원금 고졸 기술 기능 인재가 사회초기 안정적으로 정착할 수 있도록 현장실습 참여 수당 지원 교육지원 일자리
전북,"52000,45000",20250612005400110917,경상이 의무복무 제대군인 취업지원 사업,교육지원,의무복무 제대군인 중 경상이자*에게 제대군인지원센터를 통한 취업서비스 지원 * 전(공)상을 입고 전역한 의무복무 제대군인 중 보훈대상으로 등록하였으나 등급기준에 해당되지 않은 경상이자,"□ 지원조건 "" 전역 후 3년 이내 □ 무복무 제대군인 중 경상이자에게 제대군인지원센터를 통한 취업서비스 지원 - 취업상담/알선 : 전담 상담사 1:1 배정·관리, 구직스킬 향상(이력서 작성, 면접 등), 채용정보 제공 및 채용추천, 동행 면접, 취·창업 워크숍 등 - 사이버교육 : 1인당 12과목 이내(월 3과목 이내) 수강지원 * 기술 습득, 자격 취득, 어학 강좌 등",일자리,취업,"일자리, 직무교육, 창업지원, 복지",일자리,,상시,18세~34세 / 연령제한:N 0043001 0 0 0011009 0013003 0049010 0055003,18세~34세 / 연령제한:N,0043001 0 0,제대군인지원센터 누리집 회원가입 ▶ 초기상담 ▶ 목표설정 ▶ 사이버교육 및 구직활동 지원,,제대군인국,국가보훈부,https://vnet.go.kr/,,,2025-06-12 13:47:49,2026-01-01 00:00:00,4,온통청년_OPEN_API_getPlcy,전북,경상이 의무복무 제대군인 취업지원 사업 의무복무 제대군인 중 경상이자 에게 제대군인지원센터를 통한 취업서비스 지원 전 공 상을 입고 전역한 의무복무 제대군인 중 보훈대상으로 등록하였으나 등급기준에 해당되지 않은 경상이자 교육지원 일자리
전북,"52000,45000",20250612005400110914,고교 취업연계 장려금,중소기업,고졸 기술·기능 인재가 사회초기 안정적으로 정착할 수 있도록 취업연계 장려금 지원,중소·중견 기업 재직기간에 따라 1인 500만원 분할 지급 - (1차) 사업기준일(2025.10.1.)로 부터 1년 이내 3개월 재직 시 200만원 지급 (2차) 사업기준일(2025.10.1.)로 부터 30개월 이내 추가 9개월(총 1년) 재직 시 300만원 추가 지급,일자리,취업,일자리,일자리,20250512 ~ 20250630,20250301 ~ 20250531,"17세~21세 / 연령제한:N 0043001 0 0 아래 3가지 요건을 모두 충족한 자 (1) 기본요건 : 대한민국 국적자로 고교 취업연계 장려금을 신청한 자 (2) 학력요건 : 직업계고 3학년 및 일반고 3학년 中 직업교육 위탁과정 6개월(180일) 이상 참여 학생 (미졸업시 전액 반환) (3) 재직요건 : 중소·중견 기업에 취업(재직)이 확인된 자로 근무시간이 주 15시간 이상인 자(고용보험 가입이력 정보로만 심사) ※ 1차 지급 시 3개월 재직 이력, 2차 지급 시 추가 9개월 간 재직이력 확인 ※ 2025학년도 고교 취업연계 장려금 업무처리기준 참고 0011009 0013001 0049003,0049004 0055003",17세~21세 / 연령제한:N,0043001 0 0,한국장학재단 홈페이지 또는 모바일 앱을 통해 회원가입 및 신청완료 - (신청경로) 한국장학재단 홈페이지(www.kosaf.go.kr) 또는 모바일앱 → 서비스 이용자 등록(회원가입) 및 로그인 → '장학금 - 국가근로 및 취업연계 장학금 - 고교 취업연계 장학금 - 고교 취업연계 장려금' 메뉴 접속 → '신청하기' 버튼 클릭 - (신청절차) 취업연계 장려금 수혜 주요 의무사항 확인 → 신청약관 동의·신청 정보 작성 → 사전교육 이수 → 신청 완료,※ 2025학년도 고교 취업연계 장려금 업무처리기준 참고,교육부,고졸취업지원부,https://www.kosaf.go.kr/ko/scholar.do?pg=scholarship_submain02,https://www.kosaf.go.kr/ko/main.do?currentMain=1,https://www.hifive.go.kr/,2025-06-12 13:20:59,2025-06-26 10:54:57,4,온통청년_OPEN_API_getPlcy,전북,고교 취업연계 장려금 고졸 기술 기능 인재가 사회초기 안정적으로 정착할 수 있도록 취업연계 장려금 지원 중소기업 일자리
전북,"52000,45000",20250612005400110913,희망사다리장학금 2유형(고졸 후학습자),보조금,'고교졸업 후 대학진학' 일변도로 인한 과잉학력 및 청년일자리 구조적 문제 해소 휘한 선취업-후학습 활성화,대한민국 국적자로 고등학교 졸업 후 재직 중 진학하여 재학 중인 자 등에게 (장학금) 정규학기(계절학기 제외) 등록금 지원 (중소·중견기업 재직: 전액) (비영리기관·대기업 재직: 50%),일자리,취업,일자리,일자리,20250201 ~ 20250930,20250101 ~ 20251231,"0세~0세 / 연령제한:Y 0043001 0 0 0011009 0013001,0013009 0049004,0049005,0049006 0055003",0세~0세 / 연령제한:Y,0043001 0 0,한국장학재단 홈페이지에서 신규장학생 신청 접수(학기별 접수) - 계속장학생은 신청절차를 간소화하고 한국장학재단에서 요건충족 여부 확인,,지역인재정책관,지역인재정책관,,,,2025-06-12 10:24:58,2025-06-16 11:55:45,4,온통청년_OPEN_API_getPlcy,전북,희망사다리장학금 2유형 고졸 후학습자 고교졸업 후 대학진학 일변도로 인한 과잉학력 및 청년일자리 구조적 문제 해소 휘한 선취업 후학습 활성화 보조금 일자리
전북,"52000,45000",20250612005400110912,희망사다리장학금 1유형(중소기업 취업연계),"중소기업,보조금",기업 인력수요와 고학력 구직자 간 미스매치 완하를 위해 중소·중견기업 등 취업 희망 대학생에 인센티브 지원,"대한민국 국적자로 대학 3학년 이상, 전문대학 2학년 이상 재학중인 대학생 중 중소·중견기업 취업 또는 창업을 희망하는 자에게 등록금 및 취창업장려금 지원",일자리,취업,"일자리, 창업지원",일자리,20250201 ~ 20250930,20250101 ~ 20251231,"0세~0세 / 연령제한:Y 0043001 0 0 0011009 0013003,0013006,0013009 0049005,0049006 0055003",0세~0세 / 연령제한:Y,0043001 0 0,"학기별 참여대학 모집 후, 해당 대학 재학생에 한해 한국장학재단 홈페이지에서 신규장학생 신청 접수(학기별)",,지역인재정책관,지역인재정책관,,,,2025-06-12 10:12:09,2025-06-12 12:27:13,4,온통청년_OPEN_API_getPlcy,전북,희망사다리장학금 1유형 중소기업 취업연계 기업 인력수요와 고학력 구직자 간 미스매치 완하를 위해 중소 중견기업 등 취업 희망 대학생에 인센티브 지원 중소기업 보조금 일자리
전북,"52000,45000",20250612005400110910,아세안 TVET 학생교류,해외진출,한-아세안 전문대학 간 학점인정 및 학생교류,한-아세안 정부의 참여 및 재정지원(파견학생 대상)을 기반으로 고등직업교육기관 간 학점 인정 및 학생교류 추진,참여권리,청년국제교류,"직무교육, 참여 프로그램",직무교육,,20250301 ~ 20260228,"0세~0세 / 연령제한:Y 0043001 0 0 파견학생(전문대) 0011009 0013010 0049004,0049005,0049006 0055003",0세~0세 / 연령제한:Y,0043001 0 0,,,교육부,교육부 기획조정실 글로벌교육기획관,https://www.kcce.or.kr/web/majorBusiness/webInternationExchange.do,,,2025-06-12 09:39:57,2026-01-01 00:00:00,4,온통청년_OPEN_API_getPlcy,전북,아세안 TVET 학생교류 한 아세안 전문대학 간 학점인정 및 학생교류 해외진출 직무교육
전북,"52000,45000",20250612005400110909,CAMPUS Asia-한일중,해외진출,한일중 및 아세안 대학간 학생교류 및 공동·복수학위 지원,한일중 3국 및 아세안 국가간 공동·복수학위 등 교류 활성화를 위한 3국 대학간 공동교육과정 개발 등 지원,참여권리,청년국제교류,"직무교육, 참여 프로그램",직무교육,,20250301 ~ 20260228,"0세~0세 / 연령제한:Y 0043001 0 0 파견학생(학부·대학원) 0011009 0013010 0049005,0049008 0055003",0세~0세 / 연령제한:Y,0043001 0 0,,,교육부,한국대학교육협의회,,https://campusasiaprogram.kr/index.do,,2025-06-12 09:36:57,2026-01-01 00:00:00,4,온통청년_OPEN_API_getPlcy,전북,CAMPUS Asia 한일중 한일중 및 아세안 대학간 학생교류 및 공동 복수학위 지원 해외진출 직무교육
전북,"52000,45000",20250612005400110908,CAMPUS Asia-AIMS,해외진출,한-ASEAN 대학간 학부생 교류 프로그램,"AIMS 참여 국가의 고등교육 관련 부처가 지정한 회원 대학 간 학생 교류, 10개 학문분야 중심으로 교류, 다양한 교과 및 비교과 프로그램을 개발·운영하여 지역전문가 및 지한파 양성",참여권리,청년국제교류,"직무교육, 참여 프로그램",직무교육,,20250301 ~ 20260228,0세~0세 / 연령제한:Y 0043001 0 0 파견학생(학부생) 0011009 0013010 0049005 0055003,0세~0세 / 연령제한:Y,0043001 0 0,,,교육부,교육부 기획조정실 글로벌교육기획관,,https://aims.campusasiaprogram.kr/,,2025-06-12 09:33:25,2026-01-01 00:00:00,4,온통청년_OPEN_API_getPlcy,전북,CAMPUS Asia AIMS 한 ASEAN 대학간 학부생 교류 프로그램 해외진출 직무교육
전북,"52000,45000",20250610005400110905,한국형 온라인 공개강좌(K-MOOC) 운영 및 산업맞춤 직무능력 향상 지원,교육지원,"대학 등의 우수강좌를 온라인으로 제공하여 고등교육에 대한 평생교육 수요 확대에 부응 및 대학의 교수, 학습 혁신 촉진","(K-MOOC) 사회 수요와 기관의 특성을 반영하여 대학, 기업, 공공기관 등 다양한 기관에서 강좌 개발, 운영 (매치업) 기업-교육기관이 협업하여 신기술, 신산업 분야 직무능력 향상에 필요한 교육과정 개발, 운영으로 첨단 지식을 갖춘 실무인재 양성",교육,온라인교육,직무교육,직무교육,,20250101 ~ 20251231,0세~0세 / 연령제한:Y 0043001 0 0 0011009 0013010 0049010 0055003,0세~0세 / 연령제한:Y,0043001 0 0,,,교육부,국가평생교육진흥원,,https://www.kmooc.kr/,https://www.matchup.kr/,2025-06-10 13:18:24,2026-01-01 00:00:00,4,온통청년_OPEN_API_getPlcy,전북,한국형 온라인 공개강좌 K MOOC 운영 및 산업맞춤 직무능력 향상 지원 대학 등의 우수강좌를 온라인으로 제공하여 고등교육에 대한 평생교육 수요 확대에 부응 및 대학의 교수 학습 혁신 촉진 교육지원 직무교육
전북,"52000,45000",20250610005400110904,청년통계 개선,맞춤형상담서비스,"청년고용촉진특별법 상 연령규정 개정(15-29세 → 15-34세)에 맞춰 고용동향 공표 시 고용률, 실업률 등 추가 통계 발표 추진","청년고용촉진특별법 상 연령규정 개정(15-29세 → 15-34세)에 맞춰 고용동향 공표 시 고용률, 실업률 등 추가 통계 발표를 추진하고, 청년층 통계 작성 및 정책 수립을 지원하기 위해 청년층통계등록부를 구축 및 통계데이터센터를 통해 제공하며, 청년층 행정통계를 작성하여 증거기반 정책수립을 지원하고자 함",참여권리,정책인프라구축,"일자리, 복지, 참여 프로그램",일자리,,20250101 ~ 20251231,0세~0세 / 연령제한:Y 0043001 0 0 0011009 0013010 0049010 0055003,0세~0세 / 연령제한:Y,0043001 0 0,,,통계청,통계청,,,,2025-06-10 11:28:14,2026-01-01 00:00:00,4,온통청년_OPEN_API_getPlcy,전북,청년통계 개선 청년고용촉진특별법 상 연령규정 개정 15 29세 15 34세 에 맞춰 고용동향 공표 시 고용률 실업률 등 추가 통계 발표 추진 맞춤형상담서비스 일자리
전북,"52000,45000",20250610005400110903,첨단분야 글로벌 인재육성(한미첨단분야청년교류지원),교육지원,"이공계 인재를 美주요 대학에 파견하여 첨단산업 분야의 기술, 경험 습득 기회를 제공하고, 글로벌 인재로 육성",6개월 또는 1년 교환학생 장학금 지급 및 첨단산업 체험프로그램 참여지원,일자리,취업,"일자리, 직무교육, 참여 프로그램",일자리,,2024~2027,"0세~0세 / 연령제한:Y 0043001 0 0 0011004,0011005 0013010 0049005,0049006 0055003",0세~0세 / 연령제한:Y,0043001 0 0,첨단산업 유관학과 학생이 본교 교환학생 선발 -> 지원서 및 연구수학계획 서 등 신청서 제출 -> 대학추천접수 -> 산학연 전문가 심사,,산업통상자원부,산업통상자원부,https://www.youtube.com/watch?v=Scz6WHZD3wg,https://www.kiat.or.kr/front/board/boardContentsView.do,,2025-06-10 11:04:46,2026-01-01 00:00:00,4,온통청년_OPEN_API_getPlcy,전북,첨단분야 글로벌 인재육성 한미첨단분야청년교류지원 이공계 인재를 주요 대학에 파견하여 첨단산업 분야의 기술 경험 습득 기회를 제공하고 글로벌 인재로 육성 교육지원 일자리
전북,"52000,45000",20250610005400110901,바이오 인력양성,교육지원,바이오분야 인력수급 불균형 해소와 현장형 실무교육을 통한 전문인력 양성 등 청년 일자리연계 지원 및 바이오 산업 활성화 기반마련,"- 바이오제품 생산 품질관리 및 바이오의약, 화학 분야 전문교육 - 현장형 기술인력 양성을 위한 실습 융합 교육 프로그램 운영 - 바이오업계 인력수급 실태조사 및 직무정보 구축등 취업연계 지원",일자리,취업,"일자리, 직무교육",일자리,,14년~계속,0세~0세 / 연령제한:Y 0043001 0 0 0011009 0013010 0049010 0055003,0세~0세 / 연령제한:Y,0043001 0 0,"전담기관: 한국산업기술진흥원 수행기관: 한국바이오협회 참여기관: 대전테크노파크, 전남바이오산업진흥원, 춘천바이오산업진흥원, 경북바이오 산업연구원 등 9개기관",,산업통상자원부,산업통상자원부,,,,2025-06-10 10:36:32,2026-01-01 00:00:00,4,온통청년_OPEN_API_getPlcy,전북,바이오 인력양성 바이오분야 인력수급 불균형 해소와 현장형 실무교육을 통한 전문인력 양성 등 청년 일자리연계 지원 및 바이오 산업 활성화 기반마련 교육지원 일자리
전북,"52000,45000",20250610005400110900,지역전문가 양성 및 공급,교육지원,"중소, 중견기업의 수출시장 확대지원 및 전략적시장 진출을 위해 글로벌 지역별 필수 역량을 갖춘 무역전문인력 양성 및 공급","ㅇ전략지역별 언어, 관습, 문화 등 지역전문지식과 무역실무, 전자상거래, 해외마케팅 등 무역역량을 겸비한 인재양성 ㅇ 산업부(주관기관) - 한국무역협회(보조기관) - 대학(사업참여) - 산학협력업체(현장실습)",일자리,취업,"일자리, 직무교육, 복지, 참여 프로그램",일자리,,07년~계속,"0세~0세 / 연령제한:Y 0043001 0 0 0011009 0013010 0049002,0049005 0055003",0세~0세 / 연령제한:Y,0043001 0 0,산업부(주관기관) - 한국무역협회(보조기관) - 대학(사업참여) - 산학협력업체(현장실습) 전국 참여대학의 GTEP사업단을 통해 산학관 연계교육 및 현장실습 진행,,산업통상자원부,산업통상자원부,,,,2025-06-10 10:32:22,2026-01-01 00:00:00,4,온통청년_OPEN_API_getPlcy,전북,지역전문가 양성 및 공급 중소 중견기업의 수출시장 확대지원 및 전략적시장 진출을 위해 글로벌 지역별 필수 역량을 갖춘 무역전문인력 양성 및 공급 교육지원 일자리
전북,"52000,45000",20250610005400110898,창의융합형공학인재양성,교육지원,산업계 수요에 맞는 공학인재 양성을 위해 공학교육혁신센터의 창의융합형 공학교육 프로그램 개발 및 운영 지원,"첨단산업분야 기업 수요를 반영한 공통의 미션을 협력적으로 수행할 수 있도록 전국 공과대학간 13개 컨소시엄을 구성하고, 공학교육 혁신모델개발, 지역 산업 연계프로젝트 등을 수행",교육,미래역량강화,직무교육,직무교육,,20250101 ~ 20251231,0세~0세 / 연령제한:Y 0043001 0 0 0011005 0013010 0049005 0055003,0세~0세 / 연령제한:Y,0043001 0 0,각 대학별 공학교육혁신센터를 통해 운영하는 프로그램에 학생이 직접신청,,산업통상자원부,산업통상자원부,,,,2025-06-10 10:15:09,2026-01-01 00:00:00,4,온통청년_OPEN_API_getPlcy,전북,창의융합형공학인재양성 산업계 수요에 맞는 공학인재 양성을 위해 공학교육혁신센터의 창의융합형 공학교육 프로그램 개발 및 운영 지원 교육지원 직무교육
전북,"52000,45000",20250609005400110894,고립은둔청년 지원 시범사업,맞춤형상담서비스,"고립은둔·청년 전담발굴, 원스톱 접수 및 맞춤형 사례관리","(고립·은둔청년) -온라인 발굴, 초기상담 후 고립정도에 적합한 프로그램 제공(자조모임, 심리상담 및 가족관계 회복, 공동생활, 소통기술 습득, 간단한 일경험 등)",복지문화,취약계층 및 금융지원,"일자리, 직무교육, 복지",일자리,,20250101 ~ 20251231,19세~39세 / 연령제한:N 0043001 0 0 0011009 0013010 0049010 0055003,19세~39세 / 연령제한:N,0043001 0 0,,,인구아동정책관,보건복지부 인구사회서비스정책실,www.mohw2030.co.kr,,,2025-06-09 17:12:59,2026-01-01 00:00:00,4,온통청년_OPEN_API_getPlcy,전북,고립은둔청년 지원 시범사업 고립은둔 청년 전담발굴 원스톱 접수 및 맞춤형 사례관리 맞춤형상담서비스 일자리
전북,"52000,45000",20250609005400110892,자립준비청년 자립수당 지급,보조금,"아동복지시설 및 가정위탁 보호대상아동이 보호종료된 후에 자립수당을 지급하여 보호종료아동의 안정적 사회정착,자립 및 복지향상에 기여",자립준비청년에게 매월 자립수당 50만원 현금 지급(본인 명의 계좌 이체),복지문화,취약계층 및 금융지원,복지,복지,,상시,"18세~23세 / 연령제한:N 0043001 0 0 아동복지시설 ,가정위탁 보호종료 아동 중 보호종료일을 기준으로 과거 2년 이상 연속하여 보호를 받은 자로서 다음 사항 중 어느 하나에 해당하는 경우 - 만 18세 이후 만기 및 연장 보호종료 또는 재보호종료된 자로서 보호종료 5년 이내인 자 (단, '18.8월 이후 보호종료된 자) - 만 15세 이후 보호조치가 조기 종료된 자로서 만 18세가 된 때로부터 5년 이내인 자(단, 아동복지법 시행('24.2.9.)이후 만 18세가 된 자부터 적용) 0011009 0013010 0049010 0055003",18세~23세 / 연령제한:N,0043001 0 0,,자립준비청년 자립수당 지급 신청서 1부 서민금융진흥원 사이버강의 이수증 또는 아동권리보장원 아동권리통합서비스 사이버교육센터 사이버강의 이수증 또는 국민연금공단 희망출발 재무상담 확인서 중 택 1부 신분증 등,인구아동정책관,보건복지부 인구사회서비스정책실,www.bokjiro.go.kr,,,2025-06-09 17:06:01,2026-01-01 00:00:00,4,온통청년_OPEN_API_getPlcy,전북,자립준비청년 자립수당 지급 아동복지시설 및 가정위탁 보호대상아동이 보호종료된 후에 자립수당을 지급하여 보호종료아동의 안정적 사회정착 자립 및 복지향상에 기여 보조금 복지
전북,"52000,45000",20250609005400110890,병역의무자 마음건강 관리 지원,맞춤형상담서비스,병역의무자 중 심리취약자 및 정신건강 위험군에 대한 전문적인 지원으로 청년의 안정적 병역이행 및 청년정신건강 증진에 기여,"- 정신건강 관련 전문가(의사, 임상심리사)를 통한 심리적취약자 및 정신질환위험군 선별 - 의료기간 위탁검사 및 병무청 정밀심리검사 등 종합심리평가 지원 - 임상심리사의 가족상담 및 경과관리서비스 제공 - 정신건강복지센터, 청소년상담복지센터 등 유관기관 서비스 의뢰 - 정신건강관리 지원 및 병역의무자에게 필요한 서비스 연계기관 안내",복지문화,건강,복지,복지,,상시,19세~40세 / 연령제한:N 0043001 0 0 특화분야 : 병역의무자 0011009 0013010 0049010 0055003,19세~40세 / 연령제한:N,0043001 0 0,,,병무청,병무청,,,,2025-06-09 15:55:05,2026-01-01 00:00:00,4,온통청년_OPEN_API_getPlcy,전북,병역의무자 마음건강 관리 지원 병역의무자 중 심리취약자 및 정신건강 위험군에 대한 전문적인 지원으로 청년의 안정적 병역이행 및 청년정신건강 증진에 기여 맞춤형상담서비스 복지
전북,"52000,45000",20250609005400110889,국가 중점육성분야 산업지원인력 지원 확대,맞춤형상담서비스,국가 중점육성분야에 산업지원인력 편입 인원을 확대하고 복무만료 후에도 계속 취업과 연계되는 지속가능한 청년 일자리 지원,- 국가 중점육성분야 병역지정업체 선정 및 인원배정 확대 - 병역지정업체와 병역의무자 취업매칭 서비스 강화로 상생적 취업환경 조성 - 산업지원인력 권익침해 예방활동 강화,일자리,취업,"일자리, 복지",일자리,,상시,"19세~35세 / 연령제한:N 0043001 0 0 ○ 연령 : 의무복무기간*을 35세까지 마칠 수 있어야 함(병역법 제36조 제5항) * 전문 36개월, 산업(현역) 34개월), 산업(보충역) 23개월 ○ 학력 - 현역병입영대상자 : 특성화고 등 직업계고 졸업자 우대 * 대학학력자 우선배정 제외 - 사회복무요원소집대상자 : 학력무관 ○ 취업상태 : 병역지정업체에 취업 ○ 제출서류 : 편입신청서, 성실복무·약정근로조건 이행 서약서, 학위증, 국가기술자격취득사항 확인서류 등 병역지정업체 대표이사의 4촌이내 혈족에 해당하는 사람(병역법 제38조의2) 0011008 0013009 0049009 0055003",19세~35세 / 연령제한:N,0043001 0 0,전문연구·산업기능요원 편입 절차 ① 의무자와 병역지정업체의 장의 근로계약에 따라 채용 결정 ② 병역지정업체의 장은 의무자로부터 편입신청서를 받은 후 7일 이내 또는 입영(소집)기일 5일전까지 관할지방병무청장에게 제출 ③ 관할지방병무청장은 편입신청서 검토 후 편입결과 통보 - 병역지정업체 인원배정 여부 - 해당 학력/기술자격·면허/전공 여부 - 해당(전공)분야 근무 가능 여부 - 병역사항/연령/기타 편입제한 대상 여부 등,,병무청,병무청,,https://www.mma.go.kr/contents.do?mc=mma0000760,https://work.mma.go.kr/caisBYIS/main.do#,2025-06-09 15:32:44,2026-01-01 00:00:00,4,온통청년_OPEN_API_getPlcy,전북,국가 중점육성분야 산업지원인력 지원 확대 국가 중점육성분야에 산업지원인력 편입 인원을 확대하고 복무만료 후에도 계속 취업과 연계되는 지속가능한 청년 일자리 지원 맞춤형상담서비스 일자리
전북,"52000,45000",20250529005400210880,2025년 화성시 청년정책 아이디어 공모전,교육지원,"청년정책에 대한 사회적 관심을 제고하고, 실효성 있는 아이디어 발굴","❍ 접수기간: 2025. 6. 2.(월) ~ 6. 20.(금) ※ 모집 결과에 따라 추가 모집이 진행될 수 있음 ❍ 접수방법: 잡아바어플라이(https://apply.jobaba.net) ❍ 제출서류: 화성 청년정책 아이디어 공모전 참가신청서 및 제안서, 개인정보 제공동의서 ❍ 사업대상: 화성 청년정책에 관심 있는 전국 19 ~ 39세 청년 ※ 2025. 1. 1. 기준 - 1985. 1. 2. ~ 2006. 1. 1. 출생자 - 개인 또는 팀 단위로 참가할 수 있으며, 1인(1팀)당 1개 작품만 제출할 수 있음 ❍ 공모주제: 화성 청년이 체감할 수 있는 실효성 높은 분야별 정책 ① 일자리 ② 주거 ③ 교육 ④ 복지 · 문화 ⑤ 참여 · 권리 중 택 1 ❍ 심사방법: (1차 심사) 소관부서 자체 심사 (2차심사) 민·관 전문가 심사위원회 심사 ❍ 시상내역 - 최우수: 2,000,000원 (1명) - 우수: 1,000,000원 (1명) - 장려: 500,000원 (2명) - 입선: 50,000원 (20명) ※ 심사결과에 따라 시상내역 등 조정될 수 있음 ❍ 문 의 처: 화성시 청년청소년정책과(청년정책팀) ☎ 031-5189-3949",참여권리,청년참여,"일자리, 직무교육, 주거지원, 복지, 참여 프로그램",일자리,20250602 ~ 20250620,20250522 ~ 20250920,"19세~39세 / 연령제한:N 0043001 0 0 - 1985. 1. 2. ~ 2006. 1. 1. 출생자 - 개인 또는 팀 단위로 참가할 수 있으며, 1인(1팀)당 1개 작품만 제출할 수 있음 0011009 0013010 0049010 0055003",19세~39세 / 연령제한:N,0043001 0 0,잡아바어플라이(https://apply.jobaba.net) 온라인 접수,"화성 청년정책 아이디어 공모전 참가신청서 및 제안서, 개인정보 제공동의서 ※ 서명 후 스캔(PDF 등) 파일 제출 시, 한글(HWP) 파일도 함께 제출",복지국,경기도 화성시,https://apply.jobaba.net/bsns/bsnsDetailView.do?bsnsSeq=4474,,,2025-05-29 11:19:09,2025-05-29 14:06:34,4,온통청년_OPEN_API_getPlcy,전북,2025년 화성시 청년정책 아이디어 공모전 청년정책에 대한 사회적 관심을 제고하고 실효성 있는 아이디어 발굴 교육지원 일자리
전북,"52000,45000",20250624005400111133,창업중심대학 지원,벤처,창업역량이 우수한 대학을 선정하여 창업기업 지원,창업기업 대상 사업화자금 및 성장프로그램 지원,일자리,창업,"일자리, 직무교육, 창업지원",일자리,20250314 ~ 20250402,계속,0세~0세 / 연령제한:Y 0043001 0 0 0011009 0013006 0049010 0055003,0세~0세 / 연령제한:Y,0043001 0 0,,,중소벤처기업부,중소벤처기업부,,https://www.k-startup.go.kr/,,2025-05-24 17:33:46,2025-06-25 14:15:05,4,온통청년_OPEN_API_getPlcy,전북,창업중심대학 지원 창업역량이 우수한 대학을 선정하여 창업기업 지원 벤처 일자리
전북,"52000,45000",20250624005400111132,로컬크리에이터 육성,"벤처,보조금",지역경제 활성화 및 지역청년의 창업기회 확대를 위한 로컬크리에이터 육성,"로컬크리에이터 비즈니스모델 구체화, 멘토링, 마케팅 등 성장단계에 따른 사업화자금 및 맞춤형 프로그램 지원","참여권리,참여권리","청년참여,정책인프라구축","직무교육, 창업지원, 참여 프로그램",직무교육,20250101 ~ 20250331,계속,0세~0세 / 연령제한:Y 0043001 0 0 0011009 0013006 0049010 0055003,0세~0세 / 연령제한:Y,0043001 0 0,,,중소벤처기업부,중소벤처기업부,,https://www.kised.or.kr/menu.es?mid=a10205090000,,2025-05-24 17:21:02,2025-06-25 14:16:23,4,온통청년_OPEN_API_getPlcy,전북,로컬크리에이터 육성 지역경제 활성화 및 지역청년의 창업기회 확대를 위한 로컬크리에이터 육성 벤처 보조금 직무교육
전북,"52000,45000",20250624005400111126,범부처 창업경진대회,"벤처,중소기업",유망 (예비)창업자 발굴 지원 및 도전적인 창업 분위기 확산,부처별 예선리그를 통과한 우수창업자를 대상으로 통합본선 및 왕중왕전 개최,일자리,창업,"일자리, 창업지원",일자리,20250101 ~ 20250623,계속,0세~0세 / 연령제한:Y 0043001 0 0 0011009 0013006 0049010 0055003,0세~0세 / 연령제한:Y,0043001 0 0,,,중소벤처기업부,중소벤처기업부,,,,2025-05-24 16:26:52,2025-06-24 16:55:16,4,온통청년_OPEN_API_getPlcy,전북,범부처 창업경진대회 유망 예비 창업자 발굴 지원 및 도전적인 창업 분위기 확산 벤처 중소기업 일자리
전북,"52000,45000",20250623005400111115,청년내일저축계좌 운영,보조금,일하는 근로빈곤층 청년의 사회 안착 위해 자산형성 지원 및 자립 촉진,"○ 기준중위소득 100% 이하, 일하는 청년 대상 3년간 월 10~50만원 저축 시 10~30만원 매칭 지원 - (차상위 이하) 만 15세 이상 ~ 만 39세 이하, 월 30만원 매칭 지원 - (차상위 초과) 만 19세 이상 ~ 만 34세 이하, 월 10만원 매칭 지원",복지문화,취약계층 및 금융지원,"일자리, 복지",일자리,20250502 ~ 20250521,계속,"19세~34세 / 연령제한:N 0043003 0 0 기준 중위소득 100% 이하, 월 근로소득 250만원 이하 ㅇ 차상위 초과자(기준중위소득 50%~100%) - (연령) 만 19세 이상 ~ 만 34세 이하 - (소득) 월 50만원 초과 ~ 월 250만원 이하 - (지원액) 월 10만원 ㅇ 차상위 이하자(기준중위소득 50% 이하) - (연령) 만 15세 이상 ~ 만 39세 이하 - (소득) 월 10만원 이상 근로,사업소득 발생 - (지원액) 월 30만원 0011009 0013001,0013002,0013003,0013004,0013005,0013006,0013007,0013008,0013009 0049010 0055003",19세~34세 / 연령제한:N,"0043003 0 0 기준 중위소득 100% 이하, 월 근로소득 250만원 이하",복지로(www.bokjiro.go.kr) 온라인 신청 또는 읍면동 행정복지센터 방문 접수,"ㅇ자산형성지원사업 참여 신청서 및 저축동의서 ㅇ청년내일저축계좌 자가진단표 ㅇ개인정보 수집, 이용, 제공 동의서 ㅇ기타 필요서류(자세한 내용은 ""2025년 자산형성지원 통장사업 안내"" 참조)",사회복지정책실,한국자활복지개발원,www.bokjiro.go.kr,https://hope.welfareinfo.or.kr/,https://www.mohw.go.kr/board.es?mid=a10409020000&bid=0026&act=view&list_no=1484569,2025-05-23 16:00:33,2025-06-23 16:16:44,4,온통청년_OPEN_API_getPlcy,전북,청년내일저축계좌 운영 일하는 근로빈곤층 청년의 사회 안착 위해 자산형성 지원 및 자립 촉진 보조금 일자리
전북,"52000,45000",20250623005400111107,대학 장애학생 지원센터 운영 강화,교육지원,장애학생지원센터 운영지원을 통해 장애대학(원)생 특성을 고려한 맞춤형 지원,"장애학생의 생활편의 및 학습활동에 필요한 인력(일반, 전문)과 원격 프로그램, 보조기기 및 장애인식개선교육 등 지원",복지문화,취약계층 및 금융지원,"직무교육, 복지",직무교육,20250226 ~ 20250312,20250101 ~ 20251231,0세~0세 / 연령제한:Y 0043001 0 0 0011009 0013010 0049005 0055003,0세~0세 / 연령제한:Y,0043001 0 0,,,평생직업교육정책관,교육부 인재정책실 평생직업교육정책관,,,,2025-05-23 13:36:33,2025-06-24 17:14:16,4,온통청년_OPEN_API_getPlcy,전북,대학 장애학생 지원센터 운영 강화 장애학생지원센터 운영지원을 통해 장애대학 원 생 특성을 고려한 맞춤형 지원 교육지원 직무교육
전북,"52000,45000",20250522005400210873,청년 몽땅 정보통 운영,맞춤형상담서비스,ㅇ ‘AI가 추천해주는 300만 서울청년의 맞춤형 청년 플랫폼’,"ㅇ (사업 근거) - 전자정부법 제56조의2(정보시스템 장애 예방ㆍ대응 등) - 서울특별시 청년 기본 조례 제10조(청년의 참여 확대 등) ㅇ (추진 경과) - 서울청년포털 서비스 오픈 : 2019.4월 - 서울청년포털 1차 고도화 : 2020.1 ~ 12월 - 서울청년포털 2차 고도화 : 2021.1 ~ 12월 - 서울청년포털 ⇒ 청년몽땅정보통 확대오픈 : 2022.1 ~ 12월 - 청년 몽땅 정보통 재구축 : 2023.1 ~ 12월 ㅇ (사업 기간) ‘251.1월 ~ 12월 ㅇ (사업 대상) 전체(누구나) - (연령 기준) 전체 - (소득 기준) 해당없음 ㅇ (사업 내용) - 청년 몽땅 정보통 AI 맞춤형 서비스, 정책쇼핑, 선제적 청년정책 전달 ㅇ (사업비) 555백만원 (지방비)",참여권리,정책인프라구축,"직무교육, 복지, 참여 프로그램",직무교육,,20250101 ~ 20251231,0세~0세 / 연령제한:Y 0043001 0 0 0011009 0013010 0049010 0055003,0세~0세 / 연령제한:Y,0043001 0 0,,,청년정책담당관,서울특별시,,,,2025-05-22 16:02:02,2026-01-01 00:00:00,4,온통청년_OPEN_API_getPlcy,전북,청년 몽땅 정보통 운영 AI가 추천해주는 300만 서울청년의 맞춤형 청년 플랫폼 맞춤형상담서비스 직무교육
전북,"52000,45000",20250522005400210871,지역별 서울청년센터 설치 운영,맞춤형상담서비스,ㅇ 생활권 기반의 정책전달체계를 확충하여 청년들의 사회적 자원에 대한 접근성 향상 및 종합적 정책지원,"ㅇ 추진근거 - 청년기본법 제24조의 2(청년시설의 설치·운영 등) - 서울특별시 청년기본조례 제20조(청년지원기관의 설치·운영), 제21조(청년시설의 설치·운영) ㅇ 추진경과 - 2020년 권역별 서울청년센터 운영 사업계획 수립(‘20.1.) - 서울청년센터 금천‧관악(’20.1.), 강동(‘20.5.), 은평(’20.6.) 개소 - 서울청년센터 동대문(‘20.10.), 노원‧성동(’20.11.), 마포(‘20.12.) 개소 - 서울청년센터 광진(‘21.2.), 서초(’21.10.), 강북‧강서(‘22.4.) 개소 - 서울청년센터 영등포(‘23.2.), 도봉(’23.5.), 양천(‘23.5.) 개소 - 서울청년센터 성북 신축공사(‘23.12.~) - 市 위탁 서울청년센터 자치구 이관(‘25.1.~) ㅇ 사업기간 : ’20년~ □ 과제 추진체계 ㅇ 사업 대상 - 연령기준 : 19세~39세 ㅇ 사업 주체 : 서울시‧자치구 ㅇ 사업 시행방법 : 자치구 민간위탁 운영 (※ 강서구 직영 예정)",참여권리,정책인프라구축,"복지, 참여 프로그램",복지,,20250101 ~ 20251231,19세~39세 / 연령제한:N 0043001 0 0 서울시 거주이거나 활동하는 청년 0011009 0013010 0049010 0055003,19세~39세 / 연령제한:N,0043001 0 0,,,청년사업담당관,서울특별시,,,,2025-05-22 15:50:21,2026-01-01 00:00:00,4,온통청년_OPEN_API_getPlcy,전북,지역별 서울청년센터 설치 운영 생활권 기반의 정책전달체계를 확충하여 청년들의 사회적 자원에 대한 접근성 향상 및 종합적 정책지원 맞춤형상담서비스 복지
전북,"52000,45000",20250522005400210869,서울시 위원회 청년위촉 지정 및 관리,맞춤형상담서비스,ㅇ 「서울특별시 청년 기본 조례」정비에 따른 서울시 위원회 청년위원 위촉 확대 추진(청년위원 10% 이상 위촉)을 통해 청년의 시정 참여 강화,ㅇ 추진 근거 -「서울특별시 각종 위원회의 설치·운영에 관한 조례」제8조(위원회의 구성) -「청년기본법」제15조(정책결정과정에 청년의 참여 확대) -「청년기본법 시행령」제20조(청년 위촉 대상 위원회의 범위 등) -「서울특별시 청년 기본 조례」제10조(청년의 참여 확대 등) ㅇ 추진 경과 - 청년친화위원회 지정 및 관리 (’21.1.~’23.12.) - 서울미래인재DB 사업 종료 및 후속 조치 시행 (’24.4.~7.) -「서울특별시 청년 기본 조례」개정 (’24.5.) - 서울시 위원회 청년 의무위촉 지정 및 관리 (’24.5.~) ㅇ 사업 기간 : 2025. 1.~12. ㅇ 사업 대상 : 서울 거주 또는 서울에서 활동하는 청년 - 연령 기준 : 19~39세 - 소득 기준 : 소득 무관 ㅇ 사업 내용 - 위촉 곤란 위원회*를 제외한 모든 위원회에 청년을 10% 이상 위촉하도록 관리․감독을 통해 청년 위촉 확대 * 청년의 참여가 어려운 위원회는 「청년기본법 시행령」제20조제1항 및 「서울특별시 청년 기본 조례」제10조제2항에 의거하여 청년정책조정위원회의 심의를 통해 지정함 ㅇ 추진 체계 - (사업 주체) : 서울시 직접사업,참여권리,정책인프라구축,"복지, 참여 프로그램",복지,,20250101 ~ 20251231,19세~39세 / 연령제한:N 0043001 0 0 0011009 0013010 0049010 0055003,19세~39세 / 연령제한:N,0043001 0 0,,,청년정책담당관,서울특별시,,,,2025-05-22 15:36:49,2026-01-01 00:00:00,4,온통청년_OPEN_API_getPlcy,전북,서울시 위원회 청년위촉 지정 및 관리 서울특별시 청년 기본 조례 정비에 따른 서울시 위원회 청년위원 위촉 확대 추진 청년위원 10 이상 위촉 을 통해 청년의 시정 참여 강화 맞춤형상담서비스 복지
전북,"52000,45000",20250521005400110863,주거안정장학금,"교육지원,보조금",원거리 대학 진학으로 인해 주거 관련 비용 부담이 큰 저소득 대학생을 대상으로 주거 부담 경감을 위한 ‘주거안정장학금＇ 지원,"□ 지원금액: 월 최대 20만 원 ※ 단, 방학 중(7~8월, 1~2월)에는 지원하지 않으며, 계절학기를 수강하는 경우에는 방학 중에도 장학금 지원 가능 □ 지원범위: 월 20만 원 한도 내 학생이 지출한 주거 관련 비용 포괄 지원 - 주거 관련 비용 : 임차료*(전‧월세, 보증금** 등), 주거 유지‧관리비(수선유지비, 공동주택관리비 등), 수도‧연료비(상하수도, 전기, 가스, 열, 등유, 연탄 등), 주택임차‧저당차입금 이자상환액 등 ※ 단, 보증금 월환산차임은 주택임차차입금 이자와 중복 청구할 수 없음 (월세 대출 이자는 가능) * 임차료는 주택, 기숙사, 고시원 등 유형을 불문하고 거주를 목적으로 지급하는 사용료 모두 해당 ** 보증금의 경우 「주거급여 실시에 관한 고시」 제7조제3항에 따른 보증금의 환산율(연 4%)을 준용하여 월 환산 후 월 차임으로 산정함",교육,교육비지원,"직무교육, 주거지원, 복지",직무교육,20250523 ~ 20250623,연중,"0세~39세 / 연령제한:N 0043003 0 0 기초생활수급자 또는 차상위계층 □ 학생 지원자격 ○ 대한민국 국적을 소지하고 재학 중인 대학생(대학원생 제외) ○ 당해연도 1월 1일 기준 만 39세 이하(‘85.1.1.이후 출생)로 미혼인 자 ○ 당해 학기 학자금 지원구간 산정 시, 기초생활수급자 또는 차상위계층으로 확인된 자 (자격 기준은 학자금 지원구간 산정지침에 따름) ○ 부모의 주민등록정보 확인을 위한 가구원 동의를 완료한 자 ○ 신청 대학생 부모 모두의 주민등록상 주소지가 신청 대학생 소속 대학을 기준으로 통학이 어려운 원거리 지역에 해당하는 자 □ 대상대학 ○ 국내대학 중 당해연도 사업참여를 신청하고, 재단이 승인한 대학 ○ 2025학년도 학자금 지원 제한 대학의 ’25년도 신·편입 학생은 지원 제외 ○ 2025학년도 주거안정장학금 지원가능 대학 및 지원 불가 지역 확인 ※ 소속대학이 본교만 검색되고 실제 소속 캠퍼스가 조회되지 않는 경우, [지원 불가 지역]은 소속학교에 문의하시기 바랍니다. 0011009 0013010 0049005 0055002",0세~39세 / 연령제한:N,0043003 0 0 기초생활수급자 또는 차상위계층,"□ 2학기 신청일정: 2025. 5. 23.(금) 9시 ~ 6. 23.(월) 18시 - 주말 및 공휴일 포함 신청기간 내 24시간 신청 가능(단, 신청시작일 및 마감일 제외) - 대상자: 신입생·편입생·재입학생·복학생·재학생 등 모든 학부 학적 ※ 신입생의 경우 입학예정(또는 확정) 대학을 반드시 선택 후 신청 □ 서류제출: 2025. 5. 23.(금) 9시 ~ 6. 30.(월) 18시 □ 가구원동의: 2025. 5. 23.(금) 9시 ~ 6. 30.(월) 18시 ※ 신청자 본인이 기초·차상위자격을 보유한 경우에도, 가구원 동의를 반드시 진행해야 합니다.",한국장학재단 홈페이지(https://www.kosaf.go.kr/ko/scholar.do?pg=scholarship05_12_01_01&ttab1=3) 확인,교육부,한국장학재단,https://www.kosaf.go.kr/ko/scholar.do?pg=scholarship05_12_18&ttab1=0,https://www.kosaf.go.kr/ko/scholar.do?pg=scholarship05_12_01_01&ttab1=3,,2025-05-21 15:36:19,2025-05-21 17:13:42,4,온통청년_OPEN_API_getPlcy,전북,주거안정장학금 원거리 대학 진학으로 인해 주거 관련 비용 부담이 큰 저소득 대학생을 대상으로 주거 부담 경감을 위한 주거안정장학금 지원 교육지원 보조금 직무교육
전북,"52000,45000",20250621005400111098,천원의아침밥,"보조금,바우처",아침식사 결식률이 높은 대학생에게 양질의 쌀·쌀가공식품 식단을 제공하여 청년층의 건강한 식습관 형성 지원 및 쌀 소비 촉진,대학생들을 대상으로 쌀을 활용한 아침식사를 1천원에 제공,복지문화,건강,복지,복지,20241220 ~ 20250131,20250101 ~ 20251231,"0세~0세 / 연령제한:Y 0043001 0 0 0011009 0013009 0049005,0049009 0055003",0세~0세 / 연령제한:Y,0043001 0 0,운영기관으로 온라인 신청접수('24.12.20~'25.1.31),"사업신청서, 학교소개서, 운영계획서",농림축산식품부,농림수산식품교육문화정보원,,,,2025-05-21 11:36:10,2025-06-23 13:20:29,4,온통청년_OPEN_API_getPlcy,전북,천원의아침밥 아침식사 결식률이 높은 대학생에게 양질의 쌀 쌀가공식품 식단을 제공하여 청년층의 건강한 식습관 형성 지원 및 쌀 소비 촉진 보조금 바우처 복지
전북,"52000,45000",20250621005400111093,스마트팜청년창업보육센터,교육지원,스마트팜을 창농하고자 하는 청년들을 대상으로 실습위주의 장기 교육 제공,교육지원,"일자리,교육","취업,미래역량강화","일자리, 직무교육, 창업지원",일자리,20250422 ~ 20250529,20250901 ~ 20251231,18세~39세 / 연령제한:N 0043001 0 0 0011009 0013010 0049010 0055003,18세~39세 / 연령제한:N,0043001 0 0,스마트팜 코리아(www.smartfarmkorea.net)에서 접수,"개인정보동의서, 교육신청서, 주민등록초본, 최종학력졸업증명서 등",농림축산식품부,한국농업기술진흥원,www.smartfarmkorea.net,,,2025-05-21 11:18:01,2025-06-23 09:41:52,4,온통청년_OPEN_API_getPlcy,전북,스마트팜청년창업보육센터 스마트팜을 창농하고자 하는 청년들을 대상으로 실습위주의 장기 교육 제공 교육지원 일자리
전북,"52000,45000",20250620005400111086,국내청년의 동포기업 인턴십,인턴,동포기업 네트워크를 활용하여 국내 청년들에게 다양한 국가의 재외동포 기업에서 인턴 경험(6개월) 제공,"청년 1인당 생활지원금 월 110만원(6개월 간 지원), 해외장기체류보험 실비지원(최대 55만원), 출국 전 사전 교육 실비 등",참여권리,청년국제교류,"일자리, 직무교육, 복지, 참여 프로그램",일자리,20250318 ~ 20250411,20250101 ~ 20251231,"20세~34세 / 연령제한:N 0043001 0 0 해당 국가의 비자 발급 또는 해외 여행에 결격사유가 없는 자 동 사업에 참여한 경력이 없는 자 ※ 지원자격은 변경될 수 있으니, 당해년 모집공고를 참고해주시기 바랍니다. 0011009 0013003 0049010 0055003",20세~34세 / 연령제한:N,0043001 0 0,한상넷 홈페이지(www.hansang.net)를 통해 접수,한상넷 홈페이지 모집공고 참조,재외동포청,재외동포청,https://www.hansang.net/main.do,,,2025-05-20 12:33:01,2025-06-24 17:48:25,4,온통청년_OPEN_API_getPlcy,전북,국내청년의 동포기업 인턴십 동포기업 네트워크를 활용하여 국내 청년들에게 다양한 국가의 재외동포 기업에서 인턴 경험 6개월 제공 인턴 일자리
전북,"52000,45000",20250620005400111084,재외동포 청년인턴 사업,인턴,"재외동포 청년이 소재지 관할 재외공관에서 단기 인턴십(6월) 경험을 통해 △모국과의 유대감 강화 △현지국과 모국간 가교로서의 역할을 담당, 지구촌 한민족 공동체 실현에 기여","우수한 재외동포 청년에게 관할 재외공관에서 단기 인턴십 활동 기회 제공, 국정참여를 통한 역량 강화 등 글로벌 인재 양성에 기여",참여권리,청년국제교류,"일자리, 직무교육, 참여 프로그램",일자리,20250217 ~ 20250430,20250201 ~ 20251231,20세~34세 / 연령제한:N 0043001 0 0 관할 지역 재외동포 청년만 신청 가능 (국내 거주 청년 사업 신청 대상자에 해당 안됨) 국내 거주 청년 *본 사업은 재외동포 청년 대상의 사업으로 국내 거주 청년은 참여가 제한되는 점 양해 부탁드립니다. 0011009 0013010 0049010 0055003,20세~34세 / 연령제한:N,0043001 0 0,"재외공관별 자체 계획에 의거 인턴 대상자 모집 - 공개 모집(재외공관 홈페이지, SNS 채널 및 기타 온․오프라인 모집 공고 게시 등) 을 통한 선발 전 과정의 투명성 확보 * 현지에서 거주하는 재외동포 청년 대상의 사업으로, 현지 및 공관 상황에 따라 공관별 자체 계획 수립하여 진행","공관별 모집 계획에 의거, - 각종 필수 서류 확보(지원서, 자기소개서 등) - 필요시 이력서 및 기타 자격 보유 현황 등 확인, 부여 과업을 수행하기 위한 자격(지원자 역량 보유 등) 등을 고려하여 채용",재외동포청,재외동포청,https://th.mofa.go.kr/th-ko/brd/m_25796/view.do?seq=1347016&page=2,https://www.oka.go.kr/,,2025-05-20 11:39:07,2025-06-23 13:22:59,4,온통청년_OPEN_API_getPlcy,전북,재외동포 청년인턴 사업 재외동포 청년이 소재지 관할 재외공관에서 단기 인턴십 6월 경험을 통해 모국과의 유대감 강화 현지국과 모국간 가교로서의 역할을 담당 지구촌 한민족 공동체 실현에 기여 인턴 일자리
전북,"52000,45000",20250620005400111082,이공계 대학원생 청년창업 탐색지원,교육지원,"대학,출연(연) 연구원이 기술사업화를 주도할 수 있도록 실험실창업 탐색교육을 지원하여 시장친화적 연구개발 도모 및 창업 성공률 제고","대학,출연(연) 연구실의 기초·원천 연구성과가 빠른 시간 내에 시장에서 활용될 수 있도록 실험실창업 교육·보육 지원 - (창업교육) 美 국립과학재단의 ‘I-Corps 방법론’을 활용, 잠재고객 인터뷰를 통한 사업화 타당성 검증 및 창업 아이템 최적화(Pivoting) 지원 - (창업보육) 사업모형 고도화를 위한 집중 멘토링, 창업공간·장비 대여, 시제품(최소요건제품) 제작 등 실험실 창업 준비 지원",일자리,창업,"일자리, 직무교육, 창업지원, 참여 프로그램",일자리,20250114 ~ 20250213,20250101 ~ 20251231,"0세~0세 / 연령제한:Y 0043001 0 0 0011004,0011005 0013006 0049005,0049006,0049007,0049008,0049009 0055003",0세~0세 / 연령제한:Y,0043001 0 0,예비창업대표(EL)가 소속되어있는 기관 소재 권역의 혁신단 또는 여성특화형 혁신단에 신청,"- 사업 신청서 - 개인정보 및 과세정보 제공·활용 동의서 - EL, EM 서약서 - PI 확약서 - EL, EM 지원자격 확인 서류* * 재학증명서, 휴학증명서, 재직증명서 중 택일하여 EL, EM별 제출 - EL 예비창업자 사실 증명 서류* * 국세청 홈택스→민원증명→사실증명신청→사실증명 - 사업신청서 관련 제출 자료* * 특허 및 기타 지식재산권, R&D 및 기술사업화 실적 증빙 등",과학기술정보통신부,재단법인과학기술사업화진흥원,,https://www.compa.re.kr/,,2025-05-20 10:54:08,2025-06-23 13:24:38,4,온통청년_OPEN_API_getPlcy,전북,이공계 대학원생 청년창업 탐색지원 대학 출연 연 연구원이 기술사업화를 주도할 수 있도록 실험실창업 탐색교육을 지원하여 시장친화적 연구개발 도모 및 창업 성공률 제고 교육지원 일자리
전북,"52000,45000",20250619005400111077,DUO-Korea Fellowship 2025,"해외진출,교육지원",아시아-유럽 간 항구적·균형적 교육협력 및 인적교류를 통한 양 지역의 상호 이해 증진과 동반자적 관계 구축,한국-유럽 고등교육기관 간 일대일 교류 프로그램에 참여하는 아셈회원국 대학(원)생 대상 장학금 지급,참여권리,청년국제교류,"직무교육, 참여 프로그램",직무교육,20250404 ~ 20250521,20250101 ~ 20251231,"0세~0세 / 연령제한:Y 0043001 0 0 0011009 0013010 0049005,0049008 0055003",0세~0세 / 연령제한:Y,0043001 0 0,,,글로벌교육기획관,교육부 기획조정실 글로벌교육기획관,,https://www.asemduo.org/02_programs/programs_01.php,,2025-05-19 16:39:47,2025-06-24 18:08:56,4,온통청년_OPEN_API_getPlcy,전북,DUO Korea Fellowship 2025 아시아 유럽 간 항구적 균형적 교육협력 및 인적교류를 통한 양 지역의 상호 이해 증진과 동반자적 관계 구축 해외진출 교육지원 직무교육
전북,"52000,45000",20250619005400111072,(청년 금융교육 지원) 대학 실용금융 강좌 온라인(K-MOOC) 개설,교육지원,"금융감독원은 새롭게 제작한 ''실용금융(제4판)'' 온라인 강좌*를 청년층 등 누구나 인터넷,스마트폰을 통해 편리하게 수강할 수 있도록 K-MOOC**에 개설","금융감독원은 새롭게 제작한 ''실용금융(제4판)'' 온라인 강좌*를 청년층 등 누구나 인터넷,스마트폰을 통해 편리하게 수강할 수 있도록 K-MOOC에 개설하여 ''25.5월부터 일반에 공개할 계획임 * ''21년부터 활용한 기존 실용금융 온라인 강좌를 업데이트하기 위해 「대학생을 위한 실용금융 제4판(''24.2월 발간)」 교재 내용으로 신규 제작(강의 13주, 중간시험 1주, 기말시험 1주, 총 15주 과정) 매년 2차례 K-MOOC 홈페이지(www.kmooc.kr의 검색창에 ''실용금융'' 입력)를 통해 수강신청을 받아 15주 과정으로 운영할 예정이며, 일정 기준을 충족하는 수강자에게는 이수 사실을 인증할 수 있도록 이수증*을 발급할 계획임 * FSS 대학생봉사단 선발시 고려, 취업준비 포트폴리오,이력서에 첨부, 일부 대학 학점인정 등에 활용 '25년에는 5.15(목)부터 수강신청을 받아 5.26(월)~9.7(일) 15주간 1차 운영하고, '25.11월부터 '26.2월까지 2차 운영할 예정","교육,교육","미래역량강화,온라인교육","일자리, 직무교육, 복지, 참여 프로그램",일자리,20251101 ~ 20251130,대중에 공개,0세~0세 / 연령제한:Y 0043001 0 0 - - 0011009 0013010 0049010 0055003,0세~0세 / 연령제한:Y,0043001 0 0,"K-MOOC 홈페이지(www.kmooc.kr)에 접속하여 회원가입 해당 홈페이지에서 ‘실용금융’과목을 검색하여 ‘수강신청’을 클릭한 후, ‘강의실 입장’을 클릭하여 강의 시청 및 시험 응시",-,금융감독원,금융교육국,https://kmooc.kr/,,,2025-05-19 15:10:53,2025-06-20 10:15:23,4,온통청년_OPEN_API_getPlcy,전북,청년 금융교육 지원 대학 실용금융 강좌 온라인 K MOOC 개설 금융감독원은 새롭게 제작한 실용금융 제4판 온라인 강좌 를 청년층 등 누구나 인터넷 스마트폰을 통해 편리하게 수강할 수 있도록 K MOOC 에 개설 교육지원 일자리
전북,"52000,45000",20250518005400110849,맞춤형화장품조제관리사 자격 역량강화,교육지원,맞춤형화장품조제관리사 자격증 취득 후 실제 활용을 위해 식품의약품안전처와 성신여자대학교가 함께하는 맞춤형화장품조제관리사 자격 역량강화 교육입니다.,"본 강좌는 맞춤형화장품조제관리사 자격증 소지자를 대상으로 식품의약품안전처가 지원하는 무료 교육과정입니다. 맞춤형화장품 조제 실무 역량 강화 및 창업자와의 소통 기회를 제공하며, 화장품 법령 및 책임판매관리자 역할 이해 교육, 라이브커머스 기반 맞춤형화장품 브랜드 확장 전략 특강 등이 포함되어 있습니다. 과정을 수료한 교육생 대상으로 성신여자대학교 총장 명의 수료증을 발급하며, 퍼스트인잡(고용노동부) 프로그램 연계 혜택이 있습니다.",일자리,취업,"일자리, 직무교육, 창업지원",일자리,20250512 ~ 20250526,20250604 ~ 20250702,0세~0세 / 연령제한:Y 0043001 0 0 맞춤형화장품조제관리사 자격증 소지자 대상 0011009 0013010 0049010 0055003,0세~0세 / 연령제한:Y,0043001 0 0,지원서 작성 후 메일 제출(continue@sungshin.ac.kr),지원서,화장품정책과,성신여자대학교,https://blog.naver.com/life_sungshin/223865068766,,,2025-05-18 20:33:19,2025-06-09 17:17:03,4,온통청년_OPEN_API_getPlcy,전북,맞춤형화장품조제관리사 자격 역량강화 맞춤형화장품조제관리사 자격증 취득 후 실제 활용을 위해 식품의약품안전처와 성신여자대학교가 함께하는 맞춤형화장품조제관리사 자격 역량강화 교육입니다 교육지원 일자리
전북,"52000,45000",20250618005400111020,전문기술인재 장학금 지원,교육지원,"취업역량 개발노력이 우수한 전문대 학생이 안정적으로 학업 및 자기개발에 정진할 수 있도록 전문기술인재 장학금 지원 우수한 전문대학생을 발굴, 지원하여 고등직업교육에 대한 기회 균등을 보장함으로써 전문기술인재로 성장할 수 있도록 지원","□ Ⅰ유형: 등록금 전액 및 생활비 학기당 250만원 □ Ⅱ유형: 등록금 전액 ○ 등록금 범위 내 필수경비만 지원 ※ 수업료로 명시된 항목만 지원(실습비, 실습수업료 등 기타 징수금 제외) ○ 대상학교 : 고등교육법 제2조제4호에 해당하는 전문대학 ○ 지원대상 : 사업 참여대학 재학생 중 취업 역량 개발 노력과 성취가 우수한 학생",교육,교육비지원,"일자리, 직무교육, 복지, 참여 프로그램",일자리,20250319 ~ 20250404,20250101 ~ 20251231,"0세~0세 / 연령제한:Y 0043001 0 0 해당없음 고등교육법 제2조 제4호에 해당하는 전문대학을 다니고 있는 대한민국 국적 소지자로서, 사업 참여대학 재학생* 중 종합적 취업 역량 개발 노력과 성취가 우수한 학생 * 단, 전문기술석사학위 과정에 재학(입학예정 포함) 중인 대학원생은 제외 0011001,0011002,0011003,0011004,0011005,0011006,0011007,0011008 0013010 0049005 0055003",0세~0세 / 연령제한:Y,0043001 0 0,1. 대학 - [대학] ‘사업참여’ 신청(재단 대학/기관관리자 학자금지원시스템) 2. 한국장학재단 : 대학별 배정인원 안내 3. 대학/학생 - [대학] 자체선발기준에 의거 장학생 선발·추천 - [학생] 대상자 신청 4. 한국장학재단 - 대학추천자 자격심사 - 장학생 최종 선정 및 발표 - 장학금 지원(소속대학으로 일괄 지급),"□ (1학년) 취업역량개발, 학업성적, 경제적 수준, 성장 가능성 등을 평가할 수 있도록 대학 자체 선발기준을 수립하되, 학업성적(30%), 경제적 수준(10%)로 설정하여 대학에서 자체 선발 □ (2~4학년) 취업역량개발(60%), 학업성적(30%), 경제적 수준(10%)으로 평가하고, 세부항목 및 항목별 배점은 대학에서 자체 수립하여 선발",평생직업교육정책관,우수장학부,https://www.kosaf.go.kr/ko/scholar.do?pg=scholarship05_12_01,,,2025-05-18 13:24:49,2025-06-25 14:59:06,4,온통청년_OPEN_API_getPlcy,전북,전문기술인재 장학금 지원 취업역량 개발노력이 우수한 전문대 학생이 안정적으로 학업 및 자기개발에 정진할 수 있도록 전문기술인재 장학금 지원 우수한 전문대학생을 발굴 지원하여 고등직업교육에 대한 기회 균등을 보장함으로써 전문기술인재로 성장할 수 있도록 지원 교육지원 일자리
전북,"52000,45000",20250618005400111016,청년 중심 마약류 중독예방 지원 확대,교육지원,"전문 강사 파견을 통해 청소년, 대학생, 군인 등 청년 대상 마약 예방교육을 제공하고 있으며, 맞춤형 교육 콘텐츠 등을 개발하여 교육의 효과성을 제고하고 있습니다. 대학 동아리 20개로 구성된 대학생 마약 예방활동단 'B.B서포터즈'를 운영하고 있습니다. B.B서포터즈는 Be Brave의 줄임말로, 마약 앞에서 단호하게 거절할 용기를 가지고, 창의적이고 자발적인 활동으로 건강한 사회를 만들어가는 활동가입니다. 이들은 대학 축제 홍보부스 운영, SNS 등 디지털 홍보, 교내·외 캠페인, 전문가 특별강의 등 다양한 마약예방 활동을 수행합니다.","마약 중독 및 오남용 에방교육을 통해 청년들의 올바른 마약류 인식을 제고하고 있습니다. 서포터즈 역량강화를 위한 교육 프로그램, 식약처장 명의의 서포터즈 위촉장, 활동에 대한 봉사시간 등을 제공하고 있으며, 전문가 섭외 및 홍보물 제작 등 필요 사항을 지원하고 있습니다.",복지문화,건강,"직무교육, 복지, 참여 프로그램",직무교육,20250401 ~ 20250411,20250401 ~ 20251231,"19세~0세 / 연령제한:Y 0043001 0 0 0011009 0013010 0049005,0049006,0049007 0055003",19세~0세 / 연령제한:Y,0043001 0 0,(교육) 한국마약퇴치운동본부 교육 사이트(https://edu.drugfree.or.kr/)를 통해 신청 (서포터즈) 마약청정 대한민국(https://nodrugzone.mfds.go.kr/home/kor/main.do) 등을 통해 모집 공고 확인 후 제출 서류를 구비하여 이메일 제출,,식품의약품안전처,한국마약퇴치운동본부,https://nodrugzone.mfds.go.kr/home/kor/main.do,https://edu.drugfree.or.kr/,,2025-05-18 11:01:50,2025-06-25 15:10:51,4,온통청년_OPEN_API_getPlcy,전북,청년 중심 마약류 중독예방 지원 확대 전문 강사 파견을 통해 청소년 대학생 군인 등 청년 대상 마약 예방교육을 제공하고 있으며 맞춤형 교육 콘텐츠 등을 개발하여 교육의 효과성을 제고하고 있습니다 대학 동아리 20개로 구성된 대학생 마약 예방활동단 B B서포터즈 를 운영하고 있습니다 B B서포터즈는 Be Brave의 줄임말로 마약 앞에서 단호하게 거절할 용기를 가지고 창의적이고 자발적인 활동으로 건강한 사회를 만들어가는 활동가입니다 이들은 대학 축제 홍보부스 운영 SNS 등 디지털 홍보 교내 외 캠페인 전문가 특별강의 등 다양한 마약예방 활동을 수행합니다 교육지원 직무교육
전북,"52000,45000",20250618005400111011,인공지능반도체 분야 고급인재양성,교육지원,인공지능반도체 대학원 설립 등 연구몰입환경 및 대학원 교육 혁신을 지원하여 산업계 부족한 인공지능반도체 석박사 인재 양성,인공지능반도체 대학원 설립 등 연구몰입환경 및 대학원 교육 혁신을 지원하여 산업계 부족한 인공지능반도체 석박사 인재 양성,교육,미래역량강화,직무교육,직무교육,20250201 ~ 20250228,20230701 ~ 20281231,0세~0세 / 연령제한:Y 0043001 0 0 0011005 0013010 0049008 0055003,0세~0세 / 연령제한:Y,0043001 0 0,,,정보통신산업정책관,정보통신기획평가원,,,,2025-05-18 10:32:11,2025-06-25 16:21:13,4,온통청년_OPEN_API_getPlcy,전북,인공지능반도체 분야 고급인재양성 인공지능반도체 대학원 설립 등 연구몰입환경 및 대학원 교육 혁신을 지원하여 산업계 부족한 인공지능반도체 석박사 인재 양성 교육지원 직무교육
전북,"52000,45000",20250618005400111010,ICT 석박사 인재의 핵심 기술 관련 R&D 역량강화,교육지원,차세대통신·AI·ICT융합 등 ICT 유망기술 분야 석·박사급 인재를 양성하여 ICT 산업기술 경쟁력을 제고하고 국가 혁신성장과 미래 일자리 창출을 견인,"ICT유망기술 분야 첨단 연구 프로젝트 지원, 6대 전략기술 분야 대학원 운영, 지역기업과 연계한 인재양성 활용·협력체계 구축 등 지원",교육,미래역량강화,"일자리, 직무교육",일자리,20250501 ~ 20250531,프로그램형 계속사업,0세~0세 / 연령제한:Y 0043001 0 0 0011009 0013010 0049008 0055003,0세~0세 / 연령제한:Y,0043001 0 0,,,정보통신산업정책관,정보통신기획평가원,,,,2025-05-18 10:28:56,2025-06-25 16:23:15,4,온통청년_OPEN_API_getPlcy,전북,ICT 석박사 인재의 핵심 기술 관련 R D 역량강화 차세대통신 AI ICT융합 등 ICT 유망기술 분야 석 박사급 인재를 양성하여 ICT 산업기술 경쟁력을 제고하고 국가 혁신성장과 미래 일자리 창출을 견인 교육지원 일자리
전북,"52000,45000",20250618005400111002,차세대 보안 리더,교육지원,"디지털 전환에 따라 중요성이 높아진 정보보호 분야를 선도하는 고급 인력을 집중 양성하고, 전문화된 교육‧훈련을 통해 산업 및 안보 등 각 분야에서 차세대 보안리더로 활약할 수 있도록 지원","ㅇ (사업 대상) 고등학생, 대학(원)생, 비재직자 - (연령 기준) 만 15세 이상 - (소득 기준) 소득 무관 - (기타 조건) 학생여부 무관, 취약계층 무관, 취‧창업 무관 ㅇ (사업 내용) 정보보호 전문가 멘토 중심의 도제식 교육 및 프로젝트 실시(9개월) - 취약점분석‧디지털포렌식‧보안컨설팅‧보안제품개발 등 트랙별 전문 교육 - 교육생(팀당 5명), 멘토(팀당 2명)가 팀을 이루어 보안문제를 해결하는 팀 프로젝트 형식의 실습 교육과정 운영",교육,미래역량강화,"일자리, 직무교육, 창업지원, 복지",일자리,20250430 ~ 20250527,20250701 ~ 20260331,"15세~99세 / 연령제한:N 0043001 0 0 - 교육기간(`25.7월∼`26.3월)중 재직자*, 취업 확정자, 군복무(산업기 능요원 포함) 중인자 * BoB 협약기관에 재직한 경우에는 지원 가능- 차세대보안리더 교육과정 제적 및 중도탈락자 - 교육기간(`25.7월∼`26.3월)중 정부에서 추진하는 취·창업 지원 프 로그램 등에 참여 중이거나, 참여 예정인 자 - 차세대보안리더 교육과정 수료생 0011009 0013003 0049010 0055003",15세~99세 / 연령제한:N,0043001 0 0,"신청기간 내, BoB 홈페이지 온라인지원 접수 * BoB 홈페이지(www.kitribob.kr) 접속 - BoB 알림 - 교육생 지원 - 지원서 작성",- 지원서 - 자기소개서 - 학습계획서 - 개인정보 수집이용 동의서 - 추천서 (선택사항),과학기술정보통신부,한국정보기술연구원,https://www.kitribob.kr/,,,2025-05-18 09:33:43,2025-06-25 16:31:25,4,온통청년_OPEN_API_getPlcy,전북,차세대 보안 리더 디지털 전환에 따라 중요성이 높아진 정보보호 분야를 선도하는 고급 인력을 집중 양성하고 전문화된 교육 훈련을 통해 산업 및 안보 등 각 분야에서 차세대 보안리더로 활약할 수 있도록 지원 교육지원 일자리
전북,"52000,45000",20250618005400110998,신진작가 화랑전속계약 활동 지원,보조금,신진작가와 전속계약을 맺은 화랑 등 단체 지원,"전속작가 시장진입 지원비 및 홍보 마케팅비 지원, 작가 네트워킹 프로그램 진행 및 우수 전속작가 기획전시 운영 등",복지문화,예술인지원,"직무교육, 복지",직무교육,20250101 ~ 20250228,매년,"0세~39세 / 연령제한:N 0043001 0 0 - 민간단체 지원기준 1. [업태: 소매업/ 종목: 화랑(갤러리), 미술품(예술품), 미술관]으로 사업자 등록을 한 단체 2. 사업장 소재지에 전용 전시공간을 운영하는 단체 3. 최근 2년간 ('23~'24) 단체 전용 전시공간에서 연 1회 이상 전시를 개최한 단체 - 전속작가 지원기준 : 화랑 등과 전속계약을 맺은 39세 이하의 대한민국 국적작가 (단, 국/공립 미술관 전시(단체전 포함) 혹은 레지던시(국내외) 이력이 있는 작가의 경우 공고일 기준 49세까지 지원 가능 0011009 0013010 0049010 0055003",0세~39세 / 연령제한:N,0043001 0 0,,,문화체육관광부,문화체육관광부,,,,2025-05-18 08:14:57,2025-06-25 16:34:54,4,온통청년_OPEN_API_getPlcy,전북,신진작가 화랑전속계약 활동 지원 신진작가와 전속계약을 맺은 화랑 등 단체 지원 보조금 직무교육
전북,"52000,45000",20250617005400110997,1인 광고콘텐츠 창작자 지원,교육지원,청년 대상 광고콘텐츠 제작교육 등,1인 광고콘텐츠 창작자 양성 교육과정 운영,복지문화,예술인지원,"직무교육, 복지",직무교육,20250701 ~ 20250731,매년,"0세~0세 / 연령제한:Y 0043001 0 0 0011009 0013003,0013006 0049010 0055003",0세~0세 / 연령제한:Y,0043001 0 0,,,문화체육관광부,문화체육관광부,,,,2025-05-17 21:54:00,2025-06-25 16:35:51,4,온통청년_OPEN_API_getPlcy,전북,1인 광고콘텐츠 창작자 지원 청년 대상 광고콘텐츠 제작교육 등 교육지원 직무교육
전북,"52000,45000",20250617005400110958,가상융합기술 아카데미(메타버스 아카데미),교육지원,만 39세 이하 청년 대상 프로젝트 중심의 실무 맞춤형 교육을 지원하여 가상 융합산업 현장에 즉시 투입 가능한 개발자·창작자 양성 및 취·창업 지원,"o 생성형 AI 연계 XR(Unreal/Unity), AI, 백엔드, TA 5개 전공 및 공통교육, 프로젝트 협업 등 기술 융합을 통한 개발자·창작자로서의 역량 강화 - (정규과정 운영 및 융합프로젝트) 수준별 전공 교육 및 융합 과정을 통해 중·고급 이상의 가상융합서비스 개발자·창작자 교육 제공 - (가상융합서비스 개발자 경진대회 연계) 프로젝트 결과물을 ’경진대회‘에 출품, 교육생 객관적 평가 및 지속적인 기업 멘토링·평가 체계 마련 - (후속지원) 경진대회 우수팀·우수교육생의 인턴십 참여 기회 제공, 창업컨설팅 지원, 수료생 대상 개발 공간 무상 사용 지원 등",일자리,취업,"일자리, 직무교육, 창업지원, 참여 프로그램",일자리,20250123 ~ 20250224,20250101 ~ 20251231,18세~39세 / 연령제한:N 0043001 0 0 0011009 0013003 0049010 0055003,18세~39세 / 연령제한:N,0043001 0 0,온라인 신청 접수,,과학기술정보통신부,한국전파진흥협회,http://mtvs.kr,http://mtvs.kr,http://rapa.or.kr,2025-05-17 16:04:25,2025-06-26 09:49:54,4,온통청년_OPEN_API_getPlcy,전북,가상융합기술 아카데미 메타버스 아카데미 만 39세 이하 청년 대상 프로젝트 중심의 실무 맞춤형 교육을 지원하여 가상 융합산업 현장에 즉시 투입 가능한 개발자 창작자 양성 및 취 창업 지원 교육지원 일자리
전북,"52000,45000",20250517005400210844,2025 부산 스텝업 댄스페스티벌,교육지원,부산 청년문화 축제 개최,"-행사기간 : ’25. 5. 16.(금) ~ 5. 18.(일) 3일간 ※ 3~5월 사전행사 추진 -행사장소 : 해운대 영화의전당 등 부산시일원 -참여대상 : 청년 및 청년예술가, 일반시민 등 -주최주관 : 부산광역시·(사)청년문화진흥협회 -사 업 비 : 500백만원 -주요내용 : 단체 및 개인 댄스 경연, 스텝업콘서트, 댄스클래스 등 부대행사, 랜덤플레이댄스 외 사전행사 등",복지문화,예술인지원,"직무교육, 복지, 참여 프로그램",직무교육,20250516 ~ 20250518,20250516 ~ 20250518,0세~0세 / 연령제한:Y 0043001 0 0 0011009 0013010 0049010 0055003,0세~0세 / 연령제한:Y,0043001 0 0,,,부산광역시,부산광역시 청년산학국,,https://young.busan.go.kr/index.nm?menuCd=236,,2025-05-17 15:10:08,2025-06-26 14:50:21,4,온통청년_OPEN_API_getPlcy,전북,2025 부산 스텝업 댄스페스티벌 부산 청년문화 축제 개최 교육지원 직무교육
전북,"52000,45000",20250616005400110940,취업후상환학자금_생활비,대출,"학자금 지원 8구간 이하 학부생(만35세 이하) 및 학자금 지원 4구간 이하 대학원생(만40세 이하)에게 학자금(생활비)을 대출해주고, 취업 등 소득이 발생한 시점부터 소득수준에 따라 원리금을 상환하는 제도 *9구간 중 긴급생계곤란자는 지원 가능","교육부 또는 재단과 협약을 체결한 국내 고등교육기관 학부생, 전문기술석사 및 대학원생(학점은행제 교육기관, 외국대학 제외)이 학기 중 필요한 숙식비, 교재비, 교통비 등을 위해 학기당 200만원('25년 2학기 기준)까지 대출 가능하며, 취업 등 소득이 발생한 시점부터 소득수준에 따라 원리금을 상환하는 제도※ 자립준비청년(보호아동 포함) 학부생의 경우, 의무상환 개시 전까지 취업 후 생활비대출 무이자 (단, 생활비대출 실행 시점에 취업 후 상환 학자금대출 잔액을 보유한 자 중 과거 의무상환 개시 이력이 있는 자는 무이자 대상에서 제외)",교육,교육비지원,"일자리, 직무교육, 복지",일자리,20250702 ~ 20251118,20250702 ~ 20251118,"1세~40세 / 연령제한:N 0043003 0 0 학자금 지원구간 8구간 이하(긴급생계곤란자는 9구간 이하) 신용요건 제한없음(금융채무불이행자, 저신용자 가능) 0011009 0013010 0049005,0049008 0055003",1세~40세 / 연령제한:N,0043003 0 0 학자금 지원구간 8구간 이하(긴급생계곤란자는 9구간 이하),한국장학재단 누리집 및 모바일 앱에서 신청 1. 대출준비 : 학자금대출 신청을 위해 본인 명의의 전자서명수단 발급 2. 대출신청 : 일반/취업후/농촌 학자금대출 신청서 작성 3. 금융교육 : 학자금대출 신청 시 온라인 금융교육 이수(필수) 4. 신청완료 : 학부생 및 학자금지원구간 산정에 동의한 대학원생의 경우 학자금 지원구간 확인을 위해 가구원 정보제공 동의 필요 5. 서류제출 : 학자금 지원구간 파악을 위한 가족정보 관련 서류 제출(필요 시 제출) 6. 대출승인 : 대출심사 결과 확인 및 심사요건미달자 특별승인 7. 대출실행 : 전자서명을 통해 등록금/생활비 대출금 개별 지급실행,○ 개인(신용)정보 수집·이용·제공 및 조회 동의서 ○ 학자금 지원 소득·재산 확인 정보제공 동의,평생직업교육정책관,한국장학재단,https://www.kosaf.go.kr/ko/tuition.do?pg=tuition04_01_01&ttab1=2,https://www.kosaf.go.kr/ko/tuition.do?pg=tuition04_01_01,https://www.kosaf.go.kr,2025-05-16 16:22:01,2025-06-26 10:31:08,4,온통청년_OPEN_API_getPlcy,전북,취업후상환학자금 생활비 학자금 지원 8구간 이하 학부생 만35세 이하 및 학자금 지원 4구간 이하 대학원생 만40세 이하 에게 학자금 생활비 을 대출해주고 취업 등 소득이 발생한 시점부터 소득수준에 따라 원리금을 상환하는 제도 9구간 중 긴급생계곤란자는 지원 가능 대출 일자리
전북,"52000,45000",20250616005400110939,취업후상환학자금_등록금,대출,"학자금 지원 9구간 이하 학부생(만35세 이하) 및 학자금 지원 4구간 이하 대학원생(만40세 이하)에게학자금(등록금)을 대출해주고, 취업 등 소득이 발생한 시점부터 소득수준에 따라 원리금을 상환하는 제도","교육부 또는 재단과 협약을 체결한 국내 고등교육기관 학부생, 전문기술석사 및 대학원생(학점은행제 교육기관, 외국대학 제외)에게 대출 심사요건을 충족할 경우, 변동금리 연 1.7%('25년 1학기 기준) 대출금리로 대출금액 총 한도 내 등록금 대출 지원※ 소득금액이 상환기준소득금액 이하일 경우 원리금 상환 유예, 초과 시 의무상환 개시",교육,교육비지원,"일자리, 직무교육",일자리,20250702 ~ 20251023,20250702 ~ 20251023,1세~39세 / 연령제한:N 0043003 0 0 학자금 지원구간 9구간 이하 0011009 0013010 0049005 0055003,1세~39세 / 연령제한:N,0043003 0 0 학자금 지원구간 9구간 이하,한국장학재단 누리집 및 모바일 앱에서 신청 1. 대출준비 : 학자금대출 신청을 위해 본인 명의의 전자서명수단 발급 2. 대출신청 : 일반/취업후/농촌 학자금대출 신청서 작성 3. 금융교육 : 학자금대출 신청 시 온라인 금융교육 이수(필수) 4. 신청완료 : 학부생 및 학자금지원구간 산정에 동의한 대학원생의 경우 학자금 지원구간 확인을 위해 가구원 정보제공 동의 필요 5. 서류제출 : 학자금 지원구간 파악을 위한 가족정보 관련 서류 제출(필요 시 제출) 6. 대출승인 : 대출심사 결과 확인 및 심사요건미달자 특별승인 7. 대출실행 : 전자서명을 통해 등록금/생활비 대출금 개별 지급실행,자세한 내용은 한국장학재단 홈페이지 참조,평생직업교육정책관,한국장학재단,https://www.kosaf.go.kr/ko/tuition.do?pg=tuition04_01_01&ttab1=2,https://www.kosaf.go.kr/ko/tuition.do?pg=tuition04_01_01,https://www.kosaf.go.kr,2025-05-16 16:08:36,2025-06-26 10:31:37,4,온통청년_OPEN_API_getPlcy,전북,취업후상환학자금 등록금 학자금 지원 9구간 이하 학부생 만35세 이하 및 학자금 지원 4구간 이하 대학원생 만40세 이하 에게학자금 등록금 을 대출해주고 취업 등 소득이 발생한 시점부터 소득수준에 따라 원리금을 상환하는 제도 대출 일자리
전북,"52000,45000",20250515005400210819,경남에서 한 달 여행하기,보조금,경남에서 생활하며 여행하는 장기체류 여행 프로젝트로 경남관광 홍보 및 지역경제 활성화 도모,"경남 내 해당 시군에 체류하며 개별 자유여행 진행, 지역문화관광지원 체험 후 참가자 SNS를 통한 홍보 □ 지원내용 : 숙박비 1일당 7만원(팀당), 체험비 1인당 7~10만원, 보험료 지원 □ 체류기간 : 5~30일(참가자 선택) *4박 이상 29박 이하",복지문화,문화활동,복지,복지,,20250501 ~ 20251231,19세~999세 / 연령제한:N 0043001 0 0 경상남도외 거주자(만19세 이상) 0011009 0013010 0049010 0055003,19세~999세 / 연령제한:N,0043001 0 0,"□ 신청기간 : 시군별 공고(해당시군 홈페이지 공지사항 참고) ○ 산청군 : 2025. 4. 28. ~ 6. 30. 기간 내 수시접수 ※ 1차 모집인원이 조기에 선정될 경우, 6월 30일 이전에 마감 □ 신청방법 : 이메일, 우편발송, 경남 바로서비스 등 시군별 문의 □ 지원절차 ○ 참가신청 : 참가자 ▶ 시군(운영단체) ○ 선정 결과통보, 여행정보 제공 : 시군(운영단체) ▶ 참가자 ○ 숙박예약 : 참가자 ○ 한달 여행하기 참가 : 참가자 ○ 홍보결과, 영수증 제출 : 참가자 ▶ 시군(운영단체) ○ 구비서류 확인, 참가비 지원 : 시군(운영단체) ▶ 참가자","참가신청서, 개인정보 동의서, 서약서, 주민등록초본",경상남도,경상남도,,https://tour.gyeongnam.go.kr/index.gyeong?menuCd=DOM_000009413001001000,,2025-05-15 10:31:58,2026-01-01 00:00:00,4,온통청년_OPEN_API_getPlcy,전북,경남에서 한 달 여행하기 경남에서 생활하며 여행하는 장기체류 여행 프로젝트로 경남관광 홍보 및 지역경제 활성화 도모 보조금 복지
전북,"52000,45000",20250514005400110813,유엔참전국 교류캠프,해외진출,유엔참전용사 후손 및 유엔참전국 우수 인재 간 교류캠프를 통해 대한민국에 대한 국제사회의 지지를 강화하고 참전으로 맺어진 연대를 미래세대로 계승,"□ 캠프 일정 : 2025. 6. 6.(금) ~ 6. 12.(목) □ 캠프 장소 : 서울, 평택, 부산 등 □ 활동 내용 ○ 전쟁기념관, 비무장지대(DMZ) 등 견학, 부산 유엔평화기념관 체험 등 ○ 팀 미션 활동을 수행(사전·사후, 캠프 기간 내) 우수팀을 선박하여 시상 □ 지원 내역 ○ 캠프 기간 내 체제비(숙박 및 식사·이동비용 등) 일체 ○ 캠프 수료 후 국가보훈부 장관 명의 수료증 발행 ○ 국내 참가자 중 우수학생은 2025년 국외 유엔참전국 교류캠프('25년 10월, 뉴질랜드 예정) 참여 우선 혜택 부여",참여권리,청년국제교류,참여 프로그램,참여 프로그램,20250507 ~ 20250521,20250606 ~ 20250612,0세~0세 / 연령제한:Y 0043001 0 0 □ 국내 소재 대학(원)에 재학 중인 대한민국 국적 청년 또는 유엔참전국 국적 청년 □ 영어 의사소통 가능자(캠프 전 과정 영어 진행) □ 문화 차이를 존중하고 타 문화권 사람들과 적극적으로 어울리며 팀워크를 보유한 학생 □ (우선선발) 6·25참전유공자 후손 0011009 0013010 0049005 0055003,0세~0세 / 연령제한:Y,0043001 0 0,□ 메일접수 : photowndeo@nate.com,① 참가신청서 1부(붙임 2) ② 대학교 또는 대학원 재학증명서 1부 ③ 우대사항 증빙 서류 *해당하는 자에 한함 - (대한민국 대학생) 가족관계증명서 및 6·25참전유공자 확인원 등 6·25참전유공자 후손임을 입증할 수 있는 서류 - (유엔참전국 출신 유학생) 가족관계증명서 및 병적증명서 등 유엔참전용사 후손임을 입증할 수 있는 서류,국가보훈부,국가보훈부,,https://www.mpva.go.kr/mpva/selectBbsNttView.do?key=76&bbsNo=15&nttNo=264662,,2025-05-14 14:19:11,2025-05-14 14:27:42,4,온통청년_OPEN_API_getPlcy,전북,유엔참전국 교류캠프 유엔참전용사 후손 및 유엔참전국 우수 인재 간 교류캠프를 통해 대한민국에 대한 국제사회의 지지를 강화하고 참전으로 맺어진 연대를 미래세대로 계승 해외진출 참여 프로그램
전북,"52000,45000",20250514005400110812,청년내일저축계좌,금리혜택,일하는 저소득층 청년들이 안정적으로 자산을 형성해 나갈 수 있도록 지원하는 청년자산형성 지원사업,"□ 지원금액 ○ 차상위 초과 : 월 10만원(정액지원) ○ 차상위 이하 : 월 30만원(정액지원) □ 만기(3년) 수급액(본인저축금 360만원 가정) ○ 차상위 초과 : 720만원 + 이자 ○ 차상위 이하 : 1,440만원 + 이자 □ 맞춤형 금융교육 서비스 제공 : 기초 자산교육 및 1:1 금융상담 서비스 제공",복지문화,취약계층 및 금융지원,"직무교육, 복지",직무교육,20250502 ~ 20250521,상시,"15세~39세 / 연령제한:N 0043003 0 0 중위소득 50% ~ 100% 이하 □ 차상위 초과 ○ 가구소득 : 기준 중위소득 50% ~ 100% 이하 ○ 연령 : 만 19세 ~ 34세 이하 ○ 근로소득 : 월 50만원 초과 ~ 250만원 이하 □ 차상위 이하 ○ 가구소득 : 기준 중위소득 50% 이하 ○ 연령 : 만 15세 ~ 39세 이하 ○ 근로소득 : 월 10만원 이상 0011009 0013001,0013005 0049010 0055003",15세~39세 / 연령제한:N,0043003 0 0 중위소득 50% ~ 100% 이하,□ 온라인 : 복지로(www.bokjiro.go.kr) □ 오프라인 : 읍면동 행정복지센터 ※ 주소지가 아니더라도 동일 시군구 내 모든 행정복지센터 접수 가능 ※ 가구원 등 대리접수 가능,"□ 필수서류 ○ 공통 - 사회복지서비스 및 급여 제공(변경) 신청서 - 자산형성지원사업 참여(변경) 신청서(저축동의서 포함) - 청년내일저축계좌 자가진단표 - 개인정보 수집·이용·제공 동의서 - 금융정보 등 제공동의서 - 소득·자산신고서 - 가족관계증명서 - 신청인의 신분을 확인할 수 있는 서류(주민등록증, 운전면허증 등) ※ 대리신청시 위임장, 대리신청인·신청인의 신분을 확인할 수 있는 서류 ○ 소득증빙 [근로소득자] (상시근로) - 재직증명서 (일용근로) - 고용보험 일용근로내역서 또는 고용임금확인서 ※ 고용임금확인서 등 제출불가 시 근로활동 및 소득신고서 대체 가능 - 급여이체 내역서 또는 급여이체통장 입금내역 [사업소득자] (기타사업소득) - 사업자등록증 또는 위수탁계약서(계약서 명칭 불문) - 소득금액증명원 또는 사업소득원천징수영수증 ※ 기타 사업소득(도매업, 소매업, 제조업, 기타 사업에서 얻는 소득)은 국세청에 신고한 접수증(신고금액 포함) 제출 가능 (농림축산업) - 근로활동 및 소득신고서 - 농업경영체 확인서, 농업인확인서, 가축사육업 허가증·등록증 등 사업자등록증을 대체할만한 입증서류 - 쌀(밭)직불금 확인서 등 (어업소득) - 근로활동 및 소득신고서 - 어업경영체 확인서, 어업인확인서 - 수협의 어가별 위판기록 - 어촌계 자료 등의 어종별 출하량 등 거래 관련 증빙 서류 □ 해당자만 제출 ○ 재산조사 - 전·월세 또는 사업자 운영 : 임대차계약서 ○ 부채관련 - 법원판결문, 화해·조정조서 - 임대차계약서(임대보증금 확인) ○ 가구특성 - 장애인/장애인부양 : 장애인증명서 - 법정 한부모 : 한부모증명서 - 북한이탈주민 : 북한이탈주민등록확인서 - 조손, 다문화, 3자녀 이상 가구(신청자 자녀 기준), 18세 미만 아동부양 가구주, 65세 이상 노인부양 가구주 : 등본 ○ 저축지속가능성 : 최근 3년간 경제 활동기간(근로일수)을 확인할 수 있는 서류 - 경력증명서 - 고용임금확인서 - 고용보험 일용근로내역서 - 근로활동 및 소득신고서 + 급여이체 내역서",보건복지부,보건복지부,https://www.bokjiro.go.kr/ssis-tbu/twataa/wlfareInfo/moveTWAT52011M.do?wlfareInfoId=WLF00000060&wlfareInfoReldBztpCd=01,https://hope.welfareinfo.or.kr/ntcn/prmtDetail.do,,2025-05-14 13:25:48,2025-05-14 14:04:34,4,온통청년_OPEN_API_getPlcy,전북,청년내일저축계좌 일하는 저소득층 청년들이 안정적으로 자산을 형성해 나갈 수 있도록 지원하는 청년자산형성 지원사업 금리혜택 직무교육
전북,"52000,45000",20250514005400110811,청년 주택드림 디딤돌 대출,대출,청년의 주거사다리 지원을 위해 청년 주택드림 통장으로 청약 당첨 시 주택구입자금을 대출,"□ 대출금리 : 2.4% ~ 4.15% □ 대출한도 : 다음 중 작은 금액으로 산정 - 미혼 3억원, 신혼 4억원 이내(LTV 70%, 생애최초 주택구입자는 LTV 80%, DTI 60% 이내) - 분양가격 이내로 하되, 대출총액은 (본건 내집마련 디딤돌 대출 + 국민주택건설자금 + 중도금대출 + 기금대출)은 매매가격 초과 불가 - 대출금액 = [(담보주택 평가액 × LTV) – 선순위채권 – 임대보증금 및 최우선변제소액임차보증금] □ 대출기간 : 10년, 15년, 20년, 30년(연소득 4천만원 이하는 만기 40년 이용 가능)(거치 1년 또는 비거치)",주거,전월세 및 주거급여 지원,"주거지원, 복지",주거지원,,상시,"0세~39세 / 연령제한:N 0043002 0 7000 대출 대상주택*을 구입하고자 하는 자로서 아래의 요건을 모두 충족하는 자 * 대상주택 : 주거 전용면적이 85㎡(수도권을 제외한 도시지역이 아닌 읍 또는 면 지역 100㎡) 이하 주택으로, 대출 접수일 현재 담보주택의 평가액이 6억원 이하인 주택 □ 청년 주택드림 통장 청약 당첨자 입주자모집공고일 이전 보유한 청년 주택드림 통장으로 청약 당첨(당첨시 만39세 이하)되어 분양계약을 체결하고, 아래 조건을 모두 충족하여 청년 주택드림 통장과 연계하여 디딤돌 대출을 신청하는 자 (상속, 증여, 재산분할로 주택을 취득하는 경우 불가) 가. 청년 주택드림 통장 가입일(전환일)로부터 대출접수일까지 1년 이상 가입 나. 대출접수일 기준 1천만원 이상 납입 (단, 월 납입실적은 최대 100만원까지만 인정하며, 담보목적물(해당주택)의 계약금 납입 목적으로 1회에 한하여 청년 주택드림 통장 납입금액을 인출한 경우에는 대출접수일 기준 1천만원 이상 잔고가 확인되어야 함) (1) 후분양 등의 사유로 월 100만원 납입만으로는 1천만원 이상 납입요건 충족이 어려운 경우 부족분만큼 대출 신청 전 일시납하는 금액 인정 (2) 종합저축에서 청년 주택드림 통장으로 전환가입한 경우 기존 통장의 잔고는 최대 500만원까지 인정(단, 청년우대형 종합저축에서 청년 주택드림 통장으로 전환된 경우 기존 잔고 모두 인정) (3) 청년도약계좌, 청년희망적금, 군장병 내일적금 등 만기 일시납액을 청년 주택드림 통장으로 예치한 경우 최대 500만원까지 인정 (4) 이 기준에서 달리 정하고 있지 않은 사항에 대해서는 별도로 정한 지침에 따름 □ 세대주 : 대출접수일 현재 민법상 성년인 세대주 □ 무주택 : 세대주를 포함한 세대원 전원이 무주택인 자 - 분양권 및 조합원 입주권도 주택 보유로 간주 □ 중복대출 금지 : 주택도시기금대출 및 은행재원 주택담보대출 미이용자 등 - (주택도시기금대출) 성년인 세대원 전원이 기금 대출을 이용 중이면 대출 불가 단, 기금의 전세자금 대출을 받은 경우에는 실행일 당일 상환조건부로 대출 가능 - (주택담보대출) 차주 및 배우자(결혼예정 또는 분리된 배우자 포함)가 다른 목적물로 주택담보(중도금)대출을 이용 중이면 대출 불가 □ 소득 : 미혼인 경우 연간 총소득 7천만원, 신혼가구인 경우 대출신청인과 배우자의 합산 총소득이 연간 1억원 이하인 자 □ 자산 : 대출신청인 및 배우자의 합산 순자산 가액이 통계청에서 발표하는 최근년도 가계금융복지조사의 ‘소득 5분위별 자산 및 부채현황’ 중 소득 4분위 전체가구 평균값 이하(십만원 단위에서 반올림)인 자→2025년도 기준 4.88억원 □ 신용도 : 아래 요건을 모두 충족하는 자 - 신용정보회사의 개인신용평가가 일정점수 이상인 경우 - 신청인이 한국신용정보원 “신용정보관리규약”에서 정하는 아래의 신용정보 및 해제 정보가 남아있는 경우 대출 불가능 1) 연체, 대위변제·대지급, 부도, 관련인 정보 2) 금융질서문란정보, 공공기록정보, 특수기록정보 3) 신용회복지원등록정보 - 그 외, 부부에 대하여 대출취급기관 내규로 대출을 제한하고 있는 경우에는 대출 불가능 0011009 0013010 0049010 0055003",0세~39세 / 연령제한:N,0043002 0 7000,"□ 신청시기 : 소유권이전등기를 하기 전에 신청. 단, 소유권이전등기를 한 경우에는 이전등기 접수일로부터 3개월 이내까지 신청 □ 신청방법 ○ 온라인 신청 : 기금e든든 홈페이지(https://enhuf.molit.go.kr) - 이용 가능 은행 : 우리, 신한, 국민, 농협, 하나은행 ○ 은행 방문 신청 : 기금 수탁은행인 우리, 신한, 국민, 농협, 하나은행에서 가능 - 이용 가능 지점은 은행 상황에 따라 다를 수 있습니다.","□ 본인 확인 서류 : 주민등록증, 운전면허증, 여권 중 택1 □ 대상자확인 : 주민등록등본(1개월 이내 발급분) 가. 배우자 분리세대 : 가족관계증명원(1개월 이내 발급분) 나. 배우자 외국인, 재외국민 또는 외국국적동포 : 외국인등록증 또는 국내거소신고사실증명 다. 결혼예정자 : 예식장계약서 또는 청첩장 □ 재직 및 사업영위 확인 : 건강보험자격득실 확인서 가. 재직시 : 필요시 사업자등록증이 첨부된 재직증명서 나. 사업영위시 : 사업자등록증 상기와 같은 방법으로 확인이 불가능한 경우에는 경력증명서, 위촉증명서, 고용계약서 등 이와 유사한 형태의 계약서 등 □ 소득확인 : 소득구분별 아래의 서류 가. 근로소득(아래 서류 중 택1) - 세무서(홈텍스)발급 소득금액증명원 또는 ISA 가입용 소득확인증명서 - 연말정산용 원천징수영수증(원천징수부 등 포함) - 급여내역이 포함된 증명서(재직회사가 확인날인한 급여명세표, 임금대장, 갑근세 원천징수 확인서, 일용근로소득지급명세서) 나. 사업소득(아래 서류 중 택1) - 세무서(홈텍스)발급 소득금액증명원 또는 ISA 가입용 소득확인증명서 - 사업소득 원천징수영수증(연말정산용) - 세무사가 확인한 전년도 과세표준확정신고 및 납부 계산서 다. 연금소득 : 연금수급권자확인서 등 기타 연금수령을 확인할 수 있는 지급기관 증명서 (연금수령액이 표기되지 않은 경우 연금수령 통장) 라. 기타소득 : 세무서(홈텍스)발급 소득금액증명원 마. 무소득 : 신고사실없음 사실증명원 바. 소득 추정 시 : 최근 2개년도 건강보험/국민연금 납부확인서 □ 주택 관련 서류 가. 분양계약서, 인감증명서 나. 등기권리증(소유권 이전 후 대출 취급 시) 다. 청약당첨사실확인서 라. 청약통장 거래내역서 등 청년 주택드림 디딤돌 대출 청약요건 확인 가능서류 마. 아파트 등기사항전부증명서(이전등기 전의 경우 생략 가능) 바. 임대차 있는 경우 : 임대차계약서 기타 심사 시 필요한 서류 추가 징구 가능",국토교통부,국토교통부,https://enhuf.molit.go.kr,https://nhuf.molit.go.kr/FP/FP05/FP0503/FP05030901.jsp,,2025-05-14 10:11:58,2026-01-01 00:00:00,4,온통청년_OPEN_API_getPlcy,전북,청년 주택드림 디딤돌 대출 청년의 주거사다리 지원을 위해 청년 주택드림 통장으로 청약 당첨 시 주택구입자금을 대출 대출 주거지원
전북,"52000,45000",20250613005400110927,복권기금 꿈사다리 장학사업,교육지원,"복권기금을 재원으로 저소득층 우수 초중고생을 발굴, 대학까지 연계 지원하는 국가 장학제도를 통해 교육의 희망하다리 기능 강화","매월 학업장려비 지급 및 별도 교육 프로그램 지원 * 학업장려비: 초 15만원, 중 25만원, 고 35만원, 대 45만원 상당의 카드 포인트 지급 * 교육프로그램: 교사와 1:1 멘토링, 선배 장학생과의 멘토링, 특별활동 지원, 맞춤형 컨설팅, 복권기금 꿈사다리 페스티벌",교육,교육비지원,"직무교육, 참여 프로그램",직무교육,20250407 ~ 20250430,20250101 ~ 20251231,10세~24세 / 연령제한:N 0043003 0 0 기초생활수급자 · 법정 차상위계층 · 한부모가족 지원대상자 0011009 0013010 0049010 0055003,10세~24세 / 연령제한:N,0043003 0 0 기초생활수급자 · 법정 차상위계층 · 한부모가족 지원대상자,학교별로 한국장학재단 사이트를 통해 학생 추천,,교육부,한국장학재단,https://www.youthcenter.go.kr/myPage,,,2025-05-13 16:54:26,2025-06-26 10:42:39,4,온통청년_OPEN_API_getPlcy,전북,복권기금 꿈사다리 장학사업 복권기금을 재원으로 저소득층 우수 초중고생을 발굴 대학까지 연계 지원하는 국가 장학제도를 통해 교육의 희망하다리 기능 강화 교육지원 직무교육
전북,"52000,45000",20250613005400110926,신산업 분야 직업계고 학과개편 지원,교육지원,신산업 분야 학과 개편 등을 지원하여 직업계고 경쟁력 제고,"신산업 전략에 맞춰 신산업, 신기술 분야 중심 학과의 교육 과정 개편과 시설, 설비 구축 및 산업계 컨설팅 등 지원",교육,미래역량강화,직무교육,직무교육,20250301 ~ 20250430,20250225 ~ 20251231,16세~18세 / 연령제한:N 0043001 0 0 단위 학교별 신청 0011009 0013010 0049002 0055003,16세~18세 / 연령제한:N,0043001 0 0,,,교육부,한국직업능력연구원,,,,2025-05-13 13:42:23,2025-06-26 10:49:49,4,온통청년_OPEN_API_getPlcy,전북,신산업 분야 직업계고 학과개편 지원 신산업 분야 학과 개편 등을 지원하여 직업계고 경쟁력 제고 교육지원 직무교육
전북,"52000,45000",20250613005400110924,직업교육 혁신지구 조성,교육지원,지자체-교육청 간 직업교육 플랫폼을 통해 직업계고-지역기업-대학이 참여하는 고졸 인재 성장 경로 구축 지원,"직업교육 혁신지구 지원센터를 구축하고, 지역전략 특화산업 분야 교육과정 - 취업 - 후학습 관련 프로그램 개발 운영",교육,미래역량강화,"일자리, 직무교육, 참여 프로그램",일자리,20241216 ~ 20250130,20250301 ~ 20260228,16세~18세 / 연령제한:N 0043001 0 0 단위 학교별 신청 0011009 0013010 0049002 0055003,16세~18세 / 연령제한:N,0043001 0 0,,,교육부,한국발명진흥회,,,,2025-05-13 13:25:26,2025-06-26 10:50:43,4,온통청년_OPEN_API_getPlcy,전북,직업교육 혁신지구 조성 지자체 교육청 간 직업교육 플랫폼을 통해 직업계고 지역기업 대학이 참여하는 고졸 인재 성장 경로 구축 지원 교육지원 일자리
전북,"52000,45000",20250502005400110773,강원형 공공주택 공급,공공임대주택,"대학생, 사회초년생, 신혼부부 등 청년층 중심의 공공임대주택 공급으로 주거안정을 통한 지역정착 및 출산·육아 환경 조성","대학생, 사회초년생, 신혼부부 등 청년층 공공임대주택 공급",주거,주택 및 거주지,주거지원,주거지원,20250101 ~ 20251231,20250101 ~ 20251231,"18세~39세 / 연령제한:N 0043003 0 0 청년, 신혼부부 중위소득 100~150% 이하 무주택자(세부기준은 '공공주택특별법 시행규칙' 별표 5의2 '통합공공임대주택 입주자 자격' 참조 ) 0011009 0013010 0049010 0055003",18세~39세 / 연령제한:N,"0043003 0 0 청년, 신혼부부 중위소득 100~150% 이하",해당 시군 홈페이지 참고,해당 시군 홈페이지 참고,국토교통부,강원특별자치도,,,,2025-05-02 11:22:57,2025-06-26 15:12:20,4,온통청년_OPEN_API_getPlcy,전북,강원형 공공주택 공급 대학생 사회초년생 신혼부부 등 청년층 중심의 공공임대주택 공급으로 주거안정을 통한 지역정착 및 출산 육아 환경 조성 공공임대주택 주거지원
전북,"52000,45000",20250430005400210732,지역주도형 청년일자리 사업(상생기반대응형),보조금,"인구감소지역에서 창업에 어려움을 겪는 청년의 신규 창업 및 성장을 지원, 서울외 지역에 창업 초기(지역내 창업7년이내) 청년의 후반 성장·정착을 지원하여 지속가능한 지역청년 일자리 토대를 마련","- 소멸위기지역 대응 청년창업 지원: 창업비(연 15백만원, 2년), 청년채용시 인건비(연 24백만원, 1년) 등 - 창업청년 일자리플러스 지원: 창업비(연 15백만원, 1년), 청년채용시 인건비(연 24백만원, 1년) 등",일자리,취업,"일자리, 창업지원",일자리,20250101 ~ 20251231,20250101 ~ 20251231,18세~39세 / 연령제한:N 0043001 0 0 0011009 0013010 0049010 0055003,18세~39세 / 연령제한:N,0043001 0 0,시군 홈페이지 참고,시군 홈페이지 참고,행정안전부,강원특별자치도,,,,2025-04-30 11:13:27,2025-06-26 13:42:08,4,온통청년_OPEN_API_getPlcy,전북,지역주도형 청년일자리 사업 상생기반대응형 인구감소지역에서 창업에 어려움을 겪는 청년의 신규 창업 및 성장을 지원 서울외 지역에 창업 초기 지역내 창업7년이내 청년의 후반 성장 정착을 지원하여 지속가능한 지역청년 일자리 토대를 마련 보조금 일자리
전북,"52000,45000",20250430005400210731,지역주도형 청년일자리 사업(지역혁신형),보조금,지역경제와 청년이 함께 혁신·성장할 수 있도록 지역특화 일자리와 임금을 지원,"- 정규직 인건비 연 24백만원(2년), 인센티브 10백만원(1년) - 직무역량강화 교육 및 자기개발비 등 연 3백만원 이내 기타지원",일자리,취업,"일자리, 직무교육",일자리,20250101 ~ 20251231,20250101 ~ 20251231,18세~39세 / 연령제한:N 0043001 0 0 0011009 0013003 0049010 0055003,18세~39세 / 연령제한:N,0043001 0 0,시군 홈페이지 참고,시군 홈페이지 참고,행정안전부,강원특별자치도,,,,2025-04-30 11:07:32,2025-06-26 13:40:07,4,온통청년_OPEN_API_getPlcy,전북,지역주도형 청년일자리 사업 지역혁신형 지역경제와 청년이 함께 혁신 성장할 수 있도록 지역특화 일자리와 임금을 지원 보조금 일자리
전북,"52000,45000",20250428005400210725,2025년 청년간호사 근속장려금 지원,보조금,대도시 선호 및 잦은 이직으로 만성적 간호인력 부족상태가 지속되는 공공의료기관 초임간호사 대상 근속장려금 인센티브를 제공하여 지원동기 부여와 장기재직을 유도,"- 3년 만기 적립 : 월 70만원(도 30, 의료원 30, 본인 10) * 12개월 = 840만원 적립(3년 만기 2,520만원) - 5년 만기 적립 : 월 90만원(도 40, 의료원 40, 본인 10) * 12개월 = 1,080만원 적립(3년 만기 5,400만원)",일자리,재직자,"일자리, 복지",일자리,20250101 ~ 20251231,20250101 ~ 20251231,0세~0세 / 연령제한:Y 0043001 0 0 0011009 0013001 0049010 0055003,0세~0세 / 연령제한:Y,0043001 0 0,"(사업주체) 4개 의료원(강릉, 속초, 삼척, 영월) (추진절차) 참여신청서 및 동의서 제출(신규간호사 -> 의료원), 근속장려금 적립 및 지급(의료원->신규간호사)",각 의료원 사업계획서 참고,강원특별자치도,강원특별자치도,,,,2025-04-28 10:03:15,2025-04-28 13:26:09,4,온통청년_OPEN_API_getPlcy,전북,2025년 청년간호사 근속장려금 지원 대도시 선호 및 잦은 이직으로 만성적 간호인력 부족상태가 지속되는 공공의료기관 초임간호사 대상 근속장려금 인센티브를 제공하여 지원동기 부여와 장기재직을 유도 보조금 일자리
전북,"52000,45000",20250522005400210874,대학생 동아리 사회기여활동 지원,보조금,ㅇ 사회적 관계 회복을 위한 자발적인 연대와 협력 경험을 할 수 있도록 대학생 동아리 지원을 통해 사회 구성원으로의 성장 도움과 기회 제공,"ㅇ (사업 근거) - 「서울시 청년 기본 조례」 제10조 제7항 - 「서울시 청년 기본 조례」 제23조 ㅇ (추진 경과) - 청년정책 자문그룹 신규 정책 제안 : ’24. 8. - 동아리 사회기여활동 지원사업 추진 관련 검토: ’24. 8. ~ 9. ※ 동아리 지원사업 지원 대상 범위, 금액, 방법, 추진체계 등 ㅇ (사업 기간) 2025. 1.~12. ㅇ (사업 대상) 서울 소재 대학교 소속 동아리(최대 200개) ㅇ (사업 내용) - 서울 소재 53개 대학별 자체 심사를 거친 동아리를 대학 입학정원 규모에 따라 10~20개 이내 추천, 선정된 대학에 보조금 지급 ㅇ (사업비) 530백만원 (시비 100%)",참여권리,청년참여,참여 프로그램,참여 프로그램,20250301 ~ 20250331,20250101 ~ 20251231,0세~0세 / 연령제한:Y 0043001 0 0 서울 소재 대학교 소속 동아리(최대 200개) 0011009 0013010 0049005 0055003,0세~0세 / 연령제한:Y,0043001 0 0,,,청년정책담당관,서울특별시,,,,2025-04-22 16:07:35,2025-06-26 13:31:49,4,온통청년_OPEN_API_getPlcy,전북,대학생 동아리 사회기여활동 지원 사회적 관계 회복을 위한 자발적인 연대와 협력 경험을 할 수 있도록 대학생 동아리 지원을 통해 사회 구성원으로의 성장 도움과 기회 제공 보조금 참여 프로그램
전북,"52000,45000",20250522005400210868,청년참여 활성화 및 서울청년참여기구 운영 지원,맞춤형상담서비스,"ㅇ 정책발굴, 예산편성, 모니터링(개선) 등 정책결정과정 전반에 걸쳐 다양한 청년참여 기회 제공 ㅇ 청년자율예산제를 통해 청년당사자의 시각으로 청년문제 해결 모색","ㅇ 사업 근거 - 청년기본법 제5조(청년의 권리와 책임) - 지방재정법 제39조(지방예산 편성 등 예산과정의 주민참여) - 서울특별시 청년 기본 조례 제10조(청년의 참여 확대 등) - 서울특별시 청년참여 활성화 지원 조례 제5조(청년자율예산의 범위) ㅇ 추진 경과 - (’13~’18년) 청년정책 공론장 상설화(청년의회→서울청년시민회의) ▲청년기본조례 제정(’15.1.2.), ▲청년수당, ▲희망두배 청년통장, ▲마음건강지원 등 - (’19.3월) 청년전담부서(現 미래청년기획관) 신설 및 청년자율예산제 도입 - (’20년~현재) 청년자율예산 편성 : 청년월세 지원사업, 고립청년 지원사업, 청년 마음건강 지원사업 등(76개 사업, 703억원) ㅇ 사업 기간 : 2025. 1.~12. ㅇ 사업 대상 : 서울시에서 거주 또는 활동하는 만 19~39세 청년 ㅇ 추진 체계 - (사업 주체) : 서울시 (시비 100%) - (시행 방법) : 시 직접 사업 (사업비 470백만원)",참여권리,청년참여,"주거지원, 복지, 참여 프로그램",주거지원,20250101 ~ 20250131,20250101 ~ 20251231,19세~39세 / 연령제한:N 0043001 0 0 0011009 0013010 0049010 0055003,19세~39세 / 연령제한:N,0043001 0 0,,,청년정책담당관,서울특별시,,,,2025-04-22 15:28:07,2025-06-26 13:49:44,4,온통청년_OPEN_API_getPlcy,전북,청년참여 활성화 및 서울청년참여기구 운영 지원 정책발굴 예산편성 모니터링 개선 등 정책결정과정 전반에 걸쳐 다양한 청년참여 기회 제공 청년자율예산제를 통해 청년당사자의 시각으로 청년문제 해결 모색 맞춤형상담서비스 주거지원
전북,"52000,45000",20250507005400210788,도심캠퍼스타운 운영,교육지원,"도심 내 공실, 근대건축물 등을 활용하여 대구권(대구·경산) 대학이 참여하는 통합 공유캠퍼스를 조성하여 교과 및 비교과 강의 운영 * 참여대학 : (대구) 경북대학교, 계명대학교, 계명문화대학교, 대구공업대학교, 대구과학대학교, 대구보건대학교, 수성대학교, 영남이공대학교, 영진전문대학교, (경산) 경일대학교, 대구대학교, 대구가톨릭대학교, 대구한의대학교, 영남대학교, 호산대학교","- 대구 동성로 도심과 연계한 창업 및 체험 위주의 강의 개설 - 강의와 관련된 재료비, 현장실습비 등 지원",교육,미래역량강화,"일자리, 직무교육, 창업지원, 복지, 참여 프로그램",일자리,20250818 ~ 20250829,20250301 ~ 20290228,0세~0세 / 연령제한:Y 0043001 0 0 0011009 0013010 0049005 0055003,0세~0세 / 연령제한:Y,0043001 0 0,사업참여 대학의 수강신청 기간 중 도심캠퍼스 강의 신청,,대구광역시,산학협력단,,,,2025-04-07 11:12:12,2025-06-26 15:07:34,4,온통청년_OPEN_API_getPlcy,전북,도심캠퍼스타운 운영 도심 내 공실 근대건축물 등을 활용하여 대구권 대구 경산 대학이 참여하는 통합 공유캠퍼스를 조성하여 교과 및 비교과 강의 운영 참여대학 대구 경북대학교 계명대학교 계명문화대학교 대구공업대학교 대구과학대학교 대구보건대학교 수성대학교 영남이공대학교 영진전문대학교 경산 경일대학교 대구대학교 대구가톨릭대학교 대구한의대학교 영남대학교 호산대학교 교육지원 일자리
전북,"52000,45000",20250403005400210687,전국민 마음투자 지원사업,"바우처,맞춤형상담서비스","우울, 불안 등 정서적 어려움이 있는 국민에게 심리상담 서비스를 제공하고, 정신질환을 조기 발견하여 사전에 예방함","정신건강 위험군에게 심리상담 서비스 바우처를 제공함(나이 및 소득기준 없음) - 서비스 1회당 1급 유형 8만원, 2급 유형 7만원이며 건강보험료에 따라 차등지원함 (본인 부담금 0원~24000원까지) *단, 조현병, 약물/알코올 중독, 급박한 자살위기 등은 정신과 진료 필요하므로 제외",복지문화,건강,복지,복지,,예산소진시 까지,"0세~0세 / 연령제한:Y 0043001 0 0 만 19세 미만인 자는 보호자의 동의 필요함 * 약물, 알콜중독, 중증 정신질환(조현병 등), 심각한 심리적 문제(급박한 자살위기 등)로 정신건강의학과 진료가 우선적으로 필요한 경우 * 청년 마음건강 지원사업('22~'24년), 지역사회서비스 투자사업의 아동청소년 심리지원 서비스, 아동청소년 정서발달 지원 서비스, 정신건강토탈케어 서비스, 성인 심리지원서비스를 받고 있는 경우 0011009 0013010 0049010 0055003",0세~0세 / 연령제한:Y,0043001 0 0,"1. 의뢰서 발급 : 정신건강복지센터, 정신의료기관 등에서 발급 / 자세한 내용은 제출서류에서 확인 2. 신청접수 : 주민등록상 거주지 행정복지센터 또는 온라인(복지로)에서 제출서류 지참 후 신청 가능 * 온라인은 아래의 신청사이트 url참고 * 신청시 서비스 유형 선택 (1급 유형 1회당 8만원, 2급 유형 1회당 7만원 / 유형별로 서비스 제공인력의 자격 및 본인부담금 차이가 발생함) 3. 이용자 선정 및 통지 : 지원기준 해당 여부 확인 후 예산 범위 내에서 선착순으로 지원 * 본인부담금은 건강보험료에따라 상이함 4. 바우처 카드 발급 : 카드사 영업점 방문, 홈페이지 또는 콜센터를 통해 신청하거나, 행정복지센터에서 서비스 신청 시 함께 신청 5. 심리상담 실시 : 이용자가 직접 제공기관을 선택하여 서비스 제공 신청(전화, 인터넷, 방문신청) * 이용자는 본인의 주소지에 상관없이 이용이 편리한 제공기관을 선택하여 서비스를 신청할 수 있음 * 120일간 총 8회, 회당 최소 50분이상 * 바우처 및 본인부담금으로 제공기관에 결제","총 3부의 제출서류가 필요함 1. 사회보장급여(사회서비스이용권 신청(변경)서(서식 제1호) 2. 사회서비스 이용자 준수사항 안내 확인 동의서(서식 제2호) 3. 증빙서류(아래의 서류 중 한 가지 이상 제출) 1) 정신건강복지센터, 대학교상담센터, 청소년상담복지센터, Wee센터(클래스) 등에서 심리상담이 필요하다고 인정하는 자 : 기관에서 발급하는 의뢰서(신청일 기준 3개월 이내) * 사설 심리상담센터는 의뢰서 발급기관에서 제외 2) 정신의료기관 등에서 우울, 불안 등으로 인하여 심리상담이 필요하다고 인정하는 자 : 정신과 의사, 한방신경정신과 한의사가 발급하는 진단서 또는 소견서(신청일 기준 3개월 이내) 3) 국가 건강검진 중 정신건강검사(우울증 선별검사, PHQ-9)결과에서 중간정도 이상의 우울(10점 이상)이 확인된 자 : 신청일 기준 1년 이내에 실시한 일반건강검진 결과 통보서 4) 자립준비청년 및 보호연장아동 - 보호종료된 자립준비 청년 : 보호종료확인서 - 보호연장아동 : 시설재원증명서 또는 가정위탁보호확인서 5) 동네의원 마음건강돌봄 연계 시범사업 통해 의뢰된 자 : 해당사업 지침 별지 제 4호 연계의뢰서 (신청일 기준 3개월 이내)",보건복지부,질병관리과,https://www.bokjiro.go.kr/,https://www.socialservice.or.kr/,https://www.mohw.go.kr/menu.es?mid=a10706040800,2025-04-03 15:54:13,2026-01-01 00:00:00,4,온통청년_OPEN_API_getPlcy,전북,전국민 마음투자 지원사업 우울 불안 등 정서적 어려움이 있는 국민에게 심리상담 서비스를 제공하고 정신질환을 조기 발견하여 사전에 예방함 바우처 맞춤형상담서비스 복지
전북,"52000,45000",20250403005400110686,해외조달 전문인력 양성,"교육지원,해외진출,중소기업","청년(학생 및 조달기업 재직자) 대상 해외조달시장에 대한 이론, 실무교육 실시 및 채용 연계","ㅇ 해외조달시장에 대한 보다 전문적인 실무 및 실습 프로그램을 개발, 적용하여 청년 전문인력으로 양성 ㅇ 그간의 수료생들을 해외 조달시장에 대한 전문인력 풀로 활용하고 후속 취업교육을 실시하여 채용 기회를 확대 제공",일자리,취업,"일자리, 직무교육",일자리,,20250301 ~ 20251130,19세~34세 / 연령제한:N 0043001 0 0 대학(원)생 및 취업준비생 0011009 0013010 0049010 0055003,19세~34세 / 연령제한:N,0043001 0 0,,,조달청,조달청,,https://www.pps.go.kr/kor/bbs/view.do?bbsSn=2407150010&key=00634,,2025-04-03 15:14:55,2026-01-01 00:00:00,4,온통청년_OPEN_API_getPlcy,전북,해외조달 전문인력 양성 청년 학생 및 조달기업 재직자 대상 해외조달시장에 대한 이론 실무교육 실시 및 채용 연계 교육지원 해외진출 중소기업 일자리
전북,"52000,45000",20250402005400110682,규제과학 인재양성 및 글로벌 협력연구,교육지원,"식의약 규제과학 분야 석박사 (비)학위과정, 취업 연계 프로그램, 현장체험 등 운영 및 글로벌 우수 대학, 연구소 등과의 교류","전일제, 부분제 석박사 학위과정 지원 / 식의약 글로벌 아카데미 등 장단기 현장체험 프로그램 운영 / 취업 연계 설명회 및 취업 소개 플랫폼 운영 / 존스 홉킨스 대학 등 글로벌 우수 대학, 연구소와의 공동연구, 정보교류, 인력 파견 등",교육,미래역량강화,"일자리, 직무교육, 참여 프로그램",일자리,,20210401 ~ 20251231,0세~0세 / 연령제한:Y 0043001 0 0 석박사 학위 과정 신청자의 경우 해당 학교 모집요강 상세 자격요건 확인 0011009 0013010 0049010 0055003,0세~0세 / 연령제한:Y,0043001 0 0,,,기획조정과,식품의약품안전처 식품의약품안전평가원,,https://www.nifds.go.kr/index.do,,2025-04-02 14:49:13,2026-01-01 00:00:00,4,온통청년_OPEN_API_getPlcy,전북,규제과학 인재양성 및 글로벌 협력연구 식의약 규제과학 분야 석박사 비 학위과정 취업 연계 프로그램 현장체험 등 운영 및 글로벌 우수 대학 연구소 등과의 교류 교육지원 일자리
전북,"52000,45000",20250502005400110774,청년월세 한시 특별지원,보조금,경제적 어려움을 겪는 저소득 청년층의 주거비 부담 경감을 위해 임대료(월세) 한시적 지원,월 최대 20만원 임대료 지원(최대 24개월),주거,전월세 및 주거급여 지원,주거지원,주거지원,20250101 ~ 20250228,20250301 ~ 20251231,"19세~34세 / 연령제한:N 0043003 0 0 청년 원가구 소득이 기준 중위소득 100% 이하이면서 청년가구 소득이 기준 중위소득 60% 이하 부모님과 별도거주, 무주택 0011009 0013010 0049010 0055003",19세~34세 / 연령제한:N,0043003 0 0 청년 원가구 소득이 기준 중위소득 100% 이하이면서 청년가구 소득이 기준 중위소득 60% 이하,시군 홈페이지 참고,시군 홈페이지 참고,국토교통부,강원특별자치도,,,,2025-04-02 11:28:44,2025-07-16 15:25:16,4,온통청년_OPEN_API_getPlcy,전북,청년월세 한시 특별지원 경제적 어려움을 겪는 저소득 청년층의 주거비 부담 경감을 위해 임대료 월세 한시적 지원 보조금 주거지원
전북,"52000,45000",20250331005400110677,산림산업 창업지원_청년 산림창업 마중물 지원,벤처,청년법인 도약 및 사업성공을 위한 청년 산림창업 마중물 지원하여 열악한 청년 창업 여건을 개선하여 산촌 정착 저변 확대,"1. 전문가 멘토링(희망분야) 및 운영사무국이 제공하는 창업성장 관련 교육 2. 시제품 개발, 홍보, 마케팅 등에 소요되는 사업화 예산",일자리,창업,"일자리, 직무교육, 창업지원, 참여 프로그램",일자리,20250328 ~ 20250411,협약 체결일부터~9월말까지,"19세~39세 / 연령제한:N 0043001 0 0 창업 7년 이하의 개인 또는 법인사업자 ○ 과거 부정수급으로 적발되어 약정 해지된 단체(법인, 기업 등) ○ 신청서, 사업화 계획 등 신청에 관한 서류를 허위로 기재한 경우 ○ 금융기관의 계좌개설이 불가능하거나, 본인 명의의 금융자산에 대한 압류가 진행 중인자(시효 소멸자는 제외) ○ 국세 또는 지방세를 체납 중인 자 ○ 동일 사업화 아이디어로 정부부처, 지방자치단체, 공공기관에서 시행하는 창업지원사업에 참여하여 현금성 창업 지원금을 받은 자로, 타 사업과 지원기간(협약기간)이 중복되는 경우 ○ 한국임업진흥원 및 정부지원사업에 참여제한으로 제재중인 개인 및 법인사업자 0011001,0011002,0011003,0011004,0011005,0011006,0011007,0011008 0013010 0049001,0049002,0049003,0049004,0049005,0049006,0049007,0049008,0049009 0055003",19세~39세 / 연령제한:N,0043001 0 0,○ 신청 접수 : 3.28.(금) ~ 4.11.(금) ○ 서류ㆍ발표 평가 : 4월 중 ○ 결과발표 : 5.2.(금) ○ 사업화지원 : 5~9월,"□ 자격조건 가. 업력 : 창업 7년 이하의 개인 또는 법인사업자 * 창업일 기준 : (개인) 사업자등록증 개업연월일, (법인) 법인등기부등본 회사성립연월일 * 신청자격 대상기업 : '18. 3. 29. ~ '25. 3. 28. 기간 중 사업을 개시한 자 나. 산림분야 : 산림자원을 활용한 재화생산ㆍ서비스공급 사업을 영위하는 자 다. 청년 : 대한민국 국적의 19세 이상 39세 이하 인자 * 신청자격 출생기간 : 1985. 3. 29. ~ 2006. 3. 28. 출생자",산림청,한국임업진흥원,www.kofpi.or.kr,,,2025-03-31 17:09:27,2025-04-02 09:46:55,4,온통청년_OPEN_API_getPlcy,전북,산림산업 창업지원 청년 산림창업 마중물 지원 청년법인 도약 및 사업성공을 위한 청년 산림창업 마중물 지원하여 열악한 청년 창업 여건을 개선하여 산촌 정착 저변 확대 벤처 일자리
전북,"52000,45000",20250430005400210739,강원특별자치도 관광콘텐츠 스타트업,보조금,스타트업(업력 7년 이하) 및 예비 창업자 대상 맞춤형 관광 콘텐츠 지원을 통한 차별화된 관광 활성화 방안 마련 및 청년 일자리 창출,"사업화 자금(최대 20백만원), 멘토링, 실증프로그램 등",일자리,창업,"일자리, 직무교육, 창업지원, 참여 프로그램",일자리,20250226 ~ 20250326,20250101 ~ 20251231,0세~0세 / 연령제한:Y 0043001 0 0 0011009 0013010 0049010 0055003,0세~0세 / 연령제한:Y,0043001 0 0,운영기관 홈페이지 참고,운영기관 홈페이지 참고,강원특별자치도,강원창조경제혁신센터,https://ccei.creativekorea.or.kr/gangwon/main.do,,,2025-03-30 16:52:17,2025-06-26 15:50:01,4,온통청년_OPEN_API_getPlcy,전북,강원특별자치도 관광콘텐츠 스타트업 스타트업 업력 7년 이하 및 예비 창업자 대상 맞춤형 관광 콘텐츠 지원을 통한 차별화된 관광 활성화 방안 마련 및 청년 일자리 창출 보조금 일자리
전북,"52000,45000",20250327005400110657,사회복무요원의 안정적 사회진출 지원,보조금,o 사회복무요원 장병내일준비적금 가입 시 사회복귀준비금 지원 - 연도별 매칭비율에 해당하는 금액을 사회복무요원 복무만료 시 국가가 추가로 지원하는 자산형 지원금,"□ 장병내일준비적금 - 가입혜택 : 은행이자(5%수준)+이자소득 비과세+사회복귀준비금(매칭지원금) - 매칭지원금 혜택 : ‘22.1월 납입금액부터 적금 입금액의 연도별 매칭비율에 해당하는 금액을 만기 해지 시 개인계좌로 입금 * 매칭비율: (’22년) 원리금의 33%, (’23년) 원리금의 71%, (’24년부터~) 입금액의 100%",교육,미래역량강화,"직무교육, 복지",직무교육,,상시,20세~40세 / 연령제한:N 0043001 0 0 □ 특화분야 : 사회복무요원 복무자 □ 장병내일준비적금 - (적금 가입자격) 잔여복무기간이“1개월” 이상 남은 사회복무요원 * (예시) 잔여복무기간1개월: ’25. 1. 2. ~ ’25. 2. 2. - (적금 가입한도) 개인별 최대 월 55만원 * ('22∼'24년) 개인별 최대 월 40만원 0011009 0013010 0049010 0055003,20세~40세 / 연령제한:N,0043001 0 0,"□ 장병내일준비적금 - 취급하는 시중 14개 은행(농협, 신한, 우리, 하나, 기업, 국민, 수협, 아이엠, 부산, 광주, 제주, 전북, 경남, 우체국)에 적금 가입",,병무청,병무청,,,,2025-03-27 10:40:52,2026-01-01 00:00:00,4,온통청년_OPEN_API_getPlcy,전북,사회복무요원의 안정적 사회진출 지원 o 사회복무요원 장병내일준비적금 가입 시 사회복귀준비금 지원 연도별 매칭비율에 해당하는 금액을 사회복무요원 복무만료 시 국가가 추가로 지원하는 자산형 지원금 보조금 직무교육
전북,"52000,45000",20250321005400110645,해양경찰청 청년인턴 채용,인턴,"ㅇ 청년의 일경험 기회를 확대하고, 정책과정 경험 및 참여를 통해 청년의 다양한 시각을 반영하기 위한 2025년 해양경찰청 청년인턴 채용","ㅇ 분야별 청년인턴 40명 선발 - 채용분야(선발인원) : 행정홍보·전산통계(36), 외국어(3), 식품영양(1) ㅇ 근무조건 - (신 분) 청년인턴(공무원의 사무를 보조하는, 공무원이 아닌 근로자) - (계약기간) 채용일로부터 3개월 - (근무시간) 주 5일, 40시간 - (후생복지) 건강보험, 고용보험, 산재보험, 국민연금 가입",일자리,취업,"일자리, 복지, 참여 프로그램",일자리,20250320 ~ 20250331,채용일로부터 3개월,19세~34세 / 연령제한:N 0043001 0 0 ㅇ 응시자격 요건 - 대한민국 국적 소지자 - 최종시험(면접시험) 예정일 기준 청년기본법상 청년(19세~34세)의 연령에 해당하는 사람 ㅇ 응시제한 - 2023년 ~ 2024년 중앙행정기관(타부처 포함) 청년인턴 2회 이상 참여자 - 응시자는 응시 제한요건 확인을 위한 고용보험 자격이력 내역서 제출 ※ 기타 응시제한 사유는 모집공고문 참조 0011009 0013010 0049010 0055003,19세~34세 / 연령제한:N,0043001 0 0,ㅇ 응시원서 제출 - (접수기관) 해양경찰청 - (일반전화) 032-835-2416 - ( 이 메 일) hulyzya@korea.kr ※ 제출서류 및 주의사항 등 채용 공고문 참조,ㅇ 채용공고문 참조,해양경찰청,해양경찰청,,https://www.kcg.go.kr/kcg/na/ntt/selectNttInfo.do?nttSn=59846&mi=2797,,2025-03-21 08:10:47,2025-03-25 16:26:46,4,온통청년_OPEN_API_getPlcy,전북,해양경찰청 청년인턴 채용 청년의 일경험 기회를 확대하고 정책과정 경험 및 참여를 통해 청년의 다양한 시각을 반영하기 위한 2025년 해양경찰청 청년인턴 채용 인턴 일자리
전북,"52000,45000",20250310005400110607,예비청년 대상 발명교육 지원,교육지원,발명/특허 특성화고 지원,"직업계고 발명/특허 교육지원 학교를 지정하고 발명/지식재산 관련 정규교과목 운영, 산학협동형 교육 등 다양한 지식재산 교육 프로그램 제공",교육,미래역량강화,직무교육,직무교육,,20250101 ~ 20251231,0세~0세 / 연령제한:Y 0043001 0 0 0011009 0013010 0049002 0055003,0세~0세 / 연령제한:Y,0043001 0 0,신청서 접수 교육지원청에서 관내 학교로 안내 공문 발송 관내 학교 일정별 신청 및 접수,,특허청,한국발명진흥회,,https://www.ip-edu.net/home/kor/main.do,,2025-03-10 22:50:50,2026-01-01 00:00:00,4,온통청년_OPEN_API_getPlcy,전북,예비청년 대상 발명교육 지원 발명 특허 특성화고 지원 교육지원 직무교육
전북,"52000,45000",20250310005400110606,체계적인 지식재산 인재 및 리더 양성,교육지원,지식재산 전문인력 양성 중점대학 운영 및 산학협동현 캠퍼스특허유니버시아드 운영,"ㅇ 권역별 9개의 지식재산 중점대학을 지정하여 지식재산 교육을 강화하고, 대학특성/지역별 주력산업 등과 연계한 IP융합전공과정 운영(경상대, 전남대, 충북대, 충남대, 경북대, 강원대, 부산대, 전북대, 제주대) ㅇ 발명사업화, 특허전략 수립 2개 부문에 대해 산학협동형 IP실무교육 및 대회 경진대회를 개최하여 기업이 필요로 하는 지식재산 인재 양성","일자리,교육","취업,미래역량강화","일자리, 직무교육, 창업지원",일자리,,20250301 ~ 20251231,0세~0세 / 연령제한:Y 0043001 0 0 0011005 0013010 0049005 0055003,0세~0세 / 연령제한:Y,0043001 0 0,,,특허청,한국발명진흥회,,,,2025-03-10 22:45:39,2026-01-01 00:00:00,4,온통청년_OPEN_API_getPlcy,전북,체계적인 지식재산 인재 및 리더 양성 지식재산 전문인력 양성 중점대학 운영 및 산학협동현 캠퍼스특허유니버시아드 운영 교육지원 일자리
전북,"52000,45000",20250310005400110605,지식재산 기반 창업촉진(IP 디딤돌 프로그램),"중소기업,벤처","개인 및 예비창업자를 대상으로 창의적 아이디어를 기술적으로 발전시켜 사업아이템을 도출하고, 이에 대한 지식재산 컨설팅 및 권리화 지원","ㅇ 한국발명진흥회 및 전국 17개소의 지역지식재산센터(RIPC)를 통해, 지역별 예비창업자의 아이디어에 대한 기초상담, 창업아이템으로의 고도화/권리화 지원 ㅇ 우수창업기업 대상 IR 심화컨설팅 실시, 데모데이 개최를 통해 특허 기반 초기창업기업의 사업화 및 투자유치 지원",일자리,창업,"일자리, 직무교육, 창업지원, 복지, 참여 프로그램",일자리,,20250101 ~ 20251231,0세~0세 / 연령제한:Y 0043001 0 0 0011009 0013010 0049010 0055003,0세~0세 / 연령제한:Y,0043001 0 0,소재지 지역별 지식재산센터(☎1661-1900)를 통한 상담 및 신청,기초상담(방문/전화상담) 후 신청서 작성 안내,특허청,한국발명진흥회,,https://www.kipo.go.kr/ko/kpoContentView.do?menuCd=SCD0200313,https://pms.ripc.org/www/,2025-03-10 22:36:54,2026-01-01 00:00:00,4,온통청년_OPEN_API_getPlcy,전북,지식재산 기반 창업촉진 IP 디딤돌 프로그램 개인 및 예비창업자를 대상으로 창의적 아이디어를 기술적으로 발전시켜 사업아이템을 도출하고 이에 대한 지식재산 컨설팅 및 권리화 지원 중소기업 벤처 일자리
전북,"52000,45000",20250305005400210595,광주청년정책조정위원회 위촉직 위원 모집,교육지원,민･관･학 다양한 분야의 청년정책관련 전문가가 참여한 청년정책 관련 최고 심의기구로서 광주시 청년정책 비전과 방향 제시,"청년정책 기본계획과 시행계획의 수립 및 변경사항 심의·의결, 청년정책 시행계획의 연도별 추진 실적 점검 및 평가, 회의 참석 수당 지급 등",참여권리,청년참여,"직무교육, 복지, 참여 프로그램",직무교육,20250305 ~ 20250317,20250401 ~ 20270401,0세~0세 / 연령제한:Y 0043001 0 0 - 청년단체에서 활동한 경험이 풍부한 청년 - 청년정책에 관한 전문지식과 경험이 풍부한 사람 市 산하 각종 위원회 중 3개 이상 위원회에 기 참여자는 위촉 불가 0011009 0013010 0049010 0055003,0세~0세 / 연령제한:Y,0043001 0 0,신청방법 : 광주청년통합플랫폼 홈페이지(https://youth.gwangju.go.kr/) 접수 / 상단 지원정책 신청하기 클릭 ☞ 홈페이지 접속 → 회원가입 → 로그인 → 청년참여 → “광주청년정책조정위원회” → 신청하기 클릭 → 신청서 작성(제출서류〔서식1~서식2〕 파일* 업로드),"- 신청서[서식1], 자기소개서 1부[서식2], - 재직･경력증명서 등(해당기관 발행) 신청서 등에 기재한 경력을 증빙할 수 있는 서류 ※ 증빙 서류는 최근 3개월 이내 발급된 것에 한함. ‘개인정보 수집･이용･제공 동의서’는 홈페이지 신청 화면에서 작성",청년정책과,광주광역시,https://youth.gwangju.go.kr/,,,2025-03-05 17:17:04,2025-03-06 09:04:58,4,온통청년_OPEN_API_getPlcy,전북,광주청년정책조정위원회 위촉직 위원 모집 민 관 학 다양한 분야의 청년정책관련 전문가가 참여한 청년정책 관련 최고 심의기구로서 광주시 청년정책 비전과 방향 제시 교육지원 직무교육
전북,"52000,45000",20250305005400110592,AI 보안관제 전문인력 양성(5기) 교육,교육지원,사이버보안 분야(보안관제) 취업을 희망하는 청년 구직자 대상 정보보호 기초 및 보안관제 직무 교육(총 200시간) 운영,"학업장려금 지급, 우수 수료생 해외연수, 교육과정 수료생 대상 취업지원(채용형 인턴십 등) 프로그램 제공","일자리,교육","취업,미래역량강화","일자리, 직무교육",일자리,20250220 ~ 20250314,20250317 ~ 20250418,"0세~34세 / 연령제한:N 0043001 0 0 0011001,0011002,0011003,0011004,0011005,0011006,0011007,0011008 0013003 0049004,0049006,0049007,0049008 0055003",0세~34세 / 연령제한:N,0043001 0 0,KISA 아카데미 홈페이지를 통한 참가신청,,과학기술정보통신부,한국인터넷진흥원,https://academy.kisa.or.kr,https://academy.kisa.or.kr/cont/programInfo/eduIntroAI.do,https://academy.kisa.or.kr/edu/apply/applyEduDetail.do?APPLY=03&SQ=9695,2025-03-05 10:22:12,2025-03-05 11:18:37,4,온통청년_OPEN_API_getPlcy,전북,AI 보안관제 전문인력 양성 5기 교육 사이버보안 분야 보안관제 취업을 희망하는 청년 구직자 대상 정보보호 기초 및 보안관제 직무 교육 총 200시간 운영 교육지원 일자리
전북,"52000,45000",20250305005400110591,K-Shield 주니어 14기 정규과정,교육지원,사이버보안 분야 입문 및 진출을 희망하는 청년 대상 정보보호 기초 교육(80시간 이상)과 직무 교육(300시간 이상) 운영,"학업장려금 지급, 우수 수료생 해외연수, 교육과정 수료생 대상 취업지원(인턴십 연계 등)","일자리,교육","취업,미래역량강화","일자리, 직무교육",일자리,20250203 ~ 20250308,20250324 ~ 20250625,"0세~34세 / 연령제한:N 0043001 0 0 0011001,0011002,0011003,0011004,0011005,0011006,0011007,0011008 0013003 0049004,0049006,0049007,0049008 0055003",0세~34세 / 연령제한:N,0043001 0 0,KISA 아카데미 홈페이지를 통한 신청,,과학기술정보통신부,한국인터넷진흥원,https://academy.kisa.or.kr,https://academy.kisa.or.kr/cont/programInfo/kShieldJunior.do,https://academy.kisa.or.kr/edu/apply/applyEduDetail.do?APPLY=04&SQ=9708,2025-03-05 10:15:17,2025-03-05 11:18:08,4,온통청년_OPEN_API_getPlcy,전북,K Shield 주니어 14기 정규과정 사이버보안 분야 입문 및 진출을 희망하는 청년 대상 정보보호 기초 교육 80시간 이상 과 직무 교육 300시간 이상 운영 교육지원 일자리
전북,"52000,45000",20250304005400210588,전라남도 해외유학생 지원,교육지원,해외 박사 유학비 지원,1인당 최대 1억원(2년 분할),교육,미래역량강화,직무교육,직무교육,20250201 ~ 20250331,2025.2.~,"0세~0세 / 연령제한:Y 0043001 0 0 ○ 도내 소재 초·중·고·대·대학원 중 하나를 졸업한출향도민 ○ 거주, 학업, 어학요건 필요 국비유학생 시험 합격자로 국비 장학금을 받거나 받을 예정인 사람 지원 불가 등 0011009 0013010 0049009 0055003",0세~0세 / 연령제한:Y,0043001 0 0,전남인재평생교육진흥원 누리집 신청,① 신청서 ② 자기소개서 ③ 국외수학 계획서 ④ 대학교(원) 학과장 추천서 ⑤ 주민등록등본 ⑥ 가족관계증명서 ⑦ 건강보험료납부확인서 ⑧ 건강보험료자격확인서 ⑨ 졸업증명서 ⑩ 외국어시험 성적표 ⑪ 병적(전역예정)증명서 ⑫ 사회적 배려 대상자 입증서류 ⑬ 개인정보 수집·이용 및 제공 동의서 등,전라남도,재단법인전남인재평생교육진흥원,,,,2025-03-04 21:04:16,2025-03-05 09:20:59,4,온통청년_OPEN_API_getPlcy,전북,전라남도 해외유학생 지원 해외 박사 유학비 지원 교육지원 직무교육
전북,"52000,45000",20250304005400210583,대학생 프레젠테이션(스피치) 대회,교육지원,스피치 대회 개최로 미래사회 지도자로 성장하고 싶은 청년들을 응원합니다.,시상금 총 5백만원(대상 200백만원),참여권리,청년참여,"직무교육, 참여 프로그램",직무교육,20250901 ~ 20251031,20250901 ~ 20251231,"0세~0세 / 연령제한:Y 0043001 0 0 0011009 0013010 0049005,0049006,0049009 0055003",0세~0세 / 연령제한:Y,0043001 0 0,,,전라남도,전라남도,http://kdjnpmemorial.or.kr,,,2025-03-04 20:49:36,2025-03-05 09:26:19,4,온통청년_OPEN_API_getPlcy,전북,대학생 프레젠테이션 스피치 대회 스피치 대회 개최로 미래사회 지도자로 성장하고 싶은 청년들을 응원합니다 교육지원 직무교육
전북,"52000,45000",20250304005400210578,청춘어람 육성사업,보조금,실무형 섬 실무형 섬 실무형 섬 지역 관광 활성화와 경쟁력 강화에 기여합니다.,"사전답사, 현장활동비 1백만원, 상품개발비 5백만원 지원",일자리,취업,일자리,일자리,20250401 ~ 20250531,20250101 ~ 20251231,18세~45세 / 연령제한:N 0043001 0 0 전남 외 거주 청년이 사업 대상자로 선정 시 1개월 이내 의무 전입 필수 0011009 0013010 0049010 0055003,18세~45세 / 연령제한:N,0043001 0 0,① 신청서류 접수(전라남도 관광재단),① 참가신청서 ② 활동계획서 ③ 서약서 ④ 개인정보 수집‧이용 동의서 ⑤ 발표자료,전라남도,재단법인전라남도관광재단,,,,2025-03-04 20:33:19,2025-03-05 10:00:08,4,온통청년_OPEN_API_getPlcy,전북,청춘어람 육성사업 실무형 섬 실무형 섬 실무형 섬 지역 관광 활성화와 경쟁력 강화에 기여합니다 보조금 일자리
전북,"52000,45000",20250228005400210574,2025년 순창군 대학 진학 축하금 지원,"보조금,교육지원",순창에 주소를 두고 고등학교를 졸업 또는 고졸 검정고시 합격 후 3년이내 대학교에 진학한 자에게 경제적 부담을 덜어주기 위해 축하금 지원,"지원대상 : 관내·관외고등학교를 졸업 또는 고졸 검정고시 합격 후 3년이내 대학교에 진학한 자 - 신청기준일 현재 본인과 보호자가 순창군에 주민등록이 되어 있는 자 - 관외고등학교 졸업자는 관내 중학교를 졸업하고, 고등학교 졸업 전 계속하여 1년간 관내에 주민등록이 되어있는 자 ※ 관외고 졸업자는 2024년 관련 조례 개정으로 2024년 졸업자부터 지원 - 고졸 검정고시 합격자는 합격 당시 1년 이상 순창군에 주민등록이 되어있는 자 ※ 사이버 대학, 방송통신대학 및 학점은행제는 지원불가 지원내용 : 학생 1명당 200만원(총1회에 한함)",교육,교육비지원,직무교육,직무교육,20250304 ~ 20250321,매년,0세~0세 / 연령제한:Y 0043001 0 0 0011009 0013010 0049004 0055003,0세~0세 / 연령제한:Y,0043001 0 0,- 접 수 처 : 신청자 본인의 주민등록상 주소지 관할 읍・면행정복지센터 - 신청자격 : 본인 또는 보호자(민법상 보호자),1) 축하금 신청서 1부 2) 대학교 재학증명서 1부 3) 고등학교 졸업증명서 또는 고졸검정고시 합격증명서 1부. - 관외고등학교 졸업자의 경우 중학교 졸업증명서 1부. 추가 제출 4) 주민등록 초본 1부(본인과 보호자 각 1부)/보호자 표시되게 발급 5) 통장사본 1부 6) 개인정보활용 동의서 1부,순창군옥천장학회,전북특별자치도 순창군,,,,2025-02-28 10:00:02,2025-03-04 10:06:03,4,온통청년_OPEN_API_getPlcy,전북,2025년 순창군 대학 진학 축하금 지원 순창에 주소를 두고 고등학교를 졸업 또는 고졸 검정고시 합격 후 3년이내 대학교에 진학한 자에게 경제적 부담을 덜어주기 위해 축하금 지원 보조금 교육지원 직무교육
전북,"52000,45000",20250228005400110573,청년문화예술패스,바우처,사회에 첫 발을 내딛는 대한민국 19세 청년에게 공연(연극·뮤지컬·클래식·콘서트·음악 페스티벌 등) ·전시 관람비를 지원하여 청년의 문화향유 기회를 제공하고 품격있는 문화시민이자 적극적 문화소비 주체로 성장할 수 있도록 지원하는 사업,"1인당 연 10만원~15만원 공연·전시 관람비 지원 * 10만원(국비) 즉시 지급, 5만원(지방비) 지자체별 사정에 따라 지급 (10만원 지원)대구광역시, 대전광역시, 세종특별자치시, 경기도(성남시, 안산시), 전북특별자치도(전주시) (15만원 지원)그 외 지역 ※ 신청 시점의 주민등록 주소지를 기준으로 지급됩니다. ※ 10만원(국비)은 즉시 지급되며, 5만원(지방비)은 지자체별 예산 확보에 따라 지급됩니다. ※ 지방비가 추후 지급되는 지역의 경우, 해당 협력예매처의 회원계정으로 자동 지급됩니다. (지급 후 대상자 문자메시지 안내)",복지문화,문화활동,복지,복지,20250306 ~ 20250531,20250306 ~ 20251231,19세~19세 / 연령제한:N 0043001 0 0 0011009 0013010 0049010 0055003,19세~19세 / 연령제한:N,0043001 0 0,청년문화예술패스 누리집 회원가입 후 온라인 신청 협력예매처(인터파크 티켓 or YES24 티켓) 회원가입 및 본인인증 진행 ▶ 청년문화예술패스 누리집 회원가입 및 로그인 ▶ 본인인증 및 신청 ▶ 신청자격 검증 및 패스 발급 ▶ 선택한 협력예매처에서 공연·전시 예매 및 관,,문화체육관광부,한국문화예술위원회,https://youthculturepass.or.kr/kr/main.do,https://youthculturepass.or.kr/kr/bbs/view.do?bbsId=B0000011&menuSn=204977&pstSn=148,,2025-02-28 09:59:30,2025-02-28 10:02:38,4,온통청년_OPEN_API_getPlcy,전북,청년문화예술패스 사회에 첫 발을 내딛는 대한민국 19세 청년에게 공연 연극 뮤지컬 클래식 콘서트 음악 페스티벌 등 전시 관람비를 지원하여 청년의 문화향유 기회를 제공하고 품격있는 문화시민이자 적극적 문화소비 주체로 성장할 수 있도록 지원하는 사업 바우처 복지
전북,"52000,45000",20250227005400110566,마이스터대 지원,"중소기업,교육지원",고숙련 전문기술인재 양성을 위해 직무 중심 고도화된 교육과정을 운영하는 '마이스터대' 지원,"○ (목적) 고숙련 전문기술인재로의 성장경로를 제시하고 체계적·장기적 역량개발을 지원하는 새로운 고등직업교육모델인 '마이스터대' 지원 ○ (주요 내용) 신산업 분야 등 고숙련 전문기술인재 양성을 위해 직무 중심의 고도화된 교육과정을 운영하는 '마이스터대*' 지원 및 내실화 추진 *직무 중심의 교육과정(단기직무-전문학사-전공심화과정-전문기술석사과정)을 편성하여 운영 ○ (전달체계) 교육부 → 한국연구재단 → 사업 참여 대학 ○ (진행경과 및 추진 실적) - 전문기술석사과정의 설치·운영 근거를 마련하는 「고등교육법」 개정('21.3.) - 마이스터대 1차 시범운영 사업 대학 선정('21.4.) 및 '22학년도 전문기술석사과정 인가('21.12.)를 통한 마이스터대 모델 도입 완료 ※ 선정결과: 총 5개교(단독형 2개교, 컨소시엄형 3개교, 13개 교육과정) - 국정과제 85-6(지금은 지방대학 시대) 선정 - '23학년도 마이스터대 지원사업 운영 대학 선정('23.4., 6개교 7개 과정) - '24학년도 마이스터대 지원사업 운영 대학 선정('24.7., 3개교 3개 과정) - '25학년도 이후 지역혁신중심 대학지원체계(RISE) 내역사업으로 예산 이관",교육,미래역량강화,"직무교육, 참여 프로그램",직무교육,,'21년 ~'26년 2월,0세~0세 / 연령제한:Y 0043001 0 0 - 학사 학위 소지자 및 법령에 따라 이와 같은 수준 이상의 학력이 있다고 인정되는 자 - 관련 분야 재직경력 3년 이상인 자 - 위의 요건 모두 충족 시 입학 가능 0011009 0013010 0049009 0055003,0세~0세 / 연령제한:Y,0043001 0 0,,,교육부,한국연구재단,,,,2025-02-27 09:44:44,2025-03-11 09:07:53,4,온통청년_OPEN_API_getPlcy,전북,마이스터대 지원 고숙련 전문기술인재 양성을 위해 직무 중심 고도화된 교육과정을 운영하는 마이스터대 지원 중소기업 교육지원 직무교육
전북,"52000,45000",20250226005400110565,청년주택드림청약통장,금리혜택,무주택 청년의 주택구입과 자산형성을 지원,"□ 이자율: 최대 4.5% □ 소득기준: 연 5,000만원(직전년도 신고소득이 있는 자 기준), 무주택자 □ 납입한도: 월 100만원 □ 납입금액의 40%까지 소득공제 □ 주택청약에 당첨된 경우 청년주택드림 대출 연계 ㅇ 청년주택드림 청약통장 1년 이상 가입 ㅇ 1,000만원 이상 납입 ㅇ 당첨 시 분양가 80%까지 대출 ㅇ 금리 최저 연 2.2%(만기, 소득별 차등) 최장 40년까지 지원(고정금리) ㅇ 6억 이하, 전용면적 85제곱미터 이하 주택 ㅇ 생애주기별 금리 인하: 결혼 0.1%p 인하, 출산: 0.5%p 인하, 다자녀: 0.2%p 인하",주거,주택 및 거주지,"주거지원, 복지",주거지원,,상시,"19세~34세 / 연령제한:N 0043002 0 5000 □ 소득기준: 연 5,000만원(직전년도 신고소득이 있는 자 기준), 무주택자 0011009 0013010 0049010 0055003",19세~34세 / 연령제한:N,0043002 0 5000,,,국토교통부,국토교통부,,https://nhuf.molit.go.kr/FP/FP07/FP0701/FP07010301.jsp,https://www.korea.kr/news/policyNewsView.do?newsId=148926066,2025-02-26 16:53:34,2026-01-01 00:00:00,4,온통청년_OPEN_API_getPlcy,전북,청년주택드림청약통장 무주택 청년의 주택구입과 자산형성을 지원 금리혜택 주거지원
전북,"52000,45000",20250221005400110546,창업도약패키지(투자병행형) 창업기업 모집,"중소기업,벤처,보조금",도약기 창업기업의 비즈니스 모델 혁신 및 제품·서비스 고도화 지원,사업화자금과 투자유치 동시 지원,일자리,창업,"일자리, 창업지원",일자리,20250220 ~ 20250313,협약시작일로부터 10개월 내외,0세~0세 / 연령제한:Y 0043001 0 0 0011009 0013006 0049010 0055003,0세~0세 / 연령제한:Y,0043001 0 0,K-Startup 누리집 온라인 신청,,중소벤처기업부,중소벤처기업부,,,,2025-02-21 17:26:59,2025-02-21 17:28:26,4,온통청년_OPEN_API_getPlcy,전북,창업도약패키지 투자병행형 창업기업 모집 도약기 창업기업의 비즈니스 모델 혁신 및 제품 서비스 고도화 지원 중소기업 벤처 보조금 일자리
전북,"52000,45000",20250221005400110545,창업도약패키지(대기업협업형) 창업기업 모집,"벤처,보조금,중소기업",도약기 창업기업의 비즈니스 모델 혁신 및 제품·서비스 고도화 지원,사업화자금(최대 2억원) / 대기업 협업 프로그램 등 지원,일자리,창업,"일자리, 직무교육, 창업지원",일자리,20250220 ~ 20250313,협약시작일로부터 10개월 내외,0세~0세 / 연령제한:Y 0043001 0 0 0011009 0013006 0049010 0055003,0세~0세 / 연령제한:Y,0043001 0 0,K-Startup 누리집 온라인 신청,,중소벤처기업부,중소벤처기업부,,,,2025-02-21 17:24:50,2025-02-24 15:25:38,4,온통청년_OPEN_API_getPlcy,전북,창업도약패키지 대기업협업형 창업기업 모집 도약기 창업기업의 비즈니스 모델 혁신 및 제품 서비스 고도화 지원 벤처 보조금 중소기업 일자리
전북,"52000,45000",20250221005400110544,창업도약패키지(일반형) 창업기업 모집,"중소기업,보조금,벤처",도약기 창업기업의 비즈니스 모델 혁신 및 제품·서비스 고도화 지원,"사업화자금(최대3억원) / 투자유치, 글로벌시장 진출 등 창업프로그램 지원",일자리,창업,"일자리, 직무교육, 창업지원",일자리,20250220 ~ 20250313,협약시작일로부터 10개월 이내,0세~0세 / 연령제한:Y 0043001 0 0 0011009 0013006 0049010 0055003,0세~0세 / 연령제한:Y,0043001 0 0,,,중소벤처기업부,중소벤처기업부,,,,2025-02-21 17:21:18,2025-02-24 15:28:37,4,온통청년_OPEN_API_getPlcy,전북,창업도약패키지 일반형 창업기업 모집 도약기 창업기업의 비즈니스 모델 혁신 및 제품 서비스 고도화 지원 중소기업 보조금 벤처 일자리
전북,"52000,45000",20250221005400110543,스타트업 해외전시회 참가기업 모집,"보조금,중소기업,벤처",유망 창업기업의 인도 시장 진출 지원과 글로벌 경쟁력 강화 도모를 위한 전시회 참가 지원,"개별 부스 / 글로벌 역량강화 프로그램(전시 마케팅, 시장교육 등) / 현지 투자자, 바이어 발굴 및 홍보 / 항공, 숙박비(기업별 1인, 150만원 한도) / 네트워킹 프로그램 등",일자리,창업,"일자리, 직무교육, 창업지원",일자리,20250218 ~ 20250228,20250221 ~ 20251231,0세~0세 / 연령제한:Y 0043001 0 0 0011009 0013006 0049010 0055003,0세~0세 / 연령제한:Y,0043001 0 0,K-Startup 누리집 온라인 신청,,중소벤처기업부,중소벤처기업부,https://www.k-startup.go.kr/web/contents/bizpbanc-ongoing.do?schM=view&pbancSn=172012&pbancEndYn=N,,,2025-02-21 17:17:59,2025-02-26 09:15:05,4,온통청년_OPEN_API_getPlcy,전북,스타트업 해외전시회 참가기업 모집 유망 창업기업의 인도 시장 진출 지원과 글로벌 경쟁력 강화 도모를 위한 전시회 참가 지원 보조금 중소기업 벤처 일자리
전북,"52000,45000",20250221005400110542,초기창업패키지 창업기업 모집,"보조금,중소기업,벤처",창업 후 3년 이내 초기창업기업의 사업 안정화 및 성장 지원,"사업화자금 / 시장진입, 투자유치, 실증 검증 등 창업프로그램 지원",일자리,창업,"일자리, 직무교육, 창업지원",일자리,20250224 ~ 20250311,협약시작일로부터 9개월 이내,0세~0세 / 연령제한:Y 0043001 0 0 0011009 0013006 0049010 0055003,0세~0세 / 연령제한:Y,0043001 0 0,K-Startup 누리집 온라인 신청,,중소벤처기업부,중소벤처기업부,https://www.k-startup.go.kr,,,2025-02-21 17:10:39,2025-02-24 15:31:19,4,온통청년_OPEN_API_getPlcy,전북,초기창업패키지 창업기업 모집 창업 후 3년 이내 초기창업기업의 사업 안정화 및 성장 지원 보조금 중소기업 벤처 일자리
전북,"52000,45000",20250221005400110541,재도전성공패키지 IP전략형 (예비) 재창업기업 지원,"보조금,중소기업,벤처","특허, 실용신안, 디자인 중 1건 이상 출원 또는 등록한 폐업이력을 보유한 (예비)재창업자의 성공적인 재창업 지원","사업화자금, 지식재산(IP) 기반 제품·사업화를 위한 문제해결 컨설팅, 재창업 교육 등",일자리,창업,"일자리, 직무교육, 창업지원",일자리,20250219 ~ 20250311,협약시작일로부터 7개월 이내,0세~0세 / 연령제한:Y 0043001 0 0 0011009 0013006 0049010 0055003,0세~0세 / 연령제한:Y,0043001 0 0,K-Startup 누리집 온라인 신청,,중소벤처기업부,중소벤처기업부,,,,2025-02-21 17:07:56,2025-02-24 15:26:50,4,온통청년_OPEN_API_getPlcy,전북,재도전성공패키지 IP전략형 예비 재창업기업 지원 특허 실용신안 디자인 중 1건 이상 출원 또는 등록한 폐업이력을 보유한 예비 재창업자의 성공적인 재창업 지원 보조금 중소기업 벤처 일자리
전북,"52000,45000",20250221005400110540,예비창업패키지 창업기업 모집,"보조금,벤처,중소기업",혁신적인 기술과 사업모델을 보유한 예비창업자의 성공적인 창업 지원,"사업화자금 / BM 고도화, MVP 제작, 멘토링 등 주관기관별 창업프로그램 지원",일자리,창업,"일자리, 직무교육, 창업지원, 참여 프로그램",일자리,20250224 ~ 20250312,협약시작일로부터 8개월 이내,0세~0세 / 연령제한:Y 0043001 0 0 0011009 0013006 0049010 0055003,0세~0세 / 연령제한:Y,0043001 0 0,K-Startup 누리집 온라인 신청,,중소벤처기업부,중소벤처기업부,https://www.k-startup.go.kr,,,2025-02-21 17:03:15,2025-02-24 15:32:18,4,온통청년_OPEN_API_getPlcy,전북,예비창업패키지 창업기업 모집 혁신적인 기술과 사업모델을 보유한 예비창업자의 성공적인 창업 지원 보조금 벤처 중소기업 일자리
전북,"52000,45000",20250221005400110539,글로벌 기업 협업 프로그램 창업기업 모집,"중소기업,벤처","정부와 글로벌 기업이 협업하여 창업기업의 성장을 지원하고, 글로벌시장 진입 기회 마련","사업화자금, 주관기관 특화 프로그램, 글로벌기업 지원 프로그램 등",일자리,창업,"일자리, 직무교육, 창업지원",일자리,20250207 ~ 20250226,20250401 ~ 20251130,0세~0세 / 연령제한:Y 0043001 0 0 0011009 0013006 0049010 0055003,0세~0세 / 연령제한:Y,0043001 0 0,K-Startup 누리집 온라인 신청,,중소벤처기업부,중소벤처기업부,,,,2025-02-21 16:59:15,2025-02-24 15:28:14,4,온통청년_OPEN_API_getPlcy,전북,글로벌 기업 협업 프로그램 창업기업 모집 정부와 글로벌 기업이 협업하여 창업기업의 성장을 지원하고 글로벌시장 진입 기회 마련 중소기업 벤처 일자리
전북,"52000,45000",20250221005400110538,재도전성공패키지 일반형 (예비) 재창업기업 지원,"벤처,중소기업",성실한 실패 경험과 우수한 아이템을 보유한 (예비)재창업자의 성공적인 재창업 지원,"사업화자금, 재창업 교육 및 멘토링 등 사업화 지원과 민관 협업을 통한 투자 연계, 판로개척 등 성장 촉진 지원",일자리,창업,"일자리, 직무교육, 창업지원, 참여 프로그램",일자리,20250214 ~ 20250306,20250307 ~ 20251231,0세~0세 / 연령제한:Y 0043001 0 0 0011009 0013006 0049010 0055003,0세~0세 / 연령제한:Y,0043001 0 0,K-Startup 누리집 온라인 신청,,중소벤처기업부,중소벤처기업부,,,,2025-02-21 16:55:43,2025-02-24 15:25:15,4,온통청년_OPEN_API_getPlcy,전북,재도전성공패키지 일반형 예비 재창업기업 지원 성실한 실패 경험과 우수한 아이템을 보유한 예비 재창업자의 성공적인 재창업 지원 벤처 중소기업 일자리
전북,"52000,45000",20250221005400210532,동성로 청년버스킹 활성화 사업,해외진출,- 연중 개최로 청년이 모여드는 지역 대표 거리 공연 거점 조성 - 청년예술인 중심의 대구 대표 공연 공간으로 조성하여 동성로 활력 부여 및 관광 활성화 등 젊음의 거리 상징성 강화로 전국적인 버스킹성지 도약,- 공모를 통한 청년예술인 선발 - 선발된 청년예술인 공연기회 최소 3회 제공(팀 인원수별 참가지원금 차등지원) - 경연 우수 3팀 상금 지급 및 대구시 행사 공연 기회 제공 - 대학동아리팀 우수 3팀 상금 지급,복지문화,예술인지원,"복지, 참여 프로그램",복지,20250310 ~ 20250331,20250301 ~ 20251231,19세~39세 / 연령제한:N 0043001 0 0 0011009 0013010 0049010 0055003,19세~39세 / 연령제한:N,0043001 0 0,추후 업데이트 예정,,대구광역시,대구광역시,,,,2025-02-21 10:37:04,2025-02-24 09:15:21,4,온통청년_OPEN_API_getPlcy,전북,동성로 청년버스킹 활성화 사업 연중 개최로 청년이 모여드는 지역 대표 거리 공연 거점 조성 청년예술인 중심의 대구 대표 공연 공간으로 조성하여 동성로 활력 부여 및 관광 활성화 등 젊음의 거리 상징성 강화로 전국적인 버스킹성지 도약 해외진출 복지
전북,"52000,45000",20250218005400210447,광주 인공지능사관학교 운영,교육지원,산업계 수요를 반영한 양질의 맞춤형 교육을 지원하여 기업이 원하는 최적의 AI 실무인재 양성과 AI 기술 기반 취‧창업 활성화 도모,"- 교육과정 : 온라인 교육(선발과정) + 본 교육(핵심 : AI 빌드업, 실전: AI 엑스퍼트, 프로젝트: AI 마스터) + 취‧창업 역량 강화 - 교육내용 : 5개 전공 과정(10개반 운영) ① AI 모델링 • 머신러닝 및 AI 알고리즘 설계/테스트, 서비스 모델 개발 ② AI 기반 서비스 • AI 모델 프로덕션을 위한 인프라 설계, 서비스 개발 및 프로젝트 관리 ③ AI 플랫폼&인프라 • 데이터 구조화, 플랫폼 설계 구축, 운영 및 서비스 인프라 운영 ④ 데이터 기술 • AI 관련 데이터 관리/유지 다양한 분석 데이터 생성 ⑤ AI 비즈니스 개발 • 비즈니스 목표에 부합하는 AI 서비스 기획을 통한 AI 기반 기술 융합 창출","일자리,교육","취업,미래역량강화","일자리, 직무교육, 창업지원",일자리,20250211 ~ 20250430,20250101 ~ 20251231,"18세~39세 / 연령제한:N 0043001 0 0 0011009 0013003,0013006,0013009 0049010 0055003",18세~39세 / 연령제한:N,0043001 0 0,인공지능사관학교 홈페이지(https://gj-aischool.or.kr/) 입교 신청,모집 공고문 참조,AI반도체과,광주광역시,,,,2025-02-18 10:02:32,2025-02-19 09:10:48,4,온통청년_OPEN_API_getPlcy,전북,광주 인공지능사관학교 운영 산업계 수요를 반영한 양질의 맞춤형 교육을 지원하여 기업이 원하는 최적의 AI 실무인재 양성과 AI 기술 기반 취 창업 활성화 도모 교육지원 일자리
전북,"52000,45000",20250212005400110439,고교생 맞춤형 고용서비스,맞춤형상담서비스,"대학의 우수 인프라를 활용하여 취업을 희망하는 고교 재학생을 대상으로 진로 설계, 희망직업 포트폴리오 작성 및 취업활동계획 수립 지원, 직업훈련·일경험 연계 등 맞춤형 고용서비스를 제공하여 졸업 후 원활한 노동시장 진입 촉진","직업훈련 전·후로 진로상담 및 취업활동계획 수립, 취업역량 강화 프로그램 등 체계적 고용서비스* 지원 * ①진로 탐색, 심층 상담, 직업 포트폴리오 설계 → ②취업 목표 수립 및 활동계획 수립·관리 → ③일경험·직업훈련 프로그램 참여 지원 → ④모의 면접, 현장 직무 체험, 이력서 클리닉 등 취업역량 강화 지원 → ⑤졸업 후 사후관리(2년)",일자리,취업,"일자리, 직무교육, 복지, 참여 프로그램",일자리,,상시,0세~0세 / 연령제한:Y 0043001 0 0 0011009 0013010 0049010 0055003,0세~0세 / 연령제한:Y,0043001 0 0,참여를 희망하는 학교가 인근 대학일자리플러스센터에 문의 고교생 맞춤형 고용서비스 운영 대학은 고용노동부 홈페이지(https://www.moel.go.kr/policyitrd/policyItrdView.do?policy_itrd_sn=12)에서 확인 가능,,고용노동부,한국고용정보원,https://www.moel.go.kr/policyitrd/policyItrdView.do?policy_itrd_sn=12,,,2025-02-12 11:24:50,2026-01-01 00:00:00,5,온통청년_OPEN_API_getPlcy,전북,고교생 맞춤형 고용서비스 대학의 우수 인프라를 활용하여 취업을 희망하는 고교 재학생을 대상으로 진로 설계 희망직업 포트폴리오 작성 및 취업활동계획 수립 지원 직업훈련 일경험 연계 등 맞춤형 고용서비스를 제공하여 졸업 후 원활한 노동시장 진입 촉진 맞춤형상담서비스 일자리
전북,"52000,45000",20250212005400110438,직장적응 지원,교육지원,산업단지 입주기업 등의 CEO‧중간관리자‧인사담당자 대상 청년친화 조직문화 교육‧컨설팅 및 신입직원 대상 직장적응 지원 프로그램(on-borarding)을 제공합니다.,"◦ (청년친화 조직문화 교육‧컨설팅) 청년세대 이해 및 커뮤니케이션 방법, 직장내 괴롭힘 및 갑질 예방, 성과관리 전략 및 성공하는 리더십 프로그램 등 제공 ◦ (직장적응 지원 프로그램) 조직 내 성장방법, 협업 커뮤니케이션 스킬, 메일 작성법, 비즈니스 매너, 상호 교류 프로그램, 퍼스널컬러와 이미지메이킹 프로그램 등 제공 * 운영방식 및 운영 프로그램은 자치단체 및 운영기관별로 상이할 수 있습니다.",일자리,취업,"일자리, 직무교육, 복지, 참여 프로그램",일자리,,상시,15세~34세 / 연령제한:N 0043001 0 0 ㅇ 산업단지 입주기업 외 기업 소속 임직원도 참여 가능합니다(30% 이내) ◦(직장적응 프로그램-온보딩) 산업단지 입주기업 등에 채용 후 1년 이내인 15세 이상~34세 이하 청년 ◦(청년친화 조직문화 교육‧컨설팅) 산업단지 입주기업 등에 재직중인 CEO‧중간관리자‧인사담당자 * 위 기준에 포함되지 않더라도 지자체 조례 등에서 지원의 필요성이 있다고 인정하는 경우에는 자치단체에서 사업 취지에 맞게 합리적으로 기준 조정 가능 0011009 0013010 0049010 0055003,15세~34세 / 연령제한:N,0043001 0 0,운영기관 직접 방문 또는 고용24(www.work24.go.kr)를 통해 신청,,고용노동부,한국고용정보원,https://youth-up.kr/growth,https://www.work24.go.kr/wk/v/a/1000/youngGrowIntro.do,,2025-02-12 11:22:54,2026-01-01 00:00:00,5,온통청년_OPEN_API_getPlcy,전북,직장적응 지원 산업단지 입주기업 등의 CEO 중간관리자 인사담당자 대상 청년친화 조직문화 교육 컨설팅 및 신입직원 대상 직장적응 지원 프로그램 on borarding 을 제공합니다 교육지원 일자리
전북,"52000,45000",20250212005400110437,대학일자리플러스센터,맞춤형상담서비스,"학내 취업지원 인프라 구축과 기초 취업지원 프로그램 운영을 위한 운영비·프로그램비를 지원하여, 대학 내 흩어져 있는 청년 취업지원 인프라를 통합하고 청년에게 원스톱 서비스 제공할 수 있는 기반을 마련","전문 컨설턴트에게 진로,취업 상담 가능 교육프로그램, 취업박람회, 취업컨설팅 등에 참여 가능 정부와 지자체에서 제공하는 진로·취업 지원 서비스를 안내 진로취업전담교수 등을 통해 체계적인 진로지도제공 최대 5년간 운영비 및 프로그램 지원, 3회 우수평가 시 1년 연장 * 거점형 : 연 사업비 지원 4억, 거점형 특화프로그램 운영 * 일반형 : 연 사업비 지원 2억",일자리,취업,"일자리, 직무교육, 복지, 참여 프로그램",일자리,,연중,"15세~34세 / 연령제한:N 0043001 0 0 재학생, 졸업생 모두 이용 가능 본인의 학교가 아니더라도 거점형 대학일자리센터에서 서비스 이용이 가능 0011009 0013010 0049010 0055003",15세~34세 / 연령제한:N,0043001 0 0,"1.참여학교 검색 및 상담 예약 - 워크넷 개인회원 로그인 후 원하는 학교, 날짜, 시간을 지정하여 취업 상담예약을 신청 2.학교 취업지원실 방문 - 접수가 완료되면 예약을 지정한 날짜, 시간에 맞춰 우리학교 취업지원실을 방문. 3.취업 및 진로상담 - 나에게 꼭 맞는 전문적인 취업 및 진로상담 진행",,고용노동부,한국고용정보원,https://www.work.go.kr/jobyoung/weSchEmpConsltRoom/weSchEmpConsltRoomSvcInvite.do?p=t1,https://www.work24.go.kr/cm/c/f/1100/selecSystInfo.do?currentPageNo=1&recordCountPerPage=10&systId=SI00000337&systClId=SC00000194,http://www.work.go.kr,2025-02-12 11:19:00,2026-01-01 00:00:00,5,온통청년_OPEN_API_getPlcy,전북,대학일자리플러스센터 학내 취업지원 인프라 구축과 기초 취업지원 프로그램 운영을 위한 운영비 프로그램비를 지원하여 대학 내 흩어져 있는 청년 취업지원 인프라를 통합하고 청년에게 원스톱 서비스 제공할 수 있는 기반을 마련 맞춤형상담서비스 일자리
전북,"52000,45000",20250212005400110436,취업희망프로그램,맞춤형상담서비스,"나의 긍정적인 측면을 찾도록 하여 자신감 회복과 인간관계 향상과 취업, 원만한 사회생활 적응 등을 돕는 집단상담 프로그램","□ 4일 동안 총 24시간 운영(1일 6시간) □ 일·직업가치·나의강점·채용트렌드 이해, 대인관계향상 지원, 희망실현 계획서 작성 등 실시",일자리,취업,"일자리, 직무교육, 복지",일자리,,연중,0세~0세 / 연령제한:Y 0043001 0 0 프로그램 참여 중 주어진 과제 또는 활동에 참여하지 않는 경우 참여 제한 가능 0011009 0013010 0049010 0055003,0세~0세 / 연령제한:Y,0043001 0 0,"□ (온라인) 고용24(work24.go.kr)에 로그인 후, """"취업지원 > 취업역량강화"""" 메뉴로 이동하여 구직자취업역량 강화프로그램 클릭, 참여 희망 고용센터 선택 신청 □ (오프라인) 가까운 고용센터를 방문하여 담당자 상담을 통해 희망 프로그램 참가 신청","온라인 신청서 제출 (단, 참가신청 확정 후, 필요한 제출서류가 있을 경우, 별도 안내)",고용노동부,한국고용정보원,https://work24.go.kr/wk/b/a/1120/empSchdInviteCtrList.do,https://work24.go.kr/wk/b/a/1110/retriveIntro.do,,2025-02-12 11:15:51,2026-01-01 00:00:00,5,온통청년_OPEN_API_getPlcy,전북,취업희망프로그램 나의 긍정적인 측면을 찾도록 하여 자신감 회복과 인간관계 향상과 취업 원만한 사회생활 적응 등을 돕는 집단상담 프로그램 맞춤형상담서비스 일자리
전북,"52000,45000",20250212005400110435,NCS 기반 능력중심 채용,교육지원,"NCS 기반으로 분석한 직무의 상세 내용 및 직무능력 평가 기준을 바탕으로, 학벌 등 불필요한 스펙(Over-spec)이 아닌, 직무 수행 현장에서 원하는 직업능력, 즉 해당 직무에 맞는 스펙(On-spec)을 갖추었는지 평가하여 직무에 적합한 인재를 선발하는 채용 방식","- (지원내용) 관계부처 합동으로 평등한 기회, 공정한 과정을 위한 블라인드 채용 추진방안(17.7월) 발표, 부문별 가이드라인 제공 및 공공/민간 컨설팅, 정보제공 등 지원 - (전달체계) 지방공기업(행정안전부), 공공기관(고용노동부.기획재정부), 공무원(인사혁신처) 등 역할분담을 통해 추진",일자리,취업,"일자리, 직무교육",일자리,,상시,0세~0세 / 연령제한:Y 0043001 0 0 0011009 0013010 0049010 0055003,0세~0세 / 연령제한:Y,0043001 0 0,,,고용노동부,한국산업인력공단,,https://www.ncs.go.kr/index.do,,2025-02-12 11:11:33,2026-01-01 00:00:00,5,온통청년_OPEN_API_getPlcy,전북,NCS 기반 능력중심 채용 NCS 기반으로 분석한 직무의 상세 내용 및 직무능력 평가 기준을 바탕으로 학벌 등 불필요한 스펙 Over spec 이 아닌 직무 수행 현장에서 원하는 직업능력 즉 해당 직무에 맞는 스펙 On spec 을 갖추었는지 평가하여 직무에 적합한 인재를 선발하는 채용 방식 교육지원 일자리
전북,"52000,45000",20250212005400110434,청년일자리 강소기업 선정,중소기업,중소·중견기업에 대한 인식개선 등을 위해 청년고용 및 기업경쟁력이 우수한 '청년일자리 강소기업'을 선정하여 기업정보 제공 및 홍보 등 지원,"□ 청년 지원내용 ○ 청년이 선호하는 근로여건을 갖춘 우수 중소기업 등을 발굴하여 정보를 제공함으로써 구직을 희망하는 청년들에게 양질의 일자리 정보 제공 □ 기업 지원내용 ○ 기업정보 : 워크넷을 통해 기업현황 및 채용정보 제공 ○ 인센티브 : 선정된 기업에는 고용안정장려금, 중소기업 기술혁신개발 등 정부지원사업 선정·선발 시 우대혜택 제공 ※ 일학습병행학습기업 선정, 폭염재난예방 대책설비 지원, 병역지정업체 지정 등",일자리,취업,일자리,일자리,,20250101 ~ 20271231,"0세~0세 / 연령제한:Y 0043001 0 0 □ 국세 또는 지방세 체납 기업 □ 근로기준법 제43조의 2에 따른 체불사업주 명단공개 중인 기업(사업주) □ 공고일 기준 2년 이내 산업안전보건법 제10조에 따른 산업재해 발생건수 등 공표 기업 □ 공고일 기준 2년 이내 근로자가 부당해고 구제를 신청하여 부당해고로 결정 또는 판정 확정된 기업 □ 공고일 기준 2년 이내 직장 내 괴롭힘 또는 성폭력, 성희롱으로 적발되어 처벌 확정 또는 과태료 부과 기업 □ 공고일 기준 2년 이내 「채용절차의 공정화에 관한 법률」 위반 과태료 부과 기업 □ 취업규칙 미신고 기업(취업규칙 신고 대상 기업 해당) □ '신용평가등급'이 BB-미만 기업 □ 상호출자제한기업 집단, 공공기관, 지방공기업 □ 소비향락업, 중소기업인력지원특별법 제외 업종, 고용알선업, 인력공급업 0011009 0013010 0049010 0055003",0세~0세 / 연령제한:Y,0043001 0 0,◦ 매년 고용노동부 누리집(www.moel.go.kr)에 게시하는 공고문에 따라 신청,,고용노동부,한국고용정보원,,https://www.moel.go.kr/news/notice/noticeView.do?bbs_seq=20241201913,,2025-02-12 10:54:45,2026-01-01 00:00:00,5,온통청년_OPEN_API_getPlcy,전북,청년일자리 강소기업 선정 중소 중견기업에 대한 인식개선 등을 위해 청년고용 및 기업경쟁력이 우수한 청년일자리 강소기업 을 선정하여 기업정보 제공 및 홍보 등 지원 중소기업 일자리
전북,"52000,45000",20250212005400110433,K-Move 스쿨,해외진출,"청년과 구인기업이 요구하는 어학 및 직무능력, 생활문화 등에 대한 맞춤형 교육(연수)과정 제공 후 해외취업 연계","□ 교육 프로그램 제공 ○ (현지 실무 교육) 어학, 직무, 현장실습 및 기타교육 등 현지 실무 교육 제공 ○ (전문 직무 교육) IT, 경영사무, 의료, 패션, 디자인, 호텔서비스, 조리, 기계설계 등 다양한 직무 교육 □ 프로그램별 지원자 부담 수준 ○ 대학과정: 지원자 부담 없음 ○ 일반과정: 지원자 부담 일부 가능(정부지원금의 10~20% 수준) □ 프로그램별 참여 비용 지원(교육비 등을 포함하여 1인당 최대 1,300만원(연수기관 지급)) ○ 트랙Ⅰ 과정(300시간 이상): 1인당 최대 800만원 지원 ○ 트랙Ⅱ 과정(800시간 이상): 1인당 최대 1,300만원 지원 ○ 패스트트랙 과정(150시간 이하): 1인당 최대 390만원 지원 ○ 新청해진대학 과정(600시간 이상): 1인당 최대 1,000만원 지원",일자리,취업,"일자리, 직무교육, 복지, 참여 프로그램",일자리,,20250101 ~ 20251231,"15세~34세 / 연령제한:N 0043001 0 0 □ 연수생 선발 절차 ○ 연수기관 공개 모집 ○ 연수기관 심사 및 선정 ○ 선정된 연수기관별 연수생 공개 모집 - 최종 확정된 운영 기관의 사업 계획(연수비, 연수 기간, 연수지역, 취업처, 경력 경로 등 근무조건) 공개 후 모집 - 월드잡플러스를 통한 온라인 접수 ○ 접수된 구직자 대상, 서류심사 및 면접 실시 ○ 다만, 선발 과정의 공정성을 위해 필요하면 공단 및 유관기관 담당자 참여 □ 구인업체, 취업 시기, 취업조건에 따라서 단계별 추진 ○ 연수과정 운영기관에서 적격자 선발 및 통보 □ 연수 개시일 기준 최근 1년 이내에 공단의 해외취업 연수과정에 참여한 적이 있는자 ※ 기준일자는 수료일(수료자) 또는 중도탈락일(중도탈락자)부터 기산함 □ 해외취업 연수과정에 2회이상 참여한 자(국가, 직종, 과정, 참여연도 무관) □ 연수 종료 후 취업률 산정 기간 내 졸업 및 해외취업이 불가능한 자 □ 연수 참여(예정)일 기준 고용보험 가입 또는 개인사업자 등록 중인 자(단, 이사장이 필요하다고 인정하는 경우, 일용직 단시간근로자 시간제근로자 군전역예정자등은 예외로 할 수 있음) □ 해외 연수 및 취업을 위한 해외 출입국 및 비자 발급이 불가한 자 □ 참여하는 연수 과정의 취업예정국가에 연수개시일 1년 이내에 8개월 이상 해외체류사실이 있는 자 (단,국내교육구성이연수과정의50%이상인과정, 교환학생프로그램및청해진대학연수생은예외인정) 0011009 0013010 0049010 0055003",15세~34세 / 연령제한:N,0043001 0 0,"□ 월드잡플러스 홈페이지에서 연수과정 검색 후 온라인 신청 (1644-8000) ○ 연수신청(월드잡플러스)-> 서류심사 및 몇접(운영기관)-> 연수생 선발(운영기관)-> 연수실시(운영기관)-> 취업지원-> 사후관리, 출국지원, 현지정착지원, K-Move 멘토",공고 시 별도 안내,고용노동부,한국산업인력공단,https://www.worldjob.or.kr/new_index.do,https://www.worldjob.or.kr/new_index.do,,2025-02-12 10:50:15,2026-01-01 00:00:00,5,온통청년_OPEN_API_getPlcy,전북,K Move 스쿨 청년과 구인기업이 요구하는 어학 및 직무능력 생활문화 등에 대한 맞춤형 교육 연수 과정 제공 후 해외취업 연계 해외진출 일자리
전북,"52000,45000",20250212005400110432,조기재취업수당,보조금,"구직급여 수급자격자가 실업의 신고일로부터 14일이 지난 후 재취업한 날의 전날을 기준으로 소정급여일수를 1/2 이상 남기고 재취업한 경우, 12개월 이상 계속 고용되거나 또는 사업을 영위한 경우에 남아 있는 구직급여의 1/2을 조기재취업수당으로 지급하여 구직급여 수급자의 빠른 재취업을 촉진하는 제도","지급기준 - 재취업한 날의 전날을 기준으로 소정급여일수를 1/2 이상 남기고 재취업한 경우, 12개월 이상 계속하여 고용되거나 또는 사업을 영위한 경우에 남아 있는 구직급여의 1/2을 조기재취업수당으로 지급",일자리,취업,"일자리, 복지",일자리,,상시,"0세~0세 / 연령제한:Y 0043001 0 0 지급요건: 아래 요건 모두 충족 1) 재취업한 날의 전날을 기준으로 고용보험법 제50조에 따른 소정급여일수를 2분의 1이상 남긴 상태여야 함 2) 12개월 이상 계속하여 고용된(또는 사업을 영위한) 경우 - 사업주가 변경되더라도 기간의 단절 없이 계속 고용되어 12개월 이상 근무한 경우이어야 함 * (건설)일용근로자로 재취업한 경우에도 재취업한 날부터 매달 10일 이상 일용근로한 달이 12개월 이상이어야 함 3. 지급 제외 요건 - 최후 이직한 사업의 사업주에게 재고용된 경우 - 최후 이직한 사업의 사업주와 관련된 사업주로서 최종 이직 당시의 사업주와 합병·분할되거나 그 사업을 넘겨받은 사업주에게 재고용된 경우 - 실업 신고일 이전 채용을 약속한 사업주에게 고용된 경우 - 고용노동부 장관이 고시한 임금액 이상인 직장에 취직한 경우(‘25년 고시 월 임금액: 5,740,000원) - 국가공무원법 및 지방공무원법에 따른 공무원으로 임용된 경우(단, 별정직 또는 임기제 공무원 제외 자영업자, 예술인, 노무제공자로 수급자격 인정받은 수급자는 조기재취업수당 적용 제외 0011009 0013010 0049010 0055003",0세~0세 / 연령제한:Y,0043001 0 0,재취업한 날 또는 사업을 시작한 날부터 12개월이 경과한 이후 관할 고용센터(구직급여를 지급받았던 고용센터)에 조기재취업수당 청구서 및 관련 증빙서류 제출(사후지급),"- 조기재취업수당 청구서 - (근로자) 수급자격증, 재직증명서 또는 근로계약서 등 12개월 이상 고용되었음을 증명하는 서류 - (자영업자) 수급자격증, 사업설명서, 사무실 임대차계약서, 사업자등록증, 12개월간 매출증빙내역 등 사업을 개시 또는 영위하였음을 증명하는 서류 - 기타 사실관계를 입증할 근거자료 등",고용노동부,한국고용정보원,https://www.work24.go.kr,https://www.work24.go.kr,https://www.work24.go.kr,2025-02-12 10:45:08,2026-01-01 00:00:00,5,온통청년_OPEN_API_getPlcy,전북,조기재취업수당 구직급여 수급자격자가 실업의 신고일로부터 14일이 지난 후 재취업한 날의 전날을 기준으로 소정급여일수를 1 2 이상 남기고 재취업한 경우 12개월 이상 계속 고용되거나 또는 사업을 영위한 경우에 남아 있는 구직급여의 1 2을 조기재취업수당으로 지급하여 구직급여 수급자의 빠른 재취업을 촉진하는 제도 보조금 일자리
전북,"52000,45000",20250212005400110427,취업특강,장기미취업청년,"고용시장에 대해 이해하고 구직에 필요한 근로기준법, 일자리정보 수집방법, 이력서/자기소개서 작성방법 및 면접요령 등을 빠르게 알 수 있도록 지원하는 강의식 프로그램(과정별 2시간)","□ 공통 지원 ○ 청년에게 필요한 교육프로그램으로 이력서/자기소개서 작성, 면접, 일자리정보 수집 등 구직기술 향상 지원 □ 특강 주요내용 ○ 고용24와 함께하는 취업예감: 고용24 소개 및 접속방법, 구직신청 및 일자리정보 탐색 방법, 나의 이해를 위한 고용24 활용법, 고용정책 소개 등 ○ 청년층을 위한 취업특강: 변화된 인재상 및 채용트렌드 이해, 기업 및 일자리정보 수집방법, 청년층을 위한 취업준비 지원제도 등 ○ 취업을 위한 자기이해 정보수집하기: 직업심리검사, 경험/경력 분석, 주변 평가 등 다양한 방법으로 탐색한 정보를 종합하여 나를 이해할 수 있는 방법 소개 ○ 사회초년생을 위한 구직서류 작성법: 설득력있는 구직서류 요건 및 이력서/자기소개서 작성 방법 이해 ○ 취업에 성공하는 면접요령(사회초년생): 핵심적인 면접기술 이해 및 주요 면접질문에 대한 답변 작성 실습 등 ○ 근로기준법 : 근로기준법 이해, 임금과 근로시간, 근로계약의 종료와 해고, 건전한 일터 조성 등",일자리,취업,"일자리, 직무교육, 복지",일자리,,연중,0세~0세 / 연령제한:Y 0043001 0 0 프로그램 참여 중 주어진 과제 또는 활동에 참여하지 않는 경우 참여 제한 가능 0011009 0013010 0049010 0055003,0세~0세 / 연령제한:Y,0043001 0 0,"□ (온라인) 고용24(work24.go.kr)에 로그인 후, """"취업지원 > 취업역량강화"""" 메뉴로 이동하여 구직자취업역량 강화프로그램 클릭, 참여 희망 고용센터 선택 신청 □ (오프라인) 가까운 고용센터를 방문하여 담당자 상담을 통해 희망 프로그램 참가 신청","온라인 신청서 제출 (단, 참가신청 확정 후, 필요한 제출서류가 있을 경우, 별도 안내)",고용노동부,한국고용정보원,https://work24.go.kr/wk/b/a/1120/empSchdInviteCtrList.do,https://work24.go.kr/wk/b/a/1110/retriveIntro.do,,2025-02-12 10:34:44,2026-01-01 00:00:00,5,온통청년_OPEN_API_getPlcy,전북,취업특강 고용시장에 대해 이해하고 구직에 필요한 근로기준법 일자리정보 수집방법 이력서 자기소개서 작성방법 및 면접요령 등을 빠르게 알 수 있도록 지원하는 강의식 프로그램 과정별 2시간 장기미취업청년 일자리
전북,"52000,45000",20250212005400110426,국가기간·전략산업직종 훈련,바우처,고용센터 상담 결과 훈련 필요성이 인정되는 구직자 등이 국가기간·전략산업직종 훈련에 참여할 수 있도록 훈련비 등 지원,"○지원과정 : 인력수급 상황, 훈련수요 등을 고려하여 선정된 직종으로서 심사를 통해 지원대상으로 공고된 훈련과정 ※ 세부 훈련정보는 고용24(work24.go.kr)에서 직접 검색, 확인 가능 ○훈련비 지원 : 1회에 한해 훈련비전액 지원(국가에서 훈련기관에 바로 지급) ○훈련장려금 지원 : 위기간(1개월)별 소정훈련일수의 80퍼센트 이상 출석한 경우 월 최대 200,000원의 훈련장려금 지원",일자리,취업,"일자리, 직무교육, 복지, 참여 프로그램",일자리,,20250101 ~ 20251231,"15세~75세 / 연령제한:N 0043003 0 0 참여 제한 대상 참고 기타 정보: 국가기간전략산업직종훈련 기간은 3~12개월(350시간 이상)이며, 1회에 한하여 무료 수강 가능 현직 공무원, 사립학교 교직원, 졸업예정자 이외 재학생, 연 매출 4억원 이상의 자영업자, 월 임금 300만원 이상인 대규모기업종사자(45세 미만), 월 소득 500만원 이상의 특수형태근로종사자 등 국민내일배움카드 발급이 불가능한 자는 제외 0011009 0013009 0049009 0055003",15세~75세 / 연령제한:N,0043003 0 0 참여 제한 대상 참고,사업공고 -> 사업신청 및 적정성 심사 -> 훈련과정 인정 -> 계좌발급 신청 -> 훈련상담 및 카드발급 -> 훈련실시 -> 훈련비 및 훈련 장려금 지급 -> 평가 내일배움카드 발급 신청 > 훈련과정 검색 및 신청,"신분증, 훈련상담신청서, 개인정보 수집 이용 동의서, 졸업예정 관련 확인서(예정자만 한함)",고용노동부,한국고용정보원,https://www.work24.go.kr/hr/a/a/1100/trnnCrsInf.do,https://www.work24.go.kr/cm/c/f/1100/selecSystInfo.do?currentPageNo=1&recordCountPerPage=10&systClId=SC00000048&systId=SI00000360,https://www.moel.go.kr/policyitrd/policyItrdView.do?policy_itrd_sn=82,2025-02-12 10:30:19,2026-01-01 00:00:00,5,온통청년_OPEN_API_getPlcy,전북,국가기간 전략산업직종 훈련 고용센터 상담 결과 훈련 필요성이 인정되는 구직자 등이 국가기간 전략산업직종 훈련에 참여할 수 있도록 훈련비 등 지원 바우처 일자리
전북,"52000,45000",20250212005400110425,첨단산업·디지털 핵심 실무인재 양성훈련(K-디지털 트레이닝),바우처,"AI, 빅데이터, 반도체 등 첨단산업·디지털 분야에서 핵심적인 역할을 담당할 인재를 양성하기 위해 고용노동부가 지원하는 훈련 과정",훈련비 전액 지원,일자리,취업,"일자리, 직무교육",일자리,,20250101 ~ 20251231,"15세~75세 / 연령제한:N 0043003 0 0 참여 제한 대상 참고 일반과정 또는 단기과정에 최초 참여하는 경우 각각 1회에 한하여 전액 지원 현직 공무원, 사립학교 교직원, 졸업예정자 이외 재학생, 연 매출 4억원 이상의 자영업자, 월 임금 300만원 이상인 대규모기업종사자(45세 미만), 월 소득 500만원 이상의 특수형태근로종사자 등 국민내일배움카드 발급이 불가능한 자는 제외 0011009 0013009 0049009 0055003",15세~75세 / 연령제한:N,0043003 0 0 참여 제한 대상 참고,국민내일배움카드 발급 후 고용센터 방문 또는 고용24 홈페이지(www.work24.go.kr)를 통해 수강신청,,고용노동부,한국고용정보원,https://www.work24.go.kr,https://www.work24.go.kr/cm/c/f/1100/selecSystInfo.do?currentPageNo=1&recordCountPerPage=10&upprSystClId=SC00000031&systClId=SC00000197&systId=SI00000423,https://www.moel.go.kr/policyitrd/policyItrdView.do?policy_itrd_sn=85,2025-02-12 10:25:21,2026-01-01 00:00:00,5,온통청년_OPEN_API_getPlcy,전북,첨단산업 디지털 핵심 실무인재 양성훈련 K 디지털 트레이닝 AI 빅데이터 반도체 등 첨단산업 디지털 분야에서 핵심적인 역할을 담당할 인재를 양성하기 위해 고용노동부가 지원하는 훈련 과정 바우처 일자리
전북,"52000,45000",20250212005400110424,국민취업지원제도,맞춤형상담서비스,취업을 원하는 사람에게 취업지원서비스를 종합적으로 제공하고 저소득 구직자에게는 생계를 위한 최소화의 소득을 지원하기 위한 제도,"1. 취업지원 서비스(1유형, 2유형 공통) - 취업지원서비스 : 개인별 취업활동계획에 따라 직업훈련, 일경험, 복지 서비스 연계, 취업알선 등 제공 - 사후관리 : 취업지원 기간 종료 후 미취업자 대상 사후관리* 지원 * 취업처 정보제공, 이력서 클리닉 등 구직기술향상 프로그램 제공, 유선상담 등 2. 소득 지원 - 1유형 : 취업지원서비스 참여 등 구직활동의무 이행을 전제로 최저생계 보장을 위한 구직촉진수당(50만원x6개월) 지급 - 2유형 : 직업훈련 참여 등 취업지원서비스 참여 시 발생하는 취업활동비용 일부 지원 - 청년 빈일자리 특화 취업지원: 2유형 청년이 1월 이상의 직업훈련 수료 후 빈일자리 업종의 우선지원대상 기업에 취업하여 6개월 근속 시 훈련추가수당(1월 20만원씩 최대 6개월)과 취업성공수당 40만원 추가 지원 - 공통 : 일정요건이 해당되는 자에게 장기근속 유도를 위해 취업 후 근속기간에 따른 취업성공수당 최대 150만원 지원",일자리,취업,"일자리, 직무교육, 복지, 참여 프로그램",일자리,,상시,"15세~69세 / 연령제한:N 0043001 0 0 - 국민취업지원제도 참여자는 1년간 취업지원서비스를 받을 수 있으며, 참여자가 희망하는 경우 6개월 범위 내에서 기간 연장 가능 - 취업지원 기간이 종료되더라도, 취업하지 못한 참여자에게는 취업정보를 제공하고 구직활동을 지원하는 등 최대 3개월동안 사후관리 지원 - 취업에 성공한 참여자에게는 근속기간에 따른 취업성공수당(최대 150만원)을 별도로 지급하여 장기근속을 지원 국민취업지원제도 1유형에 참여할 수 없는 대상 - 근로능력, 취업 및 구직의사가 없는 사람 - 상급학교 진학 및 전문자격증 취득을 목적으로 각종 학교에 재학 또는 학원 등에서 수강중인 사람 - 군 복무 등으로 즉시 취업이 어려운 사람(단, 2개월 이내 전역예정인자 제외) - 국민기초생활보장법 생계급여 수급자(단, 2유형에는 참여 가능) - 실업급여를 받고 있거나 수급 종료 후 6개월이 지나지 않은 사람 - 국가 또는 지방자치단체가 구직활동에 필요한 비용을 지원하는 수당이 월 평균 지원금액 50만원 이상이거나 총 지원액 총 지원액 300만원 이상인 사업에 참여중이거나 수급 종료 후 6개월이 지나지 않은 사람 - 정부 재정지원 직접일자리에 참여하고 있거나 참여 종료 후 6개월이 지나지 않은 사람 - 신청인 본인의 월평균 총소득이 1인 가구 기준 중위소득의 60퍼센트(23년 1,246,735원)를 넘는 사람 *매월 정기적으로 구직촉진수당 수급액(50만원) 이상 소득(근로, 사업, 재산, 이전)이 발생하는 자는 1유형 수급자격이 인정되더라도 구직촉진수당을 지급 받을 수 없음에 유의(매월 50만원 이상 정기적인 소득이 있으면 반드시 상담창구에 문의) - 정부 재정지원 직접일자리에 참여하고 있거나 참여 종료 후 6개월이 지나지 않은 사람. 단 일부사업*의 경우 참여 종료 후 즉시 참여 가능(중도탈락자는 제외) 0011009 0013010 0049010 0055003",15세~69세 / 연령제한:N,0043001 0 0,국민취업지원제도 1유형 대상자 경우 신청 > 수급자격 결정 및 알림 > 취업활동계획 수립 > 1차 구직촉진수당 지급 > 취업활동계획에 따른 구직활동 의무 이행 > 2~6회차 구직촉진수당 지급 > 사후관리,"1. 취업지원 신청서 및 개인정보 수집 및 이용제공 동의서 제출 2. 필요 시 추가 서류 제출 - 가구원 확정, 소득 및 재산, 취업경험 요건 중에서 공공 시스템으로 파악할 수 없거나 전산망에 연계되지 않아 확인이 어려운 정보 - 공공시스템에서 파악된 정보보다 신청인에게 유리하다고 주장하는 자료는 신청인이 직접 증명서류를 제출하여 입증 가능 가. 가구단위증명서류 : 가족관계증명서, 실종신고서 나. 특정 취약계층 증명서류 : 관련 추천서, 확인서 다. 소득, 재산 취업경험 증빙서류 : 사업주 확인 자료 등 관련 증명자료",고용노동부,고용노동부,https://www.kua.go.kr/uaptm010/selectMain.do,https://www.kua.go.kr/uapaa010/selectKuaGudn.do,http://www.moel.go.kr/news/enews/report/enewsView.do?news_seq=13661,2025-02-12 10:11:41,2026-01-01 00:00:00,5,온통청년_OPEN_API_getPlcy,전북,국민취업지원제도 취업을 원하는 사람에게 취업지원서비스를 종합적으로 제공하고 저소득 구직자에게는 생계를 위한 최소화의 소득을 지원하기 위한 제도 맞춤형상담서비스 일자리
전북,"52000,45000",20250212005400110423,고용복지플러스센터,맞춤형상담서비스,"일자리, 복지, 서민금융 서비스를 한 곳에서 One-stop 지원","1. 종합고용서비스(고용센터), 지역 맞춤 고용서비스(지자체 일자리센터), 복지서비스(시.군.구 복지지원팀), 서민금융 서비스(신용회복위원회, 자산관리공사, 미소금융 등) 및 대상별 특화 고용서비스(새일센터, 중장년일자리희망센터, 제대군인지원센터) 제공 2. 서비스 지원 (종합고용서비스 고용센터) - 실직자 생계안정을 위한 구직급여 및 재취업 지원, 구인.구직자 맞춤형 취업지원, 일자리 창출과 취약계층 등을 지원하는 고용안전 사업 등 종합 고용 서비스 제공 (복지상담 복지지원팀) - 사회복지서비스 상담 및 신청.접스, 공공.민간 복지 지원을 연계하고 영유아기부터 노년기, 장애인에 이르기까지 개인별 맞춤 복지혜택 상담.제공 (지역맞춤 고용서비스 시.군.구 일자리센터) - 구직자 취업지원(면접기술 코칭, 동행면접 등) 및 일자리 발굴, 채용행사 등 다양한 취업지원 서비스 제공 (서민금융 상담 서민금융지원센터) - 경제적 어려움을 겪는 서민이나 영세상공인, 저신용.저소득자 등을 대상으로 서민층 저리자금, 신용회복 지원, 불법 사금융 피해 상담 등의 서비스 제공 (대상별 특화 고용서비스 새일센터) - 출산과 육아 등으로 경력이 단절된 여성을 대상으로 취업 상담과 직업교육 훈련, 인턴십 연계 등 경력단절여성 맞춤형 고용서비스 제공 (중장년일자리희망센터) - 40대 이상 중장년 퇴직(예정)자에게 재취업 및 창업, 생애설계 지원, 사회참여 기회 제공 등의 종합 전직서비스 제공 (제대군인지원센터) - 중.장기 복무(5년 이상) 제대(예정) 군인에게 진로 상담, 취.창업 지원 등을 통해 성공적인 사회 안착 지원",일자리,취업,"일자리, 직무교육, 창업지원, 복지, 참여 프로그램",일자리,,상시 연중,0세~0세 / 연령제한:Y 0043001 0 0 0011009 0013010 0049010 0055003,0세~0세 / 연령제한:Y,0043001 0 0,*전국 고용복지플러스센터 방문 > 초기 상담 > 서비스 경로 설정 > 타 기관과 연계된 통합 지원 서비스 제공 *고용복지플러스센터 지원절차: 초기상담 및 서비스 신청-> 사실조사 및 심사-> 서비스 결정-> 서비스 제공 1. 고용복지플러스센터에 방문하여 초기상담 및 서비스 신청 2. 고용복지플러스센터에서 대상자에 대한 사실조사 및 심사 3. 고용복지플러스센터에서 서비스 결정 4. 고용복지플러스센터에서 서비스 제공,,고용노동부,한국고용정보원,https://www.workplus.go.kr/intro/centerJob.do,https://www.workplus.go.kr/index.do,,2025-02-12 09:44:10,2026-01-01 00:00:00,5,온통청년_OPEN_API_getPlcy,전북,고용복지플러스센터 일자리 복지 서민금융 서비스를 한 곳에서 One stop 지원 맞춤형상담서비스 일자리
전북,"52000,45000",20250212005400110422,마음똑똑心+,맞춤형상담서비스,자기 이해를 통한 구직의욕 향상을 집중 지원하는 집단상담프로그램,"□ 2∼3일 동안 총 12시간 운영 □ 나의 상황, 생애적 관점에서의 관계형성, 내가 활용할 수 있는 사회적 자원 등에 대한 이해를 돕는 다양한 활동 실시",일자리,취업,"일자리, 직무교육, 복지",일자리,,연중,"0세~0세 / 연령제한:Y 0043001 0 0 - 프로그램 참여 중 주어진 과제 또는 활동에 참여하지 않는 경우 참여 제한 가능 - 까페나 공공시설과 같이 비대면 집단상담프로그램 진행에 방해요인(소음, 불안정한 네트워크, 개인정보 유출 등)이 발생할 수 있는 환경에서는 참여 불가 0011009 0013010 0049010 0055003",0세~0세 / 연령제한:Y,0043001 0 0,"□ (온라인) 고용24(work24.go.kr)에 로그인 후, """"취업지원 > 취업역량강화"""" 메뉴로 이동하여 구직자취업역량 강화프로그램 클릭, 참여 희망 고용센터 선택 신청 □ (오프라인) 가까운 고용센터를 방문하여 담당자 상담을 통해 희망 프로그램 참가 신청",,고용노동부,한국고용정보원,,https://work24.go.kr/wk/b/a/1110/retriveIntro.do,,2025-02-12 09:37:53,2026-01-01 00:00:00,5,온통청년_OPEN_API_getPlcy,전북,마음똑똑 자기 이해를 통한 구직의욕 향상을 집중 지원하는 집단상담프로그램 맞춤형상담서비스 일자리
전북,"52000,45000",20250212005400110421,성취프로그램,맞춤형상담서비스,구직기술 향상을 통해 자신감 회복을 지원하는 집단상담 프로그램,"□ 4일 동안 총 24시간 운영(1일 6시간) □ 취업정보 수집, 지원서류 작성, 모의면접 등 실시",일자리,취업,"일자리, 직무교육, 복지",일자리,,연중,0세~0세 / 연령제한:Y 0043001 0 0 프로그램 참여 중 주어진 과제 또는 활동에 참여하지 않는 경우 참여 제한 가능 0011009 0013010 0049010 0055003,0세~0세 / 연령제한:Y,0043001 0 0,"□ (온라인) 고용24(work24.go.kr)에 로그인 후, """"취업지원 > 취업역량강화"""" 메뉴로 이동하여 구직자취업역량 강화프로그램 클릭, 참여 희망 고용센터 선택 신청 □ (오프라인) 가까운 고용센터를 방문하여 담당자 상담을 통해 희망 프로그램 참가 신청","온라인 신청서 제출 (단, 참가신청 확정 후, 필요한 제출서류가 있을 경우, 별도 안내)",고용노동부,한국고용정보원,https://work24.go.kr/wk/b/a/1120/empSchdInviteCtrList.do,https://work24.go.kr/wk/b/a/1110/retriveIntro.do,,2025-02-12 09:35:13,2026-01-01 00:00:00,5,온통청년_OPEN_API_getPlcy,전북,성취프로그램 구직기술 향상을 통해 자신감 회복을 지원하는 집단상담 프로그램 맞춤형상담서비스 일자리
전북,"52000,45000",20250212005400110420,일반고 특화훈련,바우처,대학 진학이 아닌 취업을 희망하는 일반계고 3학년생에게 맞춤형 직업능력개발훈련 기회 제공,"□ 지원과정 ○ 직업능력심사평가원의 일반고 특화심사를 거쳐 일반고 특화 직업능력개발훈련 지원대상으로 공고된 훈련과정 ※ 세부 훈련정보는 고용24(work24.go.kr)에서 직접 검색, 확인 가능 □ 지원내용 ○ 훈련비 전액 및 훈련장려금 월 최대 200천원 ※ 단위기간(1개월)별 출석률이 80퍼센트 이상인 경우 지원",일자리,취업,"일자리, 직무교육",일자리,,20250101 ~ 20251231,"17세~19세 / 연령제한:N 0043003 0 0 참여 제한 대상 참고 현직 공무원, 사립학교 교직원, 졸업예정자 이외 재학생, 연 매출 4억원 이상의 자영업자, 월 임금 300만원 이상인 대규모기업종사자(45세 미만), 월 소득 500만원 이상의 특수형태근로종사자 등 국민내일배움카드 발급이 불가능한 자는 제외 0011009 0013009 0049001,0049002,0049003 0055003",17세~19세 / 연령제한:N,0043003 0 0 참여 제한 대상 참고,"사업공고 -> 사업신청 및 적정성 심사 -> 훈련기관 선정 공고 -> 훈련대상 선발, 위탁 -> 훈련 실시 -> 훈련비 및 훈련장려금 지급 -> 훈련비 정산 및 평가",,고용노동부,한국고용정보원,https://www.work24.go.kr,https://www.work24.go.kr/cm/c/f/1100/selecSystInfo.do?currentPageNo=1&recordCountPerPage=10&upprSystClId=SC00000031&systClId=SC00000050&systId=SI00000361,https://www.moel.go.kr/policyitrd/policyItrdView.do?policy_itrd_sn=84,2025-02-12 09:31:08,2026-01-01 00:00:00,5,온통청년_OPEN_API_getPlcy,전북,일반고 특화훈련 대학 진학이 아닌 취업을 희망하는 일반계고 3학년생에게 맞춤형 직업능력개발훈련 기회 제공 바우처 일자리
전북,"52000,45000",20250211005400110419,(국민연금) 실업크레딧 지원,보조금,실업자의 노후소득 보장을 강화하기 위해 구직급여 수혜기간 동안 국민연금 보험료의 일부를 지원하고 그 기간을 연금 가입기간으로 산입하는 제도,"- 지원기간 : 구직급여 수급기간으로 하되, 1인 생애 최대 12개월 까지 지원 - 지원금액 : 연금 보험료는 인정소득의 9퍼센트이며, 이중 국가 지원 보험료는 연금 보험료의 75퍼센트 * 인정소득은 구직급여기초임금일액*에 30일을 곱하여 월액으로 환산한 값의 1/2이며, 상*하한선은 보건복지부 장관이 고시 : 구직급여기초임금일액 - 퇴직 전 3개월간 평균임금 * 실직자 국민연금 보험료의 75퍼센트 지원(고용보험기금 25퍼센트, 일반회계 25퍼센트, 국민연금기금 25퍼센트 지원), 자부담 25퍼센트",일자리,재직자,"일자리, 복지",일자리,,상시 연중,18세~60세 / 연령제한:N 0043001 0 0 0011009 0013009 0049010 0055003,18세~60세 / 연령제한:N,0043001 0 0,"- 1단계 고용센터 : 실업크레딧 제도안내 - 2단계 신청자 : 보험료 지원금 신청 - 3단계 연금공단 : 지원여부 확인, 결정 - 4단계 연금공단 : 보험료 부과 - 5단계 신청자 : 본인부담 보험료 납부 - 6단계 연금공단 : 보험료 정산",,고용노동부,한국고용정보원,http://www.moel.go.kr/policy/policyinfo/safety/list7.do,https://www.moel.go.kr/index.do,,2025-02-11 16:22:59,2026-01-01 00:00:00,5,온통청년_OPEN_API_getPlcy,전북,국민연금 실업크레딧 지원 실업자의 노후소득 보장을 강화하기 위해 구직급여 수혜기간 동안 국민연금 보험료의 일부를 지원하고 그 기간을 연금 가입기간으로 산입하는 제도 보조금 일자리
전북,"52000,45000",20250211005400110418,월드잡플러스(해외통합정보망),해외진출,"해외취업을 희망하는 청년들에게 해외일자리 정보, 해외 생활정보, 취업비자 등 다양한 해외취업 정보제공 등을 통해 해외취업 활성화 도모","해외취업을 희망하는 청년들에게 해외일자리 정보, 해외 생활정보, 취업비자 등 다양한 해외취업 정보제공 등을 통해 해외취업 활성화 도모",일자리,취업,일자리,일자리,20250101 ~ 20251231,20250101 ~ 20251231,0세~99세 / 연령제한:N 0043001 0 0 0011009 0013010 0049010 0055003,0세~99세 / 연령제한:N,0043001 0 0,개인회원 가입,,고용노동부,한국산업인력공단,https://www.worldjob.or.kr/new_index.do,https://www.worldjob.or.kr/new_index.do,,2025-02-11 16:18:49,2025-02-13 09:51:42,5,온통청년_OPEN_API_getPlcy,전북,월드잡플러스 해외통합정보망 해외취업을 희망하는 청년들에게 해외일자리 정보 해외 생활정보 취업비자 등 다양한 해외취업 정보제공 등을 통해 해외취업 활성화 도모 해외진출 일자리
전북,"52000,45000",20250211005400110417,청소년·청년 근로권익센터,맞춤형상담서비스,"청소년·청년 근로자의 근로조건보호를 위한 근로 상담(온라인,전화,카톡) 및 무료 권리구제 등 지원","□ 무료 상담 및 권리 구제 ○ 다양하고 쉬운 상담 창구를 통한 무료 근로 상담 지원 - 전화상담(1644-3119) - 온라인상담(www.youthlabor.co.kr) - 카카오톡상담(카카오톡ID: 청소년근로권익센터) ○ 상담 후 진정이 필요한 경우, 보호위원(노동법률 전문가) 배정 후 진정 대리 등 권리구제 지원",일자리,취업,"일자리, 복지, 참여 프로그램",일자리,,20250201 ~ 20251231,15세~34세 / 연령제한:N 0043001 0 0 0011009 0013010 0049010 0055003,15세~34세 / 연령제한:N,0043001 0 0,"상담접수 > 진정사건(임금체불 등) > 지역별 보호위원 배정 > 전문상담, 권리구제상담 > 온라인 진정서작성(대리) > 진정 접수동의(온라인) > 노동청 접수(온라인) > 사건조사 출석, 진술 대리 > 진정사건 해결",,고용노동부,한국고용정보원,http://www.youthlabor.co.kr/,http://www.youthlabor.co.kr/,,2025-02-11 16:15:17,2026-01-01 00:00:00,5,온통청년_OPEN_API_getPlcy,전북,청소년 청년 근로권익센터 청소년 청년 근로자의 근로조건보호를 위한 근로 상담 온라인 전화 카톡 및 무료 권리구제 등 지원 맞춤형상담서비스 일자리
전북,"52000,45000",20250211005400110416,일학습병행,"교육지원,맞춤형상담서비스,중소기업","기업이 (학습)근로자를 채용하여 체계적인 맞춤형 훈련을 제공하고 훈련 종료 후 역량을 평가하여 국가자격, 학력 등 인정","□ 학습근로자 ○ 현장 훈련이 경험으로 업무 적응도 향상 ○ 공동훈련센터 등을 통한 현장외 훈련 연계(학위 취득 가능) ○ 훈련 수료후, 학습근로자의 훈련성과 평가를 통해 도제자격 부여 □ 학습기업 ○ 핵심인재 양성 및 직무와 인력간의 미스매치 해서 ○ 훈련과정 개발 및 운영지원 ○ 학습도구지원·컨설팅",교육,온라인교육,"일자리, 직무교육, 복지",일자리,,계속,"17세~999세 / 연령제한:N 0043001 0 0 □ 학력 ○ 비학위 과정: 무관 ○ 학위 과정: 훈련 수준별)학위) 최저 학력 □ 전공요건 ○ 비학위 과정: 무관 ○ 학위 과정: 훈련 수준별)학위) 필수 전공 □ 취업상태 : 선취업(학습근로계약 체결 조건) □ 특화분야 : 첨단산업 □ 지정예외요건 ○ 월드클래스300, 명장기업, Best HRD기업, 강소기업, 혁신기업 등 대외적으로 기술력, 발전가능성, HRD우수성 등을 인정받은 기업 ○ 일학습병행 전문지원센터 추천기업, 고용노동부가 인증한 기업군(특화업종(특구) 지원센터)에 대해 서는 상시근로자 5명까지 예외 적용 가능 □ 고용보험 피보험자가 아닌 자(* 산학일체형 도제학교의 학습근로자가 동시에 고용되어 고용보험법 제18조에 따른 학습기업에서의 피보험자격을 상실하는 경우 예외) □ 일학습병행 훈련실시일 이전 1년 이내 채용된 근로자가 아닌 자. (1.고숙련자 양성을 위한 P-TECH, 고숙련마이스터 과정 별도 기준 2.재직자 대학연계형 과정에 참여하는 학습근로자는 입사시기가 1/4분기(1~3월)인 경우에는 다음연도 3월, 4/4분기(10~12월)인 경우에는 다음다음연도 3월에 시작하는 과정에 참여 가능) □ 대한민국 국적이 아닌 외국국적자 중 재외동포(F4), 영주권자(F5), 결혼이민자(F6) 이외의 비자를 소지한 근로자 0011008 0013001 0049009 0055003",17세~999세 / 연령제한:N,0043001 0 0,"□ 학습근로자 ○ 기업이 학습근로자 모집(채용) 시 해당 기업에 참여 신청 ○ 일학습병행학습기업은 HRD-Net(https://www.hrd.go.kr/hrdp/gi/pgieo/PGIEO0470T.do)에서 확인 가능 □ 학습기업 ○ HRD-Net(직업훈련포털)을 통해 온라인으로 참여 신청 접수 ※ 단독기업형은 “훈련기관회원”으로, 공동훈련센터형은 “기업회원”으로 사이트 가입 후 신청",,고용노동부,한국산업인력공단,https://www.hrd.go.kr/hrdp/mb/pmbao/PMBAO0100T.do,https://www.hrd.go.kr/hrdp/ma/pmmao/indexNew.do,https://www.blog.naver.com/run-learn,2025-02-11 16:08:46,2026-01-01 00:00:00,5,온통청년_OPEN_API_getPlcy,전북,일학습병행 기업이 학습 근로자를 채용하여 체계적인 맞춤형 훈련을 제공하고 훈련 종료 후 역량을 평가하여 국가자격 학력 등 인정 교육지원 맞춤형상담서비스 중소기업 일자리
전북,"52000,45000",20250211005400110414,단기집단상담프로그램,맞춤형상담서비스,구직자가 취업의욕 고취 및 직업기초능력 향상 등 필요한 부분만을 선택하여 습득할 수 있도록 지원하는 체험·실습식 프로그램(과정별 3시간),"취업의욕 고취, 심리안정지원, 대화기술 등 직업기초능력 향상 지원",일자리,취업,"일자리, 직무교육, 복지",일자리,,연중,0세~0세 / 연령제한:Y 0043001 0 0 프로그램 참여 중 주어진 과제 또는 활동에 참여하지 않는 경우 참여 제한 가능 0011009 0013010 0049010 0055003,0세~0세 / 연령제한:Y,0043001 0 0,"□ (온라인) 고용24(work24.go.kr)에 로그인 후, """"취업지원 > 취업역량강화"""" 메뉴로 이동하여 구직자취업역량 강화프로그램 클릭, 참여 희망 고용센터 선택 신청 □ (오프라인) 가까운 고용센터를 방문하여 담당자 상담을 통해 희망 프로그램 참가 신청","온라인 신청서 제출 (단, 참가신청 확정 후, 필요한 제출서류가 있을 경우, 별도 안내)",고용노동부,한국고용정보원,https://work24.go.kr/wk/b/a/1120/empSchdInviteCtrList.do,https://work24.go.kr/wk/b/a/1110/retriveIntro.do,,2025-02-11 15:59:47,2026-01-01 00:00:00,5,온통청년_OPEN_API_getPlcy,전북,단기집단상담프로그램 구직자가 취업의욕 고취 및 직업기초능력 향상 등 필요한 부분만을 선택하여 습득할 수 있도록 지원하는 체험 실습식 프로그램 과정별 3시간 맞춤형상담서비스 일자리
전북,"52000,45000",20250211005400110413,K-디지털 기초역량훈련,바우처,노동시장 참여자가 디지털 역량 부족으로 노동시장 진입/적응에 어려움을 겪지 않도록 디지털 기초역량 개발 지원,"□ 국민내일배움카드 훈련비 지원 한도(5년간 300~500만원) 외 50만원(지급 후 1년 한도)의 크레딧 추가 지급 ※ 추가 지급된 크레딧은 정해진 K-디지털 기초역량훈련(K-Digital Credit) 훈련과정 수강에만 사용 가능하며, 훈련생 개인은 훈련비의 10퍼센트를 부담해야 함",일자리,취업,"일자리, 직무교육, 참여 프로그램",일자리,,상시,"15세~75세 / 연령제한:N 0043003 0 0 참여 제한 대상 참고 현직 공무원, 사립학교 교직원, 졸업예정자 이외 재학생, 연 매출 4억원 이상의 자영업자, 월 임금 300만원 이상인 대규모기업종사자(45세 미만), 월 소득 500만원 이상의 특수형태근로종사자 등 국민내일배움카드 발급이 불가능한 자는 제외 0011009 0013009 0049009 0055003",15세~75세 / 연령제한:N,0043003 0 0 참여 제한 대상 참고,국민내일배움카드 발급 후 고용센터 방문 또는 고용24 홈페이지(www.work24.go.kr)를 통해 수강신청,,고용노동부,한국고용정보원,https://www.work24.go.kr,https://www.work24.go.kr/cm/c/f/1100/selecSystInfo.do?currentPageNo=1&recordCountPerPage=10&upprSystClId=SC00000031&systClId=SC00000047&systId=SI00000356,https://www.moel.go.kr/policyitrd/policyItrdView.do?policy_itrd_sn=86,2025-02-11 15:54:28,2026-01-01 00:00:00,5,온통청년_OPEN_API_getPlcy,전북,K 디지털 기초역량훈련 노동시장 참여자가 디지털 역량 부족으로 노동시장 진입 적응에 어려움을 겪지 않도록 디지털 기초역량 개발 지원 바우처 일자리
전북,"52000,45000",20250211005400110412,직업 트라우마 센터 운영,맞춤형상담서비스,"직장생활 중 다양한 사건/사고(중대재해, 동료의 자살, 직장 내 괴롭힘, 성희롱, 성폭력, 정신적 피해 등)로 정신적 외상(직업적 트라우마)를 겪은 사람에게 무료 심리상담 제공",□ 전문가 상담 및 사후관리 ○ 사고충격에 따른 심리안정 지속관리 ○ 외상 후 스트레스 장애 예방 ○ 직/간접 사고 피해자의 심리 안정 ○ 일상 직장생활 복귀 도모 ○ 필요 시 전문치료 연계,복지문화,건강,"일자리, 복지",일자리,,연중,"0세~0세 / 연령제한:Y 0043001 0 0 사건을 직접 경험한 피해자 뿐만 아니라 사고를 목격한 사람, 1차 피해자의 가족이나 친구, 희생자의 유족, 사건에 책임이 있다고 생각하는 사람, 경찰 소방관 및 응급서비스직에 종사(사고수습 등 업무 담당자)하는 사람 등 0011009 0013010 0049010 0055003",0세~0세 / 연령제한:Y,0043001 0 0,전국 직업트라우마센터 대표번호 : 1588-6497,,고용노동부,한국산업안전보건공단,https://www.kosha.or.kr/kosha/index.do,https://www.kosha.or.kr/kosha/business/workTraumaCenter.do,https://www.kosha.or.kr/kosha/index.do,2025-02-11 15:49:49,2026-01-01 00:00:00,5,온통청년_OPEN_API_getPlcy,전북,직업 트라우마 센터 운영 직장생활 중 다양한 사건 사고 중대재해 동료의 자살 직장 내 괴롭힘 성희롱 성폭력 정신적 피해 등 로 정신적 외상 직업적 트라우마 를 겪은 사람에게 무료 심리상담 제공 맞춤형상담서비스 일자리
전북,"52000,45000",20250211005400110411,해외취업알선,해외진출,"대한민국 인재채용을 희망하는 해외업체에 구인서비스, 해외취업을 희망하는 구직자에게 일자리정보 제공","□ 구직자 지원내용 ○ 해외 일자리 정보 제공 ○ 필요 시 상담제공(홈페이지 해외취업상담에서 별도 신청) □ 구인기업 지원내용 ○ 구인조건에 적합한 구직자 모집, 알선 서비스 제공 ○ 요청 시 면접 지원서비스 제공(면접장소)",일자리,취업,"일자리, 복지",일자리,,20250101 ~ 20251231,0세~0세 / 연령제한:Y 0043001 0 0 0011009 0013010 0049010 0055003,0세~0세 / 연령제한:Y,0043001 0 0,□ 구직자 : 개인회원 기업 및 구직회원 등록 > 구인공고 지원 > 서류심사 및 면접 등 채용전형 진행 > 결과 통보 및 출국수속 진행 > 근무시작 □ 구인기업 : 기업회원 등록 > 구인공고작성 > 구직자 모집 및 지원자 이력서 전달 > 서류심사 및 면접등 채용전형 진행 > 결과 통보 및 출국수속 진행 > 근무시작,"□ 구직자 : 월드잡플러스 이력서 등록, 공개로 설정 □ 구인기업 : 월드잡플러스 구인공고 등록",고용노동부,한국산업인력공단,,https://www.worldjob.or.kr/new_index.do,,2025-02-11 15:44:30,2026-01-01 00:00:00,5,온통청년_OPEN_API_getPlcy,전북,해외취업알선 대한민국 인재채용을 희망하는 해외업체에 구인서비스 해외취업을 희망하는 구직자에게 일자리정보 제공 해외진출 일자리
전북,"52000,45000",20250207005400110410,대학 재학생 맞춤형 고용서비스,맞춤형상담서비스,청년들에게 재학 중 고용서비스 조기 지원을 위해 심층상담에 기반한 맞춤형 훈련·일경험 서비스를 제공하고 청년의 원활한 학교-노동시장 이행을 지원하고자 선정 대학에 인건비·프로그램비·수당 등을 지원,□ (저학년) 심층 상담을 통해 '개인별 희망 직업 포트폴리오' 설계 후 진로역량 강화 프로그램 제공 □ (고학년) 1:1 심층상담 기반의 '개인별 취업활동계획' 수립 후 맞춤형 고용서비스 제공,일자리,취업,"일자리, 직무교육, 복지",일자리,,상시,0세~0세 / 연령제한:Y 0043001 0 0 0011009 0013010 0049005 0055003,0세~0세 / 연령제한:Y,0043001 0 0,"□ 고용24 개인회원 가입 후 잡케어 수행, 신청서 제출",□ 신청서,고용노동부,한국고용정보원,https://www.work.go.kr/schoolToWork/index.do,https://www.moel.go.kr/policyitrd/policyItrdView.do?policy_itrd_sn=11,,2025-02-07 10:16:14,2026-01-01 00:00:00,5,온통청년_OPEN_API_getPlcy,전북,대학 재학생 맞춤형 고용서비스 청년들에게 재학 중 고용서비스 조기 지원을 위해 심층상담에 기반한 맞춤형 훈련 일경험 서비스를 제공하고 청년의 원활한 학교 노동시장 이행을 지원하고자 선정 대학에 인건비 프로그램비 수당 등을 지원 맞춤형상담서비스 일자리
전북,"52000,45000",20250204005400110409,청년 국가기술자격시험 응시료 지원사업,바우처,청년의 구직활동과 경력개발의 경제적 부담을 완화하기 위한 사업,"- 34세 이하 청년을 대상(소득 및 취업 여부 무관)으로 한국산업인력공단이 시행하는 국가기술자격 시험(‘25년 기준 488종목)에 응시하는 경우 응시료의 50%를 선 지원 - 1인당 총 3회 지원으로 제한하고, 지원금 소진 시까지 한정",일자리,취업,"일자리, 복지",일자리,,상시,"0세~34세 / 연령제한:N 0043001 0 0 34세 이하 청년, 한국산업인력공단 시행 국가기술자격 종목, 1인당 연간 3회 한도 0011009 0013010 0049010 0055003",0세~34세 / 연령제한:N,0043001 0 0,원서접수 시 응시료 지원받을 시험 선택 후 결제,,고용노동부,한국산업인력공단,https://www.q-net.or.kr/man001.do?gSite=Q,https://www.q-net.or.kr/man004.do?id=man00402&gSite=Q&gId=,,2025-02-04 15:31:13,2026-01-01 00:00:00,5,온통청년_OPEN_API_getPlcy,전북,청년 국가기술자격시험 응시료 지원사업 청년의 구직활동과 경력개발의 경제적 부담을 완화하기 위한 사업 바우처 일자리
전북,"52000,45000",20250125005400210403,2025년 화성시 청년활동포인트제(1차),바우처,시정 및 지역사회 참여 활동을 청년활동으로 지정하고 조건에 따라 참여를 증빙하는 경우 인센티브(포인트) 제공,상·하반기로 2차에 걸쳐 화성시지역공헌활동포인트 지급(1포인트=1원) - ①화성시 지역화폐 전환 또는 ②기부(마일리지 활용),참여권리,청년참여,참여 프로그램,참여 프로그램,20250303 ~ 20250711,2025년 1월 ~ 12월,19세~39세 / 연령제한:N 0043001 0 0 ※ 공고일 기준 · 지역무관 금전 · 물품 등 별도의 수당이나 대가를 받고 참여하는 자 및 타 제도와의 중복 수혜자는 제외 0011009 0013010 0049010 0055003,19세~39세 / 연령제한:N,0043001 0 0,"온라인 신청(통합접수시스템 ‘잡아바어플라이') - 증빙자료 첨부하여 활동기간(축제 및 행사 참여, 화성시 홍보 등)에 해당하는 반기에 신청(반기별 1회 신청 가능)","증빙자료(축제 및 행사 참여, 화성시 홍보 등)",복지국,경기도 화성시,https://apply.jobaba.net/bsns/bsnsDetailView.do?bsnsSeq=4066,,,2025-01-25 16:08:24,2025-01-25 19:20:15,5,온통청년_OPEN_API_getPlcy,전북,2025년 화성시 청년활동포인트제 1차 시정 및 지역사회 참여 활동을 청년활동으로 지정하고 조건에 따라 참여를 증빙하는 경우 인센티브 포인트 제공 바우처 참여 프로그램
전북,"52000,45000",20250123005400110401,예술인 고용보험,보조금,문화예술용역 계약을 체결한 예술인에 대한 고용보험 적용을 통해 실업급여·출산전후급여 지급을 통한 고용안전망 확충,"□ 실업 시 생활안정과 구직활동 촉진을 위한 실업급여 지급 ○ 지급수준: 구직급여일액은 기초일액의 60퍼센트, 상한액은 근로자와 동일(66,000원) * 기초일액: 마지막 이직일 전 1년 간 신고된 보수총액을 해당 기간의 총일수로 나눈 금액 ○ 지급기간: 피보험기간 및 연령에 따라 120 ~ 270일 지급 □ 재직 중 출산전후급여 지급 ○ 지급수준: 1년간 월평균 보수의 100퍼센트(상한액 월 210만원, 하한액 60만원) ○ 지급기간: 출산전후를 더하여 90일(한 번에 둘 이상 자녀를 임신한 경우 120일)",일자리,재직자,"일자리, 복지",일자리,,연중,"0세~0세 / 연령제한:Y 0043003 0 0 월평균소득 50만원 이상 / ① 단기예술인(1개월 미만 계약자)은 소득요건 없음 ② 소득요건 미충족 일반예술인도 다른 문화예술용역 계약과의 소득합산 시 50만원 이상인 경우 적용 1. 실업급여 - 수급요건: 이직일 이전 24개월 동안 피보험 단위기간이 9개월 이상 - 지급수준: 구직급여일액은 기초일액의 60퍼센트, 상한액은 근로자와 동일(66,000원) 기초일액: 마지막 이직일 전 1년 간 신고된 보수총액을 해당 기간의 총일수로 나눈 금액 - 지급기간: 피보험기간 및 연령에 따라 120 ~ 270일 지급 2. 출산전후급여 - 수급요건: 출산(유산 및 사산)일 전 피보험단위기간이 3개월 이상일 것 - 지급수준: 1년간 월평균 보수의 100퍼센트(상한액 월 210만원, 하한액 60만원) - 지급기간: 출산전후를 더하여 90일(한 번에 둘 이상 자녀를 임신한 경우 120일) 1. 문화예술용역 계약의 월평균소득 50만원 미만인 경우(단기예술인 (1개월 미만 계약자)은 일정소득 미충족시에도 고용보험 적용). 단, 계약건별 합산한 월평균소득이 50만원이상인 경우, 예술인의 직접신청에 의하여 당연적용 2. 65세 이상 신규계약자(실업급여·출산전후급여 미지급) 0011009 0013010 0049010 0055003",0세~0세 / 연령제한:Y,0043003 0 0 월평균소득 50만원 이상 / ① 단기예술인(1개월 미만 계약자)은 소득요건 없음 ② 소득요건 미충족 일반예술인도 다른 문화예술용역 계약과의 소득합산 시 50만원 이상인 경우 적용,"□ 고용보험 가입 신청은 원칙적으로 사업주가 신고 (단, 개별 계약의 월평균소득이 50만원 미만이어도여러 계약을 합하여 월평균소득이 50만원 이상인 경우, 예술인이 직접 고용보험 가입 신청) □ 신고방법 ○ 온라인 신고: 고용ㆍ산재보험토탈서비스(https://total.comwel.or.kr)로 접속, 민원접수/신고>노무제공자ㆍ예술인>취득ㆍ상실 및 노무제공내용확인신고 등 ○ 방문 신고: 서울특수형태근로종사자센터 예술인가입부 및 공단 각 지사에 예술인 고용보험 피보험자격 취득ㆍ상실 및 노무제공내용확인신고서 등 제출","(자격취득 등 신고)피보험자격 취득ㆍ상실신고서, 노무제공내용확인신고서 (급여신청)거주지 관할 고용센터 방문시 별도 안내",고용노동부,고용노동부,https://total.comwel.or.kr,https://work24.go.kr,http://kawf.kr/aei/artMain.do,2025-01-23 20:09:56,2026-01-01 00:00:00,5,온통청년_OPEN_API_getPlcy,전북,예술인 고용보험 문화예술용역 계약을 체결한 예술인에 대한 고용보험 적용을 통해 실업급여 출산전후급여 지급을 통한 고용안전망 확충 보조금 일자리
전북,"52000,45000",20250123005400110400,청년취업ON,맞춤형상담서비스,직무군별 역량이해와 개인경험을 기반으로 한 효과적인 채용서류와 채용면접준비를 돕는 컨설팅 프로그램,"□ 직무중심 채용경향에 부응하여 직무군별 역량과 관련된 개인의 경험(강점)을 연계하는 구직기술 강화 컨설팅 중심 취업프로그램으로 3개의 직무군(경영사무, 영업·마케팅, IT)별로 구분하여 진행 □ 직무군별로 각 2∼4일(총 12시간) 동안 운영",일자리,취업,"일자리, 직무교육, 복지",일자리,,연중,"18세~34세 / 연령제한:N 0043001 0 0 - 프로그램 참여 중 주어진 과제 또는 활동에 참여하지 않는 경우 참여 제한 가능 - 까페나 공공시설과 같이 비대면 집단상담프로그램 진행에 방해요인(소음, 불안정한 네트워크, 개인정보 유출 등)이 발생할 수 있는 환경에서는 참여 불가 0011009 0013010 0049010 0055003",18세~34세 / 연령제한:N,0043001 0 0,"□ (온라인) 고용24(work24.go.kr)에 로그인 후, """"취업지원 > 취업역량강화"""" 메뉴로 이동하여 구직자취업역량 강화프로그램 클릭, 참여 희망 고용센터 선택 신청 □ (오프라인) 가까운 고용센터를 방문하여 담당자 상담을 통해 희망 프로그램 참가 신청","온라인 신청서 제출 (단, 참가신청 확정 후, 필요한 제출서류가 있을 경우, 별도 안내)",고용노동부,한국고용정보원,https://work24.go.kr/wk/b/a/1120/empSchdInviteCtrList.do,https://work24.go.kr/wk/b/a/1110/retriveIntro.do,,2025-01-23 20:01:03,2026-01-01 00:00:00,5,온통청년_OPEN_API_getPlcy,전북,청년취업ON 직무군별 역량이해와 개인경험을 기반으로 한 효과적인 채용서류와 채용면접준비를 돕는 컨설팅 프로그램 맞춤형상담서비스 일자리
전북,"52000,45000",20250123005400110399,유연근무제 장려금(사업주 지원),중소기업,"소속 근로자가 일·생활 균형을 위해 유연근무제를 활용하게 하는 중소, 중견기업에게 장려금 지원","①재택ㆍ원격근무제 - 월 4일~7일 활용: 1개월 지급액 15만원 - 월 8일 ~ 11일 활용 : 1개월 지급액 20만원 - 월 12일 이상 활용 : 1개월 지급액 30만원 - 최대지급액 : 360만원(1년간), 육아기 근로자는 2배 지원(최대 1년간 720만원) 육아기 시차출퇴근제 - 월 6일~11일 활용: 1개월 지급액 20만원 - 월 12일 이상 활용: 1개월 지급액 40만원 - 최대지급액 : 480만원(1년간), 선택근무제 - 월 30만원 - 최대지급액 : 360만원(1년간), 육아기 근로자는 2배 지원(최대 1년간 720만원)",일자리,재직자,일자리,일자리,,상시,"0세~0세 / 연령제한:Y 0043001 0 0 ① 유연근무(재택․원격․선택․시차) 활용을 위한 사업계획 수립 및 고용센터의 승인 ② 주당 소정근로시간 35시간 이상 40시간 이하(모든 유형) ③ 근로계약서에 변경된 근로장소(재택․원격), 근로시간(선택․시차)등에 관한 사항을 규정 ④ 취업규칙에 제도 도입에 관한 사항 규정, 근로자 대표와의 서면합의서 작성(선택근무) ⑤ 전자․기계적 방식의 근태관리(모든 유형), 단 재택․원격근무제는 활용 일자별 근로자 동의서 제출도 가능 ①「부패방지 및 국민권익위원회의 설치와 운영에 관한 법률」제2조제1호 가목에서 다목까지의 기관, 공공기관 및 지방공기업 ② 「중소기업인력지원특별법시행령」제2조 해당 사업주 ③「근로기준법」제43조의2에 따라 임금 등을 체불하여 명단공개 사업주 ④「산업안전보건법」제10조에 따라 중대 산업재해 발생 등으로 명단이 공표 중인 사업주 0011009 0013010 0049010 0055003",0세~0세 / 연령제한:Y,0043001 0 0,관할 고용센터(기업지원부서) 또는 고용24 홈페이지(www.work24.go.kr)를 통해 온라인 신청,"고용안정장려금 참여신청서, 지급신청서 및 구비서류",고용노동부,고용노동부,http://www.work24.go.kr,http://www.work24.go.kr,,2025-01-23 19:58:31,2026-01-01 00:00:00,5,온통청년_OPEN_API_getPlcy,전북,유연근무제 장려금 사업주 지원 소속 근로자가 일 생활 균형을 위해 유연근무제를 활용하게 하는 중소 중견기업에게 장려금 지원 중소기업 일자리
전북,"52000,45000",20250123005400110398,생활안정자금 융자사업,대출,"생계곤란을 겪는 근로자 등에게 의료비, 혼례비, 장례비, 노부모부양비 등의 생계비를 저리로 융자하여 생활안정 및 근로의욕을 고취하기 위한 사업","1. 융자종목 및 한도액 - 의료비, 장례비 : 1,000만원 - 혼례비 : 1,250만원 - 노부모부양비 : 2,000만원 범위 내 (조)부모 1인당 500만원 - 자녀양육비 : 2,000만원 범위 내 7세 미만 1자녀당 500만원 - 소액생계비 : 200만원 * 단, 2종목 이상 융자 신청 시 신청인 1인당 총 한도액 2,000만원 2. 융자조건 - 이율 : 연 1.5퍼센트 - 상환 : 1년 거치 3년 또는 4년 원금균등분할상환 중 선택 * 거치기간 및 상환기간 변경 불가, 조기상환 가능 (조기상환 수수료 없음) - 보증방법 : 근로자신용보증지원제도 이용 (신용보증료 연 0.9퍼센트 별도 부담) - 대행금융기관 : IBK 기업은행",주거,전월세 및 주거급여 지원,"일자리, 주거지원, 복지",일자리,20250106 ~ 20251231,2025.1.6.~예산소진시까지,"0세~99세 / 연령제한:N 0043001 0 0 ㅇ한국신용정보원 연체 등 정보 등록자(연체,회생,파산,신용회복 등) ㅇ외국인 ㅇ재외동포 ㅇ융자대행금융지관에 연체정보, 채무조정, 특수채권 잔액이 있는 경우 0011009 0013010 0049010 0055003",0세~99세 / 연령제한:N,0043001 0 0,"1. 융자신청서 접수(인터넷 또는 방문) 2. 구비서류 제출 3. 융자신청서 적격여부 확인(소득요건 등 융자 대상자 여부 및 오류내용 확인) 4. 융자예정자 선정 5. 신용보증신청서 적격여부 확인(예비선정일로부터 7일 이내) 6. 보증서 발행 및 통보 7. 대출실행(기업은행 인터넷뱅킹, 모바일 I_ONE뱅크) * 융자대상자는 융자약정 체결기간(융자결정일로부터 15일)이내 대출 신청",신청인 제출서류 상이하므로 사업관련 참고사이트 2 확인 필수,고용노동부,근로복지공단,https://welfare.comwel.or.kr/default/page.do?mCode=B010010010,https://welfare.comwel.or.kr/default/index.do,http://www.moel.go.kr/policy/policyinfo/lobar/list16.do,2025-01-23 19:54:00,2025-02-07 10:50:03,5,온통청년_OPEN_API_getPlcy,전북,생활안정자금 융자사업 생계곤란을 겪는 근로자 등에게 의료비 혼례비 장례비 노부모부양비 등의 생계비를 저리로 융자하여 생활안정 및 근로의욕을 고취하기 위한 사업 대출 일자리
전북,"52000,45000",20250123005400110397,국가인적자원개발 컨소시엄,중소기업,"중소기업 재직근로자의 직업훈련 참여 확대와 신성장동력분야, 융복합분야 등의 전략산업 전문인력육성, 산업계 주도의 지역별 직업훈련기반 조성 등을 위해 공동훈련에 필요한 훈련 인프라와 훈련비 지원 사업","1. 공동훈련센터 지원: 운영비(연간 4억원 한도), 훈련시설 * 장비비(연간 15억원 한도), 훈련프로그램 개발 등(연간 1억원 한도), 훈련과정의 운영 비용 2.협약기업 지원: 재직근로자 맞춤형 교육훈련 제공, 채용예정자 훈련",일자리,취업,"일자리, 직무교육, 참여 프로그램",일자리,20250101 ~ 20251231,20250101 ~ 20251231,0세~99세 / 연령제한:N 0043001 0 0 협약(참여)기업 지원 - 수요자 중심의 맞춤형 교육훈련 제공 툴팁 - 우수한 공동 교육 훈련 환경 제공 툴팁 - 대한민국의 미래를 이끌어가는 신성장동력분야 등 고급 훈련과정 제공 - 비용부담이 없는 교육훈련 시스템 제공 툴팁 - 간편한 교육훈련 참여 등 편리한 행정서비스 제공 툴팁 훈련참여자 지원 - 재직근로자 맞춤형 교육훈련 제공 툴팁 - 채용예정자 훈련 툴팁 제한없음 0011009 0013010 0049010 0055003,0세~99세 / 연령제한:N,0043001 0 0,국가 인적자원개발 컨소시엄 지원절차 1. 모집공고 2. 신청 및 접수 3. 심사 및 선정 4. 계획서 제출 및 검토 5. 약정체결 6. 지원금 지급 7. 과정 실시 및 관리 8. 지원금 정산,,고용노동부,한국산업인력공단,http://www.c-hrd.net/index.php,http://www.c-hrd.net/contents/business/1/,http://www.c-hrd.net/contents/main/,2025-01-23 19:49:34,2025-03-06 17:51:28,5,온통청년_OPEN_API_getPlcy,전북,국가인적자원개발 컨소시엄 중소기업 재직근로자의 직업훈련 참여 확대와 신성장동력분야 융복합분야 등의 전략산업 전문인력육성 산업계 주도의 지역별 직업훈련기반 조성 등을 위해 공동훈련에 필요한 훈련 인프라와 훈련비 지원 사업 중소기업 일자리
전북,"52000,45000",20250123005400110396,청년층직업지도프로그램(CAP@),장기미취업청년,"청년층의 직업 선택을 지원하고, 취업서류 작성, 면접기술 강화 등 구직기술 향상을 돕는 집단상담 프로그램","□ 4일 동안 총 24시간 운영(1일 6시간) □ 청년 취업준비생의 직업진로 선택을 지원하고, 취업서류 작성 및 면접기술 강화 등 구직기술 강화 지원",일자리,취업,"일자리, 직무교육, 복지",일자리,,연중,18세~34세 / 연령제한:N 0043001 0 0 프로그램 참여 중 주어진 과제 또는 활동에 참여하지 않는 경우 참여 제한 가능 0011009 0013010 0049010 0055003,18세~34세 / 연령제한:N,0043001 0 0,"□ (온라인) 고용24(work24.go.kr)에 로그인 후, ""취업지원 > 취업역량강화"" 메뉴로 이동하여 구직자취업역량 강화프로그램 클릭, 참여 희망 고용센터 선택 신청 □ (오프라인) 가까운 고용센터를 방문하여 담당자 상담을 통해 희망 프로그램 참가 신청","온라인 신청서 제출 (단, 참가신청 확정 후, 필요한 제출서류가 있을 경우, 별도 안내)",고용노동부,한국고용정보원,https://work24.go.kr/wk/b/a/1120/empSchdInviteCtrList.do,https://work24.go.kr/wk/b/a/1110/retriveIntro.do,,2025-01-23 19:45:51,2026-01-01 00:00:00,5,온통청년_OPEN_API_getPlcy,전북,청년층직업지도프로그램 CAP 청년층의 직업 선택을 지원하고 취업서류 작성 면접기술 강화 등 구직기술 향상을 돕는 집단상담 프로그램 장기미취업청년 일자리
전북,"52000,45000",20250123005400110395,구직자ㆍ기업 도약보장 패키지,맞춤형상담서비스,"□ 인구·산업구조 변화, 취업·채용 형태 다양화, 일에 대한 인식 변화, 온라인·디지털 서비스 확산 등 고용서비스 여건 변화에 대응 필요","□ 구직자 : ①잡케어(Job Care) 기반 개인별 직무역량 및 노동시장 정보 분석 제공, ②1:1 심층 상담을 통한 경력개발 로드맵 설계, ③경력설계를 위한 맞춤형 서비스 연계 및 프로그램 제공 등 □ 기업 : ①일자리 특성, 구인 직종 및 임금·복지 수준 등을 고려한 기업 유형 분류, ②기업 유형에 맞는 인사·노무 컨설팅, 인프라·환경 개선, 인지도 제고 등 지원 정책 맞춤 연계",일자리,취업,"일자리, 직무교육, 복지",일자리,,상시,0세~0세 / 연령제한:Y 0043001 0 0 □ 고용부 및 관계부처와의 연계·협업을 통한 종합 서비스 제공 0011009 0013009 0049010 0055003,0세~0세 / 연령제한:Y,0043001 0 0,,,고용노동부,한국고용정보원,,https://www.work24.go.kr/cm/c/f/1100/selecSystInfo.do?currentPageNo=1&recordCountPerPage=10&systId=SI00000326&systClId=SC00000192,https://www.work24.go.kr/cm/c/f/1100/selecSystInfo.do?currentPageNo=1&recordCountPerPage=10&systId=SI00000335&systClId=SC00000360,2025-01-23 19:41:43,2026-01-01 00:00:00,5,온통청년_OPEN_API_getPlcy,전북,구직자 기업 도약보장 패키지 인구 산업구조 변화 취업 채용 형태 다양화 일에 대한 인식 변화 온라인 디지털 서비스 확산 등 고용서비스 여건 변화에 대응 필요 맞춤형상담서비스 일자리
전북,"52000,45000",20250123005400110394,미래내일 일경험 사업,인턴,직무역량을 중시하는 채용 트렌드 변화에 대응하여 민·관협업을 기반으로 미취업 청년에게 다양한 일경험 기회를 제공하여 원활한 노동시장 진입을 지원,"① 기업탐방형 일경험 청년이 기업에 방문하여 직무체험, 현직자 멘토링, CEO·인사담당자 대화 등을 통해 진로 설정 및 직무탐색을 지원받습니다(5일 내외) 기업에는 참여청년 1인당 3만원을 지원합니다. ② 프로젝트형 일경험 기업이 제안한 현업·직무 기반 프로젝트를 청년이 팀을 이뤄 수행하고 그 결과를 제출합니다.(2개월 내외) 프로젝트 결과 평가를 통해 청년의 직무역량 향상을 지원합니다. 참여기업에는 참여청년 1인당 5만원(월)을 지원합니다. 참여청년에는 참여수당 30만원(월), 팀수당 120만원(월)을 지원합니다. - 프로젝트형 일경험에 참여하려는 청년은 4인 내외로 팀을 구성하는 것에 동의해야 합니다. 사전에 프로젝트 팀을 구성하는 경우에도 팀원이 개별적으로 참여신청하여야 합니다. 사전에 팀을 구성하지 않고 신청하는 경우, 운영기관에서 팀을 구성합니다. ③ 인턴형 일경험 기업에서 직접 현업을 수행하여 청년의 직무경험, 직무역량 향상을 지원합니다.(1~5개월 내외) 기업에는 참여청년 1인당 5만원(주)을 지원합니다. 참여청년에는 참여수당 35만원(주)을 지원합니다. ④ ESG지원형 일경험 기업이 ESG경영 차원에서 새롭게 수행하거나 기존에 비해 개선·확대하여 자율적으로 운영하는 일경험, 직무역량향상 프로그램 등에 참여합니다. 기업은 단독 또는 컨소시엄 방식으로 참여할 수 있으며 프로그램 개발·운영비 등 소요비용을 프로그램별 최대 50억원까지 지원(참여기업별 최대 20억원 지원)합니다. 단, 소요비용에 대한 지원비율은 기업 규모에 따라 달리 적용됩니다. * 중소·중견기업(국비지원비율 최대 100%), 대기업(국비지원 비율 최대 50%)",일자리,취업,"일자리, 직무교육, 복지, 참여 프로그램",일자리,,상시,"15세~34세 / 연령제한:N 0043001 0 0 ◦(참여청년) 15세 이상 34세 이하 미취업청년 - 군필자의 경우 의무복무기간에 비례하여 최고 만39세까지 지원합니다. - 신청일 현재 취업 중이거나 사업자 등록중인 자는 지원대상에서 제외합니다. - 취업여부는 고용보험 피보험자 자격기준으로 확인합니다. 단, 주30시간 미만 일자리에 근무하는 경우 미취업으로 간주합니다. - 더 자세한 자격기준은 청년‧기업 일경험포털(https://yw.work24.go.kr)에서 확인할 수 있습니다. ◦(참여기업) 고용보험 피보함자 10인 이상 기업, 공공기관, 비영리단체 등 - 고용보험 피보험자 수는 일경험 사업 참여신청 직전 월말을 기준으로 합니다. 단, 고용보험 피보험자 10인 미만 기업이라도 ①「벤처기업육성에 관한 특별조치법」에 따른 벤처기업 ②「기술혁신형 중소기업(Ino-Biz) 제도 운영규정」 및 「경영혁신형 중소기업(Main-Biz) 제도 운영규정」에 따른 기술혁신형 및 경영혁신형 중소기업 ③「사회적기업 육성법」에 따른 사회적 기업은 참여할 수 있습니다. - 더 자세한 자격기준은 청년‧기업 일경험포털(https://yw.work24.go.kr)에서 확인할 수 있습니다. ◦ 청년은 같은 연도(사업기간)에 최대 2회까지 일경험 프로그램에 참여할 수 있습니다. 단, 기업탐방형 일경험은 인턴형, 프로젝트형, ESG지원형과 별도로 2회까지 참여가능합니다. - (예) 기업탐방형 2회, ESG지원형 1회, 인턴형 1회 참여가능 ◦ 실업급여 수급자는 수급기간동안 일경험에 참여시 미래내일일경험사업의 청년지원금을 받을 수 없습니다. 단, 프로젝트형 일경험의 팀 단위 지원금은 사용할 수 있습니다. ◦ 국민취업지원제도, 재학생 맞춤형 고용서비스 등 타 지원사업에서 참여수당을 지급받고 있는 청년은 일경험 프로그램 참여수당과 타지원사업 참여수당 중 1개 수당을 선택하여야 합니다. ◦ 거짓으로 참여자로 선정되거나 지원을 받은 자는 법률에 따라 부정수급으로 제재를 받을 수 있습니다. - 더 자세한 내용은 청년‧기업 일경험포털에서 확인할 수 있습니다. 0011009 0013010 0049010 0055003",15세~34세 / 연령제한:N,0043001 0 0,"미래내일 일경험 포털(https://yw.work24.go.kr)에서 회원가입 후 프로그램정보 탭에서 원하는 지역, 직무, 유형(인턴형,프로젝트형,ESG지원형,기업탐방형) 선택 후 일경험 프로그램 신청",,고용노동부,한국고용정보원,https://yw.work24.go.kr,,,2025-01-23 19:39:09,2026-01-01 00:00:00,5,온통청년_OPEN_API_getPlcy,전북,미래내일 일경험 사업 직무역량을 중시하는 채용 트렌드 변화에 대응하여 민 관협업을 기반으로 미취업 청년에게 다양한 일경험 기회를 제공하여 원활한 노동시장 진입을 지원 인턴 일자리
전북,"52000,45000",20250123005400110393,국민내일배움카드,"바우처,보조금,교육지원",급격한 기술발전에 적응하고 노동시장 변화에 대응하는 사회안전망 차원에서 생애에 걸친 역량계발 향상 등을 위해 국민 스스로 직업능력개발훈련을 실시할 수 있도록 훈련비 등 지원,"- 1인당 300~500만원까지, 훈련비의 45~85퍼센트 지원 *국민취업지원제도Ⅰ유형 및 Ⅱ형 특정계층 참여자는 훈련비의 100퍼센트 또는 80퍼센트를, 국민취업지원제도 Ⅱ유형 중 청/중장년층 참여자는 50~85퍼센트를, 근로장려금(EITC) 수급자는 72.5~92.5퍼센트 지원 등 - 140시간 이상 훈련과정을 수강하는 실업자 등에게 월 최대 11.6만원 지급(단위기간 1개월 출석률 80퍼센트 이상 시) *실업급여 수급 중이거나 소득이 있는 경우 등에는 일부 또는 전액 부지급",일자리,취업,"일자리, 직무교육, 참여 프로그램",일자리,,상시,"15세~75세 / 연령제한:N 0043003 0 0 참여 제한 대상 참고 현직 공무원, 사립학교 교직원, 졸업예정자 이외 재학생, 연 매출 4억원 이상의 자영업자, 월 임금 300만원 이상인 대규모기업종사자(45세 미만), 월 소득 500만원 이상의 특수형태근로종사자 등 제외 0011009 0013009 0049009 0055003",15세~75세 / 연령제한:N,0043003 0 0 참여 제한 대상 참고,"국민내일배움카드 발급 후 고용센터 방문 또는 고용24 홈페이지(www.work24.go.kr)를 통해 수강신청 신청 후, 각 관할고용센터 심사후 개별 연락",,고용노동부,한국고용정보원,https://www.work24.go.kr,https://www.work24.go.kr/cm/c/f/1100/selecSystInfo.do?currentPageNo=1&recordCountPerPage=10&upprSystClId=SC00000015&systClId=SC00000004&systId=SI00000351,https://www.moel.go.kr/policyitrd/policyItrdView.do?policy_itrd_sn=81,2025-01-23 19:34:58,2026-01-01 00:00:00,5,온통청년_OPEN_API_getPlcy,전북,국민내일배움카드 급격한 기술발전에 적응하고 노동시장 변화에 대응하는 사회안전망 차원에서 생애에 걸친 역량계발 향상 등을 위해 국민 스스로 직업능력개발훈련을 실시할 수 있도록 훈련비 등 지원 바우처 보조금 교육지원 일자리
전북,"52000,45000",20250123005400110392,국내해외취업센터 운영,해외진출,"해외취업 아카데미 및 상시채용관 운영(면접 지원), 온·오프라인 상담서비스 및 전략설명회 등 해외취업 상담·지원","□ 구직자 지원내용 ○ 해외 일자리 정보 제공 ○ 필요 시 상담제공(홈페이지 해외취업상담에서 별도 신청) □ 구인기업 지원내용 ○ 구인조건에 적합한 구직자 모집, 알선 서비스 제공 ○ 요청 시 면접 지원서비스 제공(면접장소)",일자리,창업,"일자리, 직무교육, 창업지원, 복지",일자리,,20250101 ~ 20251231,15세~34세 / 연령제한:N 0043001 0 0 0011009 0013010 0049010 0055003,15세~34세 / 연령제한:N,0043001 0 0,직접 방문 또는 월드잡플러스를 통해 예약 가능,,고용노동부,한국산업인력공단,https://www.worldjob.or.kr/new_index.do,https://www.worldjob.or.kr/new_index.do,,2025-01-23 19:28:30,2026-01-01 00:00:00,5,온통청년_OPEN_API_getPlcy,전북,국내해외취업센터 운영 해외취업 아카데미 및 상시채용관 운영 면접 지원 온 오프라인 상담서비스 및 전략설명회 등 해외취업 상담 지원 해외진출 일자리
전북,"52000,45000",20250123005400110391,해외 K-Move 센터 운영,해외진출,"코트라 해외무역관 등을 활용하여 양질의 해외일자리 발굴 및 취업알선, 헬프데스크 운영을 통한 취업자 사후관리 및 애로사항 해소 지원, 현지 취업 박람회 개최를 통한 취업 지원 등","코트라 해외무역관 등을 활용하여 양질의 해외일자리 발굴 및 취업알선, 헬프데스크 운영을 통한 취업자 사후관리 및 애로사항 해소 지원, 현지 취업 박람회 개최를 통한 취업 지원 등",일자리,취업,일자리,일자리,20250101 ~ 20251231,20250101 ~ 20251231,15세~34세 / 연령제한:N 0043001 0 0 0011009 0013010 0049010 0055003,15세~34세 / 연령제한:N,0043001 0 0,월드잡플러스를 통해 해외 K-Move 센터 정보 확인,,고용노동부,대한무역투자진흥공사,https://www.worldjob.or.kr/new_index.do,,,2025-01-23 19:25:22,2025-02-07 10:52:43,5,온통청년_OPEN_API_getPlcy,전북,해외 K Move 센터 운영 코트라 해외무역관 등을 활용하여 양질의 해외일자리 발굴 및 취업알선 헬프데스크 운영을 통한 취업자 사후관리 및 애로사항 해소 지원 현지 취업 박람회 개최를 통한 취업 지원 등 해외진출 일자리
전북,"52000,45000",20250123005400110390,청년일자리 도약장려금,장기미취업청년,"기업의 청년고용 확대를 지원하고, 취업애로 청년의 취업을 촉진함으로써, 청년고용 활성화를 목적으로 하는 정책 ㅇ (유형Ⅰ) 5인 이상 중소기업에서 취업애로청년을 정규직으로 채용하고 6개월 이상 고용유지시 기업지원금 지급 ㅇ (유형Ⅱ) 빈일자리 업종 중소기업에서 청년을 정규직으로 채용 후 6개월 이상 고용유지시 기업지원금 지급하고, 해당 기업에서 18개월 이상 재직한 청년에게 청년장기근속인센티브 지급","ㅇ (유형Ⅰ) 5인 이상 우선지원대상기업에서 취업애로청년을 정규직으로 채용시 1년간 최대 720만원 지원 * 취업애로청년: 만 15~34세의 ▴4개월 이상 실업, ▴고졸 이하 청년 등 ㅇ(유형Ⅱ) 5인 이상의 제조업 등 빈일자리 업종 중소기업에서 청년을 정규직으로 채용시 1년간 최대 720만원 지원 및 해당 기업에 취업 후 18개월 이상 재직한 청년 근로자에게 최대 480만원 지원(18.24개월차 각 240만원)",일자리,취업,"일자리, 복지",일자리,20250101 ~ 20251231,20250101 ~ 20251231,"15세~34세 / 연령제한:N 0043003 0 0 (기업)매출액 기준 (청년)해당없음 ① 근로조건 - 정규직 채용 후 6개월 이상 고용유지 * 계약직 채용시 채용일로부터 3개월 이내 정규직 전환 - 주 30시간 이상 근로 및 최저임금 이상 지급 - 고용보험 가입 필수 ② 채용요건 - ‘25.1.1. 이후 채용된 청년 - 원칙적으로 사업 참여신청 후 채용된 청년을 지원 * 단, ’25.1.1. 이후 채용된 청년 중 채용일로부터 3개월 이내에 참여신청한 경우 지원 가능 ③ 인위적 감원 방지 - 사업참여 신청 직전 3개월부터 청년의 지원금 지급기간까지 인위적 감원 금지 * 단, 예산 사정에 따라 참여신청 및 지원대상 선정은 조기에 마감될 수 있으며, 먼저 채용하여 사업을 신청한 기업에 우선 지원 * 구체적인 요건 및 자격은 운영지침 반드시 확인필요 사업주의 배우자, 직계 존비속, 외국인, 중앙부처 또는 지방자치단체로부터 다른 인건비 지원을 받는 청년, 채용일 기준 고등학교 또는 대학교재학 중인자 등은 지원 제외 * 구체적인 요건 및 자격은 운영지침 반드시 확인필요 0011009 0013001 0049010 0055003",15세~34세 / 연령제한:N,0043003 0 0 (기업)매출액 기준 (청년)해당없음,"신청방법 및 지원절차 (참여신청) 기업이 운영기관에 채용계획 제출(전산시스템 활용)-> 운영기관의 검토 및 승인-> 운영기관-기업 간 지원협약 체결 (채용) 기업은 청년 채용 후 운영기관에 채용명단 제출, 6개월 간 고용 유지하며 임금지급 (장려금 신청) 최소 근속기간 도래 후 운영기관에 장려금 신청 ㅇ (유형Ⅰ_기업지원금) 6개월 이상 고용유지시 기업지원금 신청 ㅇ (유형Ⅱ_기업지원금) 6개월 이상 고용유지시 기업지원금 신청 ㅇ (유형Ⅱ_청년인센티브)186개월 이상 근속시 청년 장기근속인센티브 신청 (지원금 지급) 운영기관은 사전 심사 후 고용센터에 지급 검토보고서 제출, 고용센터에서 최종 심사 후 기업에 지원금 지급",,고용노동부,한국고용정보원,https://www.work24.go.kr,https://www.work24.go.kr,,2025-01-23 16:58:44,2025-01-23 19:33:35,5,온통청년_OPEN_API_getPlcy,전북,청년일자리 도약장려금 기업의 청년고용 확대를 지원하고 취업애로 청년의 취업을 촉진함으로써 청년고용 활성화를 목적으로 하는 정책 유형 5인 이상 중소기업에서 취업애로청년을 정규직으로 채용하고 6개월 이상 고용유지시 기업지원금 지급 유형 빈일자리 업종 중소기업에서 청년을 정규직으로 채용 후 6개월 이상 고용유지시 기업지원금 지급하고 해당 기업에서 18개월 이상 재직한 청년에게 청년장기근속인센티브 지급 장기미취업청년 일자리
전북,"52000,45000",20250123005400110389,중증장애인근로자 출퇴근 비용 지원,보조금,"저임금 중증장애인 근로자(최저임금 적용제외 근로자, 기초생활수급자 및 차상위계층 근로자)에게 출퇴근시 소요되는 교통비를 지원하여 안정적인 직업생활과 고용유지를 지원","○ 지원내용: 매월 7만원 한도로 교통 실비 지원(전용카드 발급 필수) ○ 지원범위: 대중교통(버스, 지하철), 택시(장애인콜택시포함), 유류비 등",참여권리,정책인프라구축,"일자리, 복지, 참여 프로그램",일자리,20241201 ~ 20250228,예산 소진시까지,"0세~0세 / 연령제한:Y 0043003 0 0 최저임금적용제외인가자이거나, 기초생활수급자 또는 차상위계층인 자 U&I우리카드 또는 우체국동행 체크카드 사용 필수 www.wooricard.com 또는 우리카드 앱, 거주지 인근 우리은행 영업점 발급신청 가능 인근 우체국에 방문하여 발급신청 다만, 공단에서 지원 대상자 선정 통보를 받은자만 지원금 수령 가능 ※ 당해연도 예산 소진시 조기에 지원금 지급이 종료될 수 있습니다. ※ 고용보험 탈락, 수급·차상위 자격 중지 등 자격조건 상실시 탈락처리되며, 조건 상실 이후 사용한 금액은 지급되지 않습니다. 「사업주 및 장애인 등에 대한 융자지원 규정」의 장애인근로자 통근용 승합차 이용자 제외 0011009 0013001 0049010 0055003",0세~0세 / 연령제한:Y,"0043003 0 0 최저임금적용제외인가자이거나, 기초생활수급자 또는 차상위계층인 자",① hub.kead.or.kr(장애인서비스신청포털) 가입 후 출퇴근 비용지원 신청 클릭 ② 사업장 소재지 공단 지역본부 및 지사 취업지원부로 신청 문의,"○ 신청서(한국장애인고용공단 홈페이지에서 다운로드), 통장사본, 근로계약서사본, 기초생활수급 및 차상위계층 증빙서류",고용노동부,한국장애인고용공단,https://hub.kead.or.kr/trfeCostAplyGuid.do,https://www.kead.or.kr/sprcmtsvdsblt/cntntsPage.do?menuId=MENU0643,,2025-01-23 11:10:10,2025-02-07 09:44:52,5,온통청년_OPEN_API_getPlcy,전북,중증장애인근로자 출퇴근 비용 지원 저임금 중증장애인 근로자 최저임금 적용제외 근로자 기초생활수급자 및 차상위계층 근로자 에게 출퇴근시 소요되는 교통비를 지원하여 안정적인 직업생활과 고용유지를 지원 보조금 일자리
전북,"52000,45000",20250123005400110388,육아기 근로시간 단축 급여,육아,육아기에 근로시간을 단축하여 근무하는 경우 급여를 지원하여 육아기 근로자의 경력단절을 방지하고 일과 가정의 양립을 지원,"○ 육아기 근로시간 단축 - 사업주는 근로자가 만 8세 이하 또는 초등학교 2학년 이하의 자녀를 양육하기 위하여 육아기 근로시간 단축을 신청하는 경우에 허용하여야 하고, 단축 후 근로시간은 15시간 이상이고 35시간을 넘어서는 안 되며, 육아기 근로시간 단축은 1년 이내(육아휴직 미사용 기간 가산 시 최대 2년) 사용 가능함 * 2025. 2. 23. 이후 변경 내용 - 대상 자녀 연령 확대: 만 8세(초등학교 2학년) 이하 → 만 12세(초등학교 6학년) 이하 - 사용 기간: 1년 이내(육아휴직 미사용 기간 가산 시 최대 2년) → 1년 이내(육아휴직 미사용 기간 2배 가산 시 최대 3년) ○ 육아기 근로시간 단축 급여 - 정부(고용센터)가 육아기 근로시간 단축을 30일 이상 사용한 근로자에게 단축 근로시간별 기준금액에 따라 산정한 금액으로 급여 지원 - 급여액 · 매주 최초 10시간 단축분: 월 통상임금 100%(상한액 220만원) × (10 / 단축 전 소정근로시간) · 나머지 근로시간 단축분: 월 통상임금의 80%(상한액 150만원) × (단축 전 소정근로시간 - 단축 후 소정근로시간 - 10) / 단축 전 소정근로시간)",참여권리,정책인프라구축,"일자리, 참여 프로그램",일자리,,20250101 ~ 20251231,0세~0세 / 연령제한:Y 0043001 0 0 ○ 「남녀고용평등과 일ㆍ가정 양립 지원에 관한 법률」 제19조의2에 따른 육아기 근로시간 단축을 30일 이상 사용 ○ 육아기 근로시간 단축을 시작한 날 이전에 고용보험 피보험 단위기간이 합산하여 180일 이상 ○ 육아기 근로시간 단축을 시작한 날 이후 1개월부터 끝난 날 이후 12개월 이내에 신청 0011009 0013010 0049010 0055003,0세~0세 / 연령제한:Y,0043001 0 0,○ 고용센터 방문 또는 우편 신청 ○ 고용24 누리집(www.work24.go.kr) 신청,"○ 육아기 근로시간 단축 급여 신청서 ○ 육아기 근로시간 단축 확인서 1부 ○ 육아기 근로시간 단축 전·후의 소정근로시간, 통상임금 등의 근로조건을 확인할 수 있는 증명자료(임금대장, 근로계약서 등) 사본 1부 ○ 육아기 근로시간 단축기간 동안 사업주로부터 지급받은 금품을 확인할 수 있는 자료(단축된 소정근로시간을 초과한 근로를 이유로 지급받은 금품은 별도로 확인할 수 있어야 함) 사본 1부",고용노동부,한국고용정보원,https://www.work24.go.kr,https://www.gov.kr/portal/rcvfvrSvc/dtlEx/999000000007?administOrgCd=ALL,,2025-01-23 10:55:34,2026-01-01 00:00:00,5,온통청년_OPEN_API_getPlcy,전북,육아기 근로시간 단축 급여 육아기에 근로시간을 단축하여 근무하는 경우 급여를 지원하여 육아기 근로자의 경력단절을 방지하고 일과 가정의 양립을 지원 육아 일자리
전북,"52000,45000",20250123005400110386,고용보험 미적용자 출산급여 지원,출산,소득활동을 하고 있으나 고용보험 미적용으로 고용보험의 '출산전후휴가급여'를 지원받지 못하는 출산여성에게 출산급여 지원을 통해 모성보호와 생계지원,"○ 고용보험 미적용자 출산급여 - 총 150만원 - 유산, 사산의 경우는 임신 기간에 따라 급여 수준 상이 - 임신 기간 15주까지 : 30만원 / 16~21주 : 50만원 / 22~27주 : 100만원 / 28주 이상 : 150만원",복지문화,취약계층 및 금융지원,"일자리, 복지",일자리,,20250101 ~ 20251231,"0세~0세 / 연령제한:Y 0043003 0 0 소득 활동 중 ○ 출산 전 18개월중 3개월 이상 소득활동이 확인되어야 합니다. ○ 근로자 - 1유형 : 출산전 30일 이상 고용보험에 가입하고 있고, 고용보험의 출산전후휴가급여 수급요건을 미충족*한 근로자 · 출산전후휴가가 끝난 날 전까지 피보험 단위 기간이 통산하여 180일 이상 - 2유형 : 고용보험법상 고용보험 적용제외 사업*의 근로자 및 적용제외 근로자** * 적용제외 사업: 농,임,어업 중 법인이 아닌 자가 상시 4명 이하의 근로자를 사용하는 사업, 총 공사금액이 2천만원 미만인 공사, 연면적 100㎡ 이하 건축물의 건축, 200㎡ 이하 건축물의 대수선 공사 - 적용제외 사업의 입증 : 관련 업종이 명시된 사업자등록증 또는 공적 기관이 발급한 확인서(예시:농업경영체등록확인서, 축산업허가증, 어업 경영체등록확인서, 어업허가증, 임업 후계자 증서, 공사금액이 명시된 도급계약서 등) ** 적용제외 근로자 : 소정 근로시간이 월 60시간 미만인 근로자(주 15시간 미만 포함) - 3유형 : 고용보험 미성립 사업장 소속의 고용보험 미가입 근로자(고용보험 가입 의무가 있는 사업장이지만 성립신고를 하지 않아, 소속 근로자 또한 피보험자격을 갖지 못한 경우) ○ 1인 사업자 - 출산일 현재 피고용인이 없는 단독ㆍ공동사업자. 다만, 예외적으로 출산일 이전 3개월 이후 보조인력을 채용한 경우 지원 가능 * 공동사업자의 경우 명의ㆍ실질 모두 공동사업자인 경우에 한함 *농림어업에 종사하는 출산여성이 부부 공동명의의 '경영체등록확인서'를 제출한 경우 지원대상으로 인정 - 4유형 : 1인 사업자로서 출산일 전전년도~당해년도 사업에 대한 세금신고(부가세, 소득세)사실이 있는자 * 부동산임대업은 제외(부동산 임대 관련한 소득활동은 불인정) - 5유형 : 1인사업자로 출산일 전전년도~당해년도 사업에 대한 세금신고 사실이 없는 자 ○ 그밖의 소득활동을 하는 여성 - 6유형 : 사업자등록을 하지 않은 특수형채 근로자 및 자유계약자(프리랜서) 등 * 특수형태 근로자(19개 직종) : 보험설계 0011009 0013010 0049010 0055003",0세~0세 / 연령제한:Y,0043003 0 0 소득 활동 중,○ 방문 신청 또는 우편 : 고용센터 ○ 온라인 신청 : 고용24 홈페이지(www.work24.go.kr) ○ 지급 결정 / 지급 : 신청 접수 후 14일 이내 지급(부지급) 결정 및 통지 / 본인 계좌로 지급 => 별도로 신청절차를 넣어서 표기,"○ 공통 - 고용보험 미적용자 출산(유산,사산)급여 신청서 - 출산 자녀가 등록된 주민등록표 등본(유산, 사산의 경우는 임신기간이 명시된 의료기관 진단서) - 출산 전 18개월 중 3개월 이상의 소득 활동한 증빙자료(사업 또는 노무 제공 입증자료 및 소득 발생 입증자료) - 일용직 근로자 및 고용보험 적용제외자(2유형)는 출산 전 3개월 중 10일 이상 근로한 사실을 입증하면 '출산일 현재 근로'하는 것으로 인정 ○ 2유형, 3유형 : 고용보험 미가입 확인서(소정양식, 사업주가 작성), 재직증명서, 급여이체내역(통장사본) ○ 4유형 - 사업자등록증 - 출산한 해의 전전년도~당해년도 사업활동에 대한 세금신고 사실을 확인할 수 있는 서류(1건 이상) 예) 부가가치세 과세표준증명원, 부가가치세면세사업자 수입금액증명, 소득금액증명원 또는 표준재무제표증명원 ○ 5유형 : 사업자등록증, 출산일 이전 18개월 중 3개월 이상 소득 발생 증빙자료(예:카드매출영수증, 매출세금계산서 등) ○ 6유형 - 소득활동 증빙자료 : 예)근로계약서, 도급계약서, 재직증명서, 경력증명서 등 - 출산일 이전 18개월 중 3개월 이상 소득 발생 증빙자료 : 예)노무제공의 대가 입금내역, 소득세원천징수 내역 등 * 과거에 근로자 또는 사업자 경력이 있더라도, 현재 6유형에서의 소득 발생 사실을 반드시 1건 이상 증빙",고용노동부,한국고용정보원,https://www.work24.go.kr/cm/main.do,https://www.gov.kr/portal/rcvfvrSvc/dtlEx/149200000153?administOrgCd=ALL,,2025-01-23 10:45:13,2026-01-01 00:00:00,5,온통청년_OPEN_API_getPlcy,전북,고용보험 미적용자 출산급여 지원 소득활동을 하고 있으나 고용보험 미적용으로 고용보험의 출산전후휴가급여 를 지원받지 못하는 출산여성에게 출산급여 지원을 통해 모성보호와 생계지원 출산 일자리
전북,"52000,45000",20250123005400110385,"고용평등 심층상담(직장 내 성희롱, 고용상 성차별 피해, 모성보호제도 등)",맞춤형상담서비스,"직장 내 성희롱, 고용상 성차별, 모성보호제도 등 피해와 관련한 상담을 원하는 분들께, 청, 대표지청의 고용평등상담지원관이 권리구제를 위한 전문 상담 서비스를 제공합니다.","ㅇ 지원대상: 직장 내 성희롱, 고용상 성차별, 모성보호제도 등 상담을 원하는 사람 ㅇ 상담방법 - 전화상담: 1551-9811 → 권역선택(1~8번) → 고용평등상담지원관 - 대면상담: 전국 권역별 8개 청, 대표지청 내 고용평등 전담 상담창구 방문 - 온라인 상담: 고용노동부 노동포털(https://labor/moel.go.kr)-민원신청-고용평등온라인상담서비스 ㅇ 지원내용 - (상담 및 자문) 초기 상담부터 법적권리 등 해결방안 찾기, 분쟁 발생 시 자문 등 - (권리구제 연계) 상담만으로 해결이 어려운 사안은 권리구제 방법 또는 신고사건 연계 - (심리정서치유지원) 피해자의 일상복귀를 위해 심리정서치유프로그램 연계 지원",참여권리,정책인프라구축,"일자리, 직무교육, 복지, 참여 프로그램",일자리,,20250101 ~ 20251231,0세~0세 / 연령제한:Y 0043001 0 0 0011009 0013010 0049010 0055003,0세~0세 / 연령제한:Y,0043001 0 0,,,고용노동부,한국고용정보원,https://labor.moel.go.kr,https://www.moel.go.kr/info/etc/dataroom/view.do?bbs_seq=20240100074,,2025-01-23 10:16:18,2026-01-01 00:00:00,5,온통청년_OPEN_API_getPlcy,전북,고용평등 심층상담 직장 내 성희롱 고용상 성차별 피해 모성보호제도 등 직장 내 성희롱 고용상 성차별 모성보호제도 등 피해와 관련한 상담을 원하는 분들께 청 대표지청의 고용평등상담지원관이 권리구제를 위한 전문 상담 서비스를 제공합니다 맞춤형상담서비스 일자리
전북,"52000,45000",20250123005400110384,결혼이민여성 취업지원,맞춤형상담서비스,집단상담프로그램 참여를 통하여 경력단절 결혼이민 여성등의 근로의욕 고취와 구직능력향상을 도모하고 직업훈련 연계 및 취업알선 등 취업지원서비스 제공,"○ 서비스 내용 : 집단상담프로그램을 통한 직업상담, 구직기술 습득 및 취업알선 - 지역 여건에 맞는 취업정보 제공 - 상담은 그룹을 지어 3~4일간(총 12~15시간) 진행 - 개별 상담을 통하여 직업훈련 연계, 취업 알선 등 서비스 ○ - 결혼이민여성이 어디에 취업할 수 있는지 필요한 정보를 알고 싶은 분 - 이력서 쓰는 법, 면접 준비사항 등 취업 기초 소양을 배우고 싶은 분 - 직장생활에서 겪을 수 있는 어려움을 알고 준비하고 싶으신 분 ○ 서비스 제공기관(여성새로일하기센터 21개소) - (서울) 서초새일센터, 용산새일센터, 강서새일센터 - (인천,경기) 영통새일센터, 성남새일센터, 안산새일센터, 시흥새일(산단형)센터, 평택새일센터 - (부산,경남) 부산새일센터 - (대구) 수성새일센터, 대구달서새일센터, 대구남부새일센터, - (광주,전라) 송원대새일센터, 장성새일센터, 화순새일센터, 나주새일센터, 광산새일센터, 정읍새일센터 - (대전,충청) 대전새일센터, 대전배제대ict새일센터, 당진새일센터 · 위 21개 새일센터 외에도 가까운 새일센터에 상담하시면 유용한 정보를 얻을 수 있습니다.",일자리,재직자,"일자리, 직무교육, 복지, 참여 프로그램",일자리,,20250101 ~ 20251231,0세~0세 / 연령제한:Y 0043001 0 0 12개월이내 집단상담 기 수료자 0011009 0013010 0049010 0055003,0세~0세 / 연령제한:Y,0043001 0 0,지역 여성새로일하기센터 통해 신청,,고용노동부,한국고용정보원,https://www.gov.kr/portal/rcvfvrSvc/dtlEx/PTR000050672?administOrgCd=ALL,,,2025-01-23 09:30:53,2026-01-01 00:00:00,5,온통청년_OPEN_API_getPlcy,전북,결혼이민여성 취업지원 집단상담프로그램 참여를 통하여 경력단절 결혼이민 여성등의 근로의욕 고취와 구직능력향상을 도모하고 직업훈련 연계 및 취업알선 등 취업지원서비스 제공 맞춤형상담서비스 일자리
전북,"52000,45000",20250123005400110377,직업훈련 생계비대부사업,"장기미취업청년,대출,보조금,교육지원","취약계층(비정규직근로자, 전직실업자, 무급휴직자, 자영업자인 피보험자)이 생계비에 대한 부담 없이 장기간 체계적인 훈련을 받고 더 나은 일자리로의 취업을 할 수 있도록 생계비를 융자 신청할 수 있도록 함","○ 1인당 대부 한도액 : 1,000만 원 (특별고용지원업종 및 고용위기지역은 2,000만원) ○ 월별 대부 한도액 : 200만 원(최소 50만 원) ○ 상환 방법 : 1년 거치 3년, 2년 거치 4년, 3년 거치 5년 균등분할 상환 ○ 융자금리 : 연 1% ○ 최대 3년 거치 5년 균등 상환",일자리,취업,"일자리, 직무교육",일자리,,상시(2025.01.01~12.31.),"0세~0세 / 연령제한:Y 0043003 0 0 추가 신청자격요건 참고 ○ 고용노동부가 지원하는 훈련 중 140시간 이상 훈련에 참여하고 있는 비정규직 근로자 및 전직실업자, 무급휴직자, 피보험자인 자영업자 중 가구원 합산 소득이 기준중위소득의 80% 이하인 자 - 국가기간·전략산업직종 훈련 및 첨단산업 디지털 핵심 실무인재 양성훈련 참여자의 경우 기준 중위소득의 100%이하인 자 0011009 0013009 0049010 0055003",0세~0세 / 연령제한:Y,0043003 0 0 추가 신청자격요건 참고,근로복지공단 각 지역본부 및 지사 방문 또는 근로복지넷 온라인 신청(https://welfare.comwel.or.kr/service/default/svcs/login.do?mCode=M020040000),"직업훈련생계비 대부 신청서, 서약서, 훈련수강증, 주민등록등본, 개인정보 수집이용제공 동의서, 필요시 근로계약서(비정규직 근로자) 또는 무급휴직자 확인서(무급휴직자), 국세청 발급 사실증명 (만 20세이상 가구원 중 소득이 없는 경우), 소득금액증명(근로소득자용 또는 종합소득세 신고자용, 만 20세 이상 가구원에 해당), 기초생활수급자증명서 또는 차상위계층확인서(해당자에 한함), 보호종료확인서(해당자에 한함)",고용노동부,근로복지공단,https://welfare.comwel.or.kr/service/default/svcs/login.do?mCode=M020040000,https://www.gov.kr/portal/rcvfvrSvc/dtlEx/149200000037?administOrgCd=ALL,https://www.work24.go.kr/cm/c/f/1100/selecSystInfo.do?currentPageNo=1&recordCountPerPage=10&upprSystClId=SC00000057&systClId=SC00000058&systId=SI00000366,2025-01-23 09:14:15,2026-01-01 00:00:00,5,온통청년_OPEN_API_getPlcy,전북,직업훈련 생계비대부사업 취약계층 비정규직근로자 전직실업자 무급휴직자 자영업자인 피보험자 이 생계비에 대한 부담 없이 장기간 체계적인 훈련을 받고 더 나은 일자리로의 취업을 할 수 있도록 생계비를 융자 신청할 수 있도록 함 장기미취업청년 대출 보조금 교육지원 일자리
전북,"52000,45000",20250122005400110376,취업능력향상(행복오름) 프로그램,"교육지원,장기미취업청년","근로능력수급자의 근로의욕 증진과 경력설계를 돕기 위해, 대상자의 취업능력 향상을 지원하고 맞춤형 취업지원이 이루어질 수 있도록 마련된 프로그램","□ 매회 1.5시간 특강형태로 진행 □ 심리적 자립과 효율적 경력설계 노하우 습득을 지원하여 개인의 더 나은 삶을 설계할 수 있도록 구성 □ 프로그램 참여 후 고용복지+센터의 네트워크를 통해 복지부, 행안부, 고용부의 다양한 지원정책 활용이 가능",일자리,취업,"일자리, 직무교육, 복지, 참여 프로그램",일자리,,연중,"0세~0세 / 연령제한:Y 0043001 0 0 국민기초생활보장법에 따라 자치단체에서 의뢰한 수급자에 한하여 참여할 수 있고, 프로그램 참여 중 주어진 과제 또는 활동에 참여하지 않는 경우 참여 제한 가능 0011009 0013010 0049010 0055003",0세~0세 / 연령제한:Y,0043001 0 0,"□ (온라인) 고용24(work24.go.kr)에 로그인 후, """"취업지원 > 취업역량강화"""" 메뉴로 이동하여 구직자취업역량 강화프로그램 클릭, 참여 희망 고용센터 선택 신청 □ (오프라인) 가까운 고용센터를 방문하여 담당자 상담을 통해 희망 프로그램 참가 신청","온라인 신청서 제출 (단, 참가신청 확정 후, 필요한 제출서류가 있을 경우, 별도 안내)",고용노동부,한국고용정보원,https://work24.go.kr/wk/b/a/1120/empSchdInviteCtrList.do,https://work24.go.kr/wk/b/a/1110/retriveIntro.do,,2025-01-22 20:28:36,2026-01-01 00:00:00,5,온통청년_OPEN_API_getPlcy,전북,취업능력향상 행복오름 프로그램 근로능력수급자의 근로의욕 증진과 경력설계를 돕기 위해 대상자의 취업능력 향상을 지원하고 맞춤형 취업지원이 이루어질 수 있도록 마련된 프로그램 교육지원 장기미취업청년 일자리
전북,"52000,45000",20250122005400110369,구직급여,맞춤형상담서비스,고용보험 근로자가 실직하여 재취업 활동을 하는 기간에 소정의 급여를 지급함으로써 실업으로 인한 생계불안을 극복하고 생활의 안정을 도와주며 재취업의 기회를 지원해주는 제도,"* 1일 구직급여 지급액 1일 구직급여 지급액은 퇴직 전 3개월간의 1일 평균임금의 60퍼센트 상한액은 1일 66,000원 하한액은 1일 구직급여 수급액이 최저임금일액의 80퍼센트 미만인 경우에는 최저임금일액의 80퍼센트로 계산(1일 평균 소정근로시간이 8시간인 경우 2025.1.1. 이후 이직한 사람은 64,192원, 2024.1.1. 이후는 63,104원, 2023.1.1. 이후는 61,568원, 20191.1.~2020.12.31.에 이직한 사람은 60,120원) (이직일이 2019.10.1 이전은 1일 구직급여 수급액이 최저임금일액의 90퍼센트 미만인 경우에는 최저임금일액의 90퍼센트로 계산) 최저 구직급여일액은 가입종료일을 기준으로 해당연도 최저임금일액으로 계산 * 자영업자의 경우 구직급여, 직업능력개발수당, 광역구직활동비, 이주비는 적용되나, 연장급여, 조기재취업수당 등은 적용되지 않음 * 예상지급일 수 예상지급일 수는 퇴직 당시 연령 과 고용보험 가입기간에 따라 최소 120일에서 최대 270일까지로 계산 됩니다. 구직급여에 관하여 궁금하신 내용은 실업급여 상세 안내 페이지",일자리,취업,"일자리, 복지",일자리,,연중,"0세~0세 / 연령제한:Y 0043001 0 0 실업인정 차수별 재취업활동 횟수와 범위를 달리하고, 수급자별 특성에 맞게 차별하여 적용 0011009 0013010 0049010 0055003",0세~0세 / 연령제한:Y,0043001 0 0,실업(고용보험 피보험자격 상실) > 고용24 구직등록 > 거주지 관할 고용센터 방문 > 수급자격인정신청 > 구직급여신청 (지급요건 등 확인 work24.go.kr),거주지 관할 고용센터 방문시 별도 안내,고용노동부,한국고용정보원,,https://work24.go.kr,,2025-01-22 20:23:11,2026-01-01 00:00:00,5,온통청년_OPEN_API_getPlcy,전북,구직급여 고용보험 근로자가 실직하여 재취업 활동을 하는 기간에 소정의 급여를 지급함으로써 실업으로 인한 생계불안을 극복하고 생활의 안정을 도와주며 재취업의 기회를 지원해주는 제도 맞춤형상담서비스 일자리
전북,"52000,45000",20250122005400110368,직업심리검사,교육지원,"개인의 능력과 흥미, 성격 등 다양한 심리적 특성을 측정하여 자기 이해를 돕고 적합한 진로분야 선택을 돕기 위해 20여종의 심리검사 제공","□ 다양한 직업심리검사를 통해 개인의 능력과 흥미, 성격 등의 심리적인 특성들이 각 직업에서 요구하는 능력수준 및 특성에 얼마나 적합한지를 과학적인 방법으로 측정하여 보다 성공 가능성이 높고 만족할 만한 직업들을 탐색하도록 지원 □ 검사종류 ○ 청소년: 초등학생 진로인식검사, 청소년 직업흥미검사, 직업흥미탐색검사(간편형), 중학생 진로적성검사, 고등학생 적성검사, 청소년 인성검사, 중학생 진로발달검사, 고등학생 진로발달검사 ○ 성인 : 직업적성검사, 직업선호도검사(S형/L형), 준고령자 직업선호도검사, 대학생 진로준비도검사, 구직준비도검사, 영업직무 기본역량검사, IT직무 기본역량검사, 창업적성검사, 중장년 직업역량검사, 준고령자 구직상담검사 등 ○ 공통 : 직업가치관검사, 진로준비진단검사, 흥미로 알아보는 직업탐색 □ 검사 실시 후 전문 상담사에게 결과 해석 상담 가능",교육,미래역량강화,"일자리, 직무교육, 창업지원, 복지",일자리,,연중,0세~0세 / 연령제한:Y 0043001 0 0 0011009 0013010 0049010 0055003,0세~0세 / 연령제한:Y,0043001 0 0,"1. 고용24(work24.go.kr)에 접속하여 개인회원으로 로그인 2. ""취업지원>취업가이드>직업심리검사"" 메뉴로 이동하여 ""청소년용 직업심리검사 실시"" 또는 ""성인용 직업심리검사"" 클릭 3. 검사 선택 후 검사 실시 > 검사 완료 후 결과보기 또는 상담 신청",,고용노동부,한국고용정보원,https://www.work.go.kr/consltJobCarpa/jobPsyExam/jobPsyExamIntro.do,,,2025-01-22 20:09:16,2026-01-01 00:00:00,5,온통청년_OPEN_API_getPlcy,전북,직업심리검사 개인의 능력과 흥미 성격 등 다양한 심리적 특성을 측정하여 자기 이해를 돕고 적합한 진로분야 선택을 돕기 위해 20여종의 심리검사 제공 교육지원 일자리
전북,"52000,45000",20250122005400110355,해외취업정착지원금,"보조금,해외진출",해외취업에 성공한 도전적인 청년의 원활한 현지 정착과 장기근속을 위해 지원금 지급,□ 취업 후 1개월 : 250만원 □ 취업 후 6개월 : 100만원 □ 취업 후 12개월 : 150만원,일자리,취업,"일자리, 복지",일자리,,20250101 ~ 20251231,"15세~34세 / 연령제한:N 0043001 0 0 □ 만 34세 이하(89.1.1 이후 출생자)인 자 □ 신청자 본인, 부모, 배우자, 자녀의 합산소득이 6분위 이하인 자 ○ (미혼인 경우) 취업일자 전월 납입한 본인과 부모의 건강보험료 합산액이 기준 금액 이하인 자(장기요양보험료는 제외, 미납자는 부과액 기준) ○ (기혼인 경우) 취업일자 전월 납입한 신청자 본인, 배우자 및 자녀의 건강보험료 합산액이 기준 금액 이하인 자(장기요양보험료는 제외, 미납자는 부과액 기준) □ 월드잡플러스 사전 구직등록(회원가입) 후 근로계약서를 작성한 자(근로계약서 작성 전 입사한 경우는 입사일 기준으로 함) □ 21.2 년도 취업자는 홈페이지 취업일 해당자부터 본인 신청기한 내 신청 가능 □ 월드잡플러스 블랙리스트 등재 및 3년간 공단 해외취업 지원사업 참여 불가 □ 해외취업정착지원금(舊 해외취업성공장려금)을 이미 지원받은 경우(1차 지원금만 지원받은 경우에도 동일) 또는 동일 차수 중복지원 등 정착지원금 내 중복수혜가 발생한 경우 □ 지원금에 신청한 동일한 해외취업사실로 지방자치단체 유사사업을 지원받은 경우 □ [해외취업정착지원금 심의위원회]에서 지원 불가로 의결한 경우 0011009 0013010 0049010 0055003",15세~34세 / 연령제한:N,0043001 0 0,□ 모바일 신청 ○ 월드잡플러스 앱 설치 > 접속 > 회원가입 > 로그인 > 마이페이지 > 정착지원금 신청하기 클릭 □ PC 신청 ○ 월드잡플러스 홈페이지 접속 > 회원가입 > 로그인> 마이페이지 > 정착지원금 신청하기 클릭,지원금 신청시기별 상이( 관련사이트 사업공고 참조),고용노동부,한국산업인력공단,https://www.worldjob.or.kr/login/login.do?menuId=1000000574,https://www.worldjob.or.kr/,https://www.worldjob.or.kr/info/bbs/notice/view.do?menuId=1000006397&bbscttNo=192459&pageIndex=1&showItemListCount=10&orderByKey=&orderByType=&srchType=&srchTxt=%EC%A0%95%EC%B0%A9%EC%A7%80%EC%9B%90%EA%B8%88&srchType2=&srchType3=&srchType4=&srchType5=,2025-01-22 19:43:16,2026-01-01 00:00:00,5,온통청년_OPEN_API_getPlcy,전북,해외취업정착지원금 해외취업에 성공한 도전적인 청년의 원활한 현지 정착과 장기근속을 위해 지원금 지급 보조금 해외진출 일자리
전북,"52000,45000",20250122005400110354,고용유지지원금,보조금,"경기변동, 산업구조의 변화 등에 따른 경영악화 로 고용조정이 불가피하게 된 사업주가 근로자를 퇴직시키지 않고 고용유지조치(휴업, 휴직, 무급휴업, 휴직 등)를 실시하는 경우 지원금을 지원함으로써 근로자의 실업 예방 및 생계안정 유지","□ (지원한도 및 지원기간) 지원한도는 1일 상한액 6.6만원, 지원기간은 휴업.휴직을 합하여 연간 180일(무급휴업.휴직은 근로자별 재직기간 중 총 180일) □ (휴업) 1월간 총 근로시간의 20/100을 초과하여 휴업을 실시하고 휴업수당을 지급한 사업주에게 휴업수당의 2/3(대규모기업 1/2~2/3) 지원 ※ 특별고용지원업종, 고용위기지역은 휴업수당을 지급한 사업주에게 휴업수당의 9/10(대규모기업 2/3~3/4) □ (휴직) 근로자에게 1월 이상 휴직을 부여하고 휴직수당을 지급한 사업주에게 휴직수당의 2/3(대규모기업 1/2~2/3)를 지원 □ (무급휴업ㆍ휴직) 근로자 평균임금의 50% 범위 내에서 직업안정기관의 장이 결정하여 지원",일자리,취업,"일자리, 복지",일자리,,95년~계속,"0세~0세 / 연령제한:Y 0043001 0 0 □ 지원 요건 ○ 유급휴업: 1개월 단위 전체 피보험자 근로시간 대비 20% 초과 단축 ○ 유급휴직: 1개월 이상 근로 면제 ○ 무급휴업: 기준미달 휴업수당 지급에 대한 노동위원회 승인 필요, 30일 이상 실시, 기업규모별 최소 실시인원 충족 - 19명 이하: 50% 이상, 99명 이하: 10명 이상, 100~999명: 10% 이상, 1,000명 이상: 100명 이상 ○ 무급휴직 : 실시전 1년 이내 유급휴업 또는 피보험자의 20% 이상 유급휴직 3개월 실시 필요, 30일 이상 실시, 기업규모별 최소 실시인원 충족 - 99명 이하: 10명 이상, 100~999명: 10% 이상, 1,000명 이상: 100명 이상 □ 지원제한 사유 ○ 계획신고된 고용유지조치기간과 이후 1개월간 정리해고, 사업주 권유 희망, 명예퇴직 등 피보험자의 인위적인 감원이 있을 경우 ○ 고용유지조치 기간 중 신규채용하는 경우 ○ 3년이상 연속하여 같은 달에 고용유지조치를 실시하는 경우(매출액 감소 원인이 계절적으로 당연한 경우) ○ 과거 2년간 고용유지조치를 실시하고 지원금을 지원받은 경우, 해당 고용유지조치기간 종료일로부터 6개월내 피보험자의 10% 이상 고용조정시 신규지원 제한 ('24.7.1. 시행) ○ 계획변경신청 없이 제출된 계획과 다르게 실시한 경우 ○ 고용보험료가 연체된 경우 등 □ 지원제외 대상 근로자(고용유지조치 대상자) ○ 고용보험 피보험자격기간이 90일 이하인 자 ○ 일용근로자 ○ 근로기준법 제26조에 따라 해고가 예고된 자와 경영상 이유로 사업주 권고에 따라 퇴직이 예정된 자 ○ 사업주의 배우자 및 직계존·비속 관계인 자 0011009 0013010 0049010 0055003",0세~0세 / 연령제한:Y,0043001 0 0,"□ 고용유지조치계획서 제출 ※ 유급은 실시 전날까지 제출, 무급은 실시 30일 전까지 제출 □ 고용유지조치 실시 ※ 계획 변경시 변경예정일 전날까지(무급은 변경예정일 10일 전까지) 계획변경신고 □ 실시종료 후 1개월 이내 지 지원금 신청","□ 계획신고시 ○ 고용유지조치계획서 ○ 매출액 장부, 매출처별 세금계산서 합계표, 손익계산서 또는 세금계산서 등 고용조정이 불가피함을 입증하는 서류 ○ 노사협의회 회의록, 대상자명단, 노사협의서 또는 근로자대표 선임서 등 사업주가 근로자 대표와 협의했음을 증명하는 서류 ○ 취업규칙 또는 단체협약 등 소정근로시간 기준 확인가능 서류 ○ 반복 정형화된 연장근로시간 확인 가능 서류(유급휴업) ○ 파견 또는 도급관계 증명서류(파견ㆍ수급사업주) ○ 휴업수당 적용제외 노동위원회 승인서(무급휴업) □ 지원금 신청시 ○ 지원금 신청서 ○ 근로자 월별 임금대장 ○ 출퇴근 현황 증명서류(유급휴업) ○ 휴직수당지급대장 및 휴직 증명서류(유급휴직)",고용노동부,한국고용정보원,https://www.work24.go.kr,https://www.work24.go.kr,https://www.moel.go.kr,2025-01-22 19:38:03,2026-01-01 00:00:00,5,온통청년_OPEN_API_getPlcy,전북,고용유지지원금 경기변동 산업구조의 변화 등에 따른 경영악화 로 고용조정이 불가피하게 된 사업주가 근로자를 퇴직시키지 않고 고용유지조치 휴업 휴직 무급휴업 휴직 등 를 실시하는 경우 지원금을 지원함으로써 근로자의 실업 예방 및 생계안정 유지 보조금 일자리
전북,"52000,45000",20250122005400110353,꿈드림 공작소,교육지원,"대국민 공공인프라 개방 서비스로 국민의 직업능력개발을 위해 대국민 무료 기술교육 및 체험활동 지원, 러닝팩토리, 공유스튜디오 등 시설 장비 개방 등 지원","청소년 진로체험부터 영세 자영업자의 시제품 제작까지! ①소기업 소상공인 대상 콘텐츠 제작 교육 ② 미디어 창작활동을 위한 시제품 홍보 영상 촬영 지원 ③ 크로마키, 이러닝 스튜디오, 화상 회의실 등 시설 지원 ④ 영상 콘텐츠 제작과 경진대회 작품 제작 지원 - 모든 장비와 시설 이용료는 무료",일자리,재직자,"일자리, 직무교육",일자리,,연중,0세~0세 / 연령제한:Y 0043001 0 0 제한없음 제한없음 0011009 0013010 0049010 0055003,0세~0세 / 연령제한:Y,0043001 0 0,① 한국폴리텍대학 홈페이지 접속 ② 러닝팩토리 사용 예약 또는 공유스튜디오 사용 예약 신청 ① 가까운 폴리택 캠퍼스 방문 ② ‘꿈드림 공작소’ 담당자 문의 후 이용,,고용노동부,학교법인한국폴리텍 직업능력운영부,https://dream.kopo.ac.kr/home/reqstrcept/index.do,https://dream.kopo.ac.kr/,https://www.korea.kr/news/policyNewsView.do?newsId=148918293,2025-01-22 19:26:03,2026-01-01 00:00:00,5,온통청년_OPEN_API_getPlcy,전북,꿈드림 공작소 대국민 공공인프라 개방 서비스로 국민의 직업능력개발을 위해 대국민 무료 기술교육 및 체험활동 지원 러닝팩토리 공유스튜디오 등 시설 장비 개방 등 지원 교육지원 일자리
전북,"52000,45000",20250122005400110348,청년성장프로젝트(청년카페),"장기미취업청년,맞춤형상담서비스","청년의 구직활동 지원 및 쉬었음 전환 예방을 위해 고용노동부, 자치단체가 함께 미취업 청년 등에게 청년 친화적 인프라(청년카페) 및 맞춤형 프로그램 제공","◦ (청년카페 운영) 청년이라면 누구나 청년카페를 방문하여 공간 및 시설을 이용할 수 있고 초기상담 및 다양한 맞춤형 프로그램에 참여할 수 있습니다. ① (인프라 제공) 청년 1:1 상담 등에 필요한 청년 친화적 공간 및 시설 등 인프라 이용 ② (프로그램 참여) 초기상담을 통해 개인 맞춤형 프로그램 설계‧제안, 지역 청년의 일자리 상황 및 정주여건 등에 부합하는 다양한 프로그램 개설‧제공 * ▴’타로‘로 보는 나의 진로, ▴채용 트렌드 이해, ▴퍼스널컬러 및 이미지 메이킹을 통한 취업전략 세우기, ▴관계심리학으로 배우는 대화와 공감 스킬, 경력재설계 및 현직자 멘토링 등 지역별(운영기관) 톡톡튀는 프로그램을 무료로 참여할 수 있습니다. * 운영방식 및 운영 프로그램은 자치단체 및 운영기관별로 상이할 수 있습니다. ③ (후속 지원) 정부·지자체의 청년고용정책 안내 및 연계지원",일자리,취업,"일자리, 직무교육, 복지, 참여 프로그램",일자리,,상시,15세~34세 / 연령제한:N 0043001 0 0 ㅇ 청년 누구나 청년카페를 이용할 수 있으나 프로그램 참여자는 프로그램 이수 후 청년고용정책 연계가 가능한 대상으로 한정합니다. - 제외 대상 예시) 대학 등 진학을 예정하고 있는 청년 ◦15세 이상~34세 이하 미취업 청년 등 * 해당 기준에 포함되지 않더라도 지자체 조례 등에서 지원의 필요성이 있다고 인정하는 경우에는 자치단체별 목표인원의 30%까지 참여 가능 0011009 0013010 0049010 0055003,15세~34세 / 연령제한:N,0043001 0 0,운영기관 직접 방문(오프라인) 또는 고용24 홈페이지(www.work24.go.kr)를 통해 신청,,고용노동부,한국고용정보원,https://www.work24.go.kr/wk/v/a/1000/youngGrowIntro.do,https://youth-up.kr/growth,https://www.work24.go.kr/wk/v/a/1000/youngGrowIntro.do,2025-01-22 19:16:20,2026-01-01 00:00:00,5,온통청년_OPEN_API_getPlcy,전북,청년성장프로젝트 청년카페 청년의 구직활동 지원 및 쉬었음 전환 예방을 위해 고용노동부 자치단체가 함께 미취업 청년 등에게 청년 친화적 인프라 청년카페 및 맞춤형 프로그램 제공 장기미취업청년 맞춤형상담서비스 일자리
전북,"52000,45000",20250122005400110347,해외일경험 지원사업(WELL),해외진출,청년들에게 해외 일경험(Work Experience)을 통한 직무체험 학습(Learning) 기회를 제공함으로써 국내외 취업사다리(Ladder) 역할 수행으로 청년들의 해외 일경험을 지원하는 사업,"□ 프로그램 - 사전교육: 25시간 이상 직무소양교육 - 현지 일경험 : 2~4개월 직무체험 - 사후관리 : 현지 일경험 종료 후 6, 12개월 취업지원 등 □ 지원내용 - (참여청년) 국가별 지원금 및 월 체재비 지원 * 국가별 지원금(준비금) : 국가별 지원금의 70% (현지 일경험 개시) * 국가별 지원금(수료금) : 국가별지원금의 30% (현지 일경험 수료) * 체재비 : 월 150만원(28일 미만시 일할 계산, 1일단 53,570원) - 국가별지원금 : 미국(300), 캐나다/호주/뉴질랜드(200), 독일(150), 말레이시아(100), 일본/베트남/필리핀(50)",일자리,취업,"일자리, 직무교육, 복지, 참여 프로그램",일자리,,20250101 ~ 20251230,"15세~34세 / 연령제한:N 0043001 0 0 운영형태 * 공모형(운영기관) : 공모를 통해 선정된 운영기관이 해외기업을 발굴하고 기업과 협약을 통해 국내 청년들에게 해외 일경험 프로그램 제공 * 프로젝트형(공단) : 공단이 직접 또는 협업기관과 함께 해외기업을 발굴하고 기업과 협약을 통해 국내 청년들에게 해외 일경험 프로그램 제공 ※ 프로젝트형 내 자체형(공단이 기업발굴), 협업형(협업기관이 발굴) 구성 정부재정지원 사업 중복 참여자 제외 0011009 0013010 0049010 0055003",15세~34세 / 연령제한:N,0043001 0 0,"월드잡 플러스> 채용·모집 > 해외일경험(WELL) 클릭 후, 관심공고 지원",,고용노동부,한국산업인력공단,https://www.worldjob.or.kr/advnc/wellStrnList.do?menuId=1000006608,https://www.youthcenter.go.kr/board/boardDetail.do?bbsNo=3&ntceStno=1102&pageUrl=board%2Fboard,,2025-01-22 18:01:05,2026-01-01 00:00:00,5,온통청년_OPEN_API_getPlcy,전북,해외일경험 지원사업 WELL 청년들에게 해외 일경험 Work Experience 을 통한 직무체험 학습 Learning 기회를 제공함으로써 국내외 취업사다리 Ladder 역할 수행으로 청년들의 해외 일경험을 지원하는 사업 해외진출 일자리
전북,"52000,45000",20250122005400110346,청년도전지원사업,"장기미취업청년,보조금","구직단념청년 등에게 구직의욕 고취 및 자신감 강화를 위한 맞춤형 프로그램 제공, 참여자에게 참여수당.인센티브 지급","□ 단기프로그램 ㅇ 사업운영기간: 5주 이상 ㅇ 참여수당: 1인당 50만원 ㅇ 이수 인센티브, 취업 인센티브: 없음 □ 중기 프로그램 ㅇ 사업운영기간: 15주 이상 ㅇ 참여수당: 1인당 150만원(50만원x3회) ㅇ 이수 인센티브: 이수 시 20만원 ㅇ취업 인센티브: 이수 후 6개월 이내 취업하고 3개월 근속 시 50만원 □ 장기 프로그램 ㅇ 사업운영기간: 25주 이상 ㅇ 참여수당: 1인당 250만원(50만원×5회) ㅇ 이수 인센티브: 이수 시 20만원, 취업관련 활동 시 30만원(국취Ⅰ유형은 국취참여수당으로 대체) ㅇ취업 인센티브: 이수 후 6개월 이내 취업하고 3개월 근속 시 50만원",일자리,취업,"일자리, 직무교육, 복지, 참여 프로그램",일자리,,"사업 운영기간: 단기 프로그램 5주 이상, 중기 프로그램 15주 이상, 장기 프로그램 25주 이상","18세~34세 / 연령제한:Y 0043001 0 0 □ (구직단념청년) 사업 신청일 이전 6개월 이상 취업.교육.직업훈련 참여 이력이 없고*, 구직단념청년 상담원 문답표(붙임 1) 21점 이상(30점 만점)인 만 18~34세 청년 * 취업은 고용보험DB 상용직 기준, 교육.직업훈련은 HRD-Net 기준으로 자격 확인 ※ 다만, 고등학교 졸업 또는 졸업 예정자로 상급학교에 진학하지 않거나, 취업 의지가 낮은 자는 사업 신청일 이전 6개월 이상 취업.교육.직업훈련 참여 이력이 있어도 참여 가능 ※ 6개월 이내 의무복무 예정자 또는 군인(사회복무요원) 참여 불가 ※ 군 경력자는 복무기간에 비례하여 참여 제한 연령을 연동하여 적용(최고 만 39세로 한정) □ (자립준비청년*) 아동복지시설 등**에서 보호받고 퇴소한 자 중 퇴소 5년 이내의 청년 또는 퇴소 대상자임에도 불구하고 퇴소일을연장한 만 18~34세 청년 * 「보호종료아동 지원강화 방안(′21.7)」에 따라 향후 보호종료아동의 명칭을 ‘자립준비청년’ 등으로 변경 ** 아동양육시설, 공동생활가정, 가정위탁, 아동보호치료시설, 자립지원시설 등 □ (청소년복지시설 입.퇴소 청년) ?청소년복지 지원법? 제31조에 따른 청소년복지시설*에서 보호한 만 18~34세 청년 * 청소년쉼터, 청소년자립지원관, 청소년회복지원시설 등 □ (북한 이탈 청년) 북한을 이탈한 자*로서 만 18~34세 청년 * 군사분계선 이북지역(“북한”)에 주소, 직계가족, 배우자, 직장 등을 두고 있는 자로서 북한을 벗어난 후 외국 국적을 취득하지 아니한 사람 □ (지역특화청년) 위 참여자에 해당하지 않는 청년 또는 지자체 조례 등에서 지원의 필요성이 있다고 인정하는 청년(단기, 중기, 장기 프로그램별 참여인원의 최대 30%까지 참여 가능) ※ 사업계획 수립 시 지역특화의 기준을 작성?제출하고 심사 시 적정성 여부를 확인 및 보완하며, 추후 주요 내용 변경 시 고용노동(지)청에 변경 승인을 받아 운영 □ (공통) 참여자에 해당하더라도 다음의 어느 하나에 해당하는 자는 청년도전지원사업 참여를 제한 ㅇ고용보험법에 따른 구직급여를 받고 있거나 구직급여의 지급이 끝난 날부터 6개월이 지나지 아니한 자* * 다만, 고용보험에 가입되어 구직급여 수급자격을 갖춘 경우라도 구직급여를 수급하지 않으면 참여 가능 ㅇ 국민취업지원제도에 참여하여 수혜 중인 자 ㅇ 사이버대학교, 대학원, 방송통신고등(대)학교 등 재학생 □ (단기 프로그램) 참여요건 충족 시 재참여 가능(이수자 재참여 시 참여수당 등 중복지급 불가) 참여요건 충족 시 재참여 가능(이수자 재참여 시 참여수당 등 중복지급 불가) ㅇ 단기 프로그램 참여 후 종료된 자는 종료일로부터 6개월 경과 후에 중기.장기 프로그램 참여 가능(단, 당해연도 중복 참여 불가) ※ 중기, 장기 프로그램 이수자는 단기프로그램 재참여 불가 □ (중장기 프로그램) 국가 또는 지자체의 유사사업에 참여하여 수당* 등을 지원받은 자로서 수당 지급이 끝난 날부터 6개월이 지나지 아니한 자는 참여 제외 * 월평균 50만 원 이상 또는 총 300만 원 이상 ※ 6개월 산정 시점은 신청일 기준 - ‘중기, 장기 프로그램’ 참여 후 종료된 자는 종료일(이수일 또는 중도탈락일)로부터 1년 경과 후 같은 프로그램 재참여 가능 ※ 단 중기, 장기 프로그램 중도탈락자 중 참여수당 지급받은 이력이 없는 자는 참여대상 요건 충족 시 참여 가능 0011009 0013010 0049010 0055003",18세~34세 / 연령제한:Y,0043001 0 0,신청방법 ① 고용24 홈페이지 접속하여 회원가입 후 구직회원 전환 * 구직회원 전환 방법: 회원가입 후 [마이페이지] ▷ [이력서관리/구직신청] ▷ [워크넷 구직신청] ▷ [나의 구직신청정보 입력 후 구직신청하기] ② 고용24 홈페이지 접속하여 로그인 후 ‘고용복지정책’ 탭 내 ‘청년도전지원사업’ 클릭 또는 아래 신청하기 클릭 → [고용24 청년도전 신청하기] ③ 지원대상 및 청년센터 확인 후 신청 누르기 ④ 개인정보 입력 및 계좌번호 입력하기 ⑤ 개인정보동의 및 통장사본 등록 ⑥ 신청기관 선택하기,,고용노동부,고용노동부,https://www.work.go.kr/youngChallenge/index.do,http://www.moel.go.kr/policy/policyinfo/young/list18.do,https://www.work.go.kr/youngChallenge/retrieveCdjOperOrgPopup.do,2025-01-22 17:17:48,2026-01-01 00:00:00,5,온통청년_OPEN_API_getPlcy,전북,청년도전지원사업 구직단념청년 등에게 구직의욕 고취 및 자신감 강화를 위한 맞춤형 프로그램 제공 참여자에게 참여수당 인센티브 지급 장기미취업청년 보조금 일자리
전북,"52000,45000",20250121005400110344,2025년 전국민마음투자지원사업,"맞춤형상담서비스,바우처","우울.불안 등 정서적 어려움이 있는 국민에게 대화 기반의 전문 심리상담 서비스를 제공하여, 국민의 마음건강을 돌보는 정책","□ 서비스 내용 ○ (지원내용) 총 8회, 전문 심리상담 서비스(바우처) 제공(회당 최소 50분 이상) ○ (지원기간) 바우처 생성일로부터 120일 □ 서비스 계약 ○ 이용자가 직접 주소지 관계없이 원하는 제공기관 선택 후 계약체결 ※ 제공기관 검색: 사회서비스 전자바우처 포털(www.socialservice.or.kr) □ 서비스 가격 ○ (서비스 단가) 1회당 1급 유형 8만원, 2급 유형 7만원 ※ 제공인력 자격기준에 따라 서비스 유형(1급/2급) 구분 ○ (본인부담금) 소득수준별 0~30%(1회, 0 ~ 최대 24,000원)",복지문화,건강,복지,복지,20250101 ~ 20251231,2025년 1월 1일 ~ 2025년 12월 31일(예산 소진 시까지),"0세~0세 / 연령제한:Y 0043001 0 0 ○ (대상) 지원 대상 기준을 충족한 자(※ 만 19세 미만 자는 보호자 동의 필요) ○ (신청권자) 본인, 친족, 법정대리인, 담당공무원(직권신청) ○ 약물·알콜중독, 중증 정신질환(예: 조현병 등), 심각한 심리적 문제(급박한 자살위기 등)로 정신건강의학과(이하 '정신과') 진료가 우선적으로 필요한 경우 등 참여 제한 0011009 0013010 0049010 0055003",0세~0세 / 연령제한:Y,0043001 0 0,"○ (방문신청) 증빙서류 지참, 주민등록상 거주지 읍·면·동 행정복지센터 방문하여, 서비스 유형(1급 또는 2급) 결정 후 신청 ○ (온라인 신청) 복지로(www.bokjiro.go.kr)를 통해 온라인 신청(단, 만 19세 이상 본인만 온라인 신청 가능) ※ 온라인 신청도 서비스 유형(1급 또는 2급) 결정 및 증빙서류 업로드 필요",※ 첨부파일(2025년 전국민마음투자지원사업 안내 등) 상 지원대상별 증빙서류 참조,보건복지부,국민건강보험공단 본부,https://www.bokjiro.go.kr/ssis-tbu/twataa/wlfareInfo/moveTWAT52011M.do?wlfareInfoId=WLF00005567,https://www.mohw.go.kr/board.es?mid=a10409020000&bid=0026&act=view&list_no=1484194,https://www.socialservice.or.kr:444/user/htmlEditor/view2.do?p_sn=71,2025-01-21 10:35:15,2025-02-19 10:16:47,5,온통청년_OPEN_API_getPlcy,전북,2025년 전국민마음투자지원사업 우울 불안 등 정서적 어려움이 있는 국민에게 대화 기반의 전문 심리상담 서비스를 제공하여 국민의 마음건강을 돌보는 정책 맞춤형상담서비스 바우처 복지
전북,"52000,45000",20250117005400210327,청년 버스킹 활성화 사업,교육지원,○ 청년예술가에게 창작활동의 장을 제공하고 지역주민에게 품격 높은 공연을 제공하여 지역 활력 제고 ○ 거리공연 문화의 발판을 마련하여 청년 문화예술 활성화 도모,"ㅇ (목적) 청년예술가에게 창작활동의 기회 제공 및 품격 높은 청년 거리예술 공연 개최를 통한 지역활력 제고 ㅇ (대상) 전국 청년예술팀(부산 거주 팀원 비율에 따라 심사 시 가산점 부여) ㅇ (주요내용) 사전심사를 거쳐 송도해수욕장, 구덕운동장 등 버스킹 행사 개최 지원 및 출연료 지급 ㅇ (전달체계) 직접사업",복지문화,예술인지원,"직무교육, 복지",직무교육,20250820 ~ 20250903,2025년 10월 (예정),19세~34세 / 연령제한:N 0043001 0 0 구성원의 50% 이상이 19~34세인 청년예술팀(전국 공모) 0011009 0013010 0049010 0055003,19세~34세 / 연령제한:N,0043001 0 0,"모집대상: 구성원의 50% 이상이 19~34세인 청년예술팀(전국 공모) 모집방법: 담당자 메일 또는 방문 접수 - 제출서류: 참가신청서, 예술인(단체) 소개 및 명단, 공연 및 프로그램 소개, 개인정보이용 동의서, 공연 동영상 등 - 동영상 규격: mov, mp4, avi 등 동영상 파일 또는 링크(5분 이내 분량","참가신청서, 예술인(단체) 소개 및 명단, 공연 및 프로그램 소개, 개인정보이용 동의서, 공연 동영상 등 - 동영상 규격: mov, mp4, avi 등 동영상 파일 또는 링크(5분 이내 분량",주민복지국,주민복지국,,,,2025-01-17 11:41:22,2025-02-04 13:37:13,5,온통청년_OPEN_API_getPlcy,전북,청년 버스킹 활성화 사업 청년예술가에게 창작활동의 장을 제공하고 지역주민에게 품격 높은 공연을 제공하여 지역 활력 제고 거리공연 문화의 발판을 마련하여 청년 문화예술 활성화 도모 교육지원 직무교육
전북,"52000,45000",20250116005400110308,공공외교 현장 실습원,해외진출,청년들에게 해외 공공외교 현장 체험 기회를 제공하여 공공외교에 대한 이해를 제고하고 우리 청년들의 해외진출을 지원,"전세계에 있는 대한민국 재외공관에 약 100명의 공공외교 현장실습원을 6개월간 파견, 외국 현지 근무 경험을 통해 국제 업무 능력을 증진하여 차세대 국제교류인력을 양성하고, 취업에 필요한 능력을 배양",참여권리,청년국제교류,"일자리, 주거지원, 참여 프로그램",일자리,20250301 ~ 20250430,2013년~계속,19세~34세 / 연령제한:N 0043001 0 0 0011009 0013010 0049010 0055003,19세~34세 / 연령제한:N,0043001 0 0,별도 시스템 상 지원 접수,모집 관련 공지사항 참고,외교부,외교부,https://mofa-hmlk.com,,,2025-01-16 14:23:01,2025-04-01 09:12:08,5,온통청년_OPEN_API_getPlcy,전북,공공외교 현장 실습원 청년들에게 해외 공공외교 현장 체험 기회를 제공하여 공공외교에 대한 이해를 제고하고 우리 청년들의 해외진출을 지원 해외진출 일자리
전북,"52000,45000",20250115005400110296,행복도시 공동캠퍼스의 안정적인 정착 지원,교육지원,인재 양성을 위한 캠퍼스 조성과 장단기 성장기반 마련을 병행하여 도시 지속적 성장을 위한 새로운 성장동력 확보,"(단기) 공동캠퍼스 개교('24.9) 이후 공동캠퍼스의 안정적 정착 및 성공적 운영을 위해 운영법인 및 입주대학과 협업 강화 (장기) 공동캠퍼스 소유·운영방안 마련을 통한 공동캠퍼스 안정화, 공동캠퍼스 교육 네트워크 구축을 통한 창의융합형 인재 양성","일자리,교육","취업,미래역량강화","일자리, 직무교육, 참여 프로그램",일자리,,사업기간 계속,0세~0세 / 연령제한:Y 0043001 0 0 기타 자세한 사항은 사업담당자에게 문의 0011009 0013010 0049010 0055003,0세~0세 / 연령제한:Y,0043001 0 0,,,도시성장촉진과,행정중심복합도시건설청 기획조정관 기획재정담당관,,https://happydorm.or.kr/sejong,,2025-01-15 17:33:59,2026-01-01 00:00:00,5,온통청년_OPEN_API_getPlcy,전북,행복도시 공동캠퍼스의 안정적인 정착 지원 인재 양성을 위한 캠퍼스 조성과 장단기 성장기반 마련을 병행하여 도시 지속적 성장을 위한 새로운 성장동력 확보 교육지원 일자리
전북,"52000,45000",20250115005400110285,스타트업AI기술인력 양성(이어드림스쿨),"중소기업,교육지원,벤처",청년 대상 AI 실무 교육 및 관련 스타트업 취업 연계 지원,청년 대상 AI 실무 교육 및 관련 스타트업 취업 연계 지원,일자리,취업,"일자리, 직무교육, 창업지원",일자리,20250123 ~ 20250223,20250313 ~ 20251231,18세~39세 / 연령제한:N 0043001 0 0 0011009 0013003 0049010 0055003,18세~39세 / 연령제한:N,0043001 0 0,,,중소벤처기업부,중소벤처기업부,,,,2025-01-15 15:48:40,2025-01-15 21:09:21,5,온통청년_OPEN_API_getPlcy,전북,스타트업AI기술인력 양성 이어드림스쿨 청년 대상 AI 실무 교육 및 관련 스타트업 취업 연계 지원 중소기업 교육지원 벤처 일자리
전북,"52000,45000",20250115005400210277,청년미디어타워 운영,교육지원,청년 미디어 타워를 운영하여 청년 미디어 창작활동 지원,"· 미디어 생산을 위한 녹음·영상 스튜디오 사용(대여-유료) · 중·고등학생 미디어 제작 체험 프로그램 지원 · 레코딩 체험 : 참여자가 원하는 노래를 골라 직접 부르고, 녹음까지 체험해 볼 수 있는 미디어 제작 체험 지원 · 교내 밴드동아리 앨범 제작 :교내 밴드동아리를 대상으로 앨범 녹음 체험 지원 및 결과물 CD 제작",복지문화,예술인지원,"직무교육, 복지, 참여 프로그램",직무교육,,2025.1월~12월,0세~0세 / 연령제한:Y 0043001 0 0 0011009 0013010 0049010 0055003,0세~0세 / 연령제한:Y,0043001 0 0,,,남동구,인천광역시 남동구 정책기획국,,,,2025-01-15 15:09:26,2026-01-01 00:00:00,5,온통청년_OPEN_API_getPlcy,전북,청년미디어타워 운영 청년 미디어 타워를 운영하여 청년 미디어 창작활동 지원 교육지원 직무교육
전북,"52000,45000",20250115005400110272,특수거래분야 소비자 보호,교육지원,청년층을 대상으로 발생하는 불법 다단계 사기 범죄에 대한 홍보 및 교육을 통해 선제적 피해 예방 및 청년층 권익증진 도모,"불법 피라미드에 대한 경각심을 갖도록 대중교통 수단, 유튜브, SNS 등 다양한 매체를 통한 홍보 실시",참여권리,권익보호,"직무교육, 참여 프로그램",직무교육,,'25년 연중,19세~34세 / 연령제한:N 0043001 0 0 0011009 0013010 0049010 0055003,19세~34세 / 연령제한:N,0043001 0 0,,,공정거래위원회,공정거래위원회,,,,2025-01-15 14:21:45,2026-01-01 00:00:00,5,온통청년_OPEN_API_getPlcy,전북,특수거래분야 소비자 보호 청년층을 대상으로 발생하는 불법 다단계 사기 범죄에 대한 홍보 및 교육을 통해 선제적 피해 예방 및 청년층 권익증진 도모 교육지원 직무교육
전북,"52000,45000",20250115005400110269,디지털숲가꾸기,장기미취업청년,"청년 일자리를 통한 국공사유림 과거 산림경영활동(조림, 숲가꾸기 등) 데이터를 수집하고 공간정보를 구축","2025년 디지털숲가꾸기 사업을 통해 과거 국,공,사유림 산림경영활동 데이터 수집 및 공간정보 DB구축 사업을 진행함에 있어 취업준비생의 청년들을 대상으로 일자리 창출 예정",일자리,취업,"일자리, 직무교육",일자리,20250401 ~ 20251130,20250401 ~ 20251219,19세~39세 / 연령제한:N 0043001 0 0 0011005 0013003 0049010 0055003,19세~39세 / 연령제한:N,0043001 0 0,,,산림청,한국임업진흥원,,,,2025-01-15 13:21:06,2025-03-27 16:52:41,5,온통청년_OPEN_API_getPlcy,전북,디지털숲가꾸기 청년 일자리를 통한 국공사유림 과거 산림경영활동 조림 숲가꾸기 등 데이터를 수집하고 공간정보를 구축 장기미취업청년 일자리
전북,"52000,45000",20250115005400110263,온국민평생배움터 구축 및 운영,교육지원,"학습자가 다양한 평생교육 콘텐츠를 맞춤형으로 제공받고, 학습·훈력 이력을 통합 관리하여 연계·활용할 수 있는 평생교육 종합정보시스템 구축 및 운영",(컨텐츠 제공) 다양한 평생교육·훈련을 망라하는 양질의 온라인 컨텐츠를 맞춤형으로 제공 (학습이력관리) 각 플랫폼에 산재되어 있는 학습이력을 개인이 통합 관리할 수 있도록 연계·공유 (학습결과 활용) 개인의 학습결과를 학점·학위 취득 또는 취업·고용에 활용할 수 있도록 증명서 발급,교육,온라인교육,"일자리, 직무교육",일자리,,2025-01-01~,0세~0세 / 연령제한:Y 0043001 0 0 0011009 0013010 0049010 0055003,0세~0세 / 연령제한:Y,0043001 0 0,,,교육부,국가평생교육진흥원,https://www.all.go.kr,https://www.all.go.kr,,2025-01-15 10:28:41,2026-01-01 00:00:00,5,온통청년_OPEN_API_getPlcy,전북,온국민평생배움터 구축 및 운영 학습자가 다양한 평생교육 콘텐츠를 맞춤형으로 제공받고 학습 훈력 이력을 통합 관리하여 연계 활용할 수 있는 평생교육 종합정보시스템 구축 및 운영 교육지원 일자리
전북,"52000,45000",20250114005400110248,우수학생 국가장학금(예술체육비전 장학금),보조금,전공분야별로 재능과 소질을 개발하여 예술 및 체육 분야를 선도할 수 있는 인재로 육성하기 위해 학자금 지원,"□ Ⅰ유형: 매학기 등록금 전액, 생활비(250만 원/학기) □ Ⅱ유형: 매학기 등록금 전액 ○ 등록금 범위: 입학금, 수업료로 명시된 항목만 지원 ※ 등록금 일부를 지원받는 국가유공자, 보훈대상자, 탈북대학생 등의 경우 학생 부담분만 지원 ○ 생활비(I유형): 선발 후 최초 학기는 별도 기준 없이 생활비를 지원하고, 차학기부터 계속지원 기준 충족자 중 직전학기 성적 백분위 92점 이상 취득 시 지원 □ 기초생활수급자 추가 지원(생활비 250만 원/학기)",교육,미래역량강화,"직무교육, 복지",직무교육,20250319 ~ 20250404,20250101 ~ 20251231,0세~0세 / 연령제한:Y 0043001 0 0 0011006 0013010 0049005 0055003,0세~0세 / 연령제한:Y,0043001 0 0,1. 대학/학생 - [대학] ‘사업참여’ 신청(재단 대학/기관관리자 학자금지원시스템) - [학생] 희망자 사전신청(재단홈페이지 필수서류 제출) 2. 한국장학재단 : 대학별 배정인원 안내 3. 대학/학생 - [대학] 자체선발기준에 의거 장학생 선발·추천 - [학생] 추천대상자 추가신청(재단 홈페이지 필수서류 제출) ※ 대상 : 대학 자체선발기준에 따라 장학생으로 추천된 자 중 사전신청기간 내 미신청자 4. 한국장학재단 - 대학추천자 자격심사 - 장학생 최종 선정 및 발표 - 장학금 지원(소속대학으로 일괄 지급),"□ 「예술체육비전장학금 학업계획서」작성하여 온라인 제출 ※ 예술·체육 분야로의 진로설계 및 비전, 사회공헌 노력 실적 및 계획 등 기재 ※ 소속대학에서 자체선발기준에 따라 요청하는 서류가 있는 경우 대학에서 정하는 절차에 따라 대학으로 제출",교육부,한국장학재단,https://www.kosaf.go.kr/ko/scholar.do?pg=scholarship05_15_01,https://www.kosaf.go.kr,,2025-01-14 15:22:06,2025-01-17 09:15:11,5,온통청년_OPEN_API_getPlcy,전북,우수학생 국가장학금 예술체육비전 장학금 전공분야별로 재능과 소질을 개발하여 예술 및 체육 분야를 선도할 수 있는 인재로 육성하기 위해 학자금 지원 보조금 직무교육
전북,"52000,45000",20250114005400110246,유엔자원봉사단(UNV) 파견,해외진출,"대학교 졸업생들을 대상으로 유엔 현장사무소에서 UNV 봉사단(전문 및 청년)으로 근무하도록 하여 기술 습득, 네트워킹 확대 및 국제적 경험 기회 제공","ㅇ 정부 지원하 국제기구 현장사무소에 봉사단으로 파견 ㅇ 최초 1년 파견 후 근무 평가, 예산 사정 등을 종합 고려해 최대 1년(청년봉사단 6개월) 파견 연장 ㅇ 전문봉사단 28명 및 청년봉사단 32명",참여권리,청년국제교류,참여 프로그램,참여 프로그램,,2013년~계속,"22세~29세 / 연령제한:N 0043001 0 0 ㅇ 대한민국 국민 ㅇ 직위별로 상이하나 영어 외 제2외국어(프랑스어, 스페인어, 아랍어 등) 요구 가능 ㅇ (청년봉사단) 만 22세 이상 만 29세 이하 ㅇ (전문봉사단) 만 27세 이상, 유관 업무 경력 3년 - 과거 우리정부 지원을 통해 UNV 청년봉사단원 또는 전문봉사단원으로 국제기구에 파견되지 아니한 자 0011009 0013010 0049007 0055003",22세~29세 / 연령제한:N,0043001 0 0,UNV 지원 홈페이지(Unified Volunteer Platform) 접수,국제기구 직위별 직무기술서에서 요구하는 서류,외교부,외교부,https://app.unv.org,https://unrecruit.mofa.go.kr,,2025-01-14 15:01:30,2026-01-01 00:00:00,5,온통청년_OPEN_API_getPlcy,전북,유엔자원봉사단 UNV 파견 대학교 졸업생들을 대상으로 유엔 현장사무소에서 UNV 봉사단 전문 및 청년 으로 근무하도록 하여 기술 습득 네트워킹 확대 및 국제적 경험 기회 제공 해외진출 참여 프로그램
전북,"52000,45000",20250114005400110245,국제기구초급전문가(JPO) 파견,해외진출,국제기구 정규직원과 동등한 조건의 근무를 통해 국제기구 진출에 필요한 전문인력 양성 도모 및 우리 국민의 국제기구 진출 확대 지원,ㅇ 국가의 비용 부담 하에 유엔 및 관련 국제기구에 우리 국민을 국제기구 정규직원과 동등한 조건으로 파견 ㅇ 국제기구와의 협정에 의거하여 우리 정부가 보수 및 행정비용 부담,참여권리,청년국제교류,"직무교육, 참여 프로그램",직무교육,20250601 ~ 20250831,1996년~계속,"0세~32세 / 연령제한:N 0043001 0 0 ㅇ 대한민국 국민 ㅇ 연령 : 만 32세 이하 (군필자의 경우 『제대군인지원에관한범률』 및 『병역법』을 준용하여 응시 상한연령 연장) ㅇ 남자의 경우 병역필, 면제자 또는 시험 시행 연도 12월 31일까지 전역 예정인 자 0011009 0013010 0049007 0055003",0세~32세 / 연령제한:N,0043001 0 0,파견대상 국제기구 서류 접수(홈페이지 또는 이메일),"ㅇ 영문 이력서 ㅇ 대학교 졸업증명서 또는 학위 증명서(영문) ㅇ 영어능력검정시험 성적표: 원서접수 마감일까지 유효한 아래 4개 중 1개 성적표에 한해 접수, 성적 유효기간은 응시일로부터 2년 - TOEFL iBT(100점 이상) - TEPS(430점 이상) - IELTS(7점 이상) - TOEIC(900점 이상) ㅇ 주민등록등본(영문) ㅇ 병적증명서 또는 전역예정증명서(영문)(남성 응시자에 한함) ㅇ 국민기초생활수급자 증명서(국문) 및 영문 번역본(공증필)(저소득층 지원자로 인정받고자 하는 응시자에 한함) ㅇ 장애인증명서 국·영문본(장애인 지원자로 인정받고자 하는 응시자에 한함) ㅇ 기타 국제기구 직위별 직무기술서에서 요구하는 서류",외교부,외교부,https://unrecruit.mofa.go.kr,,,2025-01-14 14:45:38,2025-01-15 10:02:26,5,온통청년_OPEN_API_getPlcy,전북,국제기구초급전문가 JPO 파견 국제기구 정규직원과 동등한 조건의 근무를 통해 국제기구 진출에 필요한 전문인력 양성 도모 및 우리 국민의 국제기구 진출 확대 지원 해외진출 직무교육
전북,"52000,45000",20250114005400110244,우수학생 국가장학금(인문 100년 장학금),보조금,인문사회계열 우수학생에게 학자금을 지원하여 인문학 소양을 갖춘 인재를 양성할 수 있도록 지원,"□ 신규장학생 ○ 전공탐색 : 인문사회계열 학과(부) 1학년 재학생(신입생) - Ⅰ유형 : 최대 4년간 장학금(등록금 전액, 생활비(250만 원/학기)) - Ⅱ유형 : 최대 4년간 장학금(등록금 전액) ○ 전공확립 : 인문사회계열 학과(부) 3학년 재학생 - Ⅰ유형 : 최대 2년간 장학금(등록금 전액, 생활비(250만 원/학기)) - Ⅱ유형 : 최대 2년간 장학금(등록금 전액) □ 공통지원 - Ⅰ유형 : 매학기 등록금 전액, 생활비(250만 원/학기) - Ⅱ유형 : 매학기 등록금 전액 - 등록금 범위: 입학금, 수업료로 명시된 항목만 지원 ※ 등록금 일부를 지원받는 국가유공자, 보훈대상자, 탈북대학생 등의 경우 학생 부담분만 지원 - 생활비(I유형): 선발 후 최초 학기는 별도 기준 없이 생활비를 지원하고, 차학기부터 계속지원 기준 충족자 중 직전학기 성적 백분위 92점 이상 취득 시 지원 □ 기초생활수급자 추가지원 ○ Ⅰ유형 : 생활비(250만 원/학기) ○ Ⅱ유형 : 생활비(250만 원/학기) - 기초생활수급자 범위: 생계급여 일반수급자, 생계급여 조건부 수급자, 의료급여 수급자, 보장시설 수급자 ※ 보건복지부 연계 확인 불가 시, 심사기간 내 수급자증명서 제출 필요(서류제출일 기준 1개월 이내 발급된 본인 명의 서류만 인정, 공문 제출) ※ 장학생으로 확정된 연도의 지원내용 및 금액 적용(소급적용 불가)",교육,미래역량강화,"직무교육, 복지",직무교육,20250319 ~ 20250404,20250101 ~ 20251231,"0세~0세 / 연령제한:Y 0043001 0 0 0011001,0011002 0013010 0049005 0055003",0세~0세 / 연령제한:Y,0043001 0 0,"□ 사전신청 ○ 신청대상 : 대한민국 국적의 인문사회계역 학과(부)에 재학 중인 1학년 신입생(전공탐색유형) 또는 3학년(전공확립유형) ○ 신청방법 : 한국장학재단 홈페이지에서 학생 사전신청기간 내 온라인 신청 및 필수서류 제출 □ 추가신청 ○ 신청대상 : 대학 내 자체선발기준에 따른 심사 후, 신규장학생 추천대상자로 선발된 학생(단, 사전신청기간 내 신청완료자 제외) ○ 신청방법 : 한국장학재단 홈페이지에서 추천대상자 추가 신청기간 내 온라인 신청 및 필수서류 제출",,교육부,우수장학부,https://www.kosaf.go.kr/ko/scholar.do?pg=scholarship05_07_01,https://www.kosaf.go.kr,,2025-01-14 14:32:38,2025-01-17 09:28:57,5,온통청년_OPEN_API_getPlcy,전북,우수학생 국가장학금 인문 100년 장학금 인문사회계열 우수학생에게 학자금을 지원하여 인문학 소양을 갖춘 인재를 양성할 수 있도록 지원 보조금 직무교육
전북,"52000,45000",20250114005400110236,국가장학금Ⅰ유형(학생직접지원형),보조금,경제적 여건과 관계없이 누구나 의지와 능력에 따라 고등교육 기회를 가질 수 있도록 소득연계형 국가장학금 지원,"학자금 지원구간별로 해당 학기 등록금 필수경비(입학금, 수업료)를 초과하지 않는 범위 내에서 차등지원 - 기초/차상위: 학기별 최대지원금액(전액), 연간 최대지원금액(전액) - 1~3구간: 학기별 최대지원금액(300만원), 연간 최대지원금액(600만원) - 4~6구간: 학기별 최대지원금액(220만원), 연간 최대지원금액(440만원) - 7~8구간: 학기별 최대지원금액(180만원), 연간 최대지원금액(360만원) - 9구간: 학기별 최대지원금액(50만원), 연간 최대지원금액(100만원) * 등록금 범위 내 필수경비(입학금, 수업료)",교육,교육비지원,"직무교육, 복지",직무교육,20250813 ~ 20250910,20250101 ~ 20251231,"0세~0세 / 연령제한:Y 0043003 0 0 학자금 지원구간 9구간 이하 ○ 12학점, B학점(80/100점) 이상 충족한 자 ※ 단, 기초･차상위 학생은 C학점 이상, 장애인･자립준비청년은 성적기준 미적용 0011009 0013010 0049005 0055003",0세~0세 / 연령제한:Y,0043003 0 0 학자금 지원구간 9구간 이하,"한국장학재단 누리집 및 모바일 앱에서 신청 ※ 전자서명수단 준비(공동인증서, 금융인증서, 간편인증)",사업 관련 참고사이트1 [제출서류] 확인,평생직업교육정책관,한국장학재단,https://www.kosaf.go.kr/ko/main.do,https://www.kosaf.go.kr/ko/scholar.do?pg=scholarship05_12_01_01&ttab1=0,,2025-01-14 13:40:14,2025-07-02 09:50:42,5,온통청년_OPEN_API_getPlcy,전북,국가장학금 유형 학생직접지원형 경제적 여건과 관계없이 누구나 의지와 능력에 따라 고등교육 기회를 가질 수 있도록 소득연계형 국가장학금 지원 보조금 직무교육
전북,"52000,45000",20250114005400110233,KF 한중청년교류(방중 파견),해외진출,"한중 차세대 간 교류 확대, 상호 우의 증진을 통해 미래지향적 한중 관계 구축을 위한 한국 청년 방중 파견 사업","중국 내 외교현장 방문, 산업기관 견학, 문화 탐방 등 기회 제공 가. 왕복 항공료 나. 현지 체재비(숙박비, 식비, 교통비 등)",참여권리,청년국제교류,"복지, 참여 프로그램",복지,,매해 변동(방중 파견 기간 약 1주일),"24세~34세 / 연령제한:N 0043001 0 0 지원대상: 대한민국 청년(만 24세 이상 34세 이하) 전공요건: 무관(중국 관련 전공생 우대) 특화분야: 민간 외교활동, 한중 양국 우호기반 증진에 기여하고 싶은 자 한국국제교류재단 지원으로 해외 파견경험이 있는 자 *한중청년교류, 한일대학생교류, 한베청년교류, 한중녹색봉사단, 글로벌챌린저 등 0011009 0013010 0049010 0055003",24세~34세 / 연령제한:N,0043001 0 0,지원 규모: 약 50명 신청 기간: 미정 (매해 변동으로 www.kf.or.kr 공지사항 메뉴에서 공고 확인 가능) 신청 절차: 사무국 이메일로 신청서 제출,※ 24년 기준으로 변동될 수 있음. 가. 지원서 나. 재학증명서 또는 재직증명서 다. 어학성적증명서 라. 사회적배려대상자 증명서 (해당자에 한함),한국국제교류재단,한국국제교류재단,https://www.kf.or.kr,,,2025-01-14 11:21:37,2026-01-01 00:00:00,5,온통청년_OPEN_API_getPlcy,전북,KF 한중청년교류 방중 파견 한중 차세대 간 교류 확대 상호 우의 증진을 통해 미래지향적 한중 관계 구축을 위한 한국 청년 방중 파견 사업 해외진출 복지
전북,"52000,45000",20250114005400110232,국제옵서버 인력 확대,교육지원,"해외 조업 원양어선 승선, IUU 어업 예방 및 감시와 과학자료 수집 활동을 하는 청년 국제옵서버 양성","국제옵서버 프로그램의 안정적 운영을 위한 옵서버 신규 양성, 옵서버 승선경비 지원 등 청년 일자리 제공",일자리,취업,"일자리, 직무교육",일자리,20250801 ~ 20250815,20250101 ~ 20251231,"19세~34세 / 연령제한:N 0043001 0 0 - 학력요건 추가 설명 : 전문대학 이상/ 단, 수산계 고등학교를 졸업하고 수산관련 국가기술자격증을 소지하거나 어업에 1년 이상 종사한 자는 예외로 인정 - 전공요건 추가 설명 : 수산 및 관련 학문을 전공한 자/ 단, 수산계 고등학교를 졸업하고 수산관련 국가기술자격증을 소지하거나 어업에 1년 이상 종사한 자는 예외로 인정 - 추가 신청자격요건 : 19세 이상으로 해외여행 결격사유가 없는 자, 영어로 의사소통이 가능한 자, 선박 승선이 가능한 자 국가공무원법 제33조 및 병역법 제76조 제1항의 결격사유에 해당하지 않아야 함 0011008 0013010 0049009 0055003",19세~34세 / 연령제한:N,0043001 0 0,"- 한국수산자원공단 '옵서버 교육대상자 모집' 공고 확인 후 지원서류 우편접수 * 인터넷, 방문 접수 불가 - 신청기간은 '25. 8월 1~3주 예상중이나, 구체적 날짜는 별도 공지 참고 요망","응시원서, 최종학력(재학) 증명서, 경력증명서, 국가기술자격증 사본, 영어능력평가 성적표 사본",해양수산부,수산정책관,https://www.fira.or.kr,https://www.fira.or.kr,https://blog.naver.com/fira_sea,2025-01-14 11:16:38,2025-01-20 15:43:04,5,온통청년_OPEN_API_getPlcy,전북,국제옵서버 인력 확대 해외 조업 원양어선 승선 IUU 어업 예방 및 감시와 과학자료 수집 활동을 하는 청년 국제옵서버 양성 교육지원 일자리
전북,"52000,45000",20250114005400110231,KF 한일대학생교류,해외진출,한일 대학생 간 소통 강화와 미래 지향적인 양국 관계 발전을 위한 상대국 상호 방문 프로그램,"일본 외무성 방문, 한·일 대학생과의 간담회, 문화유적지 탐방 및 문화체험, 한일축제한마당, 방한/방일단 교류회, 홈스테이, 해단식 등 제공 가. 왕복항공료 나. 일본 체재비(숙박비, 식비, 교통비, 문화체험비 등) 다. 사전교육 관련 비용 (교통비 등) ※ 지방 거주 참여자에 해당",참여권리,청년국제교류,"직무교육, 복지, 참여 프로그램",직무교육,,하반기 중 8박 9일,"19세~30세 / 연령제한:N 0043001 0 0 지원 대상: 대학 재/휴학생 특화분야: 한일관계와 일본에 대한 깊은 관심과 열의가 있는 자 가. 최근 3년 이내 여성 가족부, 외교부, 교육부 청소년 국제교류 파견사업 참가자 및 참가 예정자 나. JENESYS 2.0, 쿨재팬 리포터, 한일중 외교캠프 등 외무성 주최행사 기참가자 다. 일본에 1개월 이상 체류경험이 있는 학생 (단기 경험의 총합이 1개월인 경우는 해당 없음) 라. 학교, 학회 등에서 주최하는 비슷한 교류프로그램으로 일본에 다녀온 학생 마. 한국국제교류재단 지원으로 해외 파견 경험이 있는 자(예: 한중청년교류 한국대표단, 글로벌챌린저 등) 0011009 0013010 0049005,0049006 0055003",19세~30세 / 연령제한:N,0043001 0 0,신청기간 미정(매해 변동으로 홈페이지 www.kf.or.kr 공지사항 메뉴 확인 필요) 사무국 이메일로 신청서 제출,※ 24년 기준으로 변동될 수 있음. 가. 서류심사 ㅇ 참가신청서/자기소개서 ㅇ 주제에 대한 에세이 나. 면접심사 ㅇ 대학 재적증명서 ㅇ 어학 증명서 ㅇ 사회 배려자 증명서,한국국제교류재단,한국국제교류재단,www.kf.or.kr,,,2025-01-14 11:14:41,2026-01-01 00:00:00,5,온통청년_OPEN_API_getPlcy,전북,KF 한일대학생교류 한일 대학생 간 소통 강화와 미래 지향적인 양국 관계 발전을 위한 상대국 상호 방문 프로그램 해외진출 직무교육
전북,"52000,45000",20250114005400110230,에너지 국제기구 인턴 파견,해외진출,에너지 국제기구와의 협력 확대 및 우리 청년들이 글로벌 에너지 전문 인력으로 성장할 수 있는 기회 제공,"국제에너지기구(IEA), 국제재생에너지기구(IRENA) 등 에너지 관련 국제기구에서 통상 6개월간 근무할 수 있는 인턴 선발 및 지원",참여권리,청년국제교류,"일자리, 참여 프로그램",일자리,20250401 ~ 20250430,2011년~계속,"0세~0세 / 연령제한:Y 0043001 0 0 - 대한민국 국적자로 학사 또는 그 이상 학위 소지자 - 구술 및 작문 등이 원활한 수준의 영어 0011009 0013010 0049005,0049006,0049007,0049008 0055003",0세~0세 / 연령제한:Y,0043001 0 0,외교부 경제안보외교과 담당자 이메일로 관련 서류 송부,- 국/영문 신청서 각 1부(국문 자기소개서 포함) - 지원 동기가 담긴 영문 커버 레터(A4 1-2페이지) - 재학(졸업) 증명서(국/영문 각 1부) - 대학 및 대학원 성적증명서(국/영문 각 1부) - (신청서에 기재한) 어학 및 경력 관련 증명서,외교부,외교부,https://www.mofa.go.kr/www/brd/m_4075/list.do,,,2025-01-14 11:09:18,2025-01-17 09:30:18,5,온통청년_OPEN_API_getPlcy,전북,에너지 국제기구 인턴 파견 에너지 국제기구와의 협력 확대 및 우리 청년들이 글로벌 에너지 전문 인력으로 성장할 수 있는 기회 제공 해외진출 일자리
전북,"52000,45000",20250114005400210229,스마트 모빌리티 창업캠프사업,교육지원,"미래모빌리티 분야 창업을 희망하는 청년을 대상으로 국내 자동차업계 마이스터들의 강연, 멘토링, 카운슬링을 지원하여 창업아이디어를 구체화하고 창업 준비를 위한 각종 프로그램 운영","1. (사전프로그램) 기업가정신 함양, 멘토링, 카운슬링 2. (집합프로그램) - 자동차산업 전망, 창업 핵심기반, 기업가정신 등 교육지원 - 창업아이디어 도출･평가, 개발 제품 설계･평가 지원 등 실습 - 대한민국 미래모빌리티엑스포 연계, 창업아이디어 경연 및 우수팀 시상 3. 우수팀 대상 사후 멘토링 및 특허 관련 지원","일자리,일자리","취업,창업","일자리, 직무교육, 창업지원, 참여 프로그램",일자리,20260401 ~ 20260528,20260301 ~ 20261231,"0세~0세 / 연령제한:Y 0043001 0 0 모빌리티 분야(관련) 전공 대학(원)생 0011003,0011004,0011005 0013010 0049005,0049006,0049007,0049008 0055003",0세~0세 / 연령제한:Y,0043001 0 0,공고에 따라 지원서 작성 후 이메일 제출(신청기간 연장~5/28),대학생 스마트 모빌리티 창업캠프 지원서,미래모빌리티과,대구광역시 미래혁신성장실,https://www.kaae.kr/,https://www.kaae.kr/,,2025-01-14 11:00:54,2026-05-29 14:57:57,5,온통청년_OPEN_API_getPlcy,전북,스마트 모빌리티 창업캠프사업 미래모빌리티 분야 창업을 희망하는 청년을 대상으로 국내 자동차업계 마이스터들의 강연 멘토링 카운슬링을 지원하여 창업아이디어를 구체화하고 창업 준비를 위한 각종 프로그램 운영 교육지원 일자리
전북,"52000,45000",20250114005400110219,청년해기인력 공급기반 강화,교육지원,"미취업 청년해기사를 대상으로, 산.학 협력을 통한 선사 맞춤형 특화교육 및 취업지원을 하고 승선에 대한 동기부여 등을 통해 국적 청년 해기사의 안정적 공급시스템 구축","선사 실수요를 반영한 실무특화 교육 제공, 승선 동기부여 및 인식개선을 위한 해기마인드교육 및 멘토링 실시, 교육대상자-협약 참여기업간 취업 매칭 지원","일자리,교육","취업,미래역량강화","일자리, 직무교육, 참여 프로그램",일자리,20250501 ~ 20250531,20250101 ~ 20251231,"19세~34세 / 연령제한:N 0043001 0 0 - 해기사 면허 소지자 또는 면허취득예정자(사업참여 직후년도) - 해외출국 및 해외취업에 결격사유가 없는 자 - 선원법 규정에 의한 선원신체검사 기준에 결격사유가 없는 자 없음 0011008 0013003 0049003,0049004,0049005,0049006,0049007,0049008 0055003",19세~34세 / 연령제한:N,0043001 0 0,"교육 홈페이지(edu.hikosma.or.kr) 회원가입 후 지원서 작성 및 제출 ([과정안내] → [청년해기인력 공급기반 강화] → [지원서 작성]) * '25년 신청기간은 '25.5월로 예상중이며, 구체적인 날짜는 차후 별도 공지 등 확인 요망",① 지원서 및 자기소개서 각 1부 ② 개인정보동의서 1부 ③ 최종 학력 성적증명서 1부(필수) ④ 소지 자격증 사본 1부(해당자에 한함) ⑤ 공인어학성적표 사분 1부(해당자에 한함) ⑥ 상벌점 확인서류(해당자에 한함),해양수산부,선원정책과,https://edu.hikosma.or.kr,https://edu.hikosma.or.kr,,2025-01-14 09:15:46,2025-01-16 09:18:50,5,온통청년_OPEN_API_getPlcy,전북,청년해기인력 공급기반 강화 미취업 청년해기사를 대상으로 산 학 협력을 통한 선사 맞춤형 특화교육 및 취업지원을 하고 승선에 대한 동기부여 등을 통해 국적 청년 해기사의 안정적 공급시스템 구축 교육지원 일자리
전북,"52000,45000",20250114005400210218,청년축산인 육성교육 운영(전북),교육지원,전문 청년축산인 육성 교육 운영,도내 청년을 대상으로 한우 인공수정 기술 및 한우사양 교육 지원,일자리,취업,"일자리, 직무교육",일자리,20250701 ~ 20250930,20250101 ~ 20251231,18세~45세 / 연령제한:N 0043001 0 0 0011009 0013010 0049010 0055003,18세~45세 / 연령제한:N,0043001 0 0,,,전북특별자치도,전북특별자치도,,,,2025-01-14 08:09:32,2025-03-27 17:05:51,5,온통청년_OPEN_API_getPlcy,전북,청년축산인 육성교육 운영 전북 전문 청년축산인 육성 교육 운영 교육지원 일자리
전북,"52000,45000",20250114005400210217,전북특별자치도 기술창업 활성화 금융지원 이차보전,보조금,기술창업 특례보증 지원자에 대한 이차지,기술창업 특례보증 지원을 받은 기술창업 및 청년창업자에게 이자지원을 통한 경영난 해소,일자리,창업,"일자리, 창업지원, 복지",일자리,,20250101 ~ 20251231,0세~0세 / 연령제한:Y 0043001 0 0 0011009 0013010 0049010 0055003,0세~0세 / 연령제한:Y,0043001 0 0,,,전북특별자치도,전북특별자치도,,,,2025-01-14 08:06:38,2026-01-01 00:00:00,5,온통청년_OPEN_API_getPlcy,전북,전북특별자치도 기술창업 활성화 금융지원 이차보전 기술창업 특례보증 지원자에 대한 이차지 보조금 일자리
전북,"52000,45000",20250114005400210216,전북특별자치도 기술창업 활성화 금융지원,보조금,기술창업자 및 청년창업자에 창업자금 특례보증 지,도내 기술창업자 및 청년창업자에 창업자금을 특례보증 지원하여 안정적인 창업 여건 조성 및 성공창업 활성화 유도,일자리,창업,"일자리, 창업지원, 복지",일자리,,20250101 ~ 20251231,0세~0세 / 연령제한:Y 0043001 0 0 0011009 0013010 0049010 0055003,0세~0세 / 연령제한:Y,0043001 0 0,,,전북특별자치도,전북특별자치도,,,,2025-01-14 08:04:09,2026-01-01 00:00:00,5,온통청년_OPEN_API_getPlcy,전북,전북특별자치도 기술창업 활성화 금융지원 기술창업자 및 청년창업자에 창업자금 특례보증 지 보조금 일자리
전북,"52000,45000",20250114005400210215,시군 청년혁신가 예비창업지원,"교육지원,보조금",예비 청년 사업가 창업 교육 및 초기사업화 지,창의적인 아이템과 기술력을 보유한 예비 청년사업가의 창업 전문교육과 컨설팅 및 초기사업화 지원을 통한 성공적인 창업기업 육성,일자리,창업,"일자리, 직무교육, 창업지원",일자리,20250301 ~ 20250430,20250101 ~ 20251231,19세~39세 / 연령제한:N 0043001 0 0 0011009 0013010 0049010 0055003,19세~39세 / 연령제한:N,0043001 0 0,,,전북특별자치도,전북특별자치도,,,,2025-01-14 08:01:50,2025-01-16 20:25:22,5,온통청년_OPEN_API_getPlcy,전북,시군 청년혁신가 예비창업지원 예비 청년 사업가 창업 교육 및 초기사업화 지 교육지원 보조금 일자리
전북,"52000,45000",20250113005400210214,전북특별자치도일자리센터 운영,맞춤형상담서비스,구인·구직 상담 및 취업지원서비스를 제공,구인·구직 상담 및 취업지원서비스를 제공하여 우리 도 청년층 취업시장 활성화,일자리,취업,"일자리, 복지",일자리,,20250101 ~ 20251231,0세~0세 / 연령제한:Y 0043001 0 0 0011009 0013003 0049010 0055003,0세~0세 / 연령제한:Y,0043001 0 0,,,전북특별자치도,전북특별자치도,,,,2025-01-13 23:36:06,2026-01-01 00:00:00,5,온통청년_OPEN_API_getPlcy,전북,전북특별자치도일자리센터 운영 구인 구직 상담 및 취업지원서비스를 제공 맞춤형상담서비스 일자리
전북,"52000,45000",20250113005400210213,전북형 청년취업 지원,보조금,청년 추가 채용시 인건비 지원,기업에서 청년들을 상시 근로인원 외에 더 채용하도록 지원하여 현장 실무체험 후 정규직 전환 지원,일자리,취업,일자리,일자리,,20250101 ~ 20251231,18세~39세 / 연령제한:N 0043001 0 0 0011009 0013003 0049010 0055003,18세~39세 / 연령제한:N,0043001 0 0,,,전북특별자치도,전북특별자치도,,,,2025-01-13 23:34:09,2026-01-01 00:00:00,5,온통청년_OPEN_API_getPlcy,전북,전북형 청년취업 지원 청년 추가 채용시 인건비 지원 보조금 일자리
전북,"52000,45000",20250113005400210211,전북청년 함께 두배적금 사업,보조금,청년 적금 지원을 통한 자산형성,청년 자산형성 및 체계적 금융교육·상담을 지원하여 경제적 자립 및 생활안정 기반 조성,복지문화,취약계층 및 금융지원,"직무교육, 복지",직무교육,20250304 ~ 20250317,20250101 ~ 20261231,18세~39세 / 연령제한:N 0043003 0 0 기준 중위소득 140% 이하 0011009 0013010 0049010 0055003,18세~39세 / 연령제한:N,0043003 0 0 기준 중위소득 140% 이하,,,전북특별자치도,전북특별자치도,,,,2025-01-13 23:27:29,2025-03-27 17:12:19,5,온통청년_OPEN_API_getPlcy,전북,전북청년 함께 두배적금 사업 청년 적금 지원을 통한 자산형성 보조금 직무교육
전북,"52000,45000",20250113005400210210,전북 청년마을 만들기,보조금,청년마을 프로그램 운영 및 네트워크 활동 등 지원,지역에서 새로운 기회를 찾는 청년들을 위해 지역 자원 연계 프로그램 운영 및 네트워크 활동 지원,"참여권리,참여권리","청년참여,정책인프라구축","직무교육, 참여 프로그램",직무교육,20250101 ~ 20250331,20250401 ~ 20251231,18세~39세 / 연령제한:N 0043001 0 0 0011009 0013010 0049010 0055003,18세~39세 / 연령제한:N,0043001 0 0,,,전북특별자치도,전북특별자치도,,,,2025-01-13 23:25:08,2025-03-27 17:14:41,5,온통청년_OPEN_API_getPlcy,전북,전북 청년마을 만들기 청년마을 프로그램 운영 및 네트워크 활동 등 지원 보조금 직무교육
전북,"52000,45000",20250113005400210209,청년공동체 활성화 지원,"보조금,맞춤형상담서비스",청년 공동체 발굴 및 활동 지원,"청년공동체를 발굴·확산하고, 공동체 활동 지원을 통해 청년들의 지역활동 기반 마련 및 지역 활성화 도모",참여권리,청년참여,"복지, 참여 프로그램",복지,20250101 ~ 20250228,20250301 ~ 20251231,18세~39세 / 연령제한:N 0043001 0 0 0011009 0013010 0049010 0055003,18세~39세 / 연령제한:N,0043001 0 0,,,전북특별자치도,전북특별자치도,,,,2025-01-13 23:23:30,2025-03-27 17:16:05,5,온통청년_OPEN_API_getPlcy,전북,청년공동체 활성화 지원 청년 공동체 발굴 및 활동 지원 보조금 맞춤형상담서비스 복지
전북,"52000,45000",20250113005400210208,전북청년 생생 아이디어 지원,보조금,청년이 구상 제안한 사업 지,청년 및 청년단체가 지역자원을 활용하고 청년 특성에 적합한 우수아이디어를 발굴하여 제안한 사업 지원,참여권리,청년참여,참여 프로그램,참여 프로그램,20250301 ~ 20250331,20250401 ~ 20251231,18세~39세 / 연령제한:N 0043001 0 0 0011009 0013010 0049010 0055003,18세~39세 / 연령제한:N,0043001 0 0,,,전북특별자치도,전북특별자치도,,,,2025-01-13 23:21:37,2025-03-27 17:16:50,5,온통청년_OPEN_API_getPlcy,전북,전북청년 생생 아이디어 지원 청년이 구상 제안한 사업 지 보조금 참여 프로그램
전북,"52000,45000",20250113005400210207,전북형 청년활력수당,보조금,미취업 청년 구직활동 수당 지원,미취업 청년 대상으로 구직 활동수당 지원을 통해 사회활동촉진 및 청년생활기반 지원 - 도내 중위소득 150%이하 18~39세 구직 청년 월 50만원 최대 6개월 지원,복지문화,취약계층 및 금융지원,"일자리, 복지",일자리,20250203 ~ 20250228,20250101 ~ 20251231,18세~39세 / 연령제한:N 0043003 0 0 기준 중위소득 150% 이하 0011009 0013003 0049010 0055003,18세~39세 / 연령제한:N,0043003 0 0 기준 중위소득 150% 이하,,,전북특별자치도,전북특별자치도,,,,2025-01-13 23:19:31,2025-03-27 17:17:28,5,온통청년_OPEN_API_getPlcy,전북,전북형 청년활력수당 미취업 청년 구직활동 수당 지원 보조금 일자리
전북,"52000,45000",20250113005400210206,전북청년 지역정착 지원사업,"보조금,금리혜택",취업 초기 청년 생활보조 지,정착기반이 약한 취업 초기 청년들의 생활보조 지원으로 경제적 자립과 지역정착 지원을 통한 전북 활력 제고 - 도내 중위소득 180%이하 18~39세 재직 청년 월 30만원 최대 1년간 지원,복지문화,취약계층 및 금융지원,"일자리, 복지",일자리,20250113 ~ 20250205,20250301 ~ 20251231,"18세~39세 / 연령제한:N 0043003 0 0 기준 중위소득 180% 이하 0011009 0013001,0013007,0013008 0049010 0055003",18세~39세 / 연령제한:N,0043003 0 0 기준 중위소득 180% 이하,,,전북특별자치도,전북특별자치도,,,,2025-01-13 23:16:28,2025-01-16 20:21:20,5,온통청년_OPEN_API_getPlcy,전북,전북청년 지역정착 지원사업 취업 초기 청년 생활보조 지 보조금 금리혜택 일자리
전북,"52000,45000",20250113005400210205,학예사 인턴 운영,인턴,미술관 전문 학예업무 인력 양,"지역 시각예술분야 맞춤 지원을 통해 청년 일자리 창출하여 전북지역의 청년 학예인력을 양성하고, 미술관 전문 학예업무 인력을 확보하는 선순환 생태계를 조성",일자리,취업,일자리,일자리,20250101 ~ 20250131,20250101 ~ 20251231,18세~39세 / 연령제한:N 0043001 0 0 0011009 0013010 0049010 0055003,18세~39세 / 연령제한:N,0043001 0 0,,,전북특별자치도,전북특별자치도,,,,2025-01-13 23:12:32,2025-03-27 17:18:17,5,온통청년_OPEN_API_getPlcy,전북,학예사 인턴 운영 미술관 전문 학예업무 인력 양 인턴 일자리
전북,"52000,45000",20250113005400210200,귀농귀촌 임시거주시설 조성,"맞춤형상담서비스,공공임대주택",청년 귀농귀촌인 임시거주시설 조성 지,젊은 귀농귀촌인이 적은 비용으로 안정적으로 장기체류할 수 있는 거주시설을 제공하여 농촌지역에 가족단위 귀농귀촌 유입 확산,일자리,취업,"일자리, 주거지원, 복지",일자리,,20250101 ~ 20251231,0세~0세 / 연령제한:Y 0043001 0 0 0011009 0013010 0049010 0055003,0세~0세 / 연령제한:Y,0043001 0 0,,,전북특별자치도,전북특별자치도,,,,2025-01-13 23:05:44,2026-01-01 00:00:00,5,온통청년_OPEN_API_getPlcy,전북,귀농귀촌 임시거주시설 조성 청년 귀농귀촌인 임시거주시설 조성 지 맞춤형상담서비스 공공임대주택 일자리
전북,"52000,45000",20250113005400210199,청년농업인 특화작목 성공모델 육성,교육지원,청년농업인 전문성 강화 및 기술 지원으로 성공모델 육성,"지역 특화작목 육성에 필요한 농업시설 구축, 장비, 홍보·마케팅 등 지원",일자리,취업,"일자리, 직무교육",일자리,20250201 ~ 20250228,20250101 ~ 20251231,18세~39세 / 연령제한:N 0043001 0 0 0011009 0013010 0049010 0055003,18세~39세 / 연령제한:N,0043001 0 0,,,전북특별자치도,전북특별자치도,,,,2025-01-13 23:03:26,2025-03-27 17:20:02,5,온통청년_OPEN_API_getPlcy,전북,청년농업인 특화작목 성공모델 육성 청년농업인 전문성 강화 및 기술 지원으로 성공모델 육성 교육지원 일자리
전북,"52000,45000",20250113005400210198,청년농업인 드론활용 농작업지원단 운영,교육지원,드론 활용 청년농업인 농작업지원단 운영,청년농업인 드론활용 적기 농작업지원으로 고령농가 안정 영농지원 및 청년농업인 농촌유입 유도,일자리,취업,"일자리, 직무교육",일자리,20250201 ~ 20250228,20250101 ~ 20251231,18세~39세 / 연령제한:N 0043001 0 0 0011009 0013010 0049010 0055003,18세~39세 / 연령제한:N,0043001 0 0,,,전북특별자치도,전북특별자치도,,,,2025-01-13 23:01:31,2025-03-27 17:21:03,5,온통청년_OPEN_API_getPlcy,전북,청년농업인 드론활용 농작업지원단 운영 드론 활용 청년농업인 농작업지원단 운영 교육지원 일자리
전북,"52000,45000",20250113005400210197,신기술접목 차세대 영농인 육성지원,교육지원,청년농업인의 영농 조기정착을 위한 생산기반 조성,청년농업인의 영농 조기정착을 위한 생산기반 조성,일자리,취업,"일자리, 직무교육",일자리,20250201 ~ 20250228,20250101 ~ 20251231,18세~39세 / 연령제한:N 0043001 0 0 0011009 0013010 0049010 0055003,18세~39세 / 연령제한:N,0043001 0 0,,,전북특별자치도,전북특별자치도,,,,2025-01-13 22:58:33,2025-01-16 20:33:45,5,온통청년_OPEN_API_getPlcy,전북,신기술접목 차세대 영농인 육성지원 청년농업인의 영농 조기정착을 위한 생산기반 조성 교육지원 일자리
전북,"52000,45000",20250113005400210196,맞춤형 기술인력 교육지원,교육지원,지역 실정에 맞는 기술교육과 취업 지원,미취업자 대상으로 시군 지역실정에 맞는 기업 맞춤형 기술교육과 취업지원을 통해 일자리 창출과 지역경제 활성화,일자리,취업,"일자리, 직무교육",일자리,20250301 ~ 20250331,20250101 ~ 20251231,18세~65세 / 연령제한:N 0043001 0 0 0011009 0013003 0049010 0055003,18세~65세 / 연령제한:N,0043001 0 0,,,전북특별자치도,전북특별자치도,,,,2025-01-13 22:55:28,2025-03-27 17:22:12,5,온통청년_OPEN_API_getPlcy,전북,맞춤형 기술인력 교육지원 지역 실정에 맞는 기술교육과 취업 지원 교육지원 일자리
전북,"52000,45000",20250113005400210195,사회적경제 청년혁신가 지원사업,장기미취업청년,사회적경제 사업장 실무인력 양성 및 청년 일자리 창출,사회적경제 사업장에 필요한 실무인력 양성 및 교육훈련 제공을 통해 지역에 정착할 수 있는 지속가능한 청년일자리 창출,일자리,취업,"일자리, 직무교육",일자리,20250101 ~ 20251231,20250101 ~ 20251231,18세~39세 / 연령제한:N 0043001 0 0 0011009 0013010 0049010 0055003,18세~39세 / 연령제한:N,0043001 0 0,,,전북특별자치도,전북특별자치도,,,,2025-01-13 22:51:59,2025-01-16 09:32:23,5,온통청년_OPEN_API_getPlcy,전북,사회적경제 청년혁신가 지원사업 사회적경제 사업장 실무인력 양성 및 청년 일자리 창출 장기미취업청년 일자리
전북,"52000,45000",20250113005400210194,맞춤형 금융스쿨 운영,맞춤형상담서비스,청년 맞춤형 재무상담 및 금융 특강 운영,"청년에게 필요한 1:1 맞춤 재무상담, 금융특강 운영으로 금융역량을 강화",복지문화,취약계층 및 금융지원,"직무교육, 복지",직무교육,20250101 ~ 20251231,20250101 ~ 20251231,0세~0세 / 연령제한:Y 0043001 0 0 0011009 0013010 0049010 0055003,0세~0세 / 연령제한:Y,0043001 0 0,,,전북특별자치도,전북특별자치도,,,,2025-01-13 22:49:11,2025-03-27 17:22:54,5,온통청년_OPEN_API_getPlcy,전북,맞춤형 금융스쿨 운영 청년 맞춤형 재무상담 및 금융 특강 운영 맞춤형상담서비스 직무교육
전북,"52000,45000",20250113005400210193,전북특별자치도 청년마음건강센터 운영,맞춤형상담서비스,청년 맞춤형 정신건강 서비스 제공,정신건강의 어려움을 겪는 청년을 발굴하여 적절한 조기개입을 통한 정신질환 예방 및 맞춤형 정신건강 서비스 제공으로 회복 지원,복지문화,건강,복지,복지,,20250101 ~ 20251231,19세~34세 / 연령제한:N 0043001 0 0 0011009 0013010 0049010 0055003,19세~34세 / 연령제한:N,0043001 0 0,,,전북특별자치도,전북특별자치도,,,,2025-01-13 22:46:04,2026-01-01 00:00:00,5,온통청년_OPEN_API_getPlcy,전북,전북특별자치도 청년마음건강센터 운영 청년 맞춤형 정신건강 서비스 제공 맞춤형상담서비스 복지
전북,"52000,45000",20250113005400110192,청년임업인 특성화교육,교육지원,"청년임업인 네트워킹을 통한 학습그룹 발굴, 그룹별 수요맞춤형 임산물 재배기술 교육, 현장실증형 장기교육(체류형, 출퇴근형 등), 임업 우수사례지 견학 등","1. 사업목적 : 청년층을 대상으로 현장 실증형, 네트워킹 중심 특성화 교육 제공으로 임업분야 정착 지원 및 전문임업인으로 육성 2. 교육대상 : 임업에 종사하고자 하는 예비임업인(일반인, 청년), 임업에 종사하고 있는 청년임업인 등 3. 교육내용 : 청년의 특성 및 교육 수요를 반영한 맞춤형 교육 제공 - 청년 네트워킹 교육 : 청년 네트워킹을 통한 학습그룹 발굴, 청년간 소통 및 교류기회 제공, 자체 네트워크 형성 지원 - 청년학습그룹 : 기관 중심의 교육(집합교육 등)을 탈피, 청년 간 자율학습그룹 조직 및 문제해결을 위한 자생적 교육 운영 지원 - 현장실증형 교육 : 우수한 수준으로 임업에 종사하고 있는 전문임업인의 유휴 부지를 청년임업인 현장교육장소로 대여, 교육생 대상 신품목, 유망품목 시험재배 및 밀착형 컨설팅 기회 제공 - 임산물 재배기술교육 : 수준별(초중급/고급) 청년임업인을 위한 임산물 재배 기술교육 및 밀착 컨설팅",교육,미래역량강화,"직무교육, 참여 프로그램",직무교육,20250217 ~ 20251031,20250124 ~ 20251212,19세~50세 / 연령제한:N 0043001 0 0 0011009 0013010 0049010 0055003,19세~50세 / 연령제한:N,0043001 0 0,한국임업진흥원 홈페이지 - 교육신청,"교육신청서 작성 및 제출(학습그룹형 교육의 경우 교육수요조사서 등 포함, 서식 참조)",사유림경영소득과,한국임업진흥원,https://www.kofpi.or.kr/edu/edu.do,,,2025-01-13 18:03:31,2025-01-17 09:33:17,5,온통청년_OPEN_API_getPlcy,전북,청년임업인 특성화교육 청년임업인 네트워킹을 통한 학습그룹 발굴 그룹별 수요맞춤형 임산물 재배기술 교육 현장실증형 장기교육 체류형 출퇴근형 등 임업 우수사례지 견학 등 교육지원 직무교육
전북,"52000,45000",20250113005400210182,순창군 출산장려금 지원,출산,출산ㆍ양육에 소요되는 경제적 부담을 경감하고 출산장려 분위기 조성을 위해 출산장려금 지원,"신생아의 출생일 기준으로 신생아의 부모 또는 모가 순창군에 주소를 두고 실제 거주하는 자에게 출산장려금(축하금, 양육비, 특별출산장려금) 분할 지원 - 첫째아 3,000,000원 - 둘째아 4,600,000원 - 셋째아 10,000,000원 - 넷째아 15,000,000원",복지문화,취약계층 및 금융지원,복지,복지,,매년,0세~0세 / 연령제한:Y 0043001 0 0 0011009 0013010 0049010 0055003,0세~0세 / 연령제한:Y,0043001 0 0,읍‧면사무소 신청⇒보건의료원 서류확인⇒지급(분할),,순창군,전북특별자치도 순창군,,,,2025-01-13 16:17:21,2026-01-01 00:00:00,5,온통청년_OPEN_API_getPlcy,전북,순창군 출산장려금 지원 출산 양육에 소요되는 경제적 부담을 경감하고 출산장려 분위기 조성을 위해 출산장려금 지원 출산 복지
전북,"52000,45000",20250113005400110180,취업지원대상자 취업능력개발비용 지원(국가보훈부),장기미취업청년,국가보훈대상자 중 '취업지원 대상자의 취업역량 향이상'을 위한 취업수강료 지원,"1. 1인당 지원 한도액(연간 지원한도액) - 유공자 본인: 총 300만원(연간 150만원) - 유가족: 총 150만원(연간 75만원) * 단, 취업지원대상자 본인이 제대군인과 국가유공자 자격의 중복으로 제대군인 직업능력개발교육비 지원을 받은 경우 그 차액에 대해 지원(중복 수혜 불가) 2. 지원비율: 취업수강료 실부담액의 70% 지원",일자리,취업,"일자리, 직무교육",일자리,,예산소진시 까지,"18세~74세 / 연령제한:N 0043001 0 0 1. 제대군인 2. 법정취업자, 보훈특별고용통지서가 발급된 자, 가점 또는 일반직공무원 등 특별채용 합격자로 결정된 자 3. (수강시작일 기준) 75세 이상자, 단, 지원연령 상한이 없는 과정은 지원 가능 4. 18세 미만자 0011009 0013003 0049001,0049003,0049004,0049006,0049007,0049008,0049009 0055003",18세~74세 / 연령제한:N,0043001 0 0,"1. 신청방법: 관할보훈(지)청 방문 또는 취업정보시스템(job.mpva.go.kr) 이용 2. 신청기간: 수강시작일 부터 수강 종료일 후 12개월 이내 * 단, 해당 과정의 수강진도율이 80% 이상인 때 부터 비용 지급 가능 3. 제출서류: 하단 참고","1. 취업능력개발 비용 지원 신청 및 확인서(개인정보 이용 및 제공 사전 동의서 포함) 2. 수강료 영수증 3. 서약서 4. 수강완료 및 훈련비 지원여부 사실확인서 5. 응시확인서류(시험일이 경과한 응시(수험)표, 성적표, 합격증 등)",국가보훈부,국가보훈부,,https://job.mpva.go.kr/,,2025-01-13 15:50:29,2026-01-01 00:00:00,5,온통청년_OPEN_API_getPlcy,전북,취업지원대상자 취업능력개발비용 지원 국가보훈부 국가보훈대상자 중 취업지원 대상자의 취업역량 향이상 을 위한 취업수강료 지원 장기미취업청년 일자리
전북,"52000,45000",20250113005400110179,ICT기반 수산전문인력 양성,"보조금,교육지원,금리혜택,바우처",4차 산업혁명기술분야 전문성과 수산분야 소양을 함께 겸비한 현장밀착형 전문인력 양성,R&D프로젝트 기반 인력육성 프로그램 지원,교육,미래역량강화,직무교육,직무교육,,20250101 ~ 20251231,"0세~0세 / 연령제한:Y 0043001 0 0 0011008 0013010 0049006,0049009 0055003",0세~0세 / 연령제한:Y,0043001 0 0,교육생 공모 → 신청서 교부 및 접수 → 교육생 선발 및 통지 → 교육,신청서류 및 개인정보동의서 등,해양수산부,수산정책실,http://sarc.jnu.ac.kr,,,2025-01-13 15:40:07,2026-01-01 00:00:00,5,온통청년_OPEN_API_getPlcy,전북,ICT기반 수산전문인력 양성 4차 산업혁명기술분야 전문성과 수산분야 소양을 함께 겸비한 현장밀착형 전문인력 양성 보조금 교육지원 금리혜택 바우처 직무교육
전북,"52000,45000",20250113005400110178,가족돌봄청년 전담지원 시범사업,"청년가장,맞춤형상담서비스,교육지원,보조금","가족돌봄청년 전담발굴, 원스톱 접수 및 맞춤형 사례관리","(가족돌봄청년) -지역 내 중고교·대학 및 병원과 상시체계 협력체계 구축, 의료·돌봄 서비스 신청대행·연계, 연 200만원 자기돌봄비 지급 - 청년당사자를 위한 민·관 교육 장학금 ,금융, 주거, 법률, 일자리 등 필요한 서비스 연계",복지문화,취약계층 및 금융지원,"일자리, 직무교육, 주거지원, 복지",일자리,,20250101 ~ 20251231,13세~34세 / 연령제한:N 0043003 0 0 자기돌봄비 지급은 중위소득 100% 이내인 경우 지원 0011009 0013010 0049010 0055003,13세~34세 / 연령제한:N,0043003 0 0 자기돌봄비 지급은 중위소득 100% 이내인 경우 지원,청년ON 사이트로 신청(http://www.mohw2030.co.kr/),,인구사회서비스정책실,인구사회서비스정책실,http://www.mohw2030.co.kr/,,,2025-01-13 15:21:56,2026-01-01 00:00:00,5,온통청년_OPEN_API_getPlcy,전북,가족돌봄청년 전담지원 시범사업 가족돌봄청년 전담발굴 원스톱 접수 및 맞춤형 사례관리 청년가장 맞춤형상담서비스 교육지원 보조금 일자리
전북,"52000,45000",20250113005400210177,순창군 직업교육훈련 교육비 지원사업,교육지원,취창업과 관련한 다양한 직업교육훈련 지원으로 구직자 취업 역량을 강화,"❍ 일반인 - 신청일 현재 순창군에 주소를 두고 거주하며 취.창업 관련 교육을 희망하는 자 - 자격증 취득 또는 출석률 80% 이상인 경우 1인당 1과목 최고 100만원 교육비 지원(자부담 50%) - 신청자 통장으로 지원금 직접 입금 ❍ 청소년 - 신청일 현재 보호자와 청소년이 순창군에 주소를 두고 거주하며 취.창업 관련 교육을 희망하는 13세~18세 청소년 - 자격증 취득 또는 출석률 80% 이상인 경우 1인당 연 2과목* 최고 100만원 교육비 지원(자부담 20%) *동일 과목 재수강 불가, 연계 심화 과정 수강 희망 시 최초 수강 과목에 대한 실적(자격증 취득 등) 증빙 후 심사에 의거 추가 승인 - 보호자 통장으로 지원금 직접 입금",일자리,취업,"일자리, 직무교육, 창업지원, 복지",일자리,,매년,"13세~100세 / 연령제한:N 0043001 0 0 ❍ 지원분야 : 취․창업과 관련된 전문 기술교육 ※ 제외분야 : 국민취업지원제도 Ⅱ유형, 국민내일배움카드 등 국비 및 기타 지원사업으로 추진되는 교육, 사회복지 관련 교육 (사회복지사, 요양보호사 등), 기초 전산교육(워드프로세서, 컴퓨터활용능력 2급 이하 등), 군에서 시행하고 있는 교육과 유사한 과정이나 공무원.공인중개사.손해평가사 및 온라인교육 등 지원이 부적절하다고 판단되는 과목 0011009 0013010 0049010 0055003",13세~100세 / 연령제한:N,0043001 0 0,❍ 수강신청서 제출 > 수강 승인 > 직업교육훈련 수강 > 지원금 지급,"❍ 수강 신청 시 - 일반인 : 수강신청서, 개인정보 수집 및 이용 동의서, 주민등록초본, 교육기관 사업자등록증 - 청소년 : 수강신청서, 개인정보 수집 및 이용 동의서, 재학증명서, 주민등록등본(학생과 보호자 세대 분리 시 각각 주민등록초본 1부 및 가족관계증명서), 교육기관 사업자등록증 ※ 수강 신청 승인 후 수강등록증 제출 의무 ❍ 지원금 신청 시 직업교육훈련 교육비 지원 신청서, 교육비 납부 증명서 또는 교육비 결제 영수증, 자격증 사본 또는 출석부, 통장 사본(청소년의 경우 보호자의 통장 사본)",순창군,전북특별자치도 순창군,,,,2025-01-13 15:07:27,2026-01-01 00:00:00,6,온통청년_OPEN_API_getPlcy,전북,순창군 직업교육훈련 교육비 지원사업 취창업과 관련한 다양한 직업교육훈련 지원으로 구직자 취업 역량을 강화 교육지원 일자리
전북,"52000,45000",20250113005400210172,순창군 임신지원금 지원,"바우처,출산",임신부의 건강관리에 따른 부담 경감 및 출산장려 분위기 조성을 위해 정책수당 지급,"신청일 90일전부터 순창군에 주소를 두고 거주중인 임신 24주 이상~출산일 전 임신부에게 임신 1회당 100만원 순창사랑상품권 정책수당 지급 - 다태아를 임신한 경우에도 1회로 지원 - 정책수당 사용처: 순창군 관내 병·의원, 요식업, 마트, 육아용품점 등",복지문화,건강,복지,복지,,매년,0세~0세 / 연령제한:Y 0043001 0 0 0011009 0013010 0049010 0055003,0세~0세 / 연령제한:Y,0043001 0 0,순창군 행복누리센터 1층 해피니스센터 방문하여 신청,임신확인서 1부 주민등록등본 1부(필요시 초본),순창군,전북특별자치도 순창군,,,,2025-01-13 14:08:15,2026-01-01 00:00:00,6,온통청년_OPEN_API_getPlcy,전북,순창군 임신지원금 지원 임신부의 건강관리에 따른 부담 경감 및 출산장려 분위기 조성을 위해 정책수당 지급 바우처 출산 복지
전북,"52000,45000",20250113005400110171,청년어업인 정착지원 사업,보조금,청년의 어촌유입과 안정적인 어촌정착을 위해 정착자금 지원,수산업 경영비 및 어가 가계자금으로 사용할 수 있도록 월 최대 110만원 최장 3년간 보조금 지원,일자리,취업,일자리,일자리,,시·군·구별로 상이하므로 주민등록 기준 거주지 관할 시·군·구에 문의,18세~40세 / 연령제한:N 0043003 0 0 건강보험료 소득판정 기준 중위소득 150% 첨부파일(2025년 청년어촌정착지원 사업시행지침 사업) 선정 제외대상 참고 0011009 0013006 0049010 0055003,18세~40세 / 연령제한:N,0043003 0 0 건강보험료 소득판정 기준 중위소득 150%,사업 신청자격과 요건을 갖춘 청년어업인은 신청서와 사업계획서를 작성하여 주민등록 기준 거주지 관할 시·군·구에 제출,청년어촌정착지원 사업신청서 개인정보 수집·활용·제공 동의서 사업계획서 어업 또는 양식업 면허·허가·신고 관련서류(해당분야) 어업경영체등록 확인서 가족관계증명서 사업자등록증 등,해양수산부,어촌양식정책관,,,,2025-01-13 13:24:59,2026-01-01 00:00:00,6,온통청년_OPEN_API_getPlcy,전북,청년어업인 정착지원 사업 청년의 어촌유입과 안정적인 어촌정착을 위해 정착자금 지원 보조금 일자리
전북,"52000,45000",20250113005400210170,순창군 청년문화센터 운영,교육지원,청년들의 소통 및 활동 공간 제공을 위해 순창군 청년문화센터 운영,"순창군 청년문화센터 운영 - 위 치 : 순창군 순창읍 교성2길 25(순창군청 맞은편) - 공간구성(1층 : 방음실, 다목적실, 사무실 ; 2층 : 동아리방, 북카페, 소회의실, 사무실) - 이용시간(평일 09~21시, 토요일 10~18시, 공휴일 휴무)",복지문화,문화활동,"직무교육, 복지, 참여 프로그램",직무교육,,상시,0세~0세 / 연령제한:Y 0043001 0 0 0011009 0013010 0049010 0055003,0세~0세 / 연령제한:Y,0043001 0 0,문의 및 신청서 작성 후 이용,,순창군,전북특별자치도 순창군,,,,2025-01-13 10:57:03,2026-01-01 00:00:00,6,온통청년_OPEN_API_getPlcy,전북,순창군 청년문화센터 운영 청년들의 소통 및 활동 공간 제공을 위해 순창군 청년문화센터 운영 교육지원 직무교육
전북,"52000,45000",20250113005400210169,순창군 결혼장려금 지원,바우처,청년들의 결혼 장려 및 이에 따른 경제적 부담을 완화하기 위해 바우처 지원,"1부부 당 결혼장려금 1천만원 4년간 분할하여 바우처(순창사랑상품권) 지원 (혼인신고 후 2백만원, 1년후 2백만원, 2년후 2백만원, 3년후 2백만원, 4년후 2백만원) * '25년도 신청자부터 적용 지원대상 : 신청일 기준, 아래 요건을 모두 충족하는 자 ① 혼인신고 후 신고일로부터 6개월이 경과 하지 않은 자 ② 혼인신고일 기준 부부 중 한 명이 19세 이상 49세 이하인 자 ③ 혼인신고일 기준 1년 전부터 지원 신청일 현재까지 부부 중 한 명이라도 계속하여 순창군에 주민등록상 주소를 두고 거주해야 하고, ④ 지원신청일 기준 부부가 함께 주민등록을 두고 관내에 거주하는 자",복지문화,취약계층 및 금융지원,복지,복지,,매년,19세~49세 / 연령제한:N 0043001 0 0 0011009 0013010 0049010 0055001,19세~49세 / 연령제한:N,0043001 0 0,"신청방법 - 접 수 처 : 신청자 본인의 주민등록상 주소지 관할 읍·면 행정복지센터 - 신청자격 : 본인 또는 배우자 원칙, 단 불가피한 경우 대상자의 위임을 받은 자",제출서류 ① 인구늘리기 시책지원 신청서 1부 ② 결혼장려금 지원사업 이행 서약서 1부 ③ 혼인관계 증명서 1부. ※ 외국인과 혼인한 경우 배우자의 외국인등록사실증명 첨부,순창군,전북특별자치도 순창군,,,,2025-01-13 10:48:06,2026-01-01 00:00:00,6,온통청년_OPEN_API_getPlcy,전북,순창군 결혼장려금 지원 청년들의 결혼 장려 및 이에 따른 경제적 부담을 완화하기 위해 바우처 지원 바우처 복지
전북,"52000,45000",20250113005400110168,중남미 지역기구 인턴 파견,해외진출,"우리 청년들에게 국제무대에서 활동할 수 있는 기회와 여건을 제공하고, 차세대 중남미 전문인력으로서의 능력 개발 및 역량 강화 지원","미주기구(OAS), 유엔 중남미카리브경제위원회 등 10여개 중남미 지역기구에 매년 25명 내외, 6개월 근무 인턴 파견",참여권리,청년국제교류,"일자리, 직무교육, 참여 프로그램",일자리,20250501 ~ 20250530,2009년~계속,"0세~0세 / 연령제한:Y 0043001 0 0 ㅇ 대한민국 국적자로, 국내외 대학생(3-4학년) 또는 대학원생 ㅇ 영어 또는 스페인어로 업무처리가 가능한 자 0011009 0013010 0049005,0049006,0049007,0049008 0055003",0세~0세 / 연령제한:Y,0043001 0 0,ㅇ 외교부 카리브·중남미협력과 이메일(latinca@mofa.go.kr)로 관련 서류 송부,"- 국문 신청서(한글 또는 PDF 파일) - 영문 신청서(Application for Internship, Curriculum Viate) 각 1부 - 영문 재학증명서(휴학증명서로 대체 가능) - 영문 대학·대학원 성적증명서 - 기타 증명서(외국어 자격증 등) - 교수 추천서",중남미국,외교부,https://www.mofa.go.kr/www/brd/m_4075/list.do,,,2025-01-13 10:09:56,2025-01-17 15:15:25,6,온통청년_OPEN_API_getPlcy,전북,중남미 지역기구 인턴 파견 우리 청년들에게 국제무대에서 활동할 수 있는 기회와 여건을 제공하고 차세대 중남미 전문인력으로서의 능력 개발 및 역량 강화 지원 해외진출 일자리
전북,"52000,45000",20250112005400110167,산림산업 창업지원,벤처,산림분야 관심자 및 전공자 태상 취ㆍ창업 실적역량 강화로 임산업 분야 우수 청년인재 유입 확대,1. 청년 산림인 취업지원 - 온ㆍ오프라인 소통강화로 산림분야 일자리 정보 접근성 향상 - 민ㆍ관 협업을 통한 현장현 산림분야 실무인재 양성 - 청년 취업지원 효율화 모색 및 네트워크 구축 2. 청년 산림인 창업지원 - 산림분야 창업자 대상 수준별 비즈니스 실전역량 강화 - 산림창업 진입장벽 완화 및 창업 성공 도약ㆍ지원 - 창업자 및 전문가간 네트워킹으로 산림창업 활성화 지원 세부추진사업별로 공고,일자리,창업,"일자리, 직무교육, 창업지원, 참여 프로그램",일자리,,세부추진사업별로 공고,18세~39세 / 연령제한:N 0043001 0 0 세부사업별로 공고시 신청자격 알림 세부사업별로 공고시 참여 제한 대상 알림 0011009 0013010 0049010 0055003,18세~39세 / 연령제한:N,0043001 0 0,,,산림안전보건일자리팀,한국임업진흥원,,,,2025-01-12 11:24:32,2026-01-01 00:00:00,6,온통청년_OPEN_API_getPlcy,전북,산림산업 창업지원 산림분야 관심자 및 전공자 태상 취 창업 실적역량 강화로 임산업 분야 우수 청년인재 유입 확대 벤처 일자리
전북,"52000,45000",20250110005400210162,전북 군복무 청년 상해보험 가입 지원,보조금,전북 군복무 청년 상해보험 가입 지원사업,군복무 중인 청년에게 상해가 발생할 경우에 대비하여 단체 보험 가입 지원,복지문화,건강,복지,복지,,20250101 ~ 20251231,18세~39세 / 연령제한:N 0043001 0 0 0011009 0013010 0049010 0055003,18세~39세 / 연령제한:N,0043001 0 0,,,전북특별자치도,전북특별자치도,,,,2025-01-10 23:55:30,2026-01-01 00:00:00,6,온통청년_OPEN_API_getPlcy,전북,전북 군복무 청년 상해보험 가입 지원 전북 군복무 청년 상해보험 가입 지원사업 보조금 복지
전북,"52000,45000",20250110005400110161,제대군인 직업능력 개발훈련,"해외진출,교육지원,맞춤형상담서비스",전역 예정자의 직업능력 개발훈련 지원 사업,근로자직업능력 개발법에 따른 직업능력개발훈련 실시기관에 추천,일자리,취업,"일자리, 직무교육, 복지",일자리,,상시,0세~0세 / 연령제한:Y 0043001 0 0 0011009 0013010 0049010 0055003,0세~0세 / 연령제한:Y,0043001 0 0,주소지 관할 제대군인지원센터에 유선으로 신청,"직업능력개발훈련 신청서, 직업능력개발훈련 개인정보 이용 및 제공 사전 동의서",국가보훈부,국가보훈부,,,,2025-01-10 16:37:16,2026-01-01 00:00:00,6,온통청년_OPEN_API_getPlcy,전북,제대군인 직업능력 개발훈련 전역 예정자의 직업능력 개발훈련 지원 사업 해외진출 교육지원 맞춤형상담서비스 일자리
전북,"52000,45000",20250110005400110155,제대군인 직업능력개발교육비 지원,"교육지원,맞춤형상담서비스",제대군인 및 전역예정자를 대상으로 개인의 전직목표와 적성에 맞는 맞춤식 전문교육을 통해 취업에 직접적으로 필요한 교육훈련과정 지원 사업,"전역 후 3년이 지나지 않고 미취창업중인 중장기 복무 전역(예정)자에게 최대 150만원 한도의 직업능력개발교육비 지원 (수강료 국비지원 80%, 자기부담률 20%)",일자리,취업,"일자리, 직무교육, 창업지원, 복지",일자리,,상시,0세~0세 / 연령제한:Y 0043001 0 0 0011009 0013003 0049010 0055003,0세~0세 / 연령제한:Y,0043001 0 0,"제대군인지원센터 상담 후 지원대상 여부 및 교육과정, 교육기관 등 확인 필요 - ☏1666-9279",(신청시) 직업능력개발교육비 지원신청서 (수료시) 교육과정 수료 후 14일 이내에 교육 수료증 또는 교육 수료 확인서,제대군인일자리과,국가보훈부,,https://www.vnet.go.kr/gud/GudCv004.do,,2025-01-10 15:45:26,2026-01-01 00:00:00,6,온통청년_OPEN_API_getPlcy,전북,제대군인 직업능력개발교육비 지원 제대군인 및 전역예정자를 대상으로 개인의 전직목표와 적성에 맞는 맞춤식 전문교육을 통해 취업에 직접적으로 필요한 교육훈련과정 지원 사업 교육지원 맞춤형상담서비스 일자리
전북,"52000,45000",20250110005400110154,제대군인 사이버교육,교육지원,- 제대군인 특성에 맞는 시장 친화적이며 취창업과 연계한 차별화된 직업교육 확대 - 시간과 장소 제약 없이 다양한 교육과정을 제공함으로써 직업능력 역량을 제고하여 성공적인 사회복귀지원,"1인당 월 3개 (연 12개) 과목 사이버교육 지원 교재비 50% 지원(1인당 6권까지, 20만원 한도, 예산 범위 내 지원)","일자리,교육","취업,미래역량강화","일자리, 직무교육, 창업지원",일자리,,상시,0세~0세 / 연령제한:Y 0043001 0 0 0011009 0013010 0049010 0055003,0세~0세 / 연령제한:Y,0043001 0 0,제대군인지원센터 사이버 연수원 홈페이지에 접속해서 별도 회원가입한 후 수강신청,,국가보훈부,국가보훈부,https://www.vnet.go.kr/edc/EdcCyb.do,https://www.vnet.go.kr/edc/EdcCyb.do,,2025-01-10 15:36:15,2026-01-01 00:00:00,6,온통청년_OPEN_API_getPlcy,전북,제대군인 사이버교육 제대군인 특성에 맞는 시장 친화적이며 취창업과 연계한 차별화된 직업교육 확대 시간과 장소 제약 없이 다양한 교육과정을 제공함으로써 직업능력 역량을 제고하여 성공적인 사회복귀지원 교육지원 일자리
전북,"52000,45000",20250110005400110153,제대군인지원센터,"맞춤형상담서비스,교육지원,중소기업,해외진출","제대(예정) 군인의 사회정착 지원을 위해 직업능력개발, 취창업, 교육, 멘토링 등의 구직활동 지원",□ 직업능력개발 교육비 □ 전직지원금 □ 사이버교육 □ 무료법률 구조 □ 심리재활서비스 등 지원,일자리,취업,"일자리, 직무교육, 창업지원, 복지, 참여 프로그램",일자리,,상시,0세~0세 / 연령제한:Y 0043001 0 0 0011009 0013010 0049010 0055003,0세~0세 / 연령제한:Y,0043001 0 0,□ 지원별 상이,,국가보훈부,국가보훈부 제대군인국 제대군인일자리과,https://vnet.go.kr/,https://www.korea.kr/news/policyNewsView.do?newsId=148919167,,2025-01-10 14:46:55,2026-01-01 00:00:00,6,온통청년_OPEN_API_getPlcy,전북,제대군인지원센터 제대 예정 군인의 사회정착 지원을 위해 직업능력개발 취창업 교육 멘토링 등의 구직활동 지원 맞춤형상담서비스 교육지원 중소기업 해외진출 일자리
전북,"52000,45000",20250110005400210152,국군 휴가보상 제도,교육지원,"휴가 중 독립기념관 방문 관람(방문 확인) 하면, 추후 휴가 시 1일의 휴가를 보상","휴가 중 독립기념관 관람(방문 확인) 하면, 추후 휴가 시 1일의 휴가를 보상",복지문화,문화활동,"직무교육, 복지",직무교육,,2025년 12월 31일,0세~0세 / 연령제한:Y 0043001 0 0 - - 0011009 0013010 0049010 0055003,0세~0세 / 연령제한:Y,0043001 0 0,ㅇ 모바일 앱을 이용한 관람 및 퀴즈 풀이 - '현충시설 기념관 안내' 앱 다운로드 -> 독립기념관 선택 -> '국군 휴가 인증' 메뉴 선탁 -> 휴가자 정보 등록 -> 독립기념관 방문 -> 모바일앱을 설치하여 전시관 관람 및 퀴즈 풀이 -> 확인증 발급(종합안내센터 방문 필요 없음),-,국가보훈부,독립기념관,https://i815.or.kr/2018/tour/armyVisit.do,https://i815.or.kr/2018/tour/armyVisit.do,,2025-01-10 14:31:08,2026-01-01 00:00:00,6,온통청년_OPEN_API_getPlcy,전북,국군 휴가보상 제도 휴가 중 독립기념관 방문 관람 방문 확인 하면 추후 휴가 시 1일의 휴가를 보상 교육지원 직무교육
전북,"52000,45000",20250110005400110151,제대군인 전직지원금,"맞춤형상담서비스,바우처","전역후 6개월 이내 실업상태의 군인연금비대상 장기복무제대군인의 취, 창업 촉진을 위한 전직지원금 지원","○ 매월 장기복무 81만 원, 중기복무 58만 원 씩 6개월 간 지급. 다만 수급기간 중 취창업시에는 취업이나 창업을 한 다음 달부터 남은 달까지 받을 총 지급액의 1/2을 일시금으로 지급 * 신청기간 : 전역후 6개월이내",일자리,취업,"일자리, 창업지원, 복지",일자리,,상시,0세~0세 / 연령제한:Y 0043001 0 0 ○ 지급 중단 사유 - 적극적으로 구직활동을 하지 않은 경우(본인의 질병·부상·임신·출산 및 천재지변의 경우는 제외) - 거짓이나 그 밖의 부정한 방법으로 전직지원금을 지급받았거나 지급받으려 한 경우 * 군인연금 수령자는 제외 0011009 0013003 0049010 0055003,0세~0세 / 연령제한:Y,0043001 0 0,"- 제대군인지원센터에 방문하거나 온라인, 우편으로 신청","전직지원급지급신청서, 개인정보 이용·제공 사전 동의서, 매월 1회 이상 적극적 구직활동 증명서류(해당장에 한함)",국가보훈부,국가보훈부 제대군인국 제대군인일자리과,https://www.gov.kr/mw/AA020InfoCappView.do?CappBizCD=11800000096,https://www.vnet.go.kr/gud/GudCv002.do,,2025-01-10 14:27:28,2026-01-01 00:00:00,6,온통청년_OPEN_API_getPlcy,전북,제대군인 전직지원금 전역후 6개월 이내 실업상태의 군인연금비대상 장기복무제대군인의 취 창업 촉진을 위한 전직지원금 지원 맞춤형상담서비스 바우처 일자리
전북,"52000,45000",20250110005400110150,병 자기개발비용 지원,교육지원,군 복무 중 자기개발 기회를 확대하고자 자기개발에 소요된 비용의 80%(연간 12만 원 한도)를 지원해주는 제도,"군 복무 중 자기개발활동에 소요된 비용의 80%를 지원하되 연간 12만 원 한도, 복무 기간 중 총 24만 원 한도 내에서 지원",일자리,취업,"일자리, 직무교육",일자리,20250102 ~ 20251130,20250102 ~ 20251130,0세~0세 / 연령제한:Y 0043001 0 0 군 복무 중인 병만 지원 대상임 0011009 0013010 0049010 0055003,0세~0세 / 연령제한:Y,0043001 0 0,"1. 제휴사: 나라사랑포털 www.narasarang.or.kr 로그인 > 자기개발 > 제휴사 > 상품 구매(가용잔액 적용) 2. 비제휴사: 나라사랑포털 www.narasarang.or.kr 로그인 > 자기개발 > 지원신청(영수증, 증빙서류 첨부) > 심사 > 지급 * 증빙서류 : 나라사랑포털 > 자기개발 > 제도기준, 증빙서류 안내 참고","영수증, 증빙서류 ㅇ 나라사랑포털 > 자기개발 > 제도기준, 증빙서류 안내 참고",국방부,국방부,https://www.narasarang.or.kr,,,2025-01-10 14:21:05,2025-01-16 09:37:29,6,온통청년_OPEN_API_getPlcy,전북,병 자기개발비용 지원 군 복무 중 자기개발 기회를 확대하고자 자기개발에 소요된 비용의 80 연간 12만 원 한도 를 지원해주는 제도 교육지원 일자리
전북,"52000,45000",20250110005400110149,중.장기복무제대군인 무료법률구조지원,맞춤형상담서비스,"국토방위의 임무를 성실히 수행하고 전역 후 사회에 적응하는 과정에서 경제적으로 어렵거나, 법을 모르기 때문에 법의 보호를 충분히 받지 못하는 중·장기복무제대군인에 대해 소송비용 등을 국가가 부담하여 대한법률구조공단에서 지원을 받도록 하는 제도","- 소송비용 지원 : 변호사 비용, 인지액, 송달료 등 * 소송비용은 대한법률구조공단에서 대납 후 청구하면 예산 범위내에서 국가보훈부에서 대한법률구조공단에 지급 - 지원대상 소송사건 : 민사 · 가사사건, 행정심판사건, 행정소송사건, 헌법소원사건, 형사사건, 「국가배상법」에 따른 손해배상사건 *국가를 당사자로 하는 소송에 관한 법률」에 따라 국가를 당사자 또는 참가인으로 하는 국가소송은 제외",일자리,취업,"일자리, 복지",일자리,,상시접수,"0세~0세 / 연령제한:Y 0043003 0 0 보건복지부장관이 고시하는 중위소득 125% 이하자 「군인연금법」제6조제1호부터 제3호까지의 규정에 따른 퇴역연금, 퇴역연금일시금, 퇴역연금공제일시금 중 어느 하나를 받았거나 받고있는 사람 0011009 0013010 0049010 0055003",0세~0세 / 연령제한:Y,0043003 0 0 보건복지부장관이 고시하는 중위소득 125% 이하자,"인터넷(국가보훈부 홈페이지 - 민원참여 - 나만의 예우), 방문, 우편 대한법률구조공단 고객상담센터 국번없이 132","- 신청인 제출서류 : 없음 - 담당공무원 확인사항 : 중·장기복무제대군인 등록 여부, 군인연금수급권 유무 국방부 조회 등",국가보훈부,대한법률구조공단,,https://www.vnet.go.kr/gud/GudCv008.do,,2025-01-10 14:12:57,2026-01-01 00:00:00,6,온통청년_OPEN_API_getPlcy,전북,중 장기복무제대군인 무료법률구조지원 국토방위의 임무를 성실히 수행하고 전역 후 사회에 적응하는 과정에서 경제적으로 어렵거나 법을 모르기 때문에 법의 보호를 충분히 받지 못하는 중 장기복무제대군인에 대해 소송비용 등을 국가가 부담하여 대한법률구조공단에서 지원을 받도록 하는 제도 맞춤형상담서비스 일자리
전북,"52000,45000",20250110005400110148,해운항만물류 전문인력 양성(산학연계 인턴십),"해외진출,교육지원,인턴",대학생의 국내외 해운물류분야 기업 인턴십 지원을 통한 취업률 제고,국내외 기업과 연계한 인턴십 파견지원금을 통해 기업과 학생의 참여 유도 및 실질적 취업연계 가능성 제고,일자리,취업,"일자리, 직무교육, 복지, 참여 프로그램",일자리,,사업수행 대학별 공고,"0세~0세 / 연령제한:Y 0043001 0 0 대학교 3학년 이상 대학생 및 졸업생(미취업자) 0011008 0013010 0049005,0049007 0055003",0세~0세 / 연령제한:Y,0043001 0 0,모집공고(사업수행 대학) → 신청(대학생) → 인턴십 선정(사업수행 대학),사업수행 대학 공고 참조,해양수산부,스마트해운물류팀,,,,2025-01-10 13:23:28,2026-01-01 00:00:00,6,온통청년_OPEN_API_getPlcy,전북,해운항만물류 전문인력 양성 산학연계 인턴십 대학생의 국내외 해운물류분야 기업 인턴십 지원을 통한 취업률 제고 해외진출 교육지원 인턴 일자리
전북,"52000,45000",20250110005400110147,KF 글로벌 챌린저,해외진출,"대한민국 차세대 인재들이 해외 유수 정책연구소, 박물관, 도서관, 국제기구/국제NGO 등에서의 실무 경험 기회","현지 체재비, 일반석 왕복항공료 80%, 보험료 (* 경제적 취약 계층의 경우 체재비 20% 증액, 일반석 왕복항공료 전액 지급)",참여권리,청년국제교류,참여 프로그램,참여 프로그램,,"정책연구소(6개월), 박물관(6-9개월), 도서관(10개월), 국제기구/국제NGO(3개월)","19세~39세 / 연령제한:N 0043001 0 0 학력, 전공요건, 취업상태(경력)은 기관에 따라 상이 * 관련 분야 전공 학위 및 경력(총 2년 이내) 필요 상세 조건은 온라인 지원 페이지 참조 0011008 0013009 0049009 0055003",19세~39세 / 연령제한:N,0043001 0 0,"신청기간* 내 온라인 신청서 등 제출 *전년도 9-10월 (※ KF 홈페이지 공고, 신청기간은 상황에 따라 달라질 수 있으므로 유의)",,한국국제교류재단,한국국제교류재단,https://apply.kf.or.kr,,,2025-01-10 13:11:10,2026-01-01 00:00:00,6,온통청년_OPEN_API_getPlcy,전북,KF 글로벌 챌린저 대한민국 차세대 인재들이 해외 유수 정책연구소 박물관 도서관 국제기구 국제NGO 등에서의 실무 경험 기회 해외진출 참여 프로그램
전북,"52000,45000",20250110005400210145,"""노벨 문학도시 장흥을 즐겨라!"" 지역탐방 프로그램 운영",교육지원,"가. 일 시 : 2025. 2. 13.(목) 14:00 ~ 2. 14.(금) 16:00 예정 / 1박2일 나. 행사내용 - 문화관광, 취․창업 및 문학관련 지역탐방, 아로마테라피, 청태전 다식 체험, 산단 견학, 한강작가 아버지 한승원 산책길 방문 등 가. 모집대상 : 타시군 19세 ~ 45세 청년 나. 모집기간 : 2025. 1. 24.(금)까지 ※ 모집 완료 시 까지 다. 모집인원 : 20명 ※ 선정자 개별 통보 라. 신청방법 : 이메일 접수(hma22000@naver.com) - 우선순위 : ① 전남․광주 외 지역 ② 광주 ③ 장흥군 외 전남 청년","가. 일 시 : 2025. 2. 13.(목) 14:00 ~ 2. 14.(금) 16:00 예정 / 1박2일 나. 행사내용 - 문화관광, 취․창업 및 문학관련 지역탐방, 아로마테라피, 청태전 다식 체험, 산단 견학, 문학산책로 체험 등 가. 모집대상 : 타시군 19세 ~ 45세 청년 나. 모집기간 : 2025. 1. 24.(금)까지 ※ 모집 완료 시 까지 다. 모집인원 : 20명 ※ 선정자 개별 통보 라. 신청방법 : 이메일 접수(hma22000@naver.com) - 우선순위 : ① 전남․광주 외 지역 ② 광주 ③ 장흥군 외 전남 청년",복지문화,문화활동,"직무교육, 창업지원, 복지",직무교육,20250110 ~ 20250124,20250213 ~ 20250214,19세~45세 / 연령제한:N 0043001 0 0 0011009 0013010 0049010 0055003,19세~45세 / 연령제한:N,0043001 0 0,,,인구청년정책과,전라남도 장흥군 인구청년정책과,,,,2025-01-10 09:45:12,2025-07-16 17:20:57,6,온통청년_OPEN_API_getPlcy,전북,노벨 문학도시 장흥을 즐겨라 지역탐방 프로그램 운영 가 일 시 2025 2 13 목 14 00 2 14 금 16 00 예정 1박2일 나 행사내용 문화관광 취 창업 및 문학관련 지역탐방 아로마테라피 청태전 다식 체험 산단 견학 한강작가 아버지 한승원 산책길 방문 등 가 모집대상 타시군 19세 45세 청년 나 모집기간 2025 1 24 금 까지 모집 완료 시 까지 다 모집인원 20명 선정자 개별 통보 라 신청방법 이메일 접수 hma22000 naver com 우선순위 전남 광주 외 지역 광주 장흥군 외 전남 청년 교육지원 직무교육
전북,"52000,45000",20250109005400110119,KF 한베청년교류,해외진출,"한국과 베트남 양국간의 상호 이해와 우호 증진, 미래지향적 관계 구축을 위해 베트남 내무부와 공동으로 한베청년교류사업 개최","사회경제적 개발 정책, 신농업 개발 및 스마트 농업, 중앙/지자체 청년 정책 등 양국이 합의한 청년 부문 협력 분야 관련 정부 부처 및 지방자치단체 방문, 산업시설 시찰, 담당자와의 면담 등 가. 항공료 나. 체재비 다. 일정수립 라. 한-베트남어 통역 등",참여권리,청년국제교류,참여 프로그램,참여 프로그램,,하반기 중 6박 7일 예정 *상세 일정 추후 공지,"24세~39세 / 연령제한:N 0043001 0 0 중앙부처 및 지방자치단체 현직 청년 공무원 (경력 3년 이상의 24세~39세 청년 공무원) 국제협력 및 해외교류 업무, 한-베 관계 및 베트남 관련 업무 등 특화분야 공무원 경력 3년 미만 0011009 0013001,0013009 0049010 0055003",24세~39세 / 연령제한:N,0043001 0 0,전자문서(공문) 접수,,한국국제교류재단,한국국제교류재단,,,,2025-01-09 16:20:41,2026-01-01 00:00:00,6,온통청년_OPEN_API_getPlcy,전북,KF 한베청년교류 한국과 베트남 양국간의 상호 이해와 우호 증진 미래지향적 관계 구축을 위해 베트남 내무부와 공동으로 한베청년교류사업 개최 해외진출 참여 프로그램
전북,"52000,45000",20250109005400110118,고교생 맞춤형 고용서비스,맞춤형상담서비스,"대학의 우수 인프라를 활용하여 취업을 희망하는 고교 재학생을 대상으로 진로 설계, 희망직업 포트폴리오 작성 및 취업활동계획 수립 지원, 직업훈련·일경험 연계 등 맞춤형 고용서비스를 제공하여 졸업 후 원활한 노동시장 진입 촉진","""직업훈련 전·후로 진로상담 및 취업활동계획 수립, 취업역량 강화 프로그램 등 체계적 고용서비스* 지원 * ①진로 탐색, 심층 상담, 직업 포트폴리오 설계 → ②취업 목표 수립 및 활동계획 수립·관리 → ③일경험·직업훈련 프로그램 참여 지원 → ④모의 면접, 현장 직무 체험, 이력서 클리닉 등 취업역량 강화 지원 → ⑤졸업 후 사후관리(2년)""",일자리,취업,"일자리, 직무교육, 복지, 참여 프로그램",일자리,,연중,0세~0세 / 연령제한:Y 0043001 0 0 0011009 0013010 0049010 0055003,0세~0세 / 연령제한:Y,0043001 0 0,"""참여를 희망하는 학교가 인근 대학일자리플러스센터에 문의 고교생 맞춤형 고용서비스 운영 대학은 고용노동부 홈페이지(https://www.moel.go.kr/policyitrd/policyItrdView.do?policy_itrd_sn=12)에서 확인 가능""",,고용노동부,고용노동부,https://www.moel.go.kr/policyitrd/policyItrdView.do?policy_itrd_sn=12,,,2025-01-09 15:14:31,2026-01-01 00:00:00,6,온통청년_OPEN_API_getPlcy,전북,고교생 맞춤형 고용서비스 대학의 우수 인프라를 활용하여 취업을 희망하는 고교 재학생을 대상으로 진로 설계 희망직업 포트폴리오 작성 및 취업활동계획 수립 지원 직업훈련 일경험 연계 등 맞춤형 고용서비스를 제공하여 졸업 후 원활한 노동시장 진입 촉진 맞춤형상담서비스 일자리
전북,"52000,45000",20250109005400110117,직장적응 지원,맞춤형상담서비스,산업단지 입주기업 등의 CEO‧중간관리자‧인사담당자 대상 청년친화 조직문화 교육‧컨설팅 및 신입직원 대상 직장적응 지원 프로그램(on-borarding)을 제공합니다.,""" ◦ (청년친화 조직문화 교육‧컨설팅) 청년세대 이해 및 커뮤니케이션 방법, 직장내 괴롭힘 및 갑질 예방, 성과관리 전략 및 성공하는 리더십 프로그램 등 제공 ◦ (직장적응 지원 프로그램) 조직 내 성장방법, 협업 커뮤니케이션 스킬, 메일 작성법, 비즈니스 매너, 상호 교류 프로그램, 퍼스널컬러와 이미지메이킹 프로그램 등 제공 * 운영방식 및 운영 프로그램은 자치단체 및 운영기관별로 상이할 수 있습니다.""",일자리,취업,"일자리, 직무교육, 복지, 참여 프로그램",일자리,,연중,"15세~34세 / 연령제한:N 0043001 0 0 ㅇ 산업단지 입주기업 외 기업 소속 임직원도 참여 가능합니다(30% 이내) "" ◦(직장적응 프로그램-온보딩) 산업단지 입주기업 등에 채용 후 1년 이내인 15세 이상~34세 이하 청년 ◦(청년친화 조직문화 교육‧컨설팅) 산업단지 입주기업 등에 재직중인 CEO‧중간관리자‧인사담당자 * 위 기준에 포함되지 않더라도 지자체 조례 등에서 지원의 필요성이 있다고 인정하는 경우에는 자치단체에서 사업 취지에 맞게 합리적으로 기준 조정 가능"" 0011009 0013010 0049010 0055003",15세~34세 / 연령제한:N,0043001 0 0,운영기관 직접 방문 또는 고용24(www.work24.go.kr)를 통해 신청,,고용노동부,고용노동부,,https://youth-up.kr/growth,https://www.work24.go.kr/wk/v/a/1000/youngGrowIntro.do,2025-01-09 15:11:32,2026-01-01 00:00:00,6,온통청년_OPEN_API_getPlcy,전북,직장적응 지원 산업단지 입주기업 등의 CEO 중간관리자 인사담당자 대상 청년친화 조직문화 교육 컨설팅 및 신입직원 대상 직장적응 지원 프로그램 on borarding 을 제공합니다 맞춤형상담서비스 일자리
전북,"52000,45000",20250108005400210079,부산진구 청년 공모전,보조금,"ㅇ (목적) 청년의 정책 관심도를 제고하며 정책제안의 기회를 제공 ㅇ (대상) 청년 누구나 ㅇ (주요내용) 청년정책, 문화 활성화를 위한 공모전 개최 ㅇ (전달체계) 직접사업","ㅇ (목적) 청년의 정책 관심도를 제고하며 정책제안의 기회를 제공 ㅇ (대상) 청년 누구나 ㅇ (주요내용) 청년정책, 문화 활성화를 위한 공모전 개최 ㅇ (전달체계) 직접사업",참여권리,정책인프라구축,"복지, 참여 프로그램",복지,20250401 ~ 20250430,20250401 ~ 20250430,18세~39세 / 연령제한:N 0043001 0 0 0011009 0013010 0049010 0055003,18세~39세 / 연령제한:N,0043001 0 0,,,부산진구,부산진구,,,,2025-01-08 11:46:19,2025-03-27 17:48:58,6,온통청년_OPEN_API_getPlcy,전북,부산진구 청년 공모전 목적 청년의 정책 관심도를 제고하며 정책제안의 기회를 제공 대상 청년 누구나 주요내용 청년정책 문화 활성화를 위한 공모전 개최 전달체계 직접사업 보조금 복지
전북,"52000,45000",20250107005400110064,청년 유네스코 세계유산 지킴이,보조금,청년의 창의적 국가유산보호 활동 지원으로 글로벌 미래문화인재 육성,"청년 창의성,자율성 기반 유네스코 세계유산 지킴이 활동으로 세계유산을 홍보, 교육, 모니터링, 환경정화 등 자원봉사 활동을 실시하며 나아가 청년 네트워크 및 콘텐츠 개발 등 정책 기획 참여",참여권리,청년국제교류,"직무교육, 복지, 참여 프로그램",직무교육,20250310 ~ 20250418,20250501 ~ 20251130,0세~0세 / 연령제한:Y 0043001 0 0 0011009 0013010 0049010 0055003,0세~0세 / 연령제한:Y,0043001 0 0,,,교육활용과,교육활용과,,,,2025-01-07 15:28:56,2025-03-27 17:54:11,6,온통청년_OPEN_API_getPlcy,전북,청년 유네스코 세계유산 지킴이 청년의 창의적 국가유산보호 활동 지원으로 글로벌 미래문화인재 육성 보조금 직무교육
전북,"52000,45000",20250107005400110063,2025년 국가유산 산업 인턴 지원 사업,"교육지원,인턴",국가유산 산업 분야 취업 준비 청년들의 현장 실무역량을 강화하여 취업을 위한 경력 지원 및 국가유산 산업확장 도모,"□ 지원대상: 국가유산 산업 분야 취업을 준비 중인 청년 ※ 대한민국 국적 소지자에 한함 □ 지원연령: 만 19세 이상 ~ 39세 이하 ※ 1985. 3. 2.~ 2006. 3. 1 출생자에 한함 □ 근로조건 ㅇ 근무장소: 매칭이 완료된 인턴 운영기관 ㅇ 근무기간: 2025. 3. 1.~ 8.31.(총 6개월 / ※ 근무기간은 상황에 따라 조정될 수 있음) ㅇ 근로계약: 인턴과 인턴 운영기관 간 근로계약 체결 - 근무조건: 주 40시간(일 8시간*5일) - 급여조건: 월 2,096,270원 이상 (※ 세전 기준 / 4대보험 및 주휴수당 포함) ※ 세부 근로사항은 인턴 운영기관별 상황에 맞춰 인턴과 협의 후 결정 ㅇ 인턴활동 - 직무교육 수료 국가유산진흥원에서 제공하는 교육 수강 (온라인 예정) - 인턴 운영기관 제시 인턴 담당업무 수행 및 운영 실적 보고서 작성등",일자리,취업,"일자리, 직무교육, 복지",일자리,20250117 ~ 20250202,20250101 ~ 20251231,19세~39세 / 연령제한:N 0043001 0 0 ※우대사항: 취업취약계층에 해당하며 관련 증명서를 제출하는 자에 한하여 가산점 부여 ① 2023~2024년 동 사업에 하루라도 참여한 이력이 있는 인턴 ② 2023~2024년 청년·경력단절여성 중심 사업[붙임 1-1. 참조] 참여자 ③ 노동시장이행형 직접일자리사업 [붙임 1-3. 참조] 하는 경우 참여 가능 ④ 인턴 운영기관에서 현재 근무하여 해당 기관의 4대보험에 가입 중인 자 ⑤ 인턴 운영기관의 사업주(대표자)와 친인척 관계인 자 ⑥ 인턴 근무시작일(2025. 3. 1.(토)) 기준 인턴 운영기관에 4대보험 직장가입이 불가한 자 ⑦ 타 정부부처 또는 공공기관의 인턴 사업에 참여 중인 자 ※ 위 기재사항 및 기타 허위 또는 부정한 방법으로 채용된 자는 해당 사실이 발견되는 경우 선정이 취소될 수 있음 0011008 0013003 0049009 0055003,19세~39세 / 연령제한:N,0043001 0 0,"신청방법: 국가유산진흥원 온라인채용시스템을 통한 온라인 지원 (https://heritage-intern.recruiter.co.kr/) ※ 이메일, 우편, 방문접수 및 기타 방법을 통한 지원 불인정","□ 인턴 참여 신청서 (※ 온라인 작성 / 한글파일 작성 및 제출 불필요) □ 개인정보 수집･이용･제공 동의서(※ 필수) □ 취업취약계층 확인 증명서, 자격․어학증명서(※ 대상자에 한함) □ 국민취업지원제도 성실참여 확인서(※ 대상자에 한함) □ 발굴조사 분야 지원자는 추가로 관련학과 학사 학위 이상 취득자로 지원자격 제한 (증명서 필요)",국가유산진흥원,국가유산진흥원,https://heritage-intern.recruiter.co.kr/appsite/company/index,,,2025-01-07 15:23:41,2025-01-16 20:41:55,6,온통청년_OPEN_API_getPlcy,전북,2025년 국가유산 산업 인턴 지원 사업 국가유산 산업 분야 취업 준비 청년들의 현장 실무역량을 강화하여 취업을 위한 경력 지원 및 국가유산 산업확장 도모 교육지원 인턴 일자리
전북,"52000,45000",20250107005400110060,2025년 매장유산 미정리유물 보존 및 활용사업,"인턴,교육지원",대학박물관 내 미정리 유물 일제 등록 지원 및 활용을 통한 유물의 안전한 보관 관리 및 청년일자리 제공,"ㅇ 지원내용 - 대학박물관(17개관) 내 미정리 유물 일제 등록 및 활용인원 채용(90명) ㅇ 주요내용 - 미정리 유물에 대한 세척, 넘버링, 사진촬영 등 유물분류 작업 - 미귀속 미발간 보고세 대한 정리 후 보고서 발간 - 국가귀속 대상 유물 등록 및 자료 현행화 등 국가귀속 사전작업 ㅇ 진행경과 - '24년 추진 실적: 26개 대학박물관 약 92명 채용 - 3만여점 미정리 유물 보존 및 활용 보고서 22개권 발간 1만 8천여점 국가귀속",일자리,취업,"일자리, 직무교육",일자리,,20250101 ~ 20251231,18세~100세 / 연령제한:N 0043001 0 0 전문인력 자격은 석사 이상 혹은 준조사원 0011009 0013010 0049010 0055003,18세~100세 / 연령제한:N,0043001 0 0,"ㅇ신청 방법 -사업지침 마련 및 확정➡일모아 시스템 가입➡사업정보 등록 및 승인➡모집공고 등록을 순차적으로 진행하여 공개채용 - 워크넷(www.work.go.kr) 및 일모아 시스템과 연동하여 채용 공고 (사)한국대학박물관 협회(채용 공고), 사업기관별 홈페이지(채용 공고)를 통해 충분히 채용정보(모집공고명, 모집직종, 직무내용, 모집기간 및 인원, 사업참여기간, 임금 및 근로시간) 고지한 뒤, 각 참여관 에 채용 신청(협회 모니터링: 관련 서류 일체 구비하여 참여관➡협회로 보고)","ㅇ 제출서류: 지원서 1부, 자기소개서 1부, 성범죄 경력조회 동의서, 개인정보 수집 및 이용 동의서, 최종학력 또는 재학(휴학)증명서, 우대사항 입증서류",청장,문화유산국,www.work.go.kr,http://www.kaum.or.kr/bbs/board.php?bo_table=recruitment,,2025-01-07 13:26:29,2026-01-01 00:00:00,6,온통청년_OPEN_API_getPlcy,전북,2025년 매장유산 미정리유물 보존 및 활용사업 대학박물관 내 미정리 유물 일제 등록 지원 및 활용을 통한 유물의 안전한 보관 관리 및 청년일자리 제공 인턴 교육지원 일자리
전북,"52000,45000",20250103005400210050,Wake-up 국제청소년센터 운영,"교육지원,맞춤형상담서비스","교황방문기념관 운영, 청소년 수련활동 프로그램 운영 등","▪ 지원대상 : 청소년 ▪ 지원기준 : - ▪ 지원내용 : 교황방문기념관 운영, 청소년 수련활동 프로그램 운영 등",복지문화,문화활동,"직무교육, 복지",직무교육,,청소년 수련 활동 프로그램 연중 시 운영,9세~24세 / 연령제한:N 0043001 0 0 0011009 0013010 0049010 0055003,9세~24세 / 연령제한:N,0043001 0 0,,,서산시,복지문화국,,https://wake-upcenter.com/,,2025-01-03 11:26:41,2026-01-01 00:00:00,6,온통청년_OPEN_API_getPlcy,전북,Wake up 국제청소년센터 운영 교황방문기념관 운영 청소년 수련활동 프로그램 운영 등 교육지원 맞춤형상담서비스 직무교육
전북,"52000,45000",20250103005400210044,창업보육센터 지원,"중소기업,벤처,인턴",다양한 맞춤형 창업기업 육성 및 지원,▪ 지원대상 : 창업 준비자 ▪ 지원기준 : - ▪ 지원내용 : 각종 창업 교육 및 사업추진 운영 경비 지원,일자리,창업,"일자리, 직무교육, 창업지원",일자리,,연중상시,18세~39세 / 연령제한:N 0043001 0 0 0011009 0013006 0049010 0055003,18세~39세 / 연령제한:N,0043001 0 0,,,서산시,경제산업국,,https://sanhak.hanseo.ac.kr/,,2025-01-03 11:06:43,2026-01-01 00:00:00,6,온통청년_OPEN_API_getPlcy,전북,창업보육센터 지원 다양한 맞춤형 창업기업 육성 및 지원 중소기업 벤처 인턴 일자리
전북,"52000,45000",20250103005400210042,일자리종합센터 취업지원 프로그램 운영,장기미취업청년,각종 프로그램 운영을 통해 청년취업 지원,"▪ 지원대상 : 청년 및 시민 ▪ 지원기준 : - ▪ 지원내용 : 찾아가는 일자리종합센터 운영, 취업지원 프로그램 운영 등",일자리,취업,"일자리, 직무교육",일자리,,연중상시,"0세~0세 / 연령제한:Y 0043001 0 0 취업을 준비하는 자 0011009 0013003,0013006,0013009 0049010 0055003",0세~0세 / 연령제한:Y,0043001 0 0,,,서산시,경제산업국,,,,2025-01-03 10:58:09,2026-01-01 00:00:00,6,온통청년_OPEN_API_getPlcy,전북,일자리종합센터 취업지원 프로그램 운영 각종 프로그램 운영을 통해 청년취업 지원 장기미취업청년 일자리
전북,"52000,45000",20250103005400210040,서산시 청년의 날 행사 추진,"벤처,중소기업,교육지원",청년의 날(매년 9월 셋째 주 토요일)을 기념하는 청년의 날 행사 개최,"▪ 지원대상 : 청년, 시민 등 ▪ 지원기준 : - ▪ 지원내용 : 체험부스 운영, 문화예술공연, 유공 표창 등",참여권리,청년참여,"직무교육, 창업지원, 복지, 참여 프로그램",직무교육,,청년의 날(1일),0세~0세 / 연령제한:Y 0043001 0 0 0011009 0013010 0049010 0055003,0세~0세 / 연령제한:Y,0043001 0 0,,,서산시,기획예산담당관,,,,2025-01-03 10:51:05,2026-01-01 00:00:00,6,온통청년_OPEN_API_getPlcy,전북,서산시 청년의 날 행사 추진 청년의 날 매년 9월 셋째 주 토요일 을 기념하는 청년의 날 행사 개최 벤처 중소기업 교육지원 직무교육
전북,"52000,45000",20250103005400210039,서산청년마당 운영,맞춤형상담서비스,관내 청년들이 상호작용할 수 있는 공간 마련,"▪ 지원대상 : 청년 ▪ 지원기준 : - ▪ 지원내용 : 청년 자유공간(회의실, 커뮤니티홀, 동아리실) 제공","참여권리,참여권리","청년참여,정책인프라구축","복지, 참여 프로그램",복지,,"월~금 09:00 ~ 18:00 운영(대관은 20:00까지 가능)/ 토, 일, 공휴일 휴무",18세~39세 / 연령제한:N 0043001 0 0 청년 0011009 0013010 0049010 0055003,18세~39세 / 연령제한:N,0043001 0 0,공유누리 사이트에서 이용대관 신청 가능,,서산시,기획예산담당관,https://www.eshare.go.kr/UserPortal/Upm/Main/index.do,,,2025-01-03 10:46:16,2026-01-01 00:00:00,6,온통청년_OPEN_API_getPlcy,전북,서산청년마당 운영 관내 청년들이 상호작용할 수 있는 공간 마련 맞춤형상담서비스 복지
전북,"52000,45000",20250103005400210032,서산시청년정책위원회 운영,맞춤형상담서비스,청년정책 기본계획 및 시행계획 심의 등을 위한 청년정책위원회 구성 및 운영,▪ 지원대상 : 청년 ▪ 지원기준 : - ▪ 지원내용 : 청년정책 기본계획 및 시행계획 심의 등,참여권리,청년참여,"복지, 참여 프로그램",복지,,임기 2년,0세~0세 / 연령제한:Y 0043001 0 0 서산시 청년 기본 조례 제10조(위원회의 구성)에 의거하여 신청자격 판단 0011009 0013010 0049010 0055003,0세~0세 / 연령제한:Y,0043001 0 0,,,서산시,기획예산담당관,,,,2025-01-03 10:37:10,2026-01-01 00:00:00,6,온통청년_OPEN_API_getPlcy,전북,서산시청년정책위원회 운영 청년정책 기본계획 및 시행계획 심의 등을 위한 청년정책위원회 구성 및 운영 맞춤형상담서비스 복지
전북,"52000,45000",20250103005400210028,성연 청소년문화의집 운영,교육지원,청소년들이 편하게 휴식을 취하고 놀이를 함께하며 여가를 즐길 수 있도록 지원하고 청소년의 자치자율 활동 등 역량 개발 지원,"▪ 지원대상 : 청소년(9~24세) ▪ 지원기준 : - ▪ 지원내용 : 청소년수련활동, 학교연계사업, 청소년 행사, 대외협력사업 등",복지문화,문화활동,"직무교육, 복지",직무교육,,상시 운영,9세~24세 / 연령제한:N 0043001 0 0 0011009 0013010 0049010 0055003,9세~24세 / 연령제한:N,0043001 0 0,,,서산시,복지문화국,,,,2025-01-03 10:15:58,2026-01-01 00:00:00,6,온통청년_OPEN_API_getPlcy,전북,성연 청소년문화의집 운영 청소년들이 편하게 휴식을 취하고 놀이를 함께하며 여가를 즐길 수 있도록 지원하고 청소년의 자치자율 활동 등 역량 개발 지원 교육지원 직무교육
전북,"52000,45000",20240730005400100001,병역진로설계,맞춤형상담서비스,"입영 전 자신의 적성, 전공 등을 고려 군 복무 및 전역 후 진로를 체계적으로 설계하도록 지원하는 프로그램 (입영 전) 병무청 - 병역진로설계 (복무 중) 각 군 - 개인경력개발 (전역 후) 고용부/보훈부 등 취업 지원","[입영 전 병역진로설계 서비스] (설명회) 병역이행절차 소개, 군 생활 및 자기개발 정보 제공 (병역진로상담) 1:1 상담 (군 적응 체험/교육) 군 보급품 전시, 군장비 모의 체험 등 ------------------------------------------- [절차] ① 군특기 연계 : 직업선호도검사 ② 1:1 심층 대면상담 ③ 군생활 자기개발 정보제공 ④ 군지원 및 입영 절차 안내 ⑤ 개인경력개발 ⑥ 취업지원 등",일자리,취업,"일자리, 직무교육, 복지",일자리,,상시,연령제한:Y 0043001 0011009 0013010 0049010 0055003,연령제한:Y,0043001,"① 상담신청(온라인) ② 직업선호도검사(온라인) : 직업선호도 S형, 약 25분 소요 ③ 군특기 추천(온라인) : 직업선호도검사 결과, 자격·전공 고려 ④ 방문·화상 상담 신청 : 상담일시 확정 후 SMS 발송 ⑤ 1:1 심층 상담",,병무청,주관기관 동일,https://mwpt.mma.go.kr/caisBMHS/index_mwps.jsp?menuNo=22315,https://www.mma.go.kr/byjr/01/index.do,,2024-07-30 19:44:00,2026-05-15 16:50:18,6,온통청년_OPEN_API_getPlcy,전북,병역진로설계 입영 전 자신의 적성 전공 등을 고려 군 복무 및 전역 후 진로를 체계적으로 설계하도록 지원하는 프로그램 입영 전 병무청 병역진로설계 복무 중 각 군 개인경력개발 전역 후 고용부 보훈부 등 취업 지원 맞춤형상담서비스 일자리
전남,46000,20260605005400113228,청년미래적금,보조금,"청년들의 기초자산 형성을 지원하기 위한 정책형 금융상품으로, 3년 만기 시까지 매월 최대 50만원 한도 내에서 자유롭게 납입 가능(2026년 6월 22일 출시 예정)","은행이자+비과세 혜택+정부기여금(납입금액에 비례해 일반형 6%, 우대형 12%의 정부기여금 지원)",금융･복지･문화,취약계층 및 금융지원,복지,복지,20260622 ~ 20261231,20260622 ~ 20261231,"19세~34세 / 연령제한:N 0043003 0 0 총급여 7,500만원 이하 또는 연매출 3억원 이하 소상공인 중 가구 중위소득 200% 이하인 청년을 대상 0011009 0013010 0049010 0055003",19세~34세 / 연령제한:N,"0043003 0 0 총급여 7,500만원 이하 또는 연매출 3억원 이하 소상공인 중 가구 중위소득 200% 이하인 청년을 대상",ㅇ 취급은행 모바일앱을 통해 매월 비대면 신청 가능 ㅇ 2026년 6월 출시 예정,,금융위원회,한국고용정보원,,https://www.kinfa.or.kr/financialProduct/youthFutureSavings.do,https://blog.naver.com/blogfsc/224302863400,2026-06-05 18:06:49,2026-06-10 14:05:31,1,온통청년_OPEN_API_getPlcy,전남,청년미래적금 청년들의 기초자산 형성을 지원하기 위한 정책형 금융상품으로 3년 만기 시까지 매월 최대 50만원 한도 내에서 자유롭게 납입 가능 2026년 6월 22일 출시 예정 보조금 복지
전남,46000,20260528005400113227,(농식품부) 농식품 바우처,바우처,『농업·농촌 및 식품산업 기본법』 제 23조의 2(취약계층 등에 대한 식품지원)에 근거하여 취약계층의 식품 접근성을 강화하고 균형 있는 식품 섭취를 지원하는 식품지원 제도,"- 지원방식: 전자바우처(카드방식) - 지원품목: 국산 채소류, 과일류, 육류, 신선알류, 흰 우유, 잡곡류, 두부류, 임산물 (이외 품목 구매 불가)",금융･복지･문화,건강,복지,복지,20251222 ~ 20261211,20260102 ~ 20261231,"18세~34세 / 연령제한:N 0043003 0 0 생계급여(기준 중위소득 32%이하) 수급가구 중 임산부·영유아·아동·청년 포함가구 생계급여 수급가구 가구원 중 「국민기초생활 보장법」상 보장시설 수급자는 가구원 수 산출에서 제외 보건복지부 영양플러스 사업 이용자는 해당 기간 동안 가구원 수 산출에서 제외 아래 기초지자체는 '26년 농식품바우처 사업 미추진 - 서울 : 강서구, 송파구(청년 포함가구 미지원) - 인천 : 미추홀구 - 경기 : 수원시, 부천시, 안산시, 안양시, 하남시 * 농식품바우처 지정 오프라인 매장은 이용가능 * 미시행 지자체 전입시 바우처 사용 불가, 전입전까지 지원금액 모두 사용 0011009 0013010 0049010 0055003",18세~34세 / 연령제한:N,0043003 0 0 생계급여(기준 중위소득 32%이하) 수급가구 중 임산부·영유아·아동·청년 포함가구,1. 방문신청 : 주소지 관할 읍ㆍ면ㆍ동 행정복지센터 방문 2. 전화신청 : 고객지원센터 (1551-0857)를 통해 신청 3. 온라인신청 : 농식품 바우처 홈페이지에서 신청 4. 자동신청 : 2025년 농식품바우처 이용가구 중 2025. 12. 22. 기준 지원 자격을 충족하는 경우 별도 절차 없이 자동으로 승인 처리,,농림축산식품부,한국고용정보원,https://www.foodvoucher.go.kr/security/joinAgree,https://www.foodvoucher.go.kr/view/fm/vucintro/agriFood,,2026-05-28 10:00:50,2026-05-28 10:01:12,1,온통청년_OPEN_API_getPlcy,전남,농식품부 농식품 바우처 농업 농촌 및 식품산업 기본법 제 23조의 2 취약계층 등에 대한 식품지원 에 근거하여 취약계층의 식품 접근성을 강화하고 균형 있는 식품 섭취를 지원하는 식품지원 제도 바우처 복지
전남,46000,20260528005400113226,(문체부) 청년예술인 예술활동 적립계좌,보조금,청년예술인에게 중장기 자산형성의 기회를 마련하여 안정적인 예술활동을 지원하는 사업,매월 일정 금액을 24개월간 적금 저축 시 가입자가 저축한 금액만큼 정부지원금을 지원 (1인 최대 240만원) - 상품종류: 10만원 정액 적금 - 가입기간: 2년 (24개월) - 납입한도: 월 10만원 (2년 최대 240만원) - 지급방식: 만기 일시지급 (지원금은 만기 익월 지급),금융･복지･문화,예술인지원,복지,복지,,20260101 ~ 20261231,"18세~39세 / 연령제한:N 0043002 0 3692 「예술인복지법」상 예술활동증명을 완료한 예술인(신청일 기준 예술활동증명 유효자) - 일반 예술활동증명 완료자(공개 발표된 예술활동, 예술활동 수입, 경력단절예술인, 특수한 작업방식, 무형유산 관련 특례), 신진예술인 예술활동증명 완료자 - 국내 거주 내국인 및 재외국민에 한함 (외국인은 참여 불가) - 재외국민의 경우, 출입국사실증명을 통해 신청일 기준 2년간 국내 거주 사실이 확인되며 일시 출국 기간 매회 90일 이내 및 연간* 국내 체류 총합 183일 이상인 자 * 연간기준: (1차년) 2024. 2. 4. ~ 2025. 2. 3., (2차년) 2025. 2. 4. ~ 2026. 2. 3. 1. 적금 7개월 이상 연속 미납자 2. 적금 만기 전 상품 해지자 3. 사망 및 압류계좌로 확인된 자 4. 적금 선납 시 1회 지원금만 지원되며, 잔여 회차 지원금 지급 불가(240만원 한도 외 추가 납입 불가) * (예시) 적금 선납 예시 - (1회차)10만원 (2회차)230만원 ⇒ 지원금 20만원 인정. 선납한 22회차 지원금 지급 불가. - (1회차)10만원 (2회차)100만원 ⇒ 지원금 20만원 인정. 선납한 9회차 지원금 지급 불가 0011009 0013010 0049010 0055003",18세~39세 / 연령제한:N,0043002 0 3692,"1. 예술활동증명확인 예술인경력정보시스템(https://www.kawfartist.kr)을 접속하시어 경력지원 > 예술활동증명 > 신청내역 진행 상태에서 신청일 현재 예술활동증명 유효 여부를 확인합니다. 2. 구비서류 확인 상품 및 구비서류를 확인하여 준비합니다. 3. 온라인 신청 공지사항에 공지된 신청기간 내 적립계좌 신청하기를 통해 신청 정보 동의 및 인적사항, 신청자료를 입력합니다.","1. 주민등록초본 - 2026년 발급분 - 발급 시 발급대상자 본인 및 전체 발급 2. 소득금액증명원 - 2026년 발급분 - 귀속년도: 직전년도(2024년도) 소득금액증명원 발급 - 작성기준: 종합소득세 신고 현황의 소득금액(사업, 근로, 기타) 및 연말정산 현황의 근로소득, 사업소득의 소득금액 총합계 (소득이 없을경우, 사실증명원 제출 가능) 3. 성희롱·성폭력 예방교육 수료증 - 예술인권리보장시스템 (sinmungo.kawf.kr)에서 수강 후 수료증 발급 4. 출입국에 관한 사실증명 - 신청·접수 기간 내 발급 - 조회기간: 2024. 2. 4.부터 ~ 2026. 2. 3.까지",문화체육관광부,한국고용정보원,https://www.artloan.kr/notice/savingsAccountProcess.do,https://www.artloan.kr/notice/savingsAccount.do,,2026-05-28 09:34:16,2026-05-28 09:34:49,1,온통청년_OPEN_API_getPlcy,전남,문체부 청년예술인 예술활동 적립계좌 청년예술인에게 중장기 자산형성의 기회를 마련하여 안정적인 예술활동을 지원하는 사업 보조금 복지
전남,46000,20260527005400113224,청년 국가기술자격 응시료 지원 사업,보조금,"구직활동을 하거나 경력을 개발하는 청년들의 경제적 부담을 완화하고, 국가기술자격 취득을 통한 취업 경쟁력 강화를 도모","34세 이하 청년*이(소득 및 취업 여부 무관) 한국산업인력공단이 시행하는 국가기술자격 시험(’26년 기준 491종목)에 응시하는 경우 응시료의 50%를 선 지원 (1인당 年 3회 지원, 단 예산 242억 원 소진시 마감) * ’26년 기준 ’91.1.1. 이후 출생자",일자리,취업,일자리,일자리,,상시,0세~34세 / 연령제한:N 0043001 0 0 0011009 0013010 0049010 0055003,0세~34세 / 연령제한:N,0043001 0 0,"한국산업인력공단 Q-Net(https://www.q-net.or.kr) 원서접수 결제 단계에서, 34세 이하 청년인 경우 별도의 신청 절차 없이 50% 할인 자동 적용",,고용노동부,한국산업인력공단,https://www.q-net.or.kr/man001.do?gSite=Q&gIntro=Y,https://www.q-net.or.kr/man004.do?id=man00402&gSite=Q&gId=,,2026-05-27 11:16:43,2026-05-27 11:17:06,1,온통청년_OPEN_API_getPlcy,전남,청년 국가기술자격 응시료 지원 사업 구직활동을 하거나 경력을 개발하는 청년들의 경제적 부담을 완화하고 국가기술자격 취득을 통한 취업 경쟁력 강화를 도모 보조금 일자리
전남,46000,20260527005400113223,전세보증금반환보증 보증료 지원,주거지원,"전세사기, 역전세 등 임차인이 전세보증금을 돌려받지 못하는 전세 피해를 예방하고, 상대적으로 주거 취약계층인 청년 및 저소득층의 주거 안정을 도모","○ 지원대상 - 신청일 기준 유효한 전세보증금반환보증(HUG, HF, SGI)에 가입한 임차보증금 3억원 이하, 연소득 (청년) 5천만원, (청년외) 6천만원, (신혼부부) 7.5천만원 이하 무주택 임차인 ○ 지원금 - 신청인이 기납부한 전세보증금반환보증 보증료에 대해 최대 40만원 한도 내 지원('25.3.30 이전 가입건은 최대 30만원 지원) ㆍ단, 청년외의 경우 신청인이 기납부한 보증료의 90%를 최대 40만원 한도 내 지원 ○ 신청시기 - 연중 (지자체별 예산 소진시 조기 마감)",주거,전월세 및 주거급여 지원,"주거지원, 복지",주거지원,,상시,0세~0세 / 연령제한:Y 0043001 0 0 0011009 0013010 0049010 0055003,0세~0세 / 연령제한:Y,0043001 0 0,○ 신청방법 : 시·군·구청 또는 주민센터에 방문 접수 혹은 온라인 접수 ※ 방문접수의 경우 구군별 상이하니 전화 후 방문 필요 * 대구광역시는 온라인 접수 또는 시청 방문 신청 ○ 지급시기 및 지급방법 - 지급일 : 접수 후 심사를 거쳐 30일 이내(기간 연장 필요한 경우 신청인 통지 후 15일 연장 가능) 지급 - 지급방법 : 신청인 계좌에 직접 입금 ○ 신청 처리상태 안내 - 알림수신에 동의하신 경우 SMS/국민비서를 통해 처리상태를 안내받으실 수 있습니다. ※ 알림수신 동의 참고사항 1. 정부24 → MyGOV → 나의 정보관리 → 알림 수신동의 → SMS/국민비서 (예)로 변경 2. 국민비서 → 로그인 → 화면 좌측에 국민비서 알림 체크 → 화면 좌측에 수신받을 앱 선택 → 화면 우측에 알림서비스 선택 (정부 24 체크),"○ 보증기관에서 보증가입 시 전세보증금반환보증 보증료 지원 사업을 위한 제3자 정보제공에 동의한 경우 - 보증료 지원 신청서, 서약서 ○ 신청인 제출 서류 - 보증료 지원 신청 및 서약서, 지급받을 계좌의 통장 사본 - 전세보증금반환보증 보증서(보증기관 날인 필수), 보증료 납부 증빙서류*(납부액 기재, 보증기관 날인 필수) * HUG와 SGI의경우 보증서에 보증료가 기재되어 있으므로 별도 증빙서류 불필요 - 임대차계약서, 부동산 등기사항 전부증명서 - 주민등록등본(전체공개), 혼인관계증명서(일반증명서, 전부공개, 국내기관제출용) - 소득금액증빙자료(열람용은 법적 효력 없음) (근로소득) 아래 서류 중 택1 · 최근년도 근로소득원천징수 영수증 · 전년도 소득금액 증명원(7.1일 이전은 전전년도 소득금액증명원) · 소득확인증명서(ISA 가입용) · 갑근세원천징수확인서(홈택스에서 발급시 관공서 제출용, 회사 발급시 회사 직인 필요) · 급여명세표, 임금대장 등 최근 1년간의 급여액을 알 수 있는 자료 (사업소득) 아래 서류 중 택1 · 전년도 소득금액 증명원(7.1일 이전은 전전년도 소득금액증명원) · 소득확인증명서(ISA 가입용) · 종합소득세 과세표준확정신고 및 납부 계산서(세무사 확인분) · 사업소득원천징수영수증(연말정산용) (연금소득) 연금수급권자 확인서 등 기타 연금을 확인할 수 있는 지급기관의 증명서(단, 연금수령액이 표기되지 않는 경우 연금 수령통장) * 기존 소득심사방법과 동일하게 소득금액증명원 제출시 별도 서류 제출하지 않아도 무방하나, 그 외 소득확인증명서 등 재직기간 확인이 어려운 경우는 재직증명서, 건강보험자격득실확인서 등 재직기간을 확인할 수 있는 서류 추가 제출 필요 ** 소득이 발생하지 않아 소득금액증명이 발급되지 않는 경우에는 '사실증명(신고사실없음)' 제출 *** 기혼자는 배우자의 소득증빙 서류도 필수 제출 - 대리신청의 경우 위임장, 대리인 신분증, 본인-대리인 관계 증명 서류 제출 ※ 소득금액증명 상 연소득 확인: - (근로소득) 종합소득세 신고 현황 - 수입금액 / 연말정산 현황 - 지급받은 총액 - (그 외 소득) 종합소득 신고 현황 - 소득금액 합계 / 연말정산 현황 - 소득금액 합계 ※ 모든 서류는 신청일 기준 3개월 이내에 발급한 서류로 제출",국토교통부,국토교통부,https://www.gov.kr/portal/rcvfvrSvc/dtlEx/161300000103,https://www.gov.kr/portal/rcvfvrSvc/dtlEx/161300000103,,2026-05-27 11:06:12,2026-05-27 11:06:36,1,온통청년_OPEN_API_getPlcy,전남,전세보증금반환보증 보증료 지원 전세사기 역전세 등 임차인이 전세보증금을 돌려받지 못하는 전세 피해를 예방하고 상대적으로 주거 취약계층인 청년 및 저소득층의 주거 안정을 도모 주거지원 주거지원
전남,46000,20260504005400213012,전남형 청년창업사관학교,"교육지원,중소기업",전라남도는 대학생과 청년들의 우수한 아이디어를 바탕으로 창업기술개발 사업화 지원을 통해 기업 성장 촉진 및 벤처창업 활성화를 위해 「전남형청년창업사관학교」를 운영하고자 지원자를 모집하니 많은 참여 바랍니다.,"창업 교육(연 7회 이상), 창업 공간 지원, 전문가 코칭, 창업 비용 지원(월 100만원 최대 24개월)",일자리,창업,"일자리, 직무교육, 창업지원, 참여 프로그램",일자리,20260420 ~ 20260515,20260701 ~ 20280630,"0세~0세 / 연령제한:N 0043001 0 0 신청자격 ❍ 아래 요건을 모두 충족해야 신청이 가능하며, ① 창업경력 : 예비 또는 5년 이내 창업자 - 창업 5년 이내 기업은 선정일 기준 창업 5년 전 해당연도* * 2021. 1. 1. 이후 창업 기업 ② 연 령 : 18세 이상 ~ 45세 이하 ③ 주 소 지 : 전라남도 거주자, 전입 예정자 및 타 시·도 거주자 - 전라남도 거주자 및 전입 예정자는 평가 시 우대 ※ 단, 전입 예정자는 선발일 기준 30일 이내 주민등록 주소지를 전라남도로 변경 ④ 사 무 실 : 전라남도 16개 보육기관(｢참고 1｣)에 입주한 기업 ※ 각 보육기관 입주 시, 입주사무실에 대한 임대료가 발생할 수 있으며, 임대료는 학생(기업) 직접 부담 원칙임 0011009 0013002,0013006 0049010 0055003",0세~0세 / 연령제한:N,0043001 0 0,"온라인 신청 - 온라인 : 회원가입 후 제출서류 업로드(https://jnchangup.ezwel.com) ※ 온라인 신청 시 각 서류는 PDF 파일로 변환(스캔 등)하여 업로드 - 입주 희망 보육기관 : 1순위, 2순위, 3순위까지 기재 필요 ※ 보육기관 선정규모, 보육기관 전문성 등을 고려하여 배정되므로 신중한 선택필요","제출 서류 : 11종 ❍ 예비창업자 : ① ~ ⑦ 모두 ❍ 5년 이내 창업자 : ① ~ ⑨ 모두와 추가서류 제출 필수서류(공통) ① 전남형 청년창업사관학교 사업신청서(서식2) ② 주민등록등본 또는 초본 원본 및 신분증 사본** 주민등록증, 운전면허증, 여권 ③ 국세 및 지방세 완납증명서 각 1매 ④ 사업계획서* 인쇄물(A4 기준 10매 내외) 1부 및파일(PDF 등) * 전남형 청년창업사관학교 벤처창업 사업계획서(서식3) ⑤ 개인·기업 (신용)정보 수집‧이용‧제공‧조회동의서 1부(서식4) 및 서약서(서식5) ⑥ 건강보험자격확인서 ⑦ 사업자등록사실여부 * 단, 과거 창업 사실이 있는 경우 총사업자등록내역 제출 5년 이내창업자(추가)서류는 공고를 참고 ※ 제출서류는 발급일이 공고일 이후(공고일 포함) 발급된 증명서만 인정",전라남도 동부지역본부 일자리투자유치국 중소벤처기업과,전라남도 동부지역본부 일자리투자유치국 중소벤처기업과,https://www.jeonnam.go.kr/J0203/boardView.do?seq=23864&infoReturn=&menuId=jeonnam0203000000&displayHeader=&searchType=0&searchText=%EC%B2%AD%EB%85%84&searchStDate=&searchEnDate=&pageIndex=1&boardId=J0203&displayHeader=,,,2026-05-04 09:51:29,2026-05-12 18:48:05,1,온통청년_OPEN_API_getPlcy,전남,전남형 청년창업사관학교 전라남도는 대학생과 청년들의 우수한 아이디어를 바탕으로 창업기술개발 사업화 지원을 통해 기업 성장 촉진 및 벤처창업 활성화를 위해 전남형청년창업사관학교 를 운영하고자 지원자를 모집하니 많은 참여 바랍니다 교육지원 중소기업 일자리
전남,46000,20260430005400113009,청년내일저축계좌,"보조금,바우처","근로빈곤층 청년의 생계수급자 등으로의 하락을 사전에 예방하고, 일하는 중간계층 청년이 사회에 안착할 수 있도록 자산형성을 지원합니다.","□ 매월 본인 저축 납입자에 한하여 본인저축액 10만원 이상(매월 전월 23일 ~ 현월 22일 입금마감일 이전) 대비 정부지원금을 정액 매칭합니다. ○ 중위소득 50%초과 ~ 100%이하: 10만원 정액 매칭 ○ 중위소득 50%이하: 30만원 정액 매칭(3년간 통장유지, 근로활동 지속, 교육이수, 자금사용계획서 제출시 적립금 전액 지급) □ 정책대상별 추가지원금(근로소득공제금(생계급여 수급 청년), 탈수급장려금, 내일키움장려금, 내일키움수익금 등) 지급이 가능합니다.",금융･복지･문화,취약계층 및 금융지원,"일자리, 직무교육, 복지",일자리,20260504 ~ 20260520,상시,"15세~40세 / 연령제한:N 0043003 0 0 근로, 사업 소득이 월 10만원 이상 발생, 가구소득이 소득인정액 기준 중위소득 50% 이하 □ 연령·소득기준·가구소득 3가지를 모두 충족한 청년을 지원합니다. 1. 가입연령 : 신청 당시 만 15세~만 39세 ※ 신청 월의 전월에 만 15세가 된 자 ~ 신청 월에 만 40세가 되는 자 2. 근로·사업소득 : 근로, 사업소득이 월 10만원 이상 발생 3. 가구소득 : 소득인정액 기준 중위소득 100% 이하 0011009 0013010 0049010 0055003",15세~40세 / 연령제한:N,"0043003 0 0 근로, 사업 소득이 월 10만원 이상 발생, 가구소득이 소득인정액 기준 중위소득 50% 이하","□ 읍면동 주민센터 방문접수 및 복지로(www.bokjiro.go.kr)를 통한 온라인 신청이 가능합니다. ○ 복지로 온라인 신청 경로: 복지로 로그인 > 서비스 신청 > 복지서비스 신청 > 복지급여 신청 > 저소득층 > 자산형성지원(청년내일저축계좌) ○ 주소지가 아니더라도, 동일 시군구내 모든 주민센터에서 접수 가능",※첨부파일 참고,보건복지부,보건복지부,https://www.bokjiro.go.kr/ssis-tbu/ssis-tbu/twataa/wlfareInfo/moveTWAT52011M.do?wlfareInfoId=WLF00000060,https://www.129.go.kr/,https://hope.welfareinfo.or.kr/main/main.do,2026-04-30 16:24:30,2026-05-06 09:54:45,1,온통청년_OPEN_API_getPlcy,전남,청년내일저축계좌 근로빈곤층 청년의 생계수급자 등으로의 하락을 사전에 예방하고 일하는 중간계층 청년이 사회에 안착할 수 있도록 자산형성을 지원합니다 보조금 바우처 일자리
전남,46000,20260430005400212964,함평군 청년부부 결혼축하금 지원사업,"보조금,육아,출산",청년세대의 결혼 초기 경제적 부담 완화와 안정적인 지역 정착을 지원하기 위해 결혼축하금 지원,청년부부에 결혼축하금 600만원 분할 지급(생애 1회),금융･복지･문화,문화활동 및 생활지원,복지,복지,20260101 ~ 20261231,20260101 ~ 20261231,19세~48세 / 연령제한:N 0043001 0 0 - 혼인신고일 기준 남녀 모두 만 49세 이하인 부부 - 혼인신고일 6개월 경과 후 1년 6개월 이내 신청 - 혼인신고일부터 신청일까지 부부 모두 계속해서 도내 6개월 이상 주소를 두고 거주 - 부부 중 누구라도 과거 결혼축하금을 수령한 경우(생애 1회 지급) - 부부 모두 외국인인 경우 0011009 0013010 0049010 0055001,19세~48세 / 연령제한:N,0043001 0 0,방문신청 : 평일 근무시간 내 주소지 관할 읍면사무소 신청 온라인신청 : 전남 아이톡(https://italk.jeonnam.go.kr/),1. 결혼축하금 신청서 1부. 2. 개인정보 수집 제공 이용 동의서 1부. 3. 주민등록 초본 부부 각 1부. 4. 혼인관계증명서(상세) 부부 각 1부. 5. 신청인 통장 사본 1부. 6. (외국인과 혼인 시) 외국인등록증 사본 및 주민등록등본 1부.,전라남도 함평군 인구경제과,전라남도 함평군 인구경제과,,https://blog.naver.com/hpcounty/224187917962,,2026-04-30 15:11:38,2026-04-30 19:36:40,1,온통청년_OPEN_API_getPlcy,전남,함평군 청년부부 결혼축하금 지원사업 청년세대의 결혼 초기 경제적 부담 완화와 안정적인 지역 정착을 지원하기 위해 결혼축하금 지원 보조금 육아 출산 복지
전남,46000,20260430005400212961,함평 전입청년 이사 지원사업,주거지원,함평 전입청년 부동산 중개 보수비 및 이사비 지원,타지에서 일정기간 이상 거주하다가 함평으로 전입 및 이사하여 전입신고를 완료한 청년 세대주에게 부동산 중개보수 및 이사비 포함하여 세대별 한도 내 실비 지원,주거,주택 및 거주지,주거지원,주거지원,20260303 ~ 20260529,20260211 ~ 20261231,"19세~49세 / 연령제한:N 0043001 0 0 공고일(2026. 2. 11.) 기준 함평군 외 지역에서 1년 이상 계속 거주하다가, 2026. 1. 1. 이후 함평군으로 이사하여 전입신고를 완료한 청년 세대주 ① 부동산 매매 계약서나 임대차 계약서 없이 이사한 경우 ② 매매·임차 비용 없이 이사한 경우 ③ 부동산 임대차 계약 기간이 1년 미만인 경우 ④ 부동산 계약 상대자 및 중개업자가 신청인 및 배우자의 직계 존·비속인 경우 ⑤ 국민기초생활수급권자 중 생계·의료·주거급여 수급자 ⑥ 공동생활가정 또는 사회보장시설 입소자 등 시설 수급자 ⑦ 타기관(중앙부처, 지자체, 공공기관 등)에서 중개보수비·이사비 등 유사 사업을 지원받은 자 ⑧ 외국인 및 재외국민 ⑨ 기타 사업 취지에 부합하지 않다고 판단되는 경우(체납자 등) 0011009 0013010 0049010 0055003",19세~49세 / 연령제한:N,0043001 0 0,신청자격 - (연령) 공고일(2026. 2. 11.) 기준 19세~49세 - (거주) 타 지역에서 1년 이상 계속 거주 후 2026. 1. 1. 이후 함평군으로 이사하여 전입 신고를 완료한 청년 세대주 - (대상) 함평군 관내 주택 또는 준주택에 대해 부동산 매매 또는 전월세 임대차 계약을 체결한 청년 세대주 신청방법 : 주민등록상 주소지 관할 읍면사무소 본인 직접 신청,"1. 함평군 전입청년 이사 지원사업 신청서 1부. 2. 개인정보 수집이용 및 제공 동의서 1부. 3. 주민등록표등본 및 초본 각 1부. 4. 가족관계증명서 1부. 5. 국세 및 지방세 납세증명서 1부. 6. 부동산 임대차계약서 또는 매매계약서 1부. 7. 이사비 및 중개보수 지출 증빙서류 1부. 8. 신청인 통장 사본 1부. 9. 신청인 신분증 사본 1부. 10. 부동산 중개업체,이사업체 사업자등록증 사본 1부.",전라남도 함평군 인구경제과,전라남도 함평군 인구경제과,,https://blog.naver.com/hpcounty/224214938325,,2026-04-30 14:12:18,2026-04-30 19:30:19,1,온통청년_OPEN_API_getPlcy,전남,함평 전입청년 이사 지원사업 함평 전입청년 부동산 중개 보수비 및 이사비 지원 주거지원 주거지원
전남,46000,20260421005400212832,2026년 청년 희망디딤돌 통장사업 대상자 모집 공고,"보조금,금리혜택",청년과 지자체가 공동 적립통장을 개설·운영하여 청년의 자산형성에 보탬이 되어 안정적인 미래 준비를 지원합니다.,"본인부담금(월 10만원) 적립 시, 동일금액 3년간 매칭 지원",금융･복지･문화,취약계층 및 금융지원,복지,복지,20260420 ~ 20260508,20260420 ~ 20290731,"18세~45세 / 연령제한:Y 0043002 0 0 ① (연령) 공고일 기준 18세 이상 45세 이하인 자 (1981.1.1.이후~2008.12.31.이전 출생자) ② (거주) 공고일 현재 전라남도내에 주민등록상 주소지를 둔 자 ③ (자격) 노동자 또는 사업자 중 아래에 해당하는 자 - (노동자) 상용직･임시직･일용직 등 유형에 관계없이 공고일 기준 이전 최근 6개월 동안 3개월(90일) 이상 노동경력이 있는 자 - (사업자) 공고일 기준 6개월 이전에 개업하고, 3개월 이상 사업체를 운영 중인 자 ④ (소 득) 가구소득인정액이 기준중위소득 120% 이하인 자 0011009 0013001,0013002,0013004,0013005,0013007 0049010 0055003",18세~45세 / 연령제한:Y,0043002 0 0,① 신청서류 접수(주소지 읍·면·동 행정복지센터 방문 또는 등기우편 신청) ② 자격요건 확인 및 대상자 확정(시·군 및 읍·면·동) ③ 선정자 공고 및 지원,"① 「청년 희망디딤돌 통장사업」자가진단표 ② 「청년 희망디딤돌 통장사업」 참여 신청서 ③ 신분증 사본 ④ 개인정보 수집 및 이용 동의서 ⑤ 사회보장급여 제공(변경) 신청서 ⑥ 소득･재산 신고서 ⑦ 주민등록등본, 가족관계증명서 각 1부 ⑧ 노동경력 확인서류 ⑧-1. 노동자 : 고용보험내역 또는 고용임금확인서 등 ⑧-2. 사업자 : 사업자등록증명원 및 부가가치세 과세표준증명원 등 ⑧-3. 국가근로장학생 : 근로내역증명서 ⑨ 기타 추가서류(해당자만 제출) : 위임장, 부채확인서, 전월세계약서, 사용대차확인서 등",전라남도 인구청년이민국 청년희망과,전라남도 인구청년이민국 청년희망과,https://www.jeonnam.go.kr/J0203/boardView.do?seq=23937&infoReturn=&menuId=jeonnam0203000000&displayHeader=&searchType=&searchText=&searchStDate=&searchEnDate=&pageIndex=1&boardId=J0203&displayHeader=,,,2026-04-21 15:27:39,2026-04-21 16:50:16,1,온통청년_OPEN_API_getPlcy,전남,2026년 청년 희망디딤돌 통장사업 대상자 모집 공고 청년과 지자체가 공동 적립통장을 개설 운영하여 청년의 자산형성에 보탬이 되어 안정적인 미래 준비를 지원합니다 보조금 금리혜택 복지
전남,46000,20260421005400112773,미소금융 청년 미래이음 대출,"대출,금리혜택",미취업 또는 취˙창업 1년 이내 청년(19세 이상 34세 이하)에 대하여 사회진입을 위한 자금 지원,"1. 대출한도: 최대 5백만원 2. 대출금리: 연 4.5% 이내 3. 대출기간: 최대 11년(거치기간 6년 이내, 상환기간 5년 이내) 4. 상환방법: 원리금균등분할상환",금융･복지･문화,취약계층 및 금융지원,"일자리, 창업지원, 복지",일자리,,연중,"19세~34세 / 연령제한:N 0043001 0 0 사회진입을 위한 자금이 필요한 미취업 또는 취업 초기 청년(19세 이상 34세 이하, 취˙창업 1년 이내)이면서 다음 하나의 요건을 충족한 자 1. 개인신용평점이 하위 100분의 20에 해당하는 자 2. 기초생활수급자 및 차상위계층 이하 자 3. 근로장려금 신청자격 요건에 해당하는 자 0011009 0013001,0013003,0013006 0049010 0055003",19세~34세 / 연령제한:N,0043001 0 0,미소금융 전국 지점 방문 (하단 참고사이트2 참고),관련 서류 또는 자세한 지원대상은 전국 미소금융 지점에서 확인해주시길 바랍니다.,서민금융진흥원,한국고용정보원,https://www.kinfa.or.kr/financialProduct/youngFutureLinkLoan.do,https://www.kinfa.or.kr/financialProduct/youngFutureLinkLoan.do,https://www.kinfa.or.kr/counselingSupport/centerSmileFind.do?searchKeyword2=00121,2026-04-21 10:05:05,2026-04-21 10:31:49,1,온통청년_OPEN_API_getPlcy,전남,미소금융 청년 미래이음 대출 미취업 또는 취 창업 1년 이내 청년 19세 이상 34세 이하 에 대하여 사회진입을 위한 자금 지원 대출 금리혜택 일자리
전남,46000,20260417005400112768,벤처기업 공동채용 지원사,"벤처,장기미취업청년,중소기업",채용수요가 있는 벤처기업들이 합동으로 취업포탈 사이트에 취업 공고 게시 및 채용박람회 등을 통해 벤처기업이 우수 인재채용을 지,벤처기업 공동채용을 통한 입사자 등 벤처 신입직원을 대상으로 벤처이해를 포함한 기초소양 및 직무역량 향상 교육 실시,일자리,취업,"일자리, 직무교육, 창업지원",일자리,,계속,0세~0세 / 연령제한:Y 0043001 0 0 0011009 0013010 0049010 0055003,0세~0세 / 연령제한:Y,0043001 0 0,,,중소벤처기업부,중소벤처기업부 창업벤처혁신실 창업정책관,,https://www.venture.or.kr/home/kor/M748473882/business/contents/index.do?idx=cb00d1a0008a85e71a41b8741facbffe71a547009cdc82b6a17d02db013fb623&idx2=cb00d1a0008a85e71a41b8741facbffe6345b0b94089980f84385e748ce0fc81,,2026-04-17 10:24:05,2026-04-17 15:23:59,1,온통청년_OPEN_API_getPlcy,전남,벤처기업 공동채용 지원사 채용수요가 있는 벤처기업들이 합동으로 취업포탈 사이트에 취업 공고 게시 및 채용박람회 등을 통해 벤처기업이 우수 인재채용을 지 벤처 장기미취업청년 중소기업 일자리
전남,46000,20260417005400112767,참 괜찮은 강소기업 선정 및 취업연계,"장기미취업청년,중소기업,벤처",구직자들이 선호할만한 우수 중소기업을 발굴하고 채용 정보 제공 및 매칭 지원을 통해 중소기업 일자리 미스매치 완화,기업정보 제공 및 매칭지원,일자리,취업,"일자리, 창업지원",일자리,,계속,0세~0세 / 연령제한:Y 0043001 0 0 0011009 0013010 0049010 0055003,0세~0세 / 연령제한:Y,0043001 0 0,,,중소벤처기업부,중소벤처기업부 창업벤처혁신실 창업정책관,,https://www.smes.go.kr/gsmb/main,,2026-04-17 10:16:18,2026-04-17 15:23:24,1,온통청년_OPEN_API_getPlcy,전남,참 괜찮은 강소기업 선정 및 취업연계 구직자들이 선호할만한 우수 중소기업을 발굴하고 채용 정보 제공 및 매칭 지원을 통해 중소기업 일자리 미스매치 완화 장기미취업청년 중소기업 벤처 일자리
전남,46000,20260417005400112766,스타트업 원스톱 지원센터,"중소기업,벤처","기술창업 기반의 창업가가 직면하는 법률, 세무, 경영 등 복합적인 애로해결 가이드, 전문가 매칭, 상담비용 지원 등 '원스톱'으로 상담 서비스를 지원합니다.",상담분야별 정보 제공과 전문가 매칭 및 상담 지원,일자리,창업,"일자리, 창업지원, 복지",일자리,,계속,0세~0세 / 연령제한:Y 0043001 0 0 0011009 0013010 0049010 0055003,0세~0세 / 연령제한:Y,0043001 0 0,,,중소벤처기업부,중소벤처기업부 창업벤처혁신실 창업정책관,,https://www.k-startup.go.kr/onestop/main/index.do,,2026-04-17 10:11:25,2026-04-17 15:22:44,1,온통청년_OPEN_API_getPlcy,전남,스타트업 원스톱 지원센터 기술창업 기반의 창업가가 직면하는 법률 세무 경영 등 복합적인 애로해결 가이드 전문가 매칭 상담비용 지원 등 원스톱 으로 상담 서비스를 지원합니다 중소기업 벤처 일자리
전남,46000,20260416005400112765,청소년비즈쿨,"인턴,교육지원,벤처",청소년을 대상으로 기업가정신 함양 및 창업 교육을 통해 꿈·끼·도전정신·진취성을 갖춘 '융합형 창의인재' 양성,"(비즈쿨 학교 운영) 청소년과 밀접한 공간인 학교에서 기업가정신 관련 교육, 체험활동, 창업동아리 등을 지원 (체험활동 운영) 초·중·고등학생의 수준에 맞는 체험형 프로그램 및 캠프, 비즈쿨 페스티벌을 개최하여 기업가 정신 함양 및 창업 실무지식 습득 (기업가정신 교육지원) 담당교사 온·오프라인 직무연수 지원, 기업가정신 관련 교재·콘텐츠를 개발하여 전국 비즈쿨 운영학교에 보급",교육･직업훈련,미래역량강화,"일자리, 직무교육, 창업지원, 참여 프로그램",일자리,20260210 ~ 20260303,계속,0세~0세 / 연령제한:Y 0043001 0 0 0011009 0013009 0049010 0055003,0세~0세 / 연령제한:Y,0043001 0 0,,,중소벤처기업부,중소벤처기업부 창업벤처혁신실 창업정책관,,https://www.kised.or.kr/menu.es?mid=a10202010000,,2026-04-16 17:59:13,2026-04-17 15:22:25,1,온통청년_OPEN_API_getPlcy,전남,청소년비즈쿨 청소년을 대상으로 기업가정신 함양 및 창업 교육을 통해 꿈 끼 도전정신 진취성을 갖춘 융합형 창의인재 양성 인턴 교육지원 벤처 일자리
전남,46000,20260416005400112764,2026년도 창업중심대학 대학발 (예비)창업기업 모집 공고,"중소기업,벤처",대학의 창업 인프라를 활용하여 우수한 창업아이템을 보유한 대학발 (예비)창업기업의 사업화를 지원,"사업화자금 (평균 0.7억원 내외, 최대 1.5억원), 창업프로그램 등",일자리,창업,"일자리, 직무교육, 창업지원",일자리,20260303 ~ 20260324,계속,"0세~0세 / 연령제한:Y 0043001 0 0 0011009 0013006,0013009 0049010 0055003",0세~0세 / 연령제한:Y,0043001 0 0,,,중소벤처기업부,중소벤처기업부 창업벤처혁신실 창업정책관,,https://www.k-startup.go.kr/web/contents/bizpbanc-deadline.do?pbancClssCd=PBC010&schStr=%EC%B0%BD%EC%97%85%EC%A4%91%EC%8B%AC%EB%8C%80%ED%95%99&schM=view&pbancSn=176498,,2026-04-16 17:55:42,2026-04-17 15:21:28,1,온통청년_OPEN_API_getPlcy,전남,2026년도 창업중심대학 대학발 예비 창업기업 모집 공고 대학의 창업 인프라를 활용하여 우수한 창업아이템을 보유한 대학발 예비 창업기업의 사업화를 지원 중소기업 벤처 일자리
전남,46000,20260416005400112763,재도전성공패키지,"벤처,중소기업","성실한 실패 경험과 우수한 아이템을 바탕으로 성장 가능성이 높은 (예비)재창업기업을 발굴하고, 패키지형 재창업 지원","사업화 자금, 심리치유, 실패원인분석, 맞춤형 멘토링, 투자연계 등",일자리,창업,"일자리, 창업지원, 복지, 참여 프로그램",일자리,20260211 ~ 20260304,계속,0세~0세 / 연령제한:Y 0043001 0 0 0011009 0013009 0049010 0055003,0세~0세 / 연령제한:Y,0043001 0 0,,,중소벤처기업부,중소벤처기업부 창업벤처혁신실 창업정책관,,https://www.k-startup.go.kr/web/contents/webCMRCZN.do?schM=view&id=170007,,2026-04-16 17:48:55,2026-04-17 15:20:41,1,온통청년_OPEN_API_getPlcy,전남,재도전성공패키지 성실한 실패 경험과 우수한 아이템을 바탕으로 성장 가능성이 높은 예비 재창업기업을 발굴하고 패키지형 재창업 지원 벤처 중소기업 일자리
전남,46000,20260416005400112762,예비창업패키지,"중소기업,벤처",혁신적인 기술과 사업모델(BM)을 보유한 예비창업자를 발굴ㆍ지원,"창업사업화에 소요되는 자금 평균 0.4억원, 창업프로그램 등 ※ 사업화 자금(정부지원사업비)을 사업단계별(총 2단계)로 차등 지원(상세내용은 [별첨4] 참조) - 1단계 : BM 구체화를 위한 시장조사 및 최소기능 제품(MVP) 제작 등 사업화 준비 자금 지원(20백만원) - 2단계 : 협약 중간 시점에 1단계 사업계획의 진척도 및 향후 추진계획 등을 평가 평가 결과에 따라 50% 내외 선정하여 추가 정부지원사업비 지원",일자리,창업,"일자리, 직무교육, 창업지원",일자리,20260306 ~ 20260326,연중,0세~0세 / 연령제한:Y 0043001 0 0 0011009 0013006 0049010 0055003,0세~0세 / 연령제한:Y,0043001 0 0,,,중소벤처기업부,중소벤처기업부 창업벤처혁신실 창업정책관,,https://www.k-startup.go.kr/web/contents/bizpbanc-deadline.do?schM=view&pbancSn=176458,,2026-04-16 17:40:09,2026-04-17 15:20:18,1,온통청년_OPEN_API_getPlcy,전남,예비창업패키지 혁신적인 기술과 사업모델 BM 을 보유한 예비창업자를 발굴 지원 중소기업 벤처 일자리
전남,46000,20260416005400112761,올해의 K-스타트업(舊. 도전! K-스타트업),"중소기업,벤처",범부처 협업 창업경진대회를 통해 다양한 분야에서 유망 창업 아이템을 보유한 창업자(팀)를 발굴·시상하여 기술창업 분위기 확산,"시상(대통령상, 국무총리상, 장관‧청장상) 및 상금, 정부지원사업 후속 연계",일자리,창업,"일자리, 창업지원",일자리,20260327 ~ 20260831,계속,0세~0세 / 연령제한:Y 0043001 0 0 0011009 0013010 0049010 0055003,0세~0세 / 연령제한:Y,0043001 0 0,,,중소벤처기업부,중소벤처기업부 창업벤처혁신실 창업정책관,,https://www.k-startup.go.kr/web/contents/bizpbanc-ongoing.do?pbancClssCd=PBC010&schStr=%EA%B2%BD%EC%A7%84%EB%8C%80%ED%9A%8C&schM=view&pbancSn=176910,,2026-04-16 17:34:35,2026-04-17 15:20:02,1,온통청년_OPEN_API_getPlcy,전남,올해의 K 스타트업 도전 K 스타트업 범부처 협업 창업경진대회를 통해 다양한 분야에서 유망 창업 아이템을 보유한 창업자 팀 를 발굴 시상하여 기술창업 분위기 확산 중소기업 벤처 일자리
전남,46000,20260416005400112760,글로벌 액셀러레이팅 지원사,"벤처,중소기업",국내 창업기업의 글로벌 진출을 지원하고 해외 인재의 국내창업을 유도하여 국내 창업 생태계의 글로벌화 도모,"해외 진출을 희망하는 창업기업의 비즈니스 현지화, 멘토링 등 액셀러레이팅 프로그램 및 해외진출자금 평균 3천만원 지원",일자리,창업,"일자리, 직무교육, 창업지원, 참여 프로그램",일자리,20260227 ~ 20260331,계속,0세~0세 / 연령제한:Y 0043001 0 0 0011009 0013010 0049010 0055003,0세~0세 / 연령제한:Y,0043001 0 0,,,중소벤처기업부,중소벤처기업부 창업벤처혁신실 창업정책관,,https://www.kised.or.kr/menu.es?mid=a10208020000,,2026-04-16 17:03:55,2026-04-17 15:19:45,1,온통청년_OPEN_API_getPlcy,전남,글로벌 액셀러레이팅 지원사 국내 창업기업의 글로벌 진출을 지원하고 해외 인재의 국내창업을 유도하여 국내 창업 생태계의 글로벌화 도모 벤처 중소기업 일자리
전남,46000,20260416005400112759,스타트업AI기술인력양성(이어드림스쿨),"중소기업,벤처",혁신 벤처·스타트업이 필요로 하는 AI 청년 실무 인력을 양성하고 취·창업 연계를 통해 청년 인재와 스타트업 간의 미스매치를 해소하는 사업입니다,"교육 과정은 비전공자인 초급자 누구나 참여할 수 있는 기존 ‘기본반(7개월)’에 더해, AI 관련 경력자, 전공자 등을 대상으로 맞춤 설계된 ‘심화반(3개월)’을 신설하여 교육생이 자신의 AI 활용 수준에 맞는 교육과정을 선택하여 수강할 수 있게 하였다. 교육비는 전액 무료이며, 교육생의 학업 성취도와 만족도 제고를 위해 성적 우수자 및 조기 취업자 등 우수 교육생을 대상으로 미국 실리콘밸리 등으로 해외 연수 기회를 제공하고 장학금, 상장 수여 등의 포상도 지원할 예정이다.",교육･직업훈련,미래역량강화,"일자리, 직무교육, 창업지원, 참여 프로그램",일자리,20260406 ~ 20260510,연중,0세~39세 / 연령제한:N 0043001 0 0 0011009 0013010 0049010 0055003,0세~39세 / 연령제한:N,0043001 0 0,,,중소벤처기업부,중소벤처기업부 창업벤처혁신실 창업정책관,,https://yeardream2026.elice.io/home/main,,2026-04-16 16:30:14,2026-04-17 15:18:45,1,온통청년_OPEN_API_getPlcy,전남,스타트업AI기술인력양성 이어드림스쿨 혁신 벤처 스타트업이 필요로 하는 AI 청년 실무 인력을 양성하고 취 창업 연계를 통해 청년 인재와 스타트업 간의 미스매치를 해소하는 사업입니다 중소기업 벤처 일자리
전남,46000,20260416005400112758,모두의 창업,"벤처,중소기업",창의적 아이디어를 가진 국민 누구나 도전 할 수 있는 기회를제공하고 실패에 대한 부담을 완화하여 혁신 인재의 창업을 촉진하기위한「모두의 창업 프로젝트」도전자를 모집합니다,"1. 일반/기술 분야 1) 아이디어심사: 창업활동자금 200만원 + 책임 멘토링 + 범용 AI 솔루션 (출전자 당 최대 100만원, 총 2개월) 2) 1라운드: 초기 시제품(MVP) 제작 비용 최대 1천만원 + 책임 멘토링 및 기술 멘토링 3) 2라운드: 초기 시제품(MVP) 제작 비용 최대 1천만원 + 책임 멘토링 + 선배 멘토링 4) 3라운드: 차년도 사업 연계를 통한 사업화 자금 최대 1억원 + 책임 멘토링 5) 4라운드: 최종 우승자 상금 및 투자금 최대 10억원 지원 2. 로컬 분야 1) 아이디어 심사: 창업활동자금 200만원 + 1:1 책임멘토 지정 및 멘토링 + 창업 기초교육 + 오디션 준비과정 도움 2) 1라운드: 사업화자금 최대 3천만원 + 창업교육 + 맞춤 멘토링 + 육성공간(사무실) 지원 3) 2라운드: 분야별 책임/선배 멘토 1:1 맞춤 멘토링 + 투자연계 지원 + 육성공간(사무실) 지원 4) 3라운드: 최종우승자 상금 최대 1억원 지원 + 투자연계 지원 + 차년도 지원사업 우대",일자리,창업,"일자리, 직무교육, 창업지원, 참여 프로그램",일자리,20260326 ~ 20260515,20260326 ~ 20261231,0세~0세 / 연령제한:Y 0043001 0 0 1. 일반/기술 분야: 공고일(26.3.26. 포함) 기준 사업자등록 상태 혹은 창업 3년 이내이면서 이종창업 희망자 2. 로컬 분야: 공고일로부터 아이디어 선정일까지 사업자 등록상태 * 이종창업이란? 현재 영업 중인 사업 업종과는 다른 업종으로 신청이 가능하며 업종의 다름은 한국표준산업분류 (KSIC) 세세분류 코드 (5자리)를 기준으로 심사단계에서 판단함. 0011009 0013006 0049010 0055003,0세~0세 / 연령제한:Y,0043001 0 0,1. 모두의 창업 사이트 접속 (www.modoo.or.kr) 2. 회원가입 및 로그인 (네이버 혹은 카카오로 간편하게 로그인할 수 있어요) 3. 도전하기 버튼 클릭 (도전하기 버튼은 언제나 화면 오른쪽 상단 버튼에 위치해 있어요) 4. 지원서 작성 5. 본인 인증 (1인당 한 번 지원할 수 있어요) 6. 지원서 제출 완료 (제출 후에도 마감일까지 지원서는 수정 가능해요),,중소벤처기업부,중소벤처기업부 창업벤처혁신실 창업정책관,https://www.modoo.or.kr/,https://www.modoo.or.kr/,,2026-04-16 16:24:41,2026-05-07 20:37:28,1,온통청년_OPEN_API_getPlcy,전남,모두의 창업 창의적 아이디어를 가진 국민 누구나 도전 할 수 있는 기회를제공하고 실패에 대한 부담을 완화하여 혁신 인재의 창업을 촉진하기위한 모두의 창업 프로젝트 도전자를 모집합니다 벤처 중소기업 일자리
전남,46000,20260415005400112751,(복지부) 26년 정신건강 심리상담 바우처사업,바우처,우울·불안 등 정서적 어려움으로 인해 심리상담이 필요한 국민에게 전문적인 심리상담 서비스를 제공합니다.,"□ 서비스 내용 (지원내용) 우울·불안 등 정서적 어려움으로 인해 심리상담이 필요한 국민에게 전문 심리상담 서비스를 총 8회(1회당 최소 50분 이상) 이용할 수 있는 바우처 제공 (지원기간) 바우처 생성일로부터 120일간(연장 불가) * 당해연도 사업은 1회만 신청 가능(재신청 불가) □ 서비스 유형 (1급 유형) (국가전문자격) 정신건강전문요원 1급, 청소년상담사 1급, 전문상담교사 1급, (민간자격) 임상심리전문가, 상담심리사 1급, 전문상담사 1급 (2급 유형) (국가전문자격) 정신건강전문요원 2급, 청소년상담사 2급, 전문상담교사 2급, (국가기술자격) 임상심리사 1급, (민간자격) 상담심리사 2급, 전문상담사 2급 □ 서비스 가격 (서비스단가) 1회당 1급 유형은 8만원, 2급 유형은 7만원 (본인부담금) 이용자는 정부지원금을 제외한 차액을 부담 - 기준 중위소득 70% 이하 : 본인부담률 0% - 기준 중위소득 70% 초과 ~ 120% 이하 : 본인부담률 10% - 기준 중위소득 120% 초과 ~ 180% 이하 : 본인부담률 30% - 기준 중위소득 180% 초과 : 본인부담률 50% * 기초생활수급자, 차상위계층, 자립준비청년 및 보호연장아동, 법정한부모가족은 본인부담률, 재난피해자는 본인부담률 0% * 사회보장정보시스템을 통해 신청일 기준 전월 건강보험료 부과액 기준으로 산정 ※ 자세한 내용은 사업지침을 참고하시기 바랍니다.",금융･복지･문화,건강,복지,복지,20260101 ~ 20261231,20260101 ~ 20261231,"0세~0세 / 연령제한:Y 0043001 0 0 우울·불안 등 정서적 어려움이 있는 국민 중 아래 기준에 해당하는 자로, 나이 및 소득 기준은 없음 ① 정신건강복지센터, 대학교상담센터, 청소년상담복지센터, Wee센터/Wee 클래스 등에서 심리상담이 필요하다고 인정하는 자 ② 정신의료기관 등에서 우울·불안 등으로 인하여 심리상담이 필요하다고 인정하는 자 ③ 국가 건강검진 중 정신건강검사(우울증 선별검사, PHQ-9) 결과에서 중간 정도 이상의 우울(10점 이상)이 확인된 자 ④ 자립준비청년 및 보호연장아동 ⑤ 「동네의원 마음건강돌봄 연계 시범사업*」 통해 의뢰된 자 ⑥ 서비스 신청일로부터 5년 이내의 재난피해를 입은 본인 또는 재난피해로 사망한 자(실종자 포함)의 유가족 1. 약물･알콜중독, 중증 정신질환(예: 조현병 등), 심각한 심리적 문제(급박한 자살위기 등)로 정신건강의학과 진료가 우선적으로 필요한 경우 2. 지역사회서비스 투자사업의 아동ㆍ청소년 심리지원서비스, 아동ㆍ청소년 정서발달 지원서비스, 정신건강토탈케어 서비스, 성인 심리지원서비스, 일상돌봄 서비스(심리상담), 발달장애인부모상담서비스를 지원받고 있는 경우 0011009 0013010 0049010 0055003",0세~0세 / 연령제한:Y,0043001 0 0,주민등록상 또는 실거주지 읍·면·동 행정복지센터(구. 주민센터/동사무소)를 직접 방문하거나 복지로 홈페이지(www.bokjiro.go.kr)에서 온라인으로 신청 가능 * 복지로 온라인신청 경로: 복지로 로그인 > 서비스 신청 > 복지서비스 신청 > 복지급여 신청 > 전국민 마음투자 지원사업 ※ 이의신청: 신청결과에 대한 이의신청은 결정결과 통지받은 날로부터 60일 이내 관할 보건소에 방문하여 신청하시기 바랍니다.,"1. 사회보장급여(사회서비스이용권) 신청(변경)서 2. 사회서비스 이용자 준수사항 안내확인 동의서 3. 증빙서류(아래 항목 중 해당되는 1개 항목에 대한 증빙서류를 제출) ① 정신건강복지센터, 대학교상담센터, 청소년상담복지센터, Wee센터/Wee 클래스 등에서 심리상담이 필요하다고 인정하는 자 ※ (증빙서류) 기관에서 발급하는 의뢰서 (신청일 기준 최근 3개월 이내) ② 정신의료기관 등에서 우울·불안 등으로 인하여 심리상담이 필요하다고 인정하는 자 ※ (증빙서류) 정신과 의사, 한방신경정신과 한의사가 발급하는 진단서 또는 소견서 (신청일 기준 최근 3개월 이내) ③ 국가 건강검진 중 정신건강검사(우울증 선별검사, PHQ-9) 결과에서 중간 정도 이상의 우울(10점 이상)이 확인된 자 ※ (증빙서류) 신청일 기준 1년 이내에 실시한 국가 일반건강검진 결과통보서 ④ 자립준비청년 및 보호연장아동 ※ (증빙서류) 보호종료된 자립준비청년 : 보호종료확인서, 보호연장아동 : 시설재원증명서 또는 가정위탁보호확인서 ⑤ 「동네의원 마음건강돌봄 연계 시범사업*」 통해 의뢰된 자 * 동네의원 이용환자 중 정신건강 위험군에 대해 의사 면담 등을 통해 선별하여, 지역의 정신건강의료기관 또는 정신건강복지센터에 연계하는 시범사업(’22∼, 부산 등) ※ (증빙서류) 해당 사업 지침 별지 제4호 연계의뢰서 (신청일 기준 3개월 이내) ⑥ 서비스 신청일로부터 5년 이내의 재난피해를 입은 본인 또는 재난피해로 사망한 자(실종자 포함)의 유가족 * 유가족 범위: 배우자(사실혼 포함), 직계존비속, 형제자매 ※ (증빙서류) 사회재난 피해사실확인서, 피해자 인정결정서",보건복지부,한국고용정보원,https://www.bokjiro.go.kr,https://www.socialservice.or.kr,https://www.129.go.kr/,2026-04-15 17:42:05,2026-04-16 13:29:49,1,온통청년_OPEN_API_getPlcy,전남,복지부 26년 정신건강 심리상담 바우처사업 우울 불안 등 정서적 어려움으로 인해 심리상담이 필요한 국민에게 전문적인 심리상담 서비스를 제공합니다 바우처 복지
전남,46000,20260414005400212743,여수시 청년 소상공인 맞춤형 방문 컨설팅 지원사업,맞춤형상담서비스,여수시 청년 창업기업 대상 맞춤형 컨설팅 지원을 통한 청년 창업기업의 시장 경쟁력 강화 및 지역경제 활성화,"• 선정기업 전원 맞춤형 컨설팅 지원 : 기업당 15시간 이내 • 사업 고도화(환경개선, 상품개발, 판로개척 등) 지원 : 기업당 500만원 이내 • 홍보·마케팅비(리플렛, 폼페이지 제작, 홍보영상 제작 등) 지원 : 기업당 100만원 이내 • 창업교육(마케팅, BM, 사업고도화 등), 플리마켓 참가지원 등",일자리,창업,"일자리, 직무교육, 창업지원, 복지",일자리,20260330 ~ 20260417,20260330 ~ 20261231,"18세~45세 / 연령제한:N 0043003 0 0 업력 6개월 이상 5년 미만, 연 매출 2억원 이하 대표자 주소지 및 영업장 소재지가 여수시로 등록되어 있는 기업 0011009 0013006 0049010 0055003",18세~45세 / 연령제한:N,"0043003 0 0 업력 6개월 이상 5년 미만, 연 매출 2억원 이하",공고문 내 제출서류 작성 및 첨부하여 이메일 접수 (접수처 : moolbeen@ccei.kr ),"사업신청서 및 사업계획서 각 1부 【서식 1-1, 1-2】 개인정보 수집 및 활용 동의서 1부 【서식 2】 ③ 주민등록초본 1부 (최근 5년 주소이력 포함, 공고일 이후 발급) 국세 납세증명서 1부 ⑤ 지방세 납세증명서 1부 ⑥ 사업자등록증 1부 ⑦ 부가가치세과세표준증명원 또는 표준재무제표증명 1부",전라남도 여수시 기획경제국,전라남도 여수시 청년인구정책관,https://ccei.creativekorea.or.kr/jeonnam/main.do,http://www.yeosu.go.kr,http://www.yeosu.go.kr/youthcenter,2026-04-14 17:00:36,2026-04-14 17:37:55,1,온통청년_OPEN_API_getPlcy,전남,여수시 청년 소상공인 맞춤형 방문 컨설팅 지원사업 여수시 청년 창업기업 대상 맞춤형 컨설팅 지원을 통한 청년 창업기업의 시장 경쟁력 강화 및 지역경제 활성화 맞춤형상담서비스 일자리
전남,46000,20260410005400212663,2026 서울 동아리ON(대학생 동아리 지원),보조금,서울시 대학생 동아리를 대상으로 사회 기여 활동을 위한 활동비를 지원하여 동아리 활동 활성화를 통한 사회적 관계 회복과 함께 지역 사회 문제 해결에 기여할 수 있도록 지원하는 사업,"ㅇ 사업대상 : 서울 소재 대학 소속 동아리 최대 150개(기획형 100+참여형 50) ㅇ 사업내용 : 사회기여활동 참여 동아리 행·재정적 지원 - (기획형) 동아리 자율 활동, (참여형) 서울시 기획 프로그램에 참여 ※ 기획형 및 참여형 중복 신청 가능하며, 참여형 프로그램은 복수 신청 가능(2개 이상 권장) ㅇ 지원규모 - 기획형 : 동아리 활동 경비 최대 2백만원 - 참여형 : 수행기관에서 활동에 필요한 소요경비 지급 ㅇ 활동기간 : 2026. 5월 ~ 2026. 11. 15. ㅇ 활동장소 : 서울시 내 ㅇ 활동내용 : 서울 시정가치와 연계된 사회기여활동",참여･기반,청년참여,"직무교육, 참여 프로그램",직무교육,20260408 ~ 20260428,20260301 ~ 20261231,"0세~0세 / 연령제한:Y 0043001 0 0 ① 동일·유사사업으로 서울시, 자치구로부터 시비·구비 등을 지원받고 있거나 지원받을 예정인 동아리 ② 외부기관에 종속되어 운영되는 등 대학생 자치 동아리라고 인정되기 어려운 동아리 0011009 0013010 0049005 0055003",0세~0세 / 연령제한:Y,0043001 0 0,"ㅇ 신청자격 : 서울 소재 대학 소속 동아리 - 대학 재학생 10명 이상으로 구성된 동아리(재학생만 실비 지급) - (지원 제외) · 동일·유사사업으로 서울시, 자치구로부터 시비·구비 등을 지원받고 있거나 지원받을 예정인 동아리 · 외부기관에 종속되어 운영되는 등 대학생 자치 동아리라고 인정되기 어려운 동아리 ㅇ 신청방법 : 이메일 접수(서울시 청년정책담당관) - 접수처 : dmeod@seoul.go.kr, yeriim@seoul.go.kr (2곳 동시 제출) ㅇ 제출서류 - 지원 신청서(서식 1) - 동아리 활동계획서(기획형: 서식 2, 참여형: 서식 3) - 대학생 동아리 활동 지원사업 참여 서약서(서식 4) ㅇ 문의처 : 서울시 미래청년기획관 청년정책담당관(02-2133-6588/4328) ※ 문의시간 : 평일 09시~18시(공휴일 제외)","1. 지원 신청서(서식 1) 2. 동아리 활동계획서(기획형: 서식 2, 참여형: 서식 3) 3. 대학생 동아리 활동 지원사업 참여 서약서(서식 4)",서울특별시 미래청년기획관,서울특별시 미래청년기획관,https://youth.seoul.go.kr/youthConts.do?key=2503190001&sc_detailAt=&pageIndex=1&orderBy=regYmd+desc&tabKind=201&sc_pbancSe=&sc_pbancSeCd=027&sc_bbsStngSn=2212200001&sc_bbsCtgrySn=2503180018&sc_pstSn=2604070004&sc_userId=&sc_ntcPstYn=&sc_delYn=&sc_ctgry=&useYn=&sc_faqCtgryCd=099&sc_qnaCtgryCd=&sc_plcyQnaSn=0&pstSn=&recordCountPerPage=10&sc_wDateS=&sc_wDateE=&sc=&sw=,https://youth.seoul.go.kr/youthConts.do?key=2503190001&sc_detailAt=&pageIndex=1&orderBy=regYmd+desc&tabKind=201&sc_pbancSe=&sc_pbancSeCd=027&sc_bbsStngSn=2212200001&sc_bbsCtgrySn=2503180018&sc_pstSn=2604070004&sc_userId=&sc_ntcPstYn=&sc_delYn=&sc_ctgry=&useYn=&sc_faqCtgryCd=099&sc_qnaCtgryCd=&sc_plcyQnaSn=0&pstSn=&recordCountPerPage=10&sc_wDateS=&sc_wDateE=&sc=&sw=,https://news.seoul.go.kr/gov/archives/577123,2026-04-10 09:20:57,2026-04-10 09:53:40,1,온통청년_OPEN_API_getPlcy,전남,2026 서울 동아리ON 대학생 동아리 지원 서울시 대학생 동아리를 대상으로 사회 기여 활동을 위한 활동비를 지원하여 동아리 활동 활성화를 통한 사회적 관계 회복과 함께 지역 사회 문제 해결에 기여할 수 있도록 지원하는 사업 보조금 직무교육
전남,46000,20260408005400212646,여수형 청년 맞춤형 인턴 사업,인턴,미취업 청년에게 다양한 지역 맞춤형 일자리 경험을 제공함으로써 실무 중심 직무경험을 통한 진로 탐색 기회 제공 및 취업 역량 강화,"시청, 공공기관, 복지관, 지역아동센터 및 관광·산업 관련 기관(단체)에서의 인턴 근무를 통한 실무 중심 직업체험",일자리,취업,"일자리, 직무교육, 복지",일자리,20260601 ~ 20260605,20260706 ~ 20260805,18세~45세 / 연령제한:N 0043003 0 0 서류 접수 후 선정 시 저소득 가점 있음 0011009 0013010 0049010 0055003,18세~45세 / 연령제한:N,0043003 0 0 서류 접수 후 선정 시 저소득 가점 있음,"추후 여수시청 공고 확인후 신청서류 작성하여 문서24, 등기, 직접방문으로 신청","참여신청서, 개인정보 수집·이용 동의서, 초본, 기타증빙 서류(해당자에 한함)",전라남도 여수시 기획경제국,전라남도 여수시 청년인구정책관,,https://www.yeosu.go.kr/,,2026-04-08 15:20:01,2026-04-09 15:16:06,1,온통청년_OPEN_API_getPlcy,전남,여수형 청년 맞춤형 인턴 사업 미취업 청년에게 다양한 지역 맞춤형 일자리 경험을 제공함으로써 실무 중심 직무경험을 통한 진로 탐색 기회 제공 및 취업 역량 강화 인턴 일자리
전남,46000,20260408005400212645,여수형 지역사회 거점형 양육지원사업,육아,"부모상담 및 육아정보 지원서비스, 아동학대 예방 및 권리존중교육 등을 통하여 영유아의 정서적 안정 도모 및 영유아 및 부모간의 긍정적인 관계 형성을 통하여 질 높은 양육환경 조성","- AI와 디지털 리터러시 부모교육, 우리 가족 마음지킴이 프로젝트 - 주말놀이 프로그램 등",금융･복지･문화,문화활동 및 생활지원,"직무교육, 복지, 참여 프로그램",직무교육,,20260101 ~ 20261231,0세~0세 / 연령제한:Y 0043001 0 0 여수시 내 영유아를 둔 가정 0011009 0013010 0049010 0055001,0세~0세 / 연령제한:Y,0043001 0 0,,,전라남도 여수시 복지교육국,전라남도 여수시 청년인구정책관,http://www.yeosuchildcare.or.kr,www.yeosuchildcare.or.kr,,2026-04-08 15:04:16,2026-04-09 15:15:19,1,온통청년_OPEN_API_getPlcy,전남,여수형 지역사회 거점형 양육지원사업 부모상담 및 육아정보 지원서비스 아동학대 예방 및 권리존중교육 등을 통하여 영유아의 정서적 안정 도모 및 영유아 및 부모간의 긍정적인 관계 형성을 통하여 질 높은 양육환경 조성 육아 직무교육
전남,46000,20260408005400212644,청년 도서구입비 지원,교육지원,"여수시 청년들에게 도서구입비를 지원함으로써 자기개발 기회 제공 및 독서활동을 유도하고, 지역서점과 상생발전을 도모","대상 : 도서대출회원증 소지한 청년(18세~45세) 내용 - 지원금액 : 도서구입비 50%지원(1인 최대 10만원) - 지원도서 : 취업·창업·자격증 관련 도서, 교양·문학도서 등 - 구 입 처 : 여수시 지역서점 인증제에 따른 참여 서점",금융･복지･문화,문화활동 및 생활지원,"일자리, 직무교육, 창업지원, 복지, 참여 프로그램",일자리,20260201 ~ 20261130,20260201 ~ 20261130,18세~45세 / 연령제한:N 0043001 0 0 0011009 0013010 0049010 0055003,18세~45세 / 연령제한:N,0043001 0 0,"여수시립도서관 누리집(https://yslib.yeosu.go.kr) → 온라인서비스 → 청년도서구입비 지원 → 신청하기 ※ 분할 신청 가능 ( 횟수 제한 없음, 1인 최대 10만원 범위 내)",,전라남도 여수시 문화관광체육국,전라남도 여수시 청년인구정책관,https://yslib.yeosu.go.kr/youth,https://yslib.yeosu.go.kr/youth,,2026-04-08 14:43:48,2026-04-09 15:14:16,1,온통청년_OPEN_API_getPlcy,전남,청년 도서구입비 지원 여수시 청년들에게 도서구입비를 지원함으로써 자기개발 기회 제공 및 독서활동을 유도하고 지역서점과 상생발전을 도모 교육지원 일자리
전남,46000,20260407005400112540,새만금 스포일러 모집(2026년 새만금개발청 정책기자단),인턴,새만금 관련 정책에 대해 청년이 콘텐츠를 직접 기획·제작하여 청년 세대의 새만금 인지도 제고를 위한 청년 정책기자단 운영 사업입니다.,"ㅇ (목적) 청년 정책기자단 구성하여 새만금 관련 정책에 대해 청년의 시각으로 다양한 콘텐츠(영상, 블로그, 웹툰)를 제작 ㅇ (내용) 새만금 관련 주제를 자유롭게 선택하고 정책 현장 체험·취재 및 새만금 관련 정보 등을 바탕으로 콘텐츠 제작(청년 기자별 월 1건 이상 제작 / 활동비 지원)",참여･기반,청년참여,"일자리, 참여 프로그램",일자리,20260416 ~ 20260430,20260416 ~ 20261231,"19세~34세 / 연령제한:N 0043001 0 0 ㅇ (우대조건) 정책기자단 참여 경험자, 개인 SNS 채널 운영자, 웹툰의 경우는 팔로위 1,000명 이상 0011009 0013010 0049010 0055003",19세~34세 / 연령제한:N,0043001 0 0,ㅇ (신청방법) 참가 지원서 등 제출 서류 작성 → 이메일 제출(smgcstory@naver.com) * 참가 지원서 등 제출 서류는 새만금개발청 공식 누리집 및 블로그에 게시,"ㅇ (제출서류) 개인정보 수집 및 이용 동의서 1부(필수), 참가지원서 1부(필수), 자기소개서 1부(필수), 콘텐츠 기획안 1부(필수), 포트폴리오 1부(선택)",새만금개발청,새만금개발청,,https://www.saemangeum.go.kr/sda/brd/view.do?nttSn=10974&key=2009075579016&pageIndex=1&sc=&sw=,https://blog.naver.com/smgcstory/224246409553,2026-04-07 13:39:41,2026-04-09 17:49:57,1,온통청년_OPEN_API_getPlcy,전남,새만금 스포일러 모집 2026년 새만금개발청 정책기자단 새만금 관련 정책에 대해 청년이 콘텐츠를 직접 기획 제작하여 청년 세대의 새만금 인지도 제고를 위한 청년 정책기자단 운영 사업입니다 인턴 일자리
전남,46000,20260406005400112497,직업계고-전문대학 교육과정 연계,교육지원,고교학점제 및 전문대학 선이수제를 활용한 직업계고-전문대학 간 학습의 연속성 확보 및 전문학사 조기취득 체계 마련,"□ 지원대상 ◦ 「고등교육법 」 제2조 제4호에 따른 전문대학 □ 목적 ◦ 고교학점제 및 전문대학 선이수제를 활용한 직업계고-전문대학 간 학습의 연속성 확보 및 전문학사 조기취득 체계 마련 ◦ 산업 변화에 대응한 직업계고-전문대-기업 연계 체계 구축을 통해 산업현장에 필요한 전문기술인재 적기에 체계적 양성 □ 사업 개요 ◦ (선정 규모) 컨소시엄 사업단 구성한 전문대학 5교 내외(최대 7교) - 권역별* 균형을 고려하여 선정(신청대학 수, 평가결과에 따라 변동 가능) * ①수도권, ②대구·경북, ③부산·울산·경남, ④충청·강원, ⑤호남·제주 ◦ (지원 규모) 총 50억 원(5개 사업단 × 10억 원) - 선정된 사업단 수에 따라 대학별 지원액은 증액 또는 감액됨 ※ 교육과정 분석·개발 및 운영 규모를 고려하여 사업비 조정 예정 ◦ (지원 분야) 모든 산업 분야 가능 ◦ (지원 범위) 연계 교육과정 분석 및 개발·운영, 학생 지원 프로그램, 교원 역량 강화, 기업 연계 현장실습 운영, 실습 기자재 구축 등 - 교육과정 분석·개발·운영 경비 및 학생지원* 위주의 사업비 편성(60% 이상) * (고교) 자격증 취득 장려금, 캠프 참여 비용 등/ (대학) 대학 입학 장려금, 인턴십 지원비 등 ◦ (사업기간) 4년(‘26.6월∼’30.2월)","교육･직업훈련,교육･직업훈련","온·오프라인교육 ,미래역량강화","일자리, 직무교육, 참여 프로그램",일자리,20260401 ~ 20300422,20260601 ~ 20300228,0세~0세 / 연령제한:Y 0043001 0 0 0011009 0013010 0049002 0055003,0세~0세 / 연령제한:Y,0043001 0 0,,,교육부,교육부 인재정책실 평생직업교육정책관,,https://www.nrf.re.kr/biz/notice/view?ac=view&searchType=&searchText=&pageNum=1&postNo=268571&menuNo=364&bizNo=777&searchBizNo=0&bizNotGubn=notice&bizCompleteNm=&orderType=REG_DTTM&orderTypeBiz=&orderTypeAt=DESC&orderTypeBizAt=DESC&myBizCheckYn=&bizChgMbrNo=&myDeptBizCheckYn=&bizChgMbrPostNm=&bizSelectSearchRegDttm=®StartDttm=®EndDttm=&searchRegChoiceDttm=M&bizSearchRegDttmAllYn=N&searchRegYearDttm=2026&searchRegStartMonthDttm=04&searchRegEndMonthDttm=04&searchSplitBizNo=&keyword=%EC%A7%81%EC%97%85%EA%B3%84%EA%B3%A0&resultKeyword=,https://www.moe.go.kr/boardCnts/viewRenew.do?boardID=72761&boardSeq=105782&lev=0&searchType=null&statusYN=W&page=1&s=moe&m=020502&opType=N,2026-04-06 13:50:57,2026-04-06 17:48:43,1,온통청년_OPEN_API_getPlcy,전남,직업계고 전문대학 교육과정 연계 고교학점제 및 전문대학 선이수제를 활용한 직업계고 전문대학 간 학습의 연속성 확보 및 전문학사 조기취득 체계 마련 교육지원 일자리
전남,46000,20260330005400212325,청년인큐베이팅공유공간 운영,주거지원,"교육공간 및 사무공간, 실험실 등 운영 지원","ㅇ (목적) 청년창업가 인큐베이팅 지원 ㅇ (대상) 지역 청년 ㅇ (주요내용) 교육공간 및 사무공간, 실험실 등 운영 지원 ㅇ (전달체계) 군-위탁단체-지역청년",주거,주택 및 거주지,"직무교육, 주거지원, 창업지원",직무교육,,20260101 ~ 20261231,19세~45세 / 연령제한:N 0043001 0 0 0011009 0013010 0049010 0055003,19세~45세 / 연령제한:N,0043001 0 0,,,경상북도 의성군 관광복지국,경상북도 의성군 관광복지국,,https://www.usc.go.kr/youth/page.do?mnu_uid=2022&,,2026-03-30 12:50:26,2026-04-01 16:45:11,1,온통청년_OPEN_API_getPlcy,전남,청년인큐베이팅공유공간 운영 교육공간 및 사무공간 실험실 등 운영 지원 주거지원 직무교육
전남,46000,20260330005400212324,청년키움지원센터 운영,주거지원,"공유오피스 및 책방, 카페 운영 지원","ㅇ (목적) 청년창업 공유공간으로 공유오피스 및 휴식과 소통의 공간으로 운영 ㅇ (대상) 지역 청년 ㅇ (주요내용) 공유오피스 및 책방, 카페 운영 지원 ㅇ (전달체계) 군-위탁단체-지역청년",주거,주택 및 거주지,"주거지원, 창업지원",주거지원,,20260101 ~ 20261231,19세~45세 / 연령제한:N 0043001 0 0 0011009 0013010 0049010 0055003,19세~45세 / 연령제한:N,0043001 0 0,,,경상북도 의성군 관광복지국,경상북도 의성군 관광복지국,,https://www.usc.go.kr/youth/page.do?mnu_uid=2021&,,2026-03-30 12:48:34,2026-04-01 16:44:32,1,온통청년_OPEN_API_getPlcy,전남,청년키움지원센터 운영 공유오피스 및 책방 카페 운영 지원 주거지원 주거지원
전남,46000,20260330005400212322,청춘어람 운영,주거지원,복합문화공간 및공유업무공간 운영 지원,ㅇ (목적) 청년복합문화센터로 청년들의 안정적인 정주 기회 제공 ㅇ (대상) 지역 청년 ㅇ (주요내용) 복합문화공간 및공유업무공간 운영 지원 ㅇ (전달체계) 군-위탁단체-지역청년,주거,주택 및 거주지,"주거지원, 복지",주거지원,,20260101 ~ 20261231,19세~45세 / 연령제한:N 0043001 0 0 0011009 0013010 0049010 0055003,19세~45세 / 연령제한:N,0043001 0 0,,,경상북도 의성군 관광복지국,경상북도 의성군 관광복지국,,https://www.usc.go.kr/youth/page.do?mnu_uid=2020&,,2026-03-30 12:43:02,2026-04-01 16:42:26,1,온통청년_OPEN_API_getPlcy,전남,청춘어람 운영 복합문화공간 및공유업무공간 운영 지원 주거지원 주거지원
전남,46000,20260330005400212321,의성푸드빌리지 운영,주거지원,청년외식창업공간 운영 지원,ㅇ (목적) 지역내 청년의 창업지원 역량 및 전문성 강화를 위한 청년외식창업공동체 공간 운영 ㅇ (대상) 지역 청년 ㅇ (주요내용) 청년외식창업공간 운영 지원 ㅇ (전달체계) 군-위탁단체-지역청년,주거,주택 및 거주지,"직무교육, 주거지원, 창업지원",직무교육,,20260101 ~ 20261231,19세~45세 / 연령제한:N 0043001 0 0 0011009 0013010 0049010 0055003,19세~45세 / 연령제한:N,0043001 0 0,,,경상북도 의성군 관광복지국,경상북도 의성군 관광복지국,,https://www.usc.go.kr/youth/page.do?mnu_uid=2019&,,2026-03-30 12:41:06,2026-04-01 16:41:57,1,온통청년_OPEN_API_getPlcy,전남,의성푸드빌리지 운영 청년외식창업공간 운영 지원 주거지원 직무교육
전남,46000,20260330005400212319,청년 지역정착 활성화 사업,교육지원,"청년 역량강화 및 교류활성화, 청년 생활인구 유입 프로그램 운영","ㅇ (목적)청년 지역정착 기반 마련 ㅇ (대상)19~45세 청년 ㅇ (주요내용)청년 역량강화 및 교류활성화, 청년 생활인구 유입 프로그램 운영 ㅇ (전달체계)청년센터 위탁 운영",금융･복지･문화,문화활동 및 생활지원,"직무교육, 복지, 참여 프로그램",직무교육,,20260101 ~ 20261231,19세~45세 / 연령제한:N 0043001 0 0 0011009 0013010 0049010 0055003,19세~45세 / 연령제한:N,0043001 0 0,,,경상북도 의성군 관광복지국,경상북도 의성군 관광복지국,,https://www.usc.go.kr/youth/page.do?cmd=258&bod_uid=142190&srchEnable=1&srchSDate=&srchKwd=&initDay=&srchColumn=&listType=&initYear=&srchVote=-1&initMonth=&pageNo=1&srchBgpUid=-1&srchEDate=&mnu_uid=2013&,,2026-03-30 12:34:30,2026-04-01 16:41:25,1,온통청년_OPEN_API_getPlcy,전남,청년 지역정착 활성화 사업 청년 역량강화 및 교류활성화 청년 생활인구 유입 프로그램 운영 교육지원 직무교육
전남,46000,20260330005400212318,청년기업 융자지원사업,신용회복,"소상공인5천만원, 중소기업 1억원 한도 융자지원","ㅇ (목적)관내 청년기업 융자지원 ㅇ (대상)의성군에 거주중인 청년기업(소상공인, 중소기업) ㅇ (주요내용)소상공인5천만원, 중소기업 1억원 한도 융자지원 ㅇ (전달체계)경북신용보증재단-KB국민은행 의성점-의성군 청년정책과-기금운용심의위원회",금융･복지･문화,취약계층 및 금융지원,"복지, 참여 프로그램",복지,,20260101 ~ 20261231,19세~45세 / 연령제한:N 0043001 0 0 0011009 0013010 0049010 0055003,19세~45세 / 연령제한:N,0043001 0 0,,,경상북도 의성군 관광복지국,경상북도 의성군 관광복지국,,https://www.usc.go.kr/ko/page.do?not_ancmt_mgt_no=38993&mnu_uid=157&board_code=04&cmd=2,,2026-03-30 12:32:10,2026-04-01 16:40:37,1,온통청년_OPEN_API_getPlcy,전남,청년기업 융자지원사업 소상공인5천만원 중소기업 1억원 한도 융자지원 신용회복 복지
전남,46000,20260325005400212276,청년단기주거공간 운영(금강장),주거지원,체류형 사업 참여자 및 지역청년 단기주거 지원,ㅇ (목적) 유입초기 청년 주거 지원 ㅇ (주요내용) 체류형 사업 참여자 및 지역청년 단기주거 지원 ㅇ (전달체계) 군-위탁단체-지역청년,주거,주택 및 거주지,"주거지원, 참여 프로그램",주거지원,,20260101 ~ 20261231,19세~45세 / 연령제한:N 0043001 0 0 0011009 0013010 0049010 0055003,19세~45세 / 연령제한:N,0043001 0 0,,,경상북도 의성군 관광복지국,경상북도 의성군 관광복지국,,https://www.usc.go.kr/youth/page.do?mnu_uid=2731&,,2026-03-25 17:55:51,2026-03-27 17:08:06,1,온통청년_OPEN_API_getPlcy,전남,청년단기주거공간 운영 금강장 체류형 사업 참여자 및 지역청년 단기주거 지원 주거지원 주거지원
전남,46000,20260325005400212275,청년복합주거공간 운영(금수장),주거지원,청년 대상 숙박공간 및 워케이션 프로그램 제공,ㅇ (목적) 공유공간과 숙박공간이 분리된 복합주거공간 운영 ㅇ (주요내용) 청년 대상 숙박공간 및 워케이션 프로그램 제공 ㅇ (전달체계) 군-위탁단체-지역청년,주거,주택 및 거주지,"직무교육, 주거지원",직무교육,,20260101 ~ 20261231,19세~45세 / 연령제한:N 0043001 0 0 0011009 0013010 0049010 0055003,19세~45세 / 연령제한:N,0043001 0 0,,,경상북도 의성군 관광복지국,경상북도 의성군 관광복지국,,https://www.usc.go.kr/youth/page.do?mnu_uid=2024&,,2026-03-25 17:45:14,2026-03-27 17:07:36,1,온통청년_OPEN_API_getPlcy,전남,청년복합주거공간 운영 금수장 청년 대상 숙박공간 및 워케이션 프로그램 제공 주거지원 직무교육
전남,46000,20260324005400212256,환경교육강사 청년 전문가 양성 지원,교육지원,"기후변화대응, 에너지 전환, 온실가스 감축 등 기후위기에 대한 이해와 현장 교육을 통한 청년 환경역량 강화 및 전문가 양성","민간보조사업(기후보호전문가 양성교육, 탄소중립 환경강사 양성 교육)을 통해 추진 교육내용 : 기후위기 대응 및 기후변화의 이해, 기후변화와 탄소중립 실천 방안, 환경오염물질 배출사업장 환경기술인 업무 역량 강화 교육 등",교육･직업훈련,미래역량강화,직무교육,직무교육,20260501 ~ 20260630,20260701 ~ 20261231,18세~45세 / 연령제한:N 0043001 0 0 0011009 0013010 0049010 0055003,18세~45세 / 연령제한:N,0043001 0 0,,,전라남도 여수시 환경녹지국,전라남도 여수시 청년인구정책관,,http://www.geca.or.kr/jngec/main.do,,2026-03-24 17:34:59,2026-04-10 17:00:32,1,온통청년_OPEN_API_getPlcy,전남,환경교육강사 청년 전문가 양성 지원 기후변화대응 에너지 전환 온실가스 감축 등 기후위기에 대한 이해와 현장 교육을 통한 청년 환경역량 강화 및 전문가 양성 교육지원 직무교육
전남,46000,20260323005400112246,창업성공패키지(청년창업사관학교),"벤처,중소기업","유망 창업아이템 및 혁신기술을 보유한 우수 창업자를 발굴하여 성공적인 창업사업화 지원을 위한, 『2026년 창업성공패키지 지원사업』청년창업사관학교 기본과정 지원 대상자를 모집하오니 많은 참여바랍니다.","창업공간 제공, 교육, 기술지원 등의 종합 연계지원 방식으로 청년 기술창업 One-Stop 프로그램 운영",일자리,창업,"일자리, 직무교육, 창업지원, 참여 프로그램",일자리,20260130 ~ 20260213,계속,1세~39세 / 연령제한:N 0043001 0 0 0011009 0013010 0049010 0055003,1세~39세 / 연령제한:N,0043001 0 0,www.k-startup.go.kr - 사업공고,,중소벤처기업부 창업벤처혁신실 창업정책관,중소벤처기업진흥공단 창업지원처,,https://www.mss.go.kr/site/smba/ex/bbs/View.do?cbIdx=310&bcIdx=1065207&parentSeq=1065207,,2026-03-23 17:12:28,2026-03-25 09:05:49,1,온통청년_OPEN_API_getPlcy,전남,창업성공패키지 청년창업사관학교 유망 창업아이템 및 혁신기술을 보유한 우수 창업자를 발굴하여 성공적인 창업사업화 지원을 위한 2026년 창업성공패키지 지원사업 청년창업사관학교 기본과정 지원 대상자를 모집하오니 많은 참여바랍니다 벤처 중소기업 일자리
전남,46000,20260323005400112245,지식재산 기반 창업촉진(IP 디딤돌 프로그램),"벤처,중소기업","개인 및 예비창업자를 대상으로 창의적 아이디어를 기술적으로 발전시켜 사업아이템을 도출하고, 이에 대한 지식재산 컨설팅 및 권리화 지원","ㅇ 한국발명진흥회 및 전국 17개소의 지역지식재산센터(RIPC)를 통해, 지역별 예비창업자의 아이디어에 대한 기초상담, 창업아이템으로의 고도화/권리화 지원 ㅇ 우수창업기업 대상 IR 심화컨설팅 실시, 데모데이 개최를 통해 특허 기반 초기창업기업의 사업화 및 투자유치 지원",일자리,창업,"일자리, 직무교육, 창업지원, 복지, 참여 프로그램",일자리,,20260101 ~ 20261231,0세~0세 / 연령제한:Y 0043001 0 0 0011009 0013010 0049010 0055003,0세~0세 / 연령제한:Y,0043001 0 0,소재지 지역별 지식재산센터(☎1661-1900)를 통한 상담 및 신청,기초상담(방문/전화상담) 후 신청서 작성 안내,지식재산처,한국발명진흥회,,https://pms.ripc.org/www/main.do,,2026-03-23 14:51:45,2026-03-23 17:08:47,1,온통청년_OPEN_API_getPlcy,전남,지식재산 기반 창업촉진 IP 디딤돌 프로그램 개인 및 예비창업자를 대상으로 창의적 아이디어를 기술적으로 발전시켜 사업아이템을 도출하고 이에 대한 지식재산 컨설팅 및 권리화 지원 벤처 중소기업 일자리
전남,46000,20260323005400112244,예비청년 대상 발명교육 지원,교육지원,"직업계고 발명/특허 교육지원 학교를 지정하고 발명/지식재산 관련 정규교과목 운영, 산학협동형 교육 등 다양한 지식재산 교육 프로그램 제공","직업계고 발명/특허 교육지원 학교를 지정하고 발명/지식재산 관련 정규교과목 운영, 산학협동형 교육 등 다양한 지식재산 교육 프로그램 제공",교육･직업훈련,미래역량강화,직무교육,직무교육,,20260101 ~ 20261231,0세~0세 / 연령제한:Y 0043001 0 0 0011009 0013010 0049002 0055003,0세~0세 / 연령제한:Y,0043001 0 0,신청서 접수 교육지원청에서 관내 학교로 안내 공문 발송 관내 학교 일정별 신청 및 접수,,지식재산처,한국발명진흥회,,https://www.ip-edu.net/home/kor/main.do,,2026-03-23 14:29:04,2026-03-23 15:24:15,1,온통청년_OPEN_API_getPlcy,전남,예비청년 대상 발명교육 지원 직업계고 발명 특허 교육지원 학교를 지정하고 발명 지식재산 관련 정규교과목 운영 산학협동형 교육 등 다양한 지식재산 교육 프로그램 제공 교육지원 직무교육
전남,46000,20260323005400112243,체계적인 지식재산 인재 및 리더양성,교육지원,지식재산 전문인력 양성 중점대학 운영 및 산학협동형 캠퍼스특허유니버시아드 운영,"ㅇ 권역별 9개의 지식재산 중점대학을 지정하여 지식재산 교육을 강화하고, 대학특성/지역별 주력산업 등과 연계한 IP융합전공과정 운영(경상대, 전남대, 충북대, 충남대, 경북대, 강원대, 부산대, 전북대, 제주대) ㅇ 발명사업화, 특허전략 수립 2개 부문에 대해 산학협동형 IP실무교육 및 대회 경진대회를 개최하여 기업이 필요로 하는 지식재산 인재 양성",교육･직업훈련,미래역량강화,"직무교육, 창업지원",직무교육,,20260301 ~ 20261231,0세~0세 / 연령제한:Y 0043001 0 0 0011005 0013010 0049005 0055003,0세~0세 / 연령제한:Y,0043001 0 0,,,지식재산처,한국발명진흥회,,https://www.kipa.org/kipa/ip002/kw_business_2201.jsp,https://www.kipa.org/kipa/ip002/kw_hrtraining_0501.jsp,2026-03-23 14:10:17,2026-03-23 15:24:59,1,온통청년_OPEN_API_getPlcy,전남,체계적인 지식재산 인재 및 리더양성 지식재산 전문인력 양성 중점대학 운영 및 산학협동형 캠퍼스특허유니버시아드 운영 교육지원 직무교육
전남,46000,20260320005400212242,외국인 독도 말하기 대회,교육지원,외국인 유학생을 대상 독도주제 말하기 대회를 통해 국제사회 홍보,외국인 유학생 대상 독도주제 말하기 대회 개최 및 상금지급,참여･기반,청년국제교류,"직무교육, 참여 프로그램",직무교육,20260501 ~ 20260630,20260401 ~ 20261031,0세~0세 / 연령제한:Y 0043001 0 0 외국인 유학생을 대상으로 합니다. 0011009 0013010 0049010 0055003,0세~0세 / 연령제한:Y,0043001 0 0,"독도재단 홈페이지 [공지사항]이나, K-독도 홈페이지 [정보&이슈] 확인하여 신청하시면 됩니다.",,경상북도 환동해지역본부 해양수산국,재단법인독도재단,https://www.koreadokdo.or.kr/,https://www.k-dokdo.com/index.do,,2026-03-20 16:28:17,2026-03-23 17:08:16,1,온통청년_OPEN_API_getPlcy,전남,외국인 독도 말하기 대회 외국인 유학생을 대상 독도주제 말하기 대회를 통해 국제사회 홍보 교육지원 직무교육
전남,46000,20260320005400112239,한국형 온라인 공개강좌(K-MOOC),교육지원,"대학, 연구기관 등이 제작한 우수한 강좌를 온라인 플랫폼으로 제공","대학, 공공기관 등이 개발한 온라인 강좌를 K-MOOC 플랫폼에 탑재하고, 모든 국민에게 무료 개방하여 누구나 학습할 수 있도록 지원",교육･직업훈련,교육비지원,직무교육,직무교육,,2015년~계속,0세~0세 / 연령제한:Y 0043001 0 0 0011009 0013010 0049010 0055003,0세~0세 / 연령제한:Y,0043001 0 0,,,교육부 고등평생정책실,국가평생교육진흥원,,https://www.kmooc.kr/,,2026-03-20 10:51:25,2026-03-20 15:49:14,1,온통청년_OPEN_API_getPlcy,전남,한국형 온라인 공개강좌 K MOOC 대학 연구기관 등이 제작한 우수한 강좌를 온라인 플랫폼으로 제공 교육지원 직무교육
전남,46000,20260320005400112238,산업맞춤 단기직무능력인증과정 Match業,교육지원,현장적합성 높은 신기술·신산업 분야 온·오프라인 교육과정 개발 및 제공,대표기업-교육기관이 협업하여 신기술·신산업 분야 직무능력 향상에 필요한 교육과정 개발·운영으로 첨단 지식을 갖춘 실무인재 양성,"교육･직업훈련,교육･직업훈련","온·오프라인교육 ,미래역량강화",직무교육,직무교육,,20260101 ~ 20261231,19세~100세 / 연령제한:N 0043001 0 0 0011009 0013010 0049010 0055003,19세~100세 / 연령제한:N,0043001 0 0,,,교육부 고등평생정책실,국가평생교육진흥원,https://www.matchup.kr/main/mainView.do,https://www.matchup.kr/main/mainView.do,,2026-03-20 10:40:31,2026-03-23 15:25:31,1,온통청년_OPEN_API_getPlcy,전남,산업맞춤 단기직무능력인증과정 Match 현장적합성 높은 신기술 신산업 분야 온 오프라인 교육과정 개발 및 제공 교육지원 직무교육
전남,46000,20260320005400112237,재직자 인공지능·디지털(AI·D) 집중과정 지원,교육지원,성인 재직자가 각자의 직업 분야에서 활용 가능한 AI·디지털 역량을 함양할 수 있는 재직자 AI·D 집중과정 지원을 통해 청년 업무생산성 제고,- (AI·D 30+ 집중캠프) 30세 이상 성인재직자가 평일 저녁·주말에 각자의 직업 분야에서 활용 가능한 AI·디지털 역량을 함양하는 온·오프라인 교육과정 지원 - (AI·D 묶음강좌) AI·디지털 역량을 체계적으로 익힐 수 있도록 3개 내외 AI·디지털 분야 온라인 묶음강좌 지원,교육･직업훈련,미래역량강화,"일자리, 직무교육",일자리,,20260101 ~ 20261231,"29세~100세 / 연령제한:N 0043001 0 0 30세 이상 성인 재직자를 우선 선발하되, 운영기관별 상황에 따라 이직을 위한 구직자 등 선발 가능 0011009 0013001,0013003 0049010 0055003",29세~100세 / 연령제한:N,0043001 0 0,운영기관별 자체 신청,,교육부 고등평생정책실,국가평생교육진흥원,,https://www.kmooc.kr/view/course/aid,https://www.nile.or.kr/usr/wap/detail.do?app=13309&seq=29&lang=ko,2026-03-20 10:06:53,2026-03-20 13:45:47,1,온통청년_OPEN_API_getPlcy,전남,재직자 인공지능 디지털 AI D 집중과정 지원 성인 재직자가 각자의 직업 분야에서 활용 가능한 AI 디지털 역량을 함양할 수 있는 재직자 AI D 집중과정 지원을 통해 청년 업무생산성 제고 교육지원 일자리
전남,46000,20260319005400212228,(광양시)귀농청년 자격증 취득비 지원,"교육지원,보조금",귀농청년 농업인의 소형중장비·드론 등 자격증 취득비와 농업 교육비를 지원하는 사업입니다.,-소형중장비 자격증 최대 30만원 지원 -농업용 드론 자격증 최대 230만원 지원 -농업 관련 교육비 최대 100만원 지원,일자리,취업,"일자리, 직무교육",일자리,,연중(개별 공고),18세~45세 / 연령제한:N 0043001 0 0 귀농청년 대상 0011009 0013010 0049010 0055003,18세~45세 / 연령제한:N,0043001 0 0,,,전라남도 광양시 농업기술센터,전라남도 광양시 미래산업국,,https://gwangyang.go.kr/,https://gwangyang.go.kr/youth/kr/board/view.do?bbsId=BBS_000000000000041&nttId=4695&menuNo=104002000000,2026-03-19 11:44:49,2026-03-23 17:06:38,1,온통청년_OPEN_API_getPlcy,전남,광양시 귀농청년 자격증 취득비 지원 귀농청년 농업인의 소형중장비 드론 등 자격증 취득비와 농업 교육비를 지원하는 사업입니다 교육지원 보조금 일자리
전남,46000,20260319005400212227,"(광양시)행복한 임신, 건강한 출산 임신부 교육","출산,육아",임산부와 가족을 대상으로 대면·비대면 교육을 운영해 건강한 임신과 출산 준비를 지원하는 사업입니다.,-주간 태교·건강관리 교육 -야간 직장인 부부 맞춤 교육 -비대면 온라인 임신·출산 교육,금융･복지･문화,문화활동 및 생활지원,"일자리, 직무교육, 복지",일자리,,연중,0세~0세 / 연령제한:Y 0043001 0 0 0011009 0013010 0049010 0055003,0세~0세 / 연령제한:Y,0043001 0 0,,,전라남도 광양시 보건소,전라남도 광양시 미래산업국,,https://gwangyang.go.kr/menu.es?mid=a11209060417,,2026-03-19 11:40:15,2026-03-23 17:05:03,1,온통청년_OPEN_API_getPlcy,전남,광양시 행복한 임신 건강한 출산 임신부 교육 임산부와 가족을 대상으로 대면 비대면 교육을 운영해 건강한 임신과 출산 준비를 지원하는 사업입니다 출산 육아 일자리
전남,46000,20260319005400212226,(광양시)청년 독서문화 거점 「미소청년 플러스+」,"맞춤형상담서비스,교육지원","청년 독서와 취·창업, 디지털 역량강화를 지원하는 광양읍권 청년 독서문화 거점 운영 사업입니다.",-미소청년 서가 조성 -역량강화 교육 28회 운영 -디지털 제작장비 상시 제공·전자책 구독 서비스 제공,교육･직업훈련,교육비지원,"직무교육, 창업지원, 복지",직무교육,,연중,18세~45세 / 연령제한:N 0043001 0 0 0011009 0013010 0049010 0055003,18세~45세 / 연령제한:N,0043001 0 0,,,전라남도 광양시 교육보육국,전라남도 광양시 미래산업국,,https://lib.gwangyang.go.kr/,,2026-03-19 11:33:55,2026-03-20 13:42:42,1,온통청년_OPEN_API_getPlcy,전남,광양시 청년 독서문화 거점 미소청년 플러스 청년 독서와 취 창업 디지털 역량강화를 지원하는 광양읍권 청년 독서문화 거점 운영 사업입니다 맞춤형상담서비스 교육지원 직무교육
전남,46000,20260319005400212225,(광양시)경계선 지능인 평생교육 지원사업,교육지원,경계선 지능인과 보호자에게 맞춤형 교육·상담·검사비를 지원해 자립역량을 높이는 사업입니다.,-경계선 지능인 발굴 및 검사비 지원 -인지학습·사회성 향상 프로그램 운영 -보호자 교육·전문상담 제공,금융･복지･문화,문화활동 및 생활지원,"직무교육, 복지",직무교육,,별도 개별 공고,0세~0세 / 연령제한:Y 0043001 0 0 0011009 0013010 0049010 0055003,0세~0세 / 연령제한:Y,0043001 0 0,,,전라남도 광양시 교육보육국,전라남도 광양시 미래산업국,,https://gwangyang.go.kr/board.es?mid=a11007000000&bid=0057&list_no=183646&act=view,,2026-03-19 11:25:06,2026-03-23 17:04:24,1,온통청년_OPEN_API_getPlcy,전남,광양시 경계선 지능인 평생교육 지원사업 경계선 지능인과 보호자에게 맞춤형 교육 상담 검사비를 지원해 자립역량을 높이는 사업입니다 교육지원 직무교육
전남,46000,20260319005400212223,(광양시) 청년복합공간 운영,"주거지원,교육지원",예담창고를 중심으로 청년 창업교육·실습·커뮤니티·주거를 연계 지원하는 복합공간 운영 사업입니다.,-교육공간 운영(창업교육·커뮤니티) -실습공간 운영(창업 실습) -참여 청년 주거 지원,일자리,창업,"일자리, 직무교육, 주거지원, 창업지원, 참여 프로그램",일자리,,연중(기수별 개별 공고),18세~45세 / 연령제한:N 0043001 0 0 외지 청년 대상 0011009 0013010 0049010 0055003,18세~45세 / 연령제한:N,0043001 0 0,,,전라남도 광양시 미래산업국,전라남도 광양시 미래산업국,,https://gwangyang.go.kr/,https://gwangyang.go.kr/board.es?mid=a11007000000&bid=0057&act=view&list_no=197336,2026-03-19 11:03:13,2026-03-23 17:03:42,1,온통청년_OPEN_API_getPlcy,전남,광양시 청년복합공간 운영 예담창고를 중심으로 청년 창업교육 실습 커뮤니티 주거를 연계 지원하는 복합공간 운영 사업입니다 주거지원 교육지원 일자리
전남,46000,20260319005400212222,(광양시)청년 역량 강화 교육,교육지원,광양시 청년정책 협의체 위원과 지역청년의 정책이해와 리더십 강화를 위한 교육·워크숍 사업입니다.,-청년정책 워크숍 운영 -역량강화 교육 실시 -협의체 발대식 연계 추진,참여･기반,청년참여,"직무교육, 참여 프로그램",직무교육,,연중,18세~45세 / 연령제한:N 0043001 0 0 0011009 0013010 0049010 0055003,18세~45세 / 연령제한:N,0043001 0 0,,,전라남도 광양시 미래산업국,전라남도 광양시 미래산업국,,https://gwangyang.go.kr/board.es?mid=a11007000000&bid=0057&list_no=186081&act=view,,2026-03-19 11:00:03,2026-03-23 16:59:53,1,온통청년_OPEN_API_getPlcy,전남,광양시 청년 역량 강화 교육 광양시 청년정책 협의체 위원과 지역청년의 정책이해와 리더십 강화를 위한 교육 워크숍 사업입니다 교육지원 직무교육
전남,46000,20260319005400212221,(광양시)사회초년생들을 위한 전월세 안심교육,"교육지원,맞춤형상담서비스",사회초년생에게 전세사기 예방과 임대차 계약 실무를 교육해 안전한 주거 정착을 돕는 사업입니다.,-맞춤형 임대차 계약 교육 -실무 가이드라인 배포 -전세사기 예방 정보 제공,주거,주택 및 거주지,"직무교육, 주거지원, 복지",직무교육,20260310 ~ 20260310,20260310 ~ 20260310,0세~0세 / 연령제한:Y 0043001 0 0 0011009 0013010 0049010 0055003,0세~0세 / 연령제한:Y,0043001 0 0,,,전라남도 광양시 시민복지국,전라남도 광양시 미래산업국,,https://gwangyang.go.kr/board.es?mid=a11007000000&bid=0057&list_no=198056&act=view,,2026-03-19 10:57:07,2026-03-23 17:01:22,1,온통청년_OPEN_API_getPlcy,전남,광양시 사회초년생들을 위한 전월세 안심교육 사회초년생에게 전세사기 예방과 임대차 계약 실무를 교육해 안전한 주거 정착을 돕는 사업입니다 교육지원 맞춤형상담서비스 직무교육
전남,46000,20260319005400212220,(광양시)난임부부 시술비 본인부담금 확대 지원,"육아,출산",난임 시술비 중 정부지원 제외분의 일부를 지원해 시술 참여 부담을 낮추는 사업입니다.,-시술비 본인부담금 최대 100만원 지원 -출산당 25회 한도 -비급여 제외,금융･복지･문화,문화활동 및 생활지원,"복지, 참여 프로그램",복지,,연중,0세~0세 / 연령제한:Y 0043001 0 0 0011009 0013010 0049010 0055001,0세~0세 / 연령제한:Y,0043001 0 0,,,전라남도 광양시 보건소,전라남도 광양시 미래산업국,,https://gwangyang.go.kr/menu.es?mid=a11209060426,,2026-03-19 10:48:43,2026-03-23 17:00:43,1,온통청년_OPEN_API_getPlcy,전남,광양시 난임부부 시술비 본인부담금 확대 지원 난임 시술비 중 정부지원 제외분의 일부를 지원해 시술 참여 부담을 낮추는 사업입니다 육아 출산 복지
전남,46000,20260319005400112218,(국토부) 26년 청년월세 지원사업,"주거지원,보조금",고금리·고물가 등으로 경제적 어려움을 겪는 청년층의 주거비 부담 경감을 위해 월 최대 20만원씩 최장 24개월간 월세를 지원합니다(생애 1회).,"월세로 거주하는 청년을 대상으로 실제 납부하는 임대료를 최대 480만원(월 최대 20만원)까지 최대 24개월(회) 동안 매월 분할하여 지원합니다. ○ 실제 월세 범위 내에서 지원하며, 임차보증금, 관리비 등은 제외 후 지원합니다. ○ 주거급여 수급자의 경우 주거급여액 중 월차임분(청년 주거급여 분리지급액 포함)을 차감한 금액만 지원합니다. ○ 방학기간 등으로 수급기간이 연속적이지 않더라도 지급기간 내 24개월(회)분을 지원합니다. 지급기간 : ~2028년 12월 ○ 2026년 신규 수혜자는 2028년 12월까지 지원 ○ 2026년에 선정된 이후 지급 중지 등으로 인해 '28년까지 24개월(회) 지원을 다 못받았다면, '29년 이후 정기 신청기간에 재신청(소득, 재산 재심사)하여 선정될 때 지원을 재개하고 잔여횟수만 지원",주거,전월세 및 주거급여 지원,주거지원,주거지원,20260330 ~ 20260529,20260901 ~ 20281231,"19세~34세 / 연령제한:N 0043003 0 0 하단참고 19세~34세 독립거주 무주택 청년 중 청년가구 소득이 기준 중위소득 60% 이하이면서, 원가구 소득이 중위소득 100% 이하인 청년을 지원합니다. ※ ①30세 이상, ②혼인(이혼), ③미혼부·모, ④30세 미만 미혼 청년의 소득이 중위소득 50% 이상으로 생계를 달리한다고 시·군·구청장이 인정하는 경우 등은 원가구 소득 미고려 ○ (청년가구) 청년 + 배우자 + 직계비속 + 동일 주소지에 거주하는 그 외 민법상 가족 ○ (원가구) 청년독립가구 + 1촌이내 직계혈족(부·모) ○ 주택 소유자(분양권, 입주권 포함) ○ 직계존속·형제·자매 등 2촌 이내 혈족(배우자의 2촌 이내 혈족 포함) 주택 임차 ○ 공공주택특별법에 따른 공공임대주택(공무원임대주택 포함) 거주 ○ 1실(방)에 다수가 거주하는 방식의 전대차인 경우 단, 1실에 다수가 거주하는 경우라도 임대인과 별도 임대차계약 체결 시 지원 가능 ○ 국토부 또는 지자체에서 시행하는 청년월세 지원사업 중복 수혜중인 자(수혜종료 후 신청 가능) 등 ○ 과거 ‘청년월세 한시 특별지원사업’에 선정되어 이미 24개월을 수혜받은 자 등 0011009 0013010 0049010 0055003",19세~34세 / 연령제한:N,0043003 0 0 하단참고,"주소지 관할 주민센터에 청년 본인이 방문하거나 복지로(bokjiro.go.kr)에서 온라인으로 신청이 가능합니다. ○ 방문 신청 시 청년 본인이 신청하는 것이 원칙이나, 불가피한 경우 대리인(①법정대리인 ②주민등록상 동일 세대원(동거인 제외) ③동일 세대원이 아닌 배우자 및 직계존·비속)도 신청이 가능하며, 해당 경우에도 월세는 청년 본인 계좌로 지급됩니다. ※ 대리인 신청 시 위임장, 대리인 신분증(주민등록증, 운전면허증, 여권 등)을 지참 후 방문 ※ 단, 압류방지통장으로 입금은 불가하며, 본인 명의의 계좌 개설이 곤란한 경우 등은 기초생활보장제도 계좌관리 원칙에 따름 복지로 온라인신청 경로는 다음과 같습니다. ○ 복지로 로그인 > 서비스 신청 > 복지서비스 신청 > 복지급여 신청 > 기타 > 청년월세지원","월세지원 신청서, 소득·재산 신고서, 임대차계약서 및 최근 3개월간 월세 이체 증빙서류, 통장 사본, 가족관계증명서 등",국토교통부,한국고용정보원,https://bokjiro.go.kr,https://www.bokjiro.go.kr/ssis-tbu/ssis-tbu/twataa/wlfareInfo/moveTWAT52011M.do?wlfareInfoId=WLF00004661,https://www.youthcenter.go.kr/bbs03View/10003/10455,2026-03-19 10:47:38,2026-03-19 11:26:40,1,온통청년_OPEN_API_getPlcy,전남,국토부 26년 청년월세 지원사업 고금리 고물가 등으로 경제적 어려움을 겪는 청년층의 주거비 부담 경감을 위해 월 최대 20만원씩 최장 24개월간 월세를 지원합니다 생애 1회 주거지원 보조금 주거지원
전남,46000,20260319005400212217,(광양시)난임부부 진단검사비 지원,"육아,출산",난임부부의 최초 진단검사비를 지원해 초기 검사 부담을 줄여주는 사업입니다.,-난임 진단검사비 지원 -부부당 최대 20만원 지원 -생애 1회 지원,금융･복지･문화,문화활동 및 생활지원,복지,복지,,연중,0세~0세 / 연령제한:Y 0043001 0 0 0011009 0013010 0049010 0055001,0세~0세 / 연령제한:Y,0043001 0 0,,,전라남도 광양시 보건소,전라남도 광양시 미래산업국,,https://gwangyang.go.kr/menu.es?mid=a11209060411,,2026-03-19 10:46:41,2026-03-23 16:59:00,1,온통청년_OPEN_API_getPlcy,전남,광양시 난임부부 진단검사비 지원 난임부부의 최초 진단검사비를 지원해 초기 검사 부담을 줄여주는 사업입니다 육아 출산 복지
전남,46000,20260319005400212216,(광양시)난임부부 교통비 등 지원,"출산,육아",난임 시술을 받는 부부에게 교통비 등을 지원해 시술비 외 추가 부담을 덜어주는 사업입니다.,-시술 1차수마다 최대 20만원 지원 -수도권 20만원·비수도권 15만원 지원 -연중 홍보·지원,금융･복지･문화,문화활동 및 생활지원,복지,복지,,연중,0세~0세 / 연령제한:Y 0043001 0 0 0011009 0013010 0049010 0055001,0세~0세 / 연령제한:Y,0043001 0 0,,,전라남도 광양시 보건소,전라남도 광양시 미래산업국,,https://gwangyang.go.kr/menu.es?mid=a11209060423,,2026-03-19 10:44:05,2026-03-20 13:45:18,1,온통청년_OPEN_API_getPlcy,전남,광양시 난임부부 교통비 등 지원 난임 시술을 받는 부부에게 교통비 등을 지원해 시술비 외 추가 부담을 덜어주는 사업입니다 출산 육아 복지
전남,46000,20260319005400212215,(광양시)임신 준비 부부 엽산제 지원,"육아,출산",임신을 준비하는 부부에게 엽산제를 지원해 건강한 임신·출산을 돕는 사업입니다.,-여성·남성 각각 3개월분 엽산제 제공 -연 1회 지원 -엽산 섭취 중요성 홍보,금융･복지･문화,문화활동 및 생활지원,복지,복지,,연중,18세~49세 / 연령제한:N 0043001 0 0 0011009 0013010 0049010 0055003,18세~49세 / 연령제한:N,0043001 0 0,,,전라남도 광양시 보건소,전라남도 광양시 보건소,,https://gwangyang.go.kr/menu.es?mid=a11209060427,,2026-03-19 10:41:42,2026-03-23 16:58:26,1,온통청년_OPEN_API_getPlcy,전남,광양시 임신 준비 부부 엽산제 지원 임신을 준비하는 부부에게 엽산제를 지원해 건강한 임신 출산을 돕는 사업입니다 육아 출산 복지
전남,46000,20260319005400212214,(광양시)다자녀출산맘 행복쿠폰,"출산,육아",둘째아 이상 출생가정에 광양사랑상품권을 지원해 다자녀 가정의 양육부담을 완화하는 사업입니다.,-광양사랑상품권 100만원 지원 -출생·첫 번째 생일에 분할 지급 -둘째아 이상 출생가정 대상,금융･복지･문화,문화활동 및 생활지원,복지,복지,,연중,0세~0세 / 연령제한:Y 0043001 0 0 0011009 0013010 0049010 0055003,0세~0세 / 연령제한:Y,0043001 0 0,,,전라남도 광양시 보건소,전라남도 광양시 미래산업국,,https://gwangyang.go.kr/menu.es?mid=a11209060409,,2026-03-19 10:37:07,2026-03-23 16:57:46,1,온통청년_OPEN_API_getPlcy,전남,광양시 다자녀출산맘 행복쿠폰 둘째아 이상 출생가정에 광양사랑상품권을 지원해 다자녀 가정의 양육부담을 완화하는 사업입니다 출산 육아 복지
전남,46000,20260319005400212213,(광양시)출생축하금 자동지급제 시행,"육아,출산",출생 시 1회 신청만 하면 이후 연차별 출생축하금을 자동으로 지급받을 수 있는 제도입니다.,-최초 1회 신청 후 매년 자동지급 -기존아동·신규아동 시스템 등록 운영 -지급 누락 방지 및 시민 편의 제공,금융･복지･문화,문화활동 및 생활지원,복지,복지,,연중,0세~0세 / 연령제한:Y 0043001 0 0 0011009 0013010 0049010 0055003,0세~0세 / 연령제한:Y,0043001 0 0,,,전라남도 광양시 보건소,전라남도 광양시 미래산업국,,https://gwangyang.go.kr/boyuk/menu.es?mid=c70303010000,,2026-03-19 10:34:09,2026-03-23 16:45:51,1,온통청년_OPEN_API_getPlcy,전남,광양시 출생축하금 자동지급제 시행 출생 시 1회 신청만 하면 이후 연차별 출생축하금을 자동으로 지급받을 수 있는 제도입니다 육아 출산 복지
전남,46000,20260319005400212212,(광양시)산후조리비용 지원,"육아,출산",광양시에 출생신고한 신생아의 산모에게 산후조리비용을 지원해 출산가정의 부담을 덜어주는 사업입니다.,"-산후조리 이용 시 1일 10만원, 최대 140만원 지원 -미이용자는 40만원 지원 -연중 신청·지급",금융･복지･문화,문화활동 및 생활지원,복지,복지,,연중,0세~0세 / 연령제한:Y 0043001 0 0 0011009 0013010 0049010 0055003,0세~0세 / 연령제한:Y,0043001 0 0,,,전라남도 광양시 보건소,전라남도 광양시 미래산업국,,https://gwangyang.go.kr/menu.es?mid=a11209060401,,2026-03-19 10:30:45,2026-03-20 15:46:28,1,온통청년_OPEN_API_getPlcy,전남,광양시 산후조리비용 지원 광양시에 출생신고한 신생아의 산모에게 산후조리비용을 지원해 출산가정의 부담을 덜어주는 사업입니다 육아 출산 복지
전남,46000,20260318005400212211,(광양시) 힘내라! 청년 도서 구입비 지원,"교육지원,보조금",광양시 청년이 진로·취업 관련 도서를 구입할 때 비용 일부를 지원하는 독서지원 사업입니다.,-도서 구입비 50% 지원 -1인 최대 10만원 지원 -지역서점 활용,금융･복지･문화,문화활동 및 생활지원,"일자리, 직무교육, 복지",일자리,,연중,18세~45세 / 연령제한:N 0043001 0 0 0011009 0013010 0049010 0055003,18세~45세 / 연령제한:N,0043001 0 0,,,전라남도 광양시 교육보육국,전라남도 광양시 미래산업국,,https://gwangyang.go.kr/,https://www.bokjiro.go.kr/ssis-tbu/twataa/wlfareInfo/moveTWAT52011M.do?wlfareInfoId=WLF00000300,2026-03-18 17:25:33,2026-03-23 16:56:46,1,온통청년_OPEN_API_getPlcy,전남,광양시 힘내라 청년 도서 구입비 지원 광양시 청년이 진로 취업 관련 도서를 구입할 때 비용 일부를 지원하는 독서지원 사업입니다 교육지원 보조금 일자리
전남,46000,20260318005400212210,(광양시)나만의 특별한 작은 결혼식,"출산,육아",결혼비용 부담을 줄이기 위해 초혼 신혼부부의 소규모 결혼식을 지원하는 사업입니다.,-초혼 신혼부부당 최대 300만원 지원 -총 예식비용 700만원 이하 결혼식 대상 -가족센터 연계 운영,금융･복지･문화,문화활동 및 생활지원,복지,복지,,연중,18세~45세 / 연령제한:N 0043001 0 0 0011009 0013010 0049010 0055002,18세~45세 / 연령제한:N,0043001 0 0,,,전라남도 광양시 교육보육국,전라남도 광양시 미래산업국,,https://gwangyang.familynet.or.kr/center/lay1/bbs/S295T311C312/A/6/view.do?article_seq=236396&cpage=1&rows=10&condition=&keyword=,,2026-03-18 17:22:05,2026-03-23 16:54:34,1,온통청년_OPEN_API_getPlcy,전남,광양시 나만의 특별한 작은 결혼식 결혼비용 부담을 줄이기 위해 초혼 신혼부부의 소규모 결혼식을 지원하는 사업입니다 출산 육아 복지
전남,46000,20260318005400212207,(광양시)미혼남녀 만남 프로그램 추진,"육아,출산,교육지원",미혼 청년 남녀의 교류와 만남을 지원해 결혼 친화 분위기를 조성하는 프로그램입니다.,-매너특강 운영 -로테이션 매칭토킹·레크리에이션 진행 -공개추첨으로 참가자 선정,금융･복지･문화,문화활동 및 생활지원,"직무교육, 복지, 참여 프로그램",직무교육,,별도공고 안내,27세~45세 / 연령제한:N 0043001 0 0 0011009 0013010 0049010 0055002,27세~45세 / 연령제한:N,0043001 0 0,,,전라남도 광양시 미래산업국,전라남도 광양시 미래산업국,,https://gwangyang.go.kr/,https://gwangyang.go.kr/board.es?mid=a11007000000&bid=0057&list_no=184534&act=view,2026-03-18 17:03:04,2026-03-23 16:53:58,1,온통청년_OPEN_API_getPlcy,전남,광양시 미혼남녀 만남 프로그램 추진 미혼 청년 남녀의 교류와 만남을 지원해 결혼 친화 분위기를 조성하는 프로그램입니다 육아 출산 교육지원 직무교육
전남,46000,20260318005400212204,(광양시)아빠 육아휴직 장려금 지원,"출산,육아",육아휴직급여를 받고 있는 광양시 남성에게 추가 장려금을 지원해 가족친화적 양육환경을 조성하는 사업입니다.,-월 30만원 지원 -최대 3개월 지급 -예산 범위 내 지원,금융･복지･문화,문화활동 및 생활지원,복지,복지,,연중,0세~0세 / 연령제한:Y 0043003 0 0 고용보험법에 따른 육아휴직금여를 받고 있는 광양시 남성 0011009 0013001 0049010 0055003,0세~0세 / 연령제한:Y,0043003 0 0 고용보험법에 따른 육아휴직금여를 받고 있는 광양시 남성,,,전라남도 광양시 교육보육국,전라남도 광양시 미래산업국,,https://gwangyang.go.kr/kor/,https://gwangyang.go.kr/board.es?mid=a11007000000&bid=0057&list_no=195897&act=view,2026-03-18 14:44:20,2026-03-18 16:37:14,1,온통청년_OPEN_API_getPlcy,전남,광양시 아빠 육아휴직 장려금 지원 육아휴직급여를 받고 있는 광양시 남성에게 추가 장려금을 지원해 가족친화적 양육환경을 조성하는 사업입니다 출산 육아 복지
전남,46000,20260318005400212203,(광양시)맞벌이 부부를 위한 광양형 24시간 돌봄어린이집 운영,"육아,출산",야간·주말·공휴일에도 영유아를 돌볼 수 있는 24시간 돌봄서비스를 제공하는 사업입니다.,-광양읍·중마동 2개소 운영 -평일 야간·주말·공휴일 돌봄 제공 -긴급돌봄 맞춤형 보육서비스 지원,금융･복지･문화,문화활동 및 생활지원,복지,복지,,연중,0세~0세 / 연령제한:Y 0043001 0 0 0011009 0013010 0049010 0055003,0세~0세 / 연령제한:Y,0043001 0 0,,,전라남도 광양시 교육보육국,전라남도 광양시 미래산업국,,https://gwangyang.go.kr/kor/,https://www.bokjiro.go.kr/ssis-tbu/twataa/wlfareInfo/moveTWAT52011M.do?wlfareInfoId=WLF00005955,2026-03-18 14:42:09,2026-03-18 16:40:45,1,온통청년_OPEN_API_getPlcy,전남,광양시 맞벌이 부부를 위한 광양형 24시간 돌봄어린이집 운영 야간 주말 공휴일에도 영유아를 돌볼 수 있는 24시간 돌봄서비스를 제공하는 사업입니다 육아 출산 복지
전남,46000,20260318005400212202,(광양시)영유아 가정을 위한 장난감 도서관 운영,"출산,육아",장난감 대여 서비스를 통해 영유아 가정의 양육비 부담을 덜고 다양한 놀이 기회를 제공하는 사업입니다.,-장난감 3개소 운영 -신규 장난감 구입·노후 장난감 교체 -장난감 대여·반납 서비스 운영,금융･복지･문화,문화활동 및 생활지원,복지,복지,,연중,0세~0세 / 연령제한:Y 0043001 0 0 0011009 0013010 0049010 0055003,0세~0세 / 연령제한:Y,0043001 0 0,,,전라남도 광양시 교육보육국,전라남도 광양시 미래산업국,,https://childcare.gwangyang.go.kr/,https://gwangyang.go.kr/menu.es?mid=a11204080800,2026-03-18 14:36:46,2026-03-18 16:41:49,1,온통청년_OPEN_API_getPlcy,전남,광양시 영유아 가정을 위한 장난감 도서관 운영 장난감 대여 서비스를 통해 영유아 가정의 양육비 부담을 덜고 다양한 놀이 기회를 제공하는 사업입니다 출산 육아 복지
전남,46000,20260318005400212201,(광양시)육아종합지원센터 육아상담실 운영,"출산,육아",보육교직원과 부모의 심리·양육 고민 해소를 위해 전문가 상담을 제공하는 사업입니다.,-개별·집단 상담 서비스 제공 -보육교직원 면담·코칭 -부모면담·아동관찰·심리검사 및 피드백,금융･복지･문화,문화활동 및 생활지원,복지,복지,,연중,0세~0세 / 연령제한:Y 0043001 0 0 0011009 0013010 0049010 0055003,0세~0세 / 연령제한:Y,0043001 0 0,,,전라남도 광양시 교육보육국,전라남도 광양시 미래산업국,,https://childcare.gwangyang.go.kr/,,2026-03-18 14:34:46,2026-03-18 16:35:54,1,온통청년_OPEN_API_getPlcy,전남,광양시 육아종합지원센터 육아상담실 운영 보육교직원과 부모의 심리 양육 고민 해소를 위해 전문가 상담을 제공하는 사업입니다 출산 육아 복지
전남,46000,20260318005400212200,(광양시)아이양육하기좋은도시 광양만의 맞춤형 보육서비스제공,"육아,출산","영유아와 부모, 보육시설을 대상으로 광양형 특화 보육서비스를 제공하는 사업입니다.","-원어민 영어·1인1악기 예술교육 -질병 감염아동 무료돌봄, 쌍둥이 안심보험 -장난감 세척·소독 등 8개 특화사업",금융･복지･문화,문화활동 및 생활지원,"직무교육, 복지",직무교육,,연중,0세~0세 / 연령제한:Y 0043001 0 0 0011009 0013010 0049010 0055003,0세~0세 / 연령제한:Y,0043001 0 0,,,전라남도 광양시 교육보육국,전라남도 광양시 미래산업국,,https://gwangyang.go.kr/boyuk/,,2026-03-18 14:28:57,2026-03-18 16:34:58,1,온통청년_OPEN_API_getPlcy,전남,광양시 아이양육하기좋은도시 광양만의 맞춤형 보육서비스제공 영유아와 부모 보육시설을 대상으로 광양형 특화 보육서비스를 제공하는 사업입니다 육아 출산 직무교육
전남,46000,20260318005400212199,(광양시)대학생 생활비 장학금 지원,보조금,광양 출신 대학생에게 거주기간과 소득구간에 따라 생활비 장학금을 차등 지원하는 사업입니다.,-연 2회 접수·지급 -거주기간·소득구간에 따라 연 100만~350만원 차등 지원 -2026년 최종학년부터 단계적 확대,금융･복지･문화,취약계층 및 금융지원,복지,복지,,별도 공고,19세~34세 / 연령제한:N 0043003 0 0 소득 구간별 상이 0011009 0013003 0049005 0055003,19세~34세 / 연령제한:N,0043003 0 0 소득 구간별 상이,,,전라남도 광양시 교육보육국,전라남도 광양시 미래산업국,,https://gwangyang.go.kr/fund/,,2026-03-18 13:55:35,2026-03-18 16:31:31,1,온통청년_OPEN_API_getPlcy,전남,광양시 대학생 생활비 장학금 지원 광양 출신 대학생에게 거주기간과 소득구간에 따라 생활비 장학금을 차등 지원하는 사업입니다 보조금 복지
전남,46000,20260318005400212196,(광양시)고3 자격증 취득비 지원,교육지원,관내 고등학교 3학년 학생에게 국가공인자격증 응시료를 지원해 진로 준비와 사회진출 역량을 높이는 사업입니다.,-운전면허·컴퓨터·외국어·한국사 등 응시료 지원 -1인 최대 30만원 지원 -취약계층 학생 운전면허 전액 지원,교육･직업훈련,교육비지원,직무교육,직무교육,,학교별 안내,18세~19세 / 연령제한:N 0043001 0 0 0011009 0013010 0049002 0055003,18세~19세 / 연령제한:N,0043001 0 0,,,전라남도 광양시 교육보육국,전라남도 광양시 미래산업국,,https://gwangyang.go.kr/kor/,https://gwangyang.go.kr/board.es?mid=a11007000000&bid=0057&act=view&list_no=186085,2026-03-18 13:41:12,2026-03-18 16:30:43,1,온통청년_OPEN_API_getPlcy,전남,광양시 고3 자격증 취득비 지원 관내 고등학교 3학년 학생에게 국가공인자격증 응시료를 지원해 진로 준비와 사회진출 역량을 높이는 사업입니다 교육지원 직무교육
전남,46000,20260318005400212195,(광양시)사라실예술촌 운영,교육지원,예술촌 공간을 활용한 문화예술 프로그램과 공모사업을 통해 시민의 문화예술 체험 기회를 확대합니다.,-사라실 아트캠핑 운영 -입주작가 창작·전시공간 지원 -국가공모 문화예술사업 운영,금융･복지･문화,문화활동 및 생활지원,"직무교육, 복지",직무교육,,프로그램별 상,0세~0세 / 연령제한:Y 0043001 0 0 입주작가 모집 시 청년예술가 우대 0011009 0013010 0049010 0055003,0세~0세 / 연령제한:Y,0043001 0 0,,,전라남도 광양시 관광문화환경국,전라남도 광양시 미래산업국,,http://sarasil.co.kr/,,2026-03-18 13:33:57,2026-03-18 16:29:02,1,온통청년_OPEN_API_getPlcy,전남,광양시 사라실예술촌 운영 예술촌 공간을 활용한 문화예술 프로그램과 공모사업을 통해 시민의 문화예술 체험 기회를 확대합니다 교육지원 직무교육
전남,46000,20260318005400212194,(광양시)귀농귀촌 보금자리 조성 지원,주거지원,귀농귀촌 희망자에게 농어촌민박 보금자리와 체험비를 지원해 농촌 정착을 돕는 사업입니다.,-농어촌민박 월세 지원(8개월) -체험비 등 참가자 지원 -보금자리 2개소 운영,일자리,취업,"일자리, 주거지원",일자리,,별도 공고,0세~0세 / 연령제한:Y 0043001 0 0 0011009 0013010 0049010 0055003,0세~0세 / 연령제한:Y,0043001 0 0,,,전라남도 광양시 농업기술센터,전라남도 광양시 미래산업국,,https://gwangyang.go.kr/,https://gwangyang.go.kr/jares/menu.es?mid=a50401000000,2026-03-18 13:28:44,2026-03-18 16:27:22,1,온통청년_OPEN_API_getPlcy,전남,광양시 귀농귀촌 보금자리 조성 지원 귀농귀촌 희망자에게 농어촌민박 보금자리와 체험비를 지원해 농촌 정착을 돕는 사업입니다 주거지원 일자리
전남,46000,20260318005400212189,(광양시)광양학사(서울 공공기숙사) 운영,주거지원,"수도권 대학 재학생과 연수·실습생, 입시 준비생에게 저렴한 기숙사를 제공해 주거 안정을 지원합니다.",-서울 공공기숙사 입사 지원 -월 12만원 이용료로 주거 지원 -결원 발생 시 수시 모집,주거,전월세 및 주거급여 지원,주거지원,주거지원,,연중,"0세~0세 / 연령제한:Y 0043001 0 0 0011009 0013003,0013009 0049005 0055003",0세~0세 / 연령제한:Y,0043001 0 0,,,전라남도 광양시 미래산업국,전라남도 광양시 미래산업국,,https://gwangyang.go.kr/kor/,https://gwangyang.go.kr/youth/kr/board/view.do?bbsId=BBS_000000000000041&nttId=4668&menuNo=104002000000,2026-03-18 10:16:15,2026-03-18 16:22:27,1,온통청년_OPEN_API_getPlcy,전남,광양시 광양학사 서울 공공기숙사 운영 수도권 대학 재학생과 연수 실습생 입시 준비생에게 저렴한 기숙사를 제공해 주거 안정을 지원합니다 주거지원 주거지원
전남,46000,20260318005400212188,(광양시)청년 주택자금 대출이자 지원사업,"주거지원,금리혜택,대출",무주택 청년의 주택 구입·전세자금 대출이자 일부를 지원해 주거비 부담을 완화하는 사업입니다.,-주택 구입 대출이자 최대 3% 지원(연 최대 300만원) -전세(임대) 대출이자 최대 3% 지원(연 최대 200만원) -최장 구입 10년·전세 8년 지원,주거,전월세 및 주거급여 지원,주거지원,주거지원,,연중,19세~45세 / 연령제한:N 0043003 0 0 https://gwangyang.go.kr/menu.es?mid=a11204120302 0011009 0013010 0049010 0055003,19세~45세 / 연령제한:N,0043003 0 0 https://gwangyang.go.kr/menu.es?mid=a11204120302,,,전라남도 광양시 미래산업국,전라남도 광양시 미래산업국,,https://gwangyang.go.kr/,https://gwangyang.go.kr/menu.es?mid=a11204120302,2026-03-18 10:06:37,2026-03-18 16:21:15,1,온통청년_OPEN_API_getPlcy,전남,광양시 청년 주택자금 대출이자 지원사업 무주택 청년의 주택 구입 전세자금 대출이자 일부를 지원해 주거비 부담을 완화하는 사업입니다 주거지원 금리혜택 대출 주거지원
전남,46000,20260318005400212187,(광양시)포스코그룹 취업 아카데미 운영,"교육지원,맞춤형상담서비스","포스코그룹 취업을 희망하는 청년을 대상으로 기업 맞춤형 교육훈련을 제공하고, 실질적인 취업 연계를 지원하는 사업입니다.","포스코그룹 취업 대비 교육과정 운영, 교육생 모집·선발, 취업준비생 대상 교육훈련 제공, 과정 수료 후 취업 연계 지원",교육･직업훈련,온·오프라인교육,"일자리, 직무교육, 복지",일자리,,기수별 개별 공고,"19세~45세 / 연령제한:N 0043001 0 0 0011009 0013003 0049004,0049006,0049007,0049008,0049009 0055003",19세~45세 / 연령제한:N,0043001 0 0,,,전라남도 광양시 미래산업국,전라남도 광양시 미래산업국,,https://gwangyang.go.kr/board.es?mid=a11001000000&bid=0001&list_no=197061&act=view,,2026-03-18 09:59:01,2026-03-18 16:18:41,1,온통청년_OPEN_API_getPlcy,전남,광양시 포스코그룹 취업 아카데미 운영 포스코그룹 취업을 희망하는 청년을 대상으로 기업 맞춤형 교육훈련을 제공하고 실질적인 취업 연계를 지원하는 사업입니다 교육지원 맞춤형상담서비스 일자리
전남,46000,20260318005400212186,(광양시)광양만권 소재부품 지식산업센터 운영,"중소기업,벤처",중소·벤처·창업기업에 산업공간과 기업지원 서비스를 제공해 지역 산업기반을 강화하는 사업입니다.,-센터 시설 관리 및 입주기업 지원 -입주기업 모집·관리 -기업 간담회 및 실증공간 운영,일자리,취업,"일자리, 창업지원",일자리,,연중,0세~0세 / 연령제한:Y 0043001 0 0 0011009 0013010 0049010 0055003,0세~0세 / 연령제한:Y,0043001 0 0,,,전라남도 광양시 미래산업국,전라남도 광양시 미래산업국,,https://www.jntp.or.kr/base/main/view,https://www.jntp.or.kr/base/contents/view?contentsNo=3&menuLevel=2&menuNo=50,2026-03-18 09:42:46,2026-03-18 16:16:56,1,온통청년_OPEN_API_getPlcy,전남,광양시 광양만권 소재부품 지식산업센터 운영 중소 벤처 창업기업에 산업공간과 기업지원 서비스를 제공해 지역 산업기반을 강화하는 사업입니다 중소기업 벤처 일자리
전남,46000,20260318005400212185,(광양시) 청년 일자리 만들기 확대,맞춤형상담서비스,온·오프라인 일자리정보 제공과 상담·매칭을 통해 청년 구직과 기업 채용을 연계하는 일자리 지원 사업입니다.,-스마트 구인·구직 플랫폼 운영 -희망일자리센터 상담·취업알선 -청년 일자리 실태조사 및 정책 연계,일자리,취업,"일자리, 복지",일자리,,연중,0세~0세 / 연령제한:Y 0043001 0 0 0011009 0013010 0049010 0055003,0세~0세 / 연령제한:Y,0043001 0 0,,,전라남도 광양시 미래산업국,전라남도 광양시 미래산업국,,https://job.gwangyang.go.kr/,https://gwangyang.go.kr/youth/kr/board/list.do?bbsId=BBS_000000000000041&menuNo=104002000000&pageIndex=1&searchCategory1=b&searchCnd=0&searchWrd=,2026-03-18 09:28:03,2026-03-18 16:14:27,1,온통청년_OPEN_API_getPlcy,전남,광양시 청년 일자리 만들기 확대 온 오프라인 일자리정보 제공과 상담 매칭을 통해 청년 구직과 기업 채용을 연계하는 일자리 지원 사업입니다 맞춤형상담서비스 일자리
전남,46000,20260317005400212181,(광양시)장애인재능키움센터 운영,맞춤형상담서비스,구직 장애인과 구인업체를 연계해 맞춤형 취업상담과 채용지원을 제공하는 취업지원 사업입니다.,-취업상담·알선 및 사후관리 -직무컨설팅·채용대행 -장애인일자리박람회 및 네트워크 운영,일자리,취업,"일자리, 직무교육, 복지, 참여 프로그램",일자리,,연중,0세~0세 / 연령제한:Y 0043001 0 0 0011009 0013010 0049010 0055003,0세~0세 / 연령제한:Y,0043001 0 0,,,전라남도 광양시 시민복지국,전라남도 광양시 미래산업국,,https://www.newsro.kr/article243/1142302/,,2026-03-17 14:14:41,2026-03-18 16:12:10,1,온통청년_OPEN_API_getPlcy,전남,광양시 장애인재능키움센터 운영 구직 장애인과 구인업체를 연계해 맞춤형 취업상담과 채용지원을 제공하는 취업지원 사업입니다 맞춤형상담서비스 일자리
전남,46000,20260317005400212180,(광양시)드림카페 운영,인턴,장애인직업재활시설이 운영하는 카페를 통해 청년 장애인에게 근로 기회와 자립 기반을 제공하는 사업입니다.,-드림카페 4개소 운영 -청년 장애인 근로 기회 제공 -신규 지점 확대 추진,일자리,취업,일자리,일자리,,연중(운영지점 채용 일정에 따라 별도 공고),18세~45세 / 연령제한:N 0043001 0 0 0011009 0013010 0049010 0055003,18세~45세 / 연령제한:N,0043001 0 0,,,전라남도 광양시 시민복지국,전라남도 광양시 미래산업국,,https://ssnr.or.kr/,https://blog.naver.com/gwangyangsi/223850673541,2026-03-17 14:10:05,2026-03-18 16:12:38,1,온통청년_OPEN_API_getPlcy,전남,광양시 드림카페 운영 장애인직업재활시설이 운영하는 카페를 통해 청년 장애인에게 근로 기회와 자립 기반을 제공하는 사업입니다 인턴 일자리
전남,46000,20260317005400212179,(광양시)시내버스 서비스 시민평가단 운영,교육지원,청년을 포함한 시민이 직접 시내버스를 이용하며 서비스 품질과 개선사항을 평가해 대중교통 개선에 참여하는 사업입니다.,-시민평가단 30명 운영 -월 1회 버스 노선 탑승 평가 -분기별 수당 지급 및 개선결과 반영,참여･기반,청년참여,"직무교육, 복지, 참여 프로그램",직무교육,,연중,0세~0세 / 연령제한:Y 0043001 0 0 0011009 0013010 0049010 0055003,0세~0세 / 연령제한:Y,0043001 0 0,,,전라남도 광양시 안전도시국,전라남도 광양시 미래산업국,,https://gwangyang.go.kr/,https://gwangyang.go.kr/saeol/gosi.es?mid=a11005020000&bid=0022&seq=59346&act=view,2026-03-17 14:04:19,2026-03-18 16:08:47,1,온통청년_OPEN_API_getPlcy,전남,광양시 시내버스 서비스 시민평가단 운영 청년을 포함한 시민이 직접 시내버스를 이용하며 서비스 품질과 개선사항을 평가해 대중교통 개선에 참여하는 사업입니다 교육지원 직무교육
전남,46000,20260317005400212178,(광양시) 시 위원회 청년위원 의무 위촉,교육지원,각종 시 위원회 재구성 시 청년위원 참여를 제도화해 정책결정 과정의 세대대표성을 높이는 제도입니다.,-청년위원 20% 목표 설정 -청년 인력풀 관리 -위원회별 청년 비율 명시 및 위촉 추진,참여･기반,청년참여,"직무교육, 참여 프로그램",직무교육,,각종 위원회 재구성시,18세~45세 / 연령제한:N 0043001 0 0 0011009 0013010 0049010 0055003,18세~45세 / 연령제한:N,0043001 0 0,,,전라남도 광양시 미래산업국,전라남도 광양시 미래산업국,,https://gwangyang.go.kr/,https://gwangyang.go.kr/board.es?mid=a11007000000&bid=0057&act=view&list_no=196664,2026-03-17 13:58:33,2026-03-18 16:05:13,1,온통청년_OPEN_API_getPlcy,전남,광양시 시 위원회 청년위원 의무 위촉 각종 시 위원회 재구성 시 청년위원 참여를 제도화해 정책결정 과정의 세대대표성을 높이는 제도입니다 교육지원 직무교육
전남,46000,20260317005400212177,(광양시)청년 이음버디 사업,교육지원,전입청년과 로컬청년을 매칭해 지역탐방·취미·봉사활동 등을 함께하며 지역정착을 돕는 교류 사업입니다.,-전입청년-로컬청년 그룹 매칭(4명×10팀) -버디 활동의 날 운영 -지역탐방·취미·봉사활동 지원,참여･기반,청년참여,"직무교육, 참여 프로그램",직무교육,,연중,18세~45세 / 연령제한:N 0043001 0 0 0011009 0013010 0049010 0055003,18세~45세 / 연령제한:N,0043001 0 0,,,전라남도 광양시 미래산업국,전라남도 광양시 미래산업국,,https://gwangyang.go.kr/,,2026-03-17 13:55:02,2026-03-17 13:55:46,1,온통청년_OPEN_API_getPlcy,전남,광양시 청년 이음버디 사업 전입청년과 로컬청년을 매칭해 지역탐방 취미 봉사활동 등을 함께하며 지역정착을 돕는 교류 사업입니다 교육지원 직무교육
전남,46000,20260317005400212176,(광양시) 인구청년정책 시민참여단 역량강화 교육,교육지원,청년을 포함한 시민참여단이 인구문제를 토론하고 정책을 제안할 수 있도록 교육과 워크숍을 지원합니다.,-인구정책 교육·토론 운영 -발대식 및 워크숍 개최 -의제토론·대안기획·정책제안 지원,참여･기반,정책인프라구축,"직무교육, 참여 프로그램",직무교육,20260309 ~ 20260323,연중,0세~0세 / 연령제한:Y 0043001 0 0 0011009 0013010 0049010 0055003,0세~0세 / 연령제한:Y,0043001 0 0,,,전라남도 광양시 미래산업국,전라남도 광양시 미래산업국,,https://gwangyang.go.kr/,https://job.gwangyang.go.kr/view.do?no=91&pstSn=2428&view=view,2026-03-17 13:48:59,2026-03-23 16:53:10,1,온통청년_OPEN_API_getPlcy,전남,광양시 인구청년정책 시민참여단 역량강화 교육 청년을 포함한 시민참여단이 인구문제를 토론하고 정책을 제안할 수 있도록 교육과 워크숍을 지원합니다 교육지원 직무교육
전남,46000,20260317005400212175,(광양시)청년단체 활동 지원사업,보조금,관내 청년단체와 읍면동 청년회의 공익적 활동과 역량강화를 위해 보조금을 지원하는 사업입니다.,"-시 단위 청년단체 최대 1,000만원 지원 -읍면동 청년회 최대 600만원 지원 -보조금 사업 추진 및 정산 지원",참여･기반,청년참여,"직무교육, 참여 프로그램",직무교육,20260309 ~ 20260323,연중,18세~45세 / 연령제한:N 0043001 0 0 - 회원수 30인 이상 시 단위 청년단체 - 회원수 20인 이상 읍면동 단위 청년단체 0011009 0013010 0049010 0055003,18세~45세 / 연령제한:N,0043001 0 0,,,전라남도 광양시 미래산업국,전라남도 광양시 미래산업국,,https://gwangyang.go.kr/,,2026-03-17 13:44:47,2026-03-17 13:54:23,1,온통청년_OPEN_API_getPlcy,전남,광양시 청년단체 활동 지원사업 관내 청년단체와 읍면동 청년회의 공익적 활동과 역량강화를 위해 보조금을 지원하는 사업입니다 보조금 직무교육
전남,46000,20260317005400212174,(광양시)청년정책협의체 운영,교육지원,청년이 직접 정책을 연구·토론·제안하는 5개 분과 협의체를 운영해 청년정책 참여를 확대합니다.,-정기회의·분과회의 운영 -청년예산학교 개최 -워크숍 및 활동성과 공유,참여･기반,청년참여,"직무교육, 참여 프로그램",직무교육,20260610 ~ 20260630,위원 위촉시,18세~45세 / 연령제한:N 0043001 0 0 0011009 0013010 0049010 0055003,18세~45세 / 연령제한:N,0043001 0 0,,,전라남도 광양시 미래산업국,전라남도 광양시 미래산업국,,https://gwangyang.go.kr/,https://gwangyang.go.kr/youth/kr/board/list.do?bbsId=BBS_000000000000043&menuNo=104004000000,2026-03-17 13:40:06,2026-03-18 15:55:36,1,온통청년_OPEN_API_getPlcy,전남,광양시 청년정책협의체 운영 청년이 직접 정책을 연구 토론 제안하는 5개 분과 협의체를 운영해 청년정책 참여를 확대합니다 교육지원 직무교육
전남,46000,20260317005400212173,(광양시)시민 영상 창작 활성화,교육지원,시민이 직접 광양시 홍보 영상을 제작하거나 공모전에 참여해 활동보상과 인센티브를 받을 수 있는 사업입니다.,-영상크리에이터단 운영(롱폼 3팀) -숏폼 크리에이터단 운영(3팀) -영상 콘텐츠 공모전 2회 개최 및 활동보상,참여･기반,청년참여,"직무교육, 참여 프로그램",직무교육,,20260201 ~ 20261231,0세~0세 / 연령제한:Y 0043001 0 0 0011009 0013010 0049010 0055003,0세~0세 / 연령제한:Y,0043001 0 0,,,전라남도 광양시 홍보소통실,전라남도 광양시 미래산업국,,https://gwangyang.go.kr/,https://gwangyang.go.kr/board.es?mid=a11001000000&bid=0001&act=view&list_no=195507,2026-03-17 13:27:23,2026-03-18 16:01:59,1,온통청년_OPEN_API_getPlcy,전남,광양시 시민 영상 창작 활성화 시민이 직접 광양시 홍보 영상을 제작하거나 공모전에 참여해 활동보상과 인센티브를 받을 수 있는 사업입니다 교육지원 직무교육
전남,46000,20260317005400212172,(광양시)주민참여예산제 청년참여 확대 운영,교육지원,관내 청년이 예산 편성과정에 참여해 청년 체감형 사업을 직접 제안할 수 있도록 지원하는 사업입니다.,-찾아가는 청년예산학교 운영 -청년 제안사업 발굴·모니터링 -제안사업 검토·컨설팅 지원,참여･기반,청년참여,"직무교육, 참여 프로그램",직무교육,,예산편성 마감시까지,18세~45세 / 연령제한:N 0043001 0 0 0011009 0013010 0049010 0055003,18세~45세 / 연령제한:N,0043001 0 0,,,전라남도 광양시 기획예산실,전라남도 광양시 미래산업국,,https://gwangyang.go.kr/,https://gwangyang.go.kr/saeol/gosi.es?mid=a11005020000&act=view&seq=60364,2026-03-17 13:16:34,2026-03-18 16:03:05,1,온통청년_OPEN_API_getPlcy,전남,광양시 주민참여예산제 청년참여 확대 운영 관내 청년이 예산 편성과정에 참여해 청년 체감형 사업을 직접 제안할 수 있도록 지원하는 사업입니다 교육지원 직무교육
전남,46000,20260317005400212170,2026년 경상북도 반학반어 청년지원사업,교육지원,"경상북도 어촌마을의 고령화 및 인구감소에 따른 어촌마을 고유의 문화의 소멸위기를 극복하기 위해 청년이 어촌마을에 3박4일간 머물며 어촌주민과 소통하여 마을의 이야기 발굴, 마을의 미래 발전모델을 탐구하여 이를 영상 컨텐츠화 등 진행","- 청년 1인당 활동비 30만원 지급 - 청년 어촌살이 3박 4일간 숙박비 및 일부 식사 지원 - 프로그램 진행 중 제작물에 관한 전문가 컨설팅 지원 - 콘테스트 우수자 경상북도 도지사 표창(대상, 우수상) 지급",참여･기반,청년참여,"직무교육, 복지, 참여 프로그램",직무교육,20260406 ~ 20260504,20260101 ~ 20261231,"19세~39세 / 연령제한:N 0043001 0 0 관련 전공자 우대 (미디어, 커뮤니케이션, 지역개발, 해양, 관광, 물류 등) 동일 사업 기존 참여자 선정불가 0011009 0013010 0049004,0049005,0049006,0049007,0049008 0055003",19세~39세 / 연령제한:N,0043001 0 0,"모집공모에 의한 사업신청서(인적사항, 자기소개서 기재) 접수 후 선정평가위원회를 통한 최종선정","사업신청서, 자기소개서, 재학증명서 및 졸업증명서 (최종선정시)",경상북도 환동해지역본부 어업기술원,(재)환동해산업연구원,www.gbfv.or.kr,www.gbfv.or.kr,,2026-03-17 10:55:55,2026-03-17 13:41:48,1,온통청년_OPEN_API_getPlcy,전남,2026년 경상북도 반학반어 청년지원사업 경상북도 어촌마을의 고령화 및 인구감소에 따른 어촌마을 고유의 문화의 소멸위기를 극복하기 위해 청년이 어촌마을에 3박4일간 머물며 어촌주민과 소통하여 마을의 이야기 발굴 마을의 미래 발전모델을 탐구하여 이를 영상 컨텐츠화 등 진행 교육지원 직무교육
전남,46000,20260317005400112169,2026년 매장유산 미정리유물 보존 및 활용사업,"장기미취업청년,인턴,교육지원",대학박물관 내 미정리 유물 일제 등록 지원 및 활용을 통한 유물의 안전한 보관 관리 및 청년일자리 제공,"ㅇ 지원내용 - 대학박물관(20개관) 내 미정리 유물 일제 등록 및 활용인원 채용(78명) ㅇ 주요내용 - 미정리 유물에 대한 세척, 넘버링, 사진촬영 등 유물분류 작업 - 미귀속 미발간 보고세 대한 정리 후 보고서 발간 - 국가귀속 대상 유물 등록 및 자료 현행화 등 국가귀속 사전작업 ㅇ 진행경과 - '25년 추진 실적: 22개 대학박물관 약 114명 채용",일자리,취업,"일자리, 직무교육",일자리,20260101 ~ 20261130,20260101 ~ 20261231,0세~0세 / 연령제한:Y 0043001 0 0 전문인력 자격은 석사 이상 혹은 준조사원 0011001 0013010 0049010 0055003,0세~0세 / 연령제한:Y,0043001 0 0,"ㅇ신청 방법 -사업지침 마련 및 확정➡일모아 시스템 가입➡사업정보 등록 및 승인➡모집공고 등록을 순차적으로 진행하여 공개채용 - 워크넷(www.work.go.kr) 및 일모아 시스템과 연동하여 채용 공고 (사)한국대학박물관 협회(채용 공고), 사업기관별 홈페이지(채용 공고)를 통해 충분히 채용정보(모집공고명, 모집직종, 직무내용, 모집기간 및 인원, 사업참여기간, 임금 및 근로시간) 고지한 뒤, 각 참여관 에 채용 신청(협회 모니터링: 관련 서류 일체 구비하여 참여관➡협회로 보고)","ㅇ 제출서류: 지원서 1부, 자기소개서 1부, 성범죄 경력조회 동의서, 개인정보 수집 및 이용 동의서, 최종학력 또는 재학(휴학)증명서, 우대사항 입증서류",국가유산청 문화유산국,국가유산청 유산정책국 정책총괄과,www.work.go.kr,http://www.kaum.or.kr/bbs/board.php?bo_table=recruitment,,2026-03-17 10:36:47,2026-03-17 17:39:29,1,온통청년_OPEN_API_getPlcy,전남,2026년 매장유산 미정리유물 보존 및 활용사업 대학박물관 내 미정리 유물 일제 등록 지원 및 활용을 통한 유물의 안전한 보관 관리 및 청년일자리 제공 장기미취업청년 인턴 교육지원 일자리
전남,46000,20260316005400112168,2026년 국가유산 산업 인턴십 지원 사업,인턴,국가유산 보존관리 활용 기획 관련 공공 및 민간 산업체에 국가유산 산업 취업 준비 청년인턴(100명) 매칭 지원,"ㅇ 지원대상: 국가유산 산업 분야 취업을 준비 중인 청년 ※ 대한민국 국적 소지자에 한함 ㅇ 지원연령: 만 19세 이상 ~ 만 39세 이하 * 인턴 근무시작일(2026. 3. 1.(일)) 기준 ※ 1986. 3. 2. ~ 2007. 3. 1. 출생자에 한함 ㅇ 지원요건: 학력 및 전공 제한 없음(국가유산 보수, 발굴조사 분야 외) - 국가유산 보수, 발굴조사: 관계 법령 및 전문 분야 특성상 해당 분야 운영기관 지원 시, 학력 및 전공 구분 제한경쟁 실시 ㅇ 근로조건 - 근무장소: 매칭이 완료된 인턴 운영기관 - 근무기간: 2026. 3. 1. ~ 8. 31.(총 6개월 / ※ 근무기간은 상황에 따라 조정될 수 있음) - 근로계약: 인턴과 인턴 운영기관 간 근로계약 체결 * 근무조건: 주40시간(일 8시간*5일) * 급여조건: 월 2,157,000원 이상 (※ 세전 기준 / 4대보험 및 주휴수당 포함) ※ 세부 근로사항은 인턴 운영기관별 상황에 맞춰 인턴과 협의 후 결정 - 인턴활동 * 직무교육 수료 국가유산진흥원에서 제공하는 교육 수강 * 인턴 운영기관 제시 인턴 담당업무 수행 및 운영 실적 보고서 작성 등",일자리,취업,"일자리, 직무교육, 복지",일자리,20260116 ~ 20260201,20260101 ~ 20261231,"19세~39세 / 연령제한:N 0043001 0 0 * 우대사항: 취업취약계층에 해당하며 관련 증명서를 제출하는 자에 한하여 가산점 부여 ① `24~`25년 본 사업에 1일 이상 참여한 이력이 있는 자 ② `24~`25년 청년·경력단절여성 중심 사업[별표 1]의 참여자 ※ 단, 해당 연도 [국민취업지원제도 성실참여 확인서]를 증빙하는 경우 참여 가능 ③ `24~`25년 노동시장이행형 직접일자리사업[별표 2]에 참여한 뒤 ‘실업급여’를 수급한 자 ④ `26년 인턴십 운영기관의 4대 사회보험 직장가입자로 가입되어 자격이 유효한 자 ⑤ `26년 인턴십 운영기관의 대표자(사업주)와 친인척 관계인 자 ⑥ 인턴 근무시작일(2026.3.1.(일)) 기준 `26년 인턴십 운영기관에 4대 보험 직장가입자로 가입이 불가한 자 ⑦ 타 정부 부처 또는 공공기관의 인턴 사업에 참여 중인 자 ※ 모집제한에 해당할 경우 참여가 불가하며, 기타 허위 또는 부정한 방법으로 선정된 자는 해당 사실이 발견되는 경우 선정이 취소될 수 있음 0011008 0013003 0049009 0055003",19세~39세 / 연령제한:N,0043001 0 0,"신청방법: 국가유산진흥원 온라인채용시스템을 통한 온라인 지원(https://heritage-intern.recruiter.co.kr/) ※ 이메일, 우편, 방문접수 및 기타 방법을 통한 지원 불인정","ㅇ 인턴 참여 신청서(※ 온라인 작성 / 한글파일 작성 및 제출 불필요) ㅇ 인턴증 제작용 증명사진 1부(※ 필수 / JPG파일 한정) ㅇ 개인정보 수집 이용 제공 동의서(※ 필수) ㅇ 본인 행정정보 제공 요구서(※ 필수) ㅇ 학력 전공을 증명할 수 있는 재학 또는 졸업 증명서 (※ 국가유산 보수, 발굴조사 분야 인턴십 운영기관 지원자에 한함) ㅇ 국가유산수리기능자 이상 자격증 사본(※ 국가유산 보수 분야 인턴십 운영기관 지원자에 한함) ㅇ 취업취약계층 증명서류(※ 대상자에 한함) ㅇ 국민취업지원제도 성실참여 확인서(※ 대상자에 한함)",국가유산청,국가유산진흥원,https://heritage-intern.recruiter.co.kr/,https://heritage-intern.recruiter.co.kr/,,2026-03-16 17:47:47,2026-03-17 17:40:07,1,온통청년_OPEN_API_getPlcy,전남,2026년 국가유산 산업 인턴십 지원 사업 국가유산 보존관리 활용 기획 관련 공공 및 민간 산업체에 국가유산 산업 취업 준비 청년인턴 100명 매칭 지원 인턴 일자리
전남,46000,20260316005400112167,2026년 청년 유네스코 세계유산 지킴이,"교육지원,맞춤형상담서비스",청년의 창의적인 유네스코 세계유산 보호활동 지원으로 글로벌 미래문화인재 육성,"ㅇ 청년 유네스코 세계유산지킴이 위촉장 발급 ㅇ 청년 유네스코 대학생 캠프 참여 ㅇ 활동비 지원(1인 50만원, 1팀당 200만원) ㅇ 활동 인증서 발급 등",교육･직업훈련,미래역량강화,"직무교육, 복지, 참여 프로그램",직무교육,20260303 ~ 20260322,20260401 ~ 20261231,"0세~0세 / 연령제한:Y 0043001 0 0 0011009 0013010 0049005,0049006 0055003",0세~0세 / 연령제한:Y,0043001 0 0,,,국가유산청,국가유산청 유산정책국 정책총괄과,,https://www.cha.go.kr/,https://kohga.or.kr/,2026-03-16 16:00:21,2026-03-17 17:41:55,1,온통청년_OPEN_API_getPlcy,전남,2026년 청년 유네스코 세계유산 지킴이 청년의 창의적인 유네스코 세계유산 보호활동 지원으로 글로벌 미래문화인재 육성 교육지원 맞춤형상담서비스 직무교육
전남,46000,20260316005400112166,기상기후데이터 청년 전문가 양성,교육지원,"기후와 밀접한 산업, 경제 분야에서의 과학적 기후위기 대응을 위한 기상기후데이터 융합 및 분석 청년 기술인력 양성","국내외 산업, 기업의 수요를 반영한 현장 맞춤형 교육과 전문인력양성에 특화된 대학원을 선정 및 지원하여 기상기후데이터 융합분석 전문가 양성",교육･직업훈련,미래역량강화,직무교육,직무교육,,20260101 ~ 20261231,0세~0세 / 연령제한:Y 0043001 0 0 지원 대학원 소속 재학생 0011009 0013010 0049008 0055003,0세~0세 / 연령제한:Y,0043001 0 0,기상기후데이터 융합 및 분석 자체 대학원별 자체 선발,,기상청,한국기상산업기술원,,https://www.kmiti.or.kr/,,2026-03-16 14:51:05,2026-03-17 13:52:53,1,온통청년_OPEN_API_getPlcy,전남,기상기후데이터 청년 전문가 양성 기후와 밀접한 산업 경제 분야에서의 과학적 기후위기 대응을 위한 기상기후데이터 융합 및 분석 청년 기술인력 양성 교육지원 직무교육
전남,46000,20260313005400212155,가정양육수당 지원,"육아,출산",어린이집·유치원·종일제 아이돌봄서비스를 이용하지 않는 가정의 청년 부모에게 양육수당을 지원하여 양육비 부담 완화 및 보육서비스 간 형평성 제고,"ㅇ (목적) 어린이집·유치원·종일제 아이돌봄서비스를 이용하지 않는 가정의 청년 부모에게 양육수당을 지원하여 양육비 부담 완화 및 보육서비스 간 형평성 제고 ㅇ (대상) 가정양육중인 24개월이상~86개월미만 미취학아동보호자 ㅇ (주요내용) 월령별, 대상별(가정ㆍ장애ㆍ농어촌) 10~20만원/월지원 ㅇ (전달체계) 신청(읍·면·동) → 자격확인 → 급여생성 → 지급",금융･복지･문화,취약계층 및 금융지원,복지,복지,,상시,"2세~6세 / 연령제한:N 0043001 0 0 어린이집, 특수학교(장애포함), 유치원, 초등학교 등 취학시 제한 어린이집, 특수학교(장애포함), 유치원, 초등학교 등 취학시 제한 0011009 0013010 0049010 0055003",2세~6세 / 연령제한:N,0043001 0 0,,,교육부,경상북도 저출생극복본부 아이돌봄과,,https://plus.gov.kr/,,2026-03-13 16:56:42,2026-03-16 09:38:08,1,온통청년_OPEN_API_getPlcy,전남,가정양육수당 지원 어린이집 유치원 종일제 아이돌봄서비스를 이용하지 않는 가정의 청년 부모에게 양육수당을 지원하여 양육비 부담 완화 및 보육서비스 간 형평성 제고 육아 출산 복지
전남,46000,20260313005400212154,부모급여(영아수당) 지원,"육아,출산","영아기 자녀(0~23개월 아동)를 둔 청년 부모에게 월50~100만원 지원함으로써 양육 부담을 경감하고, 안정적인 양육 환경을 조성","ㅇ (목적) 영아기 자녀를 둔 청년 부모의 양육 부담을 경감하고, 안정적인 양육 환경을 조성 ㅇ (대상) 0~23개월 아동의 보호자 ㅇ (주요내용) (0세)100만원/월, (1세)50만원/월, 매월 25일 계좌 입금 ㅇ (전달체계) 신청(읍·면·동) → 자격결정 → 급여생성 → 지급",금융･복지･문화,취약계층 및 금융지원,복지,복지,,상시,0세~1세 / 연령제한:N 0043001 0 0 어린이집 등 취학시 보육료 차액분을 감하고 지급될 수 있음 아이돌봄서비스(영아종일제) 이용시 등 제한될 수 있음 0011009 0013010 0049010 0055003,0세~1세 / 연령제한:N,0043001 0 0,신청(읍·면·동) → 자격결정 → 급여생성 → 지급(시군→청년부모),,보건복지부,경상북도 저출생극복본부 아이돌봄과,,https://plus.gov.kr/,,2026-03-13 16:49:44,2026-03-16 09:39:57,1,온통청년_OPEN_API_getPlcy,전남,부모급여 영아수당 지원 영아기 자녀 0 23개월 아동 를 둔 청년 부모에게 월50 100만원 지원함으로써 양육 부담을 경감하고 안정적인 양육 환경을 조성 육아 출산 복지
전남,46000,20260313005400212139,강진품애(愛) 청년 주거비 지원사업,"대출,주거지원,보조금","강진에 전입한 지 3개월 이상이며 전, 월세 형태로 거주하는 19~45세 무주택 청년(중위소득 60~160%이하)의 주거지원금 지급(최대 월 25만원)","1인 가구 월 20만원, 2인 이상 가구 월 25만원 지급 대출금 1억원 이하, 대출이자 지원 ※ 전월세 매월 납부 금액이 20만 원이 안될 시 실제 납부 금액만 지원",주거,전월세 및 주거급여 지원,"주거지원, 복지",주거지원,,20260101 ~ 20261231,"19세~45세 / 연령제한:N 0043003 0 0 2026년 기준중위소득 60%~160% 이하인 자 19~45세 무주택 청년(공공기관 근로자도 신청 가능) - 사치, 향락 등 업종 종사자 - 타 주거지원 사업 및 유사사업을 수혜중인 자 - 주택 소유자 - 저소득층 주거급여 대상자 - 임대인이 가족인 경우 등 0011009 0013001,0013002,0013003,0013004,0013005,0013006,0013007,0013008,0013009 0049010 0055003",19세~45세 / 연령제한:N,0043003 0 0 2026년 기준중위소득 60%~160% 이하인 자,"- 신청서류 : 홈페이지 공고문 참고(신청서, 구비서류 안내) - 제출처 : 강진군청 인구정책과 또는 해당 소재지 읍면사무소","신청서, 개인정보동의서, 등본, 초본, 가족관계증명서, 신용정보확인서, 지방세세목별과세증명서, 이체확인증, 부동산임대차계약서, 통장사본 등 ※ 자세한 사항은 홈페이지 공고문 참고",전라남도 강진군 인구정책과,전라남도 강진군 인구정책과,,https://www.gangjin.go.kr/www/government/notice/gosi,,2026-03-13 14:07:26,2026-03-16 09:20:55,1,온통청년_OPEN_API_getPlcy,전남,강진품애 청년 주거비 지원사업 강진에 전입한 지 3개월 이상이며 전 월세 형태로 거주하는 19 45세 무주택 청년 중위소득 60 160 이하 의 주거지원금 지급 최대 월 25만원 대출 주거지원 보조금 주거지원
전남,46000,20260312005400112116,에너지차세대리더육성,교육지원,에너지산업 경쟁력 제고 및 미래 에너지시스템 혁신을 위한 박사후연구원 인재 양성,에너지분야 핵심기술 확보 및 AI 등 기술 융합을 위하여 신진 박사학위 취득자의 후속연구 지원,교육･직업훈련,미래역량강화,직무교육,직무교육,20260201 ~ 20260228,20260201 ~ 20261231,"19세~39세 / 연령제한:N 0043001 0 0 0011004,0011005 0013010 0049008 0055003",19세~39세 / 연령제한:N,0043001 0 0,신규과제 공고(2월) -> 신규과제 선정평가(3월) -> 신규과제 협약 및 연구개발비 지급(4월) -> 성과점검(9~12월),,기후에너지환경부,한국에너지기술평가원,,https://www.ketep.re.kr/,,2026-03-12 11:14:19,2026-03-13 13:16:54,1,온통청년_OPEN_API_getPlcy,전남,에너지차세대리더육성 에너지산업 경쟁력 제고 및 미래 에너지시스템 혁신을 위한 박사후연구원 인재 양성 교육지원 직무교육
전남,46000,20260312005400112115,에너지인력양성(R&D),교육지원,에너지 산업의 인력수급 불균형 해소와 국가 에너지정책 변화에 대응하기 위한 미래 에너지산업의 석·박사급 혁신인재 양성,(교육훈련) 에너지환경 변화에 대응한 분야별·지역별 기술인력 불균형 해소와 미래 에너지신산업 분야 융합인재 확보를 위해 국내 대학(원) 교육과정 강화 및 기업연계 R&D 훈련 지원 (해외연계) 해외선진기술 습득 및 국내기업 해외진출을 위한 국제 인력 교류 활성화를 목표로 국내 고급인력의 해외 연구기관 파견과 수출국 공무원 대상 국내 학위과정 연계 지원 (정책기반) 인력수급전망 및 실태조사 등 통계자료에 기반한 인력 공백 분야 파악 및 인력양성 전략 수립을 통해 인력양성 정책기반 강화 지원,교육･직업훈련,미래역량강화,"직무교육, 참여 프로그램",직무교육,20260201 ~ 20260331,20260101 ~ 20261231,"0세~0세 / 연령제한:Y 0043001 0 0 0011005 0013001,0013003 0049001,0049002,0049003,0049004,0049005,0049006,0049007,0049008,0049009 0055003",0세~0세 / 연령제한:Y,0043001 0 0,계속과제 실적점검 및 평가(1~2월) -> 신규과제 공고(2~3월) -> 신규과제 선정평가(3월) -> 신규과제 협약 및 연구개발비 지급(4~6월) -> 기후에너지일자리박람회 개최(8~9월) -> 신규과제 발굴을 위한 수요조사 및 기획(10~12월),,기후에너지환경부,한국에너지기술평가원,,https://www.ketep.re.kr/,,2026-03-12 11:01:40,2026-03-13 13:14:41,1,온통청년_OPEN_API_getPlcy,전남,에너지인력양성 R D 에너지 산업의 인력수급 불균형 해소와 국가 에너지정책 변화에 대응하기 위한 미래 에너지산업의 석 박사급 혁신인재 양성 교육지원 직무교육
전남,46000,20260311005400112111,고교 취업연계 장려금 지원,"중소기업,보조금",고졸 기술·기능인재가 사회초기 안정적으로 정착할 수 있도록 취업연계 장려금 지원,"2026학년도 직업계고, 일반고 직업교육 위탁과정 참여 고등학교 3학년 학생이 졸업후 중소·중견 기업에 취업한 경우, 재직기간에 따라 1인 500만원 분할 지급 - (1차) 사업기준일(2026.10.1.)로 부터 1년 이내 3개월 재직 시 200만원 지급 - (2차) 사업기준일(2026.10.1.)로 부터 30개월 이내 추가 9개월(총 1년) 재직 시 300만원 추가 지급",일자리,취업,"일자리, 직무교육, 참여 프로그램",일자리,20260901 ~ 20261231,20260301 ~ 20270531,"17세~21세 / 연령제한:N 0043001 0 0 아래 3가지 요건을 모두 충족한 자 (1) 기본요건 : 대한민국 국적자로 고교 취업연계 장려금을 신청한 자 (2) 학력요건 : 직업계고 3학년 및 일반고 3학년 中 직업교육 위탁과정 6개월(180일) 이상 참여 학생 (미졸업시 전액 반환) (3) 재직요건 : 중소·중견 기업에 취업(재직)이 확인된 자로 근무시간이 주 15시간 이상인 자(고용보험 가입이력 정보로만 심사) ※ 1차 지급 시 3개월 재직 이력, 2차 지급 시 추가 9개월 간 재직이력 확인 학생이 취업한 기업이 아래에 해당할 경우 장려금을 지급할 수 없습니다. 기업 규모: 중소기업 및 중견기업이 아닌 대기업, 공공기관, 국가 및 지방자치단체, 공기업 제외 업종: 부적격 업종(유흥, 사행성 업종, 무점포 소매업, 다단계 판매 등) 특수 관계: 기업의 대표자가 학생의 부모인 경우 0011009 0013001,0013003 0049003,0049004 0055003",17세~21세 / 연령제한:N,0043001 0 0,한국장학재단 홈페이지 또는 모바일 앱을 통해 회원가입 및 신청완료 - (신청경로) 한국장학재단 홈페이지(www.kosaf.go.kr) 또는 모바일앱 → 서비스 이용자 등록(회원가입) 및 로그인 → '장학금 - 국가근로 및 취업연계 장학금 - 고교 취업연계 장학금 - 고교 취업연계 장려금' 메뉴 접속 → '신청하기' 버튼 클릭 - (신청절차) 취업연계 장려금 수혜 주요 의무사항 확인 → 신청약관 동의·신청 정보 작성 → 사전교육 이수 → 신청 완료,한국장학재단 홈페이지 참고,교육부,한국장학재단,https://www.kosaf.go.kr/ko/main.do?currentMain=1,https://www.kosaf.go.kr/ko/main.do?currentMain=1,https://www.hifive.go.kr/,2026-03-11 14:02:09,2026-03-11 20:38:22,1,온통청년_OPEN_API_getPlcy,전남,고교 취업연계 장려금 지원 고졸 기술 기능인재가 사회초기 안정적으로 정착할 수 있도록 취업연계 장려금 지원 중소기업 보조금 일자리
전남,46000,20260311005400112108,의약품 규제업무 전문가 양성 교육,교육지원,의약품 안전관리 전주기의 법적·과학적 규제기준에 대한 종합적 지식을 갖춘 '의약품 규제업무 전문가' 양성·배출,"제약업계 취업희망자 및 재직자 대상 의약품 규제업무 전문가 양성교육, 현장실무실습 운영, 인증시험 실시",교육･직업훈련,미래역량강화,"일자리, 직무교육",일자리,20260401 ~ 20260430,사업공고 진행중으로 4월중 개시 예정,"0세~0세 / 연령제한:Y 0043001 0 0 제약업계 진출 희망자 및 제약업계 재직자 졸업예정자 4학년 이상 가능 0011009 0013001,0013003 0049004,0049006,0049007,0049008 0055003",0세~0세 / 연령제한:Y,0043001 0 0,,,식품의약품안전처,식품의약품안전처 의약품안전국,,https://www.k-rsc.or.kr/,,2026-03-11 10:36:00,2026-03-13 13:29:28,2,온통청년_OPEN_API_getPlcy,전남,의약품 규제업무 전문가 양성 교육 의약품 안전관리 전주기의 법적 과학적 규제기준에 대한 종합적 지식을 갖춘 의약품 규제업무 전문가 양성 배출 교육지원 일자리
전남,46000,20260310005400112106,온국민평생배움터 운영,교육지원,학습콘텐츠 제공-학습이력 관리-학습결과 활용을 위한 평생교육 통합 플랫폼을 구축ㆍ지원하여 4차 산업혁명시대에 대응하는 청년 미래 역량 강화,학습자가 온라인 평생교육ㆍ훈련 콘텐츠를 맞춤형으로 제공받고 학습ㆍ훈련 이력을 한번에 관리할 수 있는 '온국민평생배움터' 운영,교육･직업훈련,교육비지원,직무교육,직무교육,,계속,0세~0세 / 연령제한:Y 0043001 0 0 0011009 0013010 0049010 0055003,0세~0세 / 연령제한:Y,0043001 0 0,,,교육부,국가평생교육진흥원,,https://www.all.go.kr/,,2026-03-10 17:13:30,2026-03-11 20:37:54,2,온통청년_OPEN_API_getPlcy,전남,온국민평생배움터 운영 학습콘텐츠 제공 학습이력 관리 학습결과 활용을 위한 평생교육 통합 플랫폼을 구축 지원하여 4차 산업혁명시대에 대응하는 청년 미래 역량 강화 교육지원 직무교육
전남,46000,20260310005400112104,청년농업인 R&D 기술창업 통합관리 지원,보조금,공공연구기관의 농업R&D 기술성과를 청년농업인의 창업 자원으로 활용하여 연구성과 기반 기술창업 모델을 육성함으로써 농업농촌의 신성장동력 확보 및 청년농업인의 안정적 정착 지원,"○ 추진방향 - 공공연구기관의 농업 R&D 기술성과 중 사업화 가능성이 높은 기술을 선별하여, 기술이전·공동활용을 전제로 한 청년농업인 기술창업 지원 - 안정적인 창업 지원을 위해 농업 경영진단·분석 등 종합컨설팅 지원 ○ 사업규모 - 사 업 비 : 6,000백만원(개소당 200백만원, 국비·지방비 각 50%) - 사 업 량 : 30개소 * 지자체자본보조 ○ 사업내용 - 공공연구기관에서 개발된 농업 R&D 기술성과*를 기반으로 기술이전·공동활용을 통한 사업화를 희망하는 청년농업인 단체에 전문컨설팅과 창업 기반 조성을 종합적으로 지원",일자리,취업,"일자리, 창업지원",일자리,20260101 ~ 20260131,20260101 ~ 20261231,18세~39세 / 연령제한:N 0043001 0 0 0011009 0013010 0049010 0055003,18세~39세 / 연령제한:N,0043001 0 0,,,농촌진흥청,농촌진흥청,,https://www.rda.go.kr/board/board.do?mode=html&prgId=gud_farmguiddrvQuery,,2026-03-10 14:55:49,2026-03-11 20:38:56,2,온통청년_OPEN_API_getPlcy,전남,청년농업인 R D 기술창업 통합관리 지원 공공연구기관의 농업R D 기술성과를 청년농업인의 창업 자원으로 활용하여 연구성과 기반 기술창업 모델을 육성함으로써 농업농촌의 신성장동력 확보 및 청년농업인의 안정적 정착 지원 보조금 일자리
전남,46000,20260310005400112103,박사후연구원 연구 여건 개선,교육지원,"기업, 연구소, 대학교원 등으로 취업을 하지 않고 연구를 지속하는 청년 연구자(박사후연구원)의 안정적인 연구 환경 구축","(목적) 기업, 연구소, 대학교원 등으로 취업을 하지 않고 연구를 지속하는 청년 연구자(박사후연구원)의 안정적인 연구 환경 구축 (주요내용) 대학구성원으로 박사후연구원을 명문화해 연구원의 지위 보장(고등교육법 개정)",교육･직업훈련,미래역량강화,"일자리, 직무교육, 복지",일자리,,계속,0세~0세 / 연령제한:Y 0043001 0 0 0011009 0013010 0049008 0055003,0세~0세 / 연령제한:Y,0043001 0 0,,,교육부,교육부,,https://www.moe.go.kr/,,2026-03-10 11:16:18,2026-03-13 13:58:16,2,온통청년_OPEN_API_getPlcy,전남,박사후연구원 연구 여건 개선 기업 연구소 대학교원 등으로 취업을 하지 않고 연구를 지속하는 청년 연구자 박사후연구원 의 안정적인 연구 환경 구축 교육지원 일자리
전남,46000,20260310005400112102,중남미 지역기구 인턴 파견,"인턴,해외진출",중남미 지역 관련 국제기구에 우리 청년을 인턴으로 파견,"o (목적) 우리 청년들에게 국제무대에서 활동할 수 있는 기회와 여건을 제공하고, 차세대 중남미 전문인력으로서의 능력 개발 및 역량 강화 지원 o (주요내용) 미주기구, 유엔 중남미카리브경제위원회 등 10여개 중남미 지역기구에 매년 25명 내외, 6개월 근무할 인턴을 파견",일자리,취업,"일자리, 직무교육, 참여 프로그램",일자리,,"매년 반기별로 2회 파견 인턴 선발(4-5월경, 10-11월경)","18세~100세 / 연령제한:N 0043001 0 0 o 대한민국 국적자 o 영어 또는 스페인어로 업무처리가 가능한 자 (단, 각 지역기구가 요구하는 어학 조건은 달라질 수 있음) 0011001,0011002,0011003,0011004,0011005,0011006,0011007,0011008 0013010 0049005,0049006,0049007,0049008 0055003",18세~100세 / 연령제한:N,0043001 0 0,,,외교부 중남미국,외교부 중남미국,,https://www.mofa.go.kr/www/brd/m_4075/view.do?seq=369385&page=1&pitem=10,,2026-03-10 10:11:03,2026-04-16 19:06:56,2,온통청년_OPEN_API_getPlcy,전남,중남미 지역기구 인턴 파견 중남미 지역 관련 국제기구에 우리 청년을 인턴으로 파견 인턴 해외진출 일자리
전남,46000,20260310005400112101,지방청년인재 재외공관 파견,인턴,청년들에게 지방정부 외교활동 분야 일경험을 제공하여 지방정부 국제교류를 활성화하고 지역인재로의 성장 도모,17개 지자체에서 지역인재를 추천받아 6개월간 재외공관에 파견하여 지자체 국제교류 활동을 지원하고 지방경제활성화 방안 연구,일자리,취업,"일자리, 참여 프로그램",일자리,20260316 ~ 20260430,20260201 ~ 20261231,"19세~34세 / 연령제한:N 0043001 0 0 각 시•도 지자체 별도 공지 0011009 0013010 0049005,0049006,0049007 0055003",19세~34세 / 연령제한:N,0043001 0 0,ㅇ 각 시•도 지자체별 선발 및 추천 * 구체 일정은 각 지자체별 계획에 따름,각 시•도 지자체 별도 공지,외교부,외교부,https://www.mofa.go.kr,https://www.youthcenter.go.kr/youthPolicy/ythPlcyTotalSearch/ythPlcyDetail/20260310005400112101?isNew=N,,2026-03-10 09:13:27,2026-03-10 10:29:57,2,온통청년_OPEN_API_getPlcy,전남,지방청년인재 재외공관 파견 청년들에게 지방정부 외교활동 분야 일경험을 제공하여 지방정부 국제교류를 활성화하고 지역인재로의 성장 도모 인턴 일자리
전남,46000,20260305005400112100,청년문화예술패스,바우처,청년의 문화향유 기회를 제공하고 품격있는 문화시민이자 적극적 문화소비 주체로 성장할 수 있도록 지원하는 사업,"국내 공연·전시 ·영화에 사용 가능한 ‘청년문화예술패스 지원금’ 발급 ※생애 최초 1회 지원(2025년 포인트 사용자 신청 불가) ※수도권(서울, 경기, 인천) 15만원, 비수도권 20만원 지원 ※지자체 예산이 확보된 지역만 발급 가능 ※2026년 8월 이후부터 도서분야 추가 예정",금융･복지･문화,문화활동 및 생활지원,복지,복지,20260225 ~ 20260630,20260225 ~ 20261231,19세~20세 / 연령제한:N 0043001 0 0 2006~2007년 (2006.01.01.~2007.12.31.) 출생자 ※ 생애 최초 1회 지원 (2025년 포인트 사용자 신청 불가) 0011009 0013010 0049010 0055003,19세~20세 / 연령제한:N,0043001 0 0,1. 청년문화예술패스 누리집 회원가입 및 로그인 2. 본인인증 및 신청 3. 신청자격 검증 4. 청년문화예술패스 발급 5. 협력예매처에서 온라인 예매 시 지원금 사용,,문화체육관광부,한국고용정보원,https://youthculturepass.or.kr/,https://youthculturepass.or.kr/,,2026-03-05 09:24:41,2026-03-05 09:47:55,2,온통청년_OPEN_API_getPlcy,전남,청년문화예술패스 청년의 문화향유 기회를 제공하고 품격있는 문화시민이자 적극적 문화소비 주체로 성장할 수 있도록 지원하는 사업 바우처 복지
전남,46000,20260304005400112099,케이-아트(K-Art) 청년 창작자 지원,"보조금,벤처",청년 예술창작자(39세 이하)들에게 안정적인 창작 여건을 제공하여 기초예술의 창작 활성화를 목적으로함.,"기초예술 분야 청년 창작자(만 39세 이하, 1986. 1. 1. 이후 출생) 3천 명(수도권 1,500명, 비수도권 1,500명)에게 연 9백만 원의 창작지원금을 지원",금융･복지･문화,예술인지원,"창업지원, 복지",창업지원,20260303 ~ 20260330,연중,"0세~39세 / 연령제한:N 0043001 0 0 문학, 시각예술, 공연예술(연극, 뮤지컬, 무용, 클래식, 전통예술), 다원예술, 융·복합예술 등 대중음악이나 영화 등 대중예술 0011009 0013002,0013004,0013006,0013009 0049010 0055003",0세~39세 / 연령제한:N,0043001 0 0,"국가문화예술지원시스템 누리집 온라인 신청 접수 기간 : (수도권) 3. 3.(화)~3. 30.(월), (비수도권) 3. 4(수)~3. 31.(화) 기존에 실연자로 활동했더라도 창작 실적이 있고 창작 계획을 제출하면 신청 가능",,문화체육관광부,한국고용정보원,https://www.ncas.or.kr/,https://www.ncas.or.kr/,,2026-03-04 16:48:51,2026-03-05 09:01:50,2,온통청년_OPEN_API_getPlcy,전남,케이 아트 K Art 청년 창작자 지원 청년 예술창작자 39세 이하 들에게 안정적인 창작 여건을 제공하여 기초예술의 창작 활성화를 목적으로함 보조금 벤처 창업지원
전남,46000,20260211005400112094,산림산업 창업지원_청년 산림창업 마중물 지원,"보조금,벤처,중소기업",산림분야 청년,"ㅇ 지원대상: 산림분야 창업 업력 7년 이내 19세 이상 39세 이하 청년 ㅇ 주요내용: 산림분야 청년 창업기업 육성을 위한 사업화 자금 지원 및 전문컨설팅, 네트워킹을 통한 도약 성장 도모 ㅇ 운영기간: 5월 ~ 10월 ㅇ 지원분야: 산림자원을 활용한 재화 생산, 서비스 공급 등 전 분야 ㅇ 선정규모: 16개사 내외 ㅇ 지원내용: 사업화 자금, 전문 컨설팅 등 창업 보육 - (기본지원) 선정기업 대상 사업화 자금 15백만원 동일 지급 - (추가지원) 중간평가 결과에 따라 최대 15백만원 차등 지급",일자리,창업,"일자리, 창업지원",일자리,20260302 ~ 20260330,20260427 ~ 20261031,19세~39세 / 연령제한:N 0043001 0 0 신청자격 및 지원 제외 대상은 해당 공고문 참고할 것 신청자격 및 지원 제외 대상은 해당 공고문 참고할 것 0011009 0013010 0049010 0055003,19세~39세 / 연령제한:N,0043001 0 0,"□ 접수안내 ◦접수기간 : 2026년 3월 2일(월) ~ 2026년 3월 30일(월) ◦접수마감 : 2026년 3월 30일(월) 16시 □ 접수방법 : e나라도움 온라인 신청·접수(www.gosims.go.kr) ① 회원가입 : 약관 동의, 본인인증 실시 및 사용자 정보 등록 ② 공모확인 : [공모신청]에서 해당 공고를 선택 후 작성(단계별 저장 필수) * e나라도움 사용자등록 방법, 사업신청 방법(예치형) 참고",,산림청,한국임업진흥원,https://www.kofpi.or.kr/notice/notice_01view.do?cPage=1&bb_seq=12319,https://www.kofpi.or.kr/notice/notice_01view.do?cPage=1&bb_seq=12319,,2026-02-11 13:43:16,2026-03-05 09:56:46,2,온통청년_OPEN_API_getPlcy,전남,산림산업 창업지원 청년 산림창업 마중물 지원 산림분야 청년 보조금 벤처 중소기업 일자리
전남,46000,20260204005400212093,(광양시) 청년 창업 희망스타트,보조금,"광양시에서 창업을 희망하는 청년들에게 창업 교육 및 창업 비용 지원, 사후 컨설팅 기회 제공","1단계) 청년창업자 발굴, 창업 컨설팅 교육 2단계) 지원대상자 선정 및 창업지원금 지원(1인 최대 2천만 원) 3단계) 창업자 사후관리 컨설팅 지원",일자리,창업,"일자리, 직무교육, 창업지원, 복지",일자리,,연중,"18세~45세 / 연령제한:N 0043001 0 0 ❍ 공고일 기준 광양시 거주 또는 광양시 거주 예정인 18세 ~ 45세 이하 청년 - 거주 예정인은 창업자 선정 후 1개월 이내 전입(주민등록초본 제출) - 창업자는 3년간 거주지를 광양시에 두어야 함. ▸국세 또는 지방세 체납자 ▸정부, 지방자치단체 등 유사사업 중복참여자 ▸금융기관 등으로부터 채무불이행으로 규제 중인 자 ▸신청서, 사업계획서 등 본 사업관련 서류를 허위로 기재한 자 ▸신청일 기준 사업을 운영하고 있는 자 0011009 0013010 0049010 0055003",18세~45세 / 연령제한:N,0043001 0 0,○ 방문신청 - 광양시청 청년일자리과 본인 방문 ○ 온라인신청 - MY광양 앱 또는 정부24 서비스 검색을 통해 신청,"1. 참여신청서 1부 2. 개인(신용)정보 수집·이용·제공 동의서 1부 3. 사업계획서 1부 4. 참가서약서 1부 5. 주민등록표초본(최근 주소이력포함) 1부 6. 국세 및 지방세 완납증명서(체납확인) 각 1부 7. 사실확인증명서(사업자 미등록 여부 확인) 1부 8. 창업 업종 관련 수상실적 및 경력증명서, 자격증 사본 등(해당자 한)",전라남도 광양시 미래산업국,전라남도 광양시 미래산업국,,https://plus.gov.kr/portal/benefitV2/benefitTotalSrvcList/benefitSrvcDtl?svcSeq=2172817&bnefType=all&svcId=484000000402,,2026-02-04 14:18:38,2026-04-22 14:53:12,2,온통청년_OPEN_API_getPlcy,전남,광양시 청년 창업 희망스타트 광양시에서 창업을 희망하는 청년들에게 창업 교육 및 창업 비용 지원 사후 컨설팅 기회 제공 보조금 일자리
전남,46000,20260204005400212092,(광양시) 청년 행정인턴,인턴,시정에 대한 이해도 제고와 진로 탐색 및 행정체험 기회 제공을 위한 청년 행정인턴 프로그램 운영,"- 시청, 읍면동사무소, 도서관 등 관내 기관에서 4주간 행정인턴 근무 기회 제공 (하계, 동계 각 1회 운영)",일자리,취업,"일자리, 직무교육",일자리,,연중,"18세~45세 / 연령제한:N 0043001 0 0 ※ 자격요건 - 거주지: 신청일 기준 광양시에 주민등록이 되어 있는 자 - 연 령: 1981 ~ 2007년 출생자 - 신 분: 근로 및 사업을 하고 있지 않은 자 ※ 참여 제외 대상 - 기존 행정인턴 근무 경험이 있는자 - 광양시청 및 광양시청 예하 센터,사업소에서 기간제근로자로 근무한 이력이 있는 자 - 범죄경력이 있는 자(일부 부서 근무 예정자 한) 0011009 0013003 0049010 0055003",18세~45세 / 연령제한:N,0043001 0 0,○ 방문신청: 주소지 읍면동사무소 방문신청(위임장 및 신분증 지참 시 가족 접수 대리 가능) ○ 온라인신청: MY광양 앱 또는 정부24 서비스 검색을 통해 신청,1. 신청서 1부 2. 개인정보 수집·이용·제공 동의서 1부 3. 주민등록표등본 1부 4. 고용보험피보험자격이력내역서 1부,전라남도 광양시 미래산업국,전라남도 광양시 미래산업국,,https://plus.gov.kr/portal/benefitV2/benefitTotalSrvcList/benefitSrvcDtl?svcSeq=2172816&bnefType=all&svcId=484000000401,,2026-02-04 13:44:10,2026-02-04 17:29:39,2,온통청년_OPEN_API_getPlcy,전남,광양시 청년 행정인턴 시정에 대한 이해도 제고와 진로 탐색 및 행정체험 기회 제공을 위한 청년 행정인턴 프로그램 운영 인턴 일자리
전남,46000,20260123005400112079,"대학생 연합생활관(은행권,고양)","주거지원,교육지원",대학생 주거안정을 위해 민간기부(은행연합회)를 통해 설립된 대학생 연합생활관,대학생 주거안정을 위한 기숙사 지원 - 위치: 경기도 고양시 덕양구 원흥1로 23 - 정원: 986명(2인 1실) - 기숙사비: 월 15만원(보증금 15만원) - 입주대상: 대한민국 소재 국내 대학(원)에 입학예정 또는 재적 중인 대학생(세부내용 선발공고 참조),주거,기숙사,"직무교육, 주거지원",직무교육,,"학기별 모집(1월, 7월), 공실발생 시 월단위 수시모집(전월 말 공고 후 해당 월 첫째 주 신청)","0세~0세 / 연령제한:Y 0043001 0 0 원격대학, 기술대학에 재학중인 자(세부내용 선발공고 참조) 0011009 0013010 0049003,0049004,0049005 0055003",0세~0세 / 연령제한:Y,0043001 0 0,한국장학재단 홈페이지 또는 앱으로 신청 - 1학기 정기모집: 1월 19일~1월 30일 - 2학기 정기모집: 7월 27일~8월 10일,"1. 필요 시 제출(수급자 증명서, 차상위 증명서, 장애인 증명서 등) 2. 입주 시 제출(재적증명서, 보호자 주민등록표등본, 건강(결핵)진단서 ※ 단, 전산연계 확인 시 제출 생략",교육부,한국장학재단 청년주거지원부,https://www.kosaf.go.kr,https://www.kosaf.go.kr/ko/notice.do?mode=view&searchStr=&searchType=&page=1&ctgrId1=0000000009&ctgrId2=&seqNo=20404,,2026-01-23 13:57:48,2026-01-26 16:22:45,2,온통청년_OPEN_API_getPlcy,전남,대학생 연합생활관 은행권 고양 대학생 주거안정을 위해 민간기부 은행연합회 를 통해 설립된 대학생 연합생활관 주거지원 교육지원 직무교육
전남,46000,20260107005400212076,심리상담 바우처 사업(구 전국민 마음투자 지원사업),"맞춤형상담서비스,바우처","우울, 불안 등 정서적 어려움이 있는 국민에게 심리상담 서비스를 제공하여, 국민의 마음건강 돌봄 및 정신질환 사전 예방·조기발견","○정신건강 위험군에게 심리상담 서비스 바우처를 제공함(나이 및 소득기준 없음) - 서비스 1회당 1급 유형 8만원, 2급 유형 7만원이며 건강보험료에 따라 차등지원함 (본인 부담금 0원~24000원까지) *단, 조현병, 약물/알코올 중독, 급박한 자살위기 등은 정신과 진료 필요하므로 제외",금융･복지･문화,건강,복지,복지,,예산소진시까지,"0세~0세 / 연령제한:Y 0043001 0 0 만 19세 미만인 자는 보호자의 동의 필요함 * 약물, 알콜중독, 중증 정신질환(조현병 등), 심각한 심리적 문제(급박한 자살위기 등)로 정신건강 의학과 진료가 우선적으로 필요한 경우 * 청년 마음건강 지원사업('22~'24년), 지역사회서비스 투자사업의 아동청소년 심리지원 서비스, 아동청소년 정서발달 지원 서비스, 정신건강토탈케어 서비스, 성인 심리지원서비스를 받고 있는 경우 0011009 0013010 0049010 0055003",0세~0세 / 연령제한:Y,0043001 0 0,"1. 의뢰서 발급 : 정신건강복지센터, 정신의료기관 등에서 발급 / 자세한 내용은 제출서류에서 확인 2. 신청접수 : 주민등록상 거주지 행정복지센터 또는 온라인(복지로)에서 제출서류 지참 후 신청가능 * 온라인은 아래의 신청사이트 url참고 * 신청시 서비스 유형 선택 (1급 유형 1회당 8만원, 2급 유형 1회당 7만원 / 유형별로 서비스 제공인력의 자격 및 본인부담금 차이가 발생함) 3. 이용자 선정 및 통지 : 지원기준 해당 여부 확인 후 예산 범위 내에서 선착순으로 지원 * 본인부담금은 건강보험료에따라 상이함 4. 바우처 카드 발급 : 카드사 영업점 방문, 홈페이지 또는 콜센터를 통해 신청하거나, 행정복지센터에서 서비스 신청 시 함께 신청 5. 심리상담 실시 : 이용자가 직접 제공기관을 선택하여 서비스 제공 신청(전화, 인터넷, 방문신청) * 이용자는 본인의 주소지에 상관없이 이용이 편리한 제공기관을 선택하여 서비스를 신청할 수 있음 * 120일간 총 8회, 회당 최소 50분이상 * 바우처 및 본인부담금으로 제공기관에 결제","총 3부의 제출서류가 필요함 1. 사회보장급여(사회서비스이용권 신청(변경)서(서식 제1호) 2. 사회서비스 이용자 준수사항 안내 확인 동의서(서식 제2호) 3. 증빙서류(아래의 서류 중 한 가지 이상 제출) 1) 정신건강복지센터, 대학교상담센터, 청소년상담복지센터, Wee센터(클래스) 등에서 심리상담이 필요하다고 인정하는 자 : 기관에서 발급하는 의뢰서(신청일 기준 3개월 이내) * 사설 심리상담센터는 의뢰서 발급기관에서 제외 2) 정신의료기관 등에서 심리상담이 필요하다고 인정하는 자 : 정신과 의사, 한방신경정신과 한의사가 발급하는 진단서 또는 소견서(신청일 기준 3개월 이내) 3) 국가 건강검진 중 정신건강검사(우울증 선별검사, PHQ-9)결과에서 중간정도 이상의 우울(10점 이상)이 확인된 자 : 신청일 기준 1년 이내에 실시한 일반건강검진 결과 통보서 4) 자립준비청년 및 보호연장아동 - 보호종료된 자립준비 청년 : 보호종료확인서 - 보호연장아동 : 시설재원증명서 또는 가정위탁보호확인서 5) 동네의원 마음건강돌봄 연계 시범사업 통해 의뢰된 자 : 해당사업 지침 별지 제 4호 연계의뢰서 (신청일 기준 3개월 이내)",보건복지부,대전광역시 체육건강국 질병관리과,,https://www.socialservice.or.kr:444/,https://www.mohw.go.kr/menu.es?mid=a10706040800,2026-01-07 16:49:03,2026-01-20 10:36:22,2,온통청년_OPEN_API_getPlcy,전남,심리상담 바우처 사업 구 전국민 마음투자 지원사업 우울 불안 등 정서적 어려움이 있는 국민에게 심리상담 서비스를 제공하여 국민의 마음건강 돌봄 및 정신질환 사전 예방 조기발견 맞춤형상담서비스 바우처 복지
전남,46000,20251230005400212051,산학협력 취업패키지 과정 운영 지원,교육지원,산업 맞춤형 과정을 개설하여 대학 재학생이 기업이 원하는 직무능력 교육 후 재학 중 지역기업에 취업 연계,"산업맞춤형 직무능력 교육 및 취업 연계 지원 - (취업지원) 인성교육, 취업캠프, 캡스톤, 모의면접 실시 등 취업역량 강화 - (교육과정) 산업현장 수요조사(인력, 학과편제 등) 실시, 현장중심 및 주문식 교육과정 편성‧운영(정규학점 또는 비학점교육)",교육,미래역량강화,"일자리, 직무교육",일자리,,20250301 ~ 20260228,"0세~0세 / 연령제한:Y 0043001 0 0 자세한 사항은 각 대학 산학협력단 문의 0011009 0013010 0049005,0049006 0055003",0세~0세 / 연령제한:Y,0043001 0 0,,,전라남도,전라남도,,https://iacf.dsu.ac.kr/iacf/,https://iacf.mokpo.ac.kr/iacftmp/index.do,2025-12-30 18:13:03,2026-01-01 00:00:00,2,온통청년_OPEN_API_getPlcy,전남,산학협력 취업패키지 과정 운영 지원 산업 맞춤형 과정을 개설하여 대학 재학생이 기업이 원하는 직무능력 교육 후 재학 중 지역기업에 취업 연계 교육지원 일자리
전남,46000,20251230005400212050,선취업 후진학 과정 운영 지원,교육지원,취업 조건부로 기업 맞춤형 직무교육 실시 후 기업체 취업과 학습(계약학과 입학) 병행 지원,"특성화고 등 졸업(예정)자 중 취업 조건부로 기업 맞춤형 직무교육 실시 후 기업체 취업과 학습(계약학과 입학) 병행 지원 - 등록금* 및 과정 운영비 지원 * 도 50%, 기업 25%, 학생 25%",일자리,취업,"일자리, 직무교육",일자리,,20250301 ~ 20260228,"0세~0세 / 연령제한:Y 0043001 0 0 기타 신청자격 등 자세한 사항은 목포대, 전남대(여수) 산학협력단 문의 0011009 0013010 0049003,0049004 0055003",0세~0세 / 연령제한:Y,0043001 0 0,,,전라남도,전라남도,,https://iacf.mokpo.ac.kr/iacftmp/index.do,https://sanhak.jnu.ac.kr/sanhak/index.do,2025-12-30 18:01:22,2026-01-01 00:00:00,2,온통청년_OPEN_API_getPlcy,전남,선취업 후진학 과정 운영 지원 취업 조건부로 기업 맞춤형 직무교육 실시 후 기업체 취업과 학습 계약학과 입학 병행 지원 교육지원 일자리
전남,46000,20251230005400212049,대학생 현장실습 활성화 지원사업,중소기업,도내 중소기업 등 표준현장실습기관에 도내 대학생의 현장실습비를 지원하여 학생에 현장실습 기회 제공·실무능력 향상,"대학생 : 도내 소재 산업체 현장실습 등 실무지원 기업 : 표준현장실습기관 대학생 현장실습비(1인당 월 100만원), 학생 멘토 직원 수당(직원 1인 월 10만원) 지원 / 최대 4개월",일자리,취업,"일자리, 복지",일자리,,20250301 ~ 20260228,"0세~0세 / 연령제한:Y 0043001 0 0 기업 : 전남 9개* 시군 소재 상시근로자 수 ‘5인 이상’ 중소(중견)기업 * 9개 시·군 : 고흥, 곡성, 광양, 무안, 순천, 여수, 영암, 해남, 화순 기타 자세한 사항은 공고문을 참고하거나 대학현장실습센터, 전남테크노파크 문의 0011009 0013003 0049005 0055003",0세~0세 / 연령제한:Y,0043001 0 0,,,전라남도,(재)전남테크노파크,,https://data.jntp.or.kr/jntp/content/business/announcement/view.jsp?idx=896,,2025-12-30 17:48:40,2026-01-01 00:00:00,2,온통청년_OPEN_API_getPlcy,전남,대학생 현장실습 활성화 지원사업 도내 중소기업 등 표준현장실습기관에 도내 대학생의 현장실습비를 지원하여 학생에 현장실습 기회 제공 실무능력 향상 중소기업 일자리
전남,46000,20251230005400212048,조기취업형 계약학과 운영,교육지원,"청년의 진학 및 조기취업의 욕구를 동시에 달성하고, 중소･중견기업의 맞춤형 인재 양성 및 조기 확보","대학-기업 계약에 따라 기업 맞춤형 교육과정 운영 - 2~3학년 학생 등록금 50%* 및 학과 운영비 지원 * (2~3학년) 도비 35%, 시군 15%, 기업 25%, 학생 25%",교육,미래역량강화,"일자리, 직무교육",일자리,,20250301 ~ 20260228,"0세~0세 / 연령제한:Y 0043001 0 0 특성화고 등 고교 졸업(예정)자 0011009 0013010 0049003,0049004 0055003",0세~0세 / 연령제한:Y,0043001 0 0,"목포대학교, 전남대학교(여수) 산학협렵단 문의",,전라남도,전라남도,,https://iacf.mokpo.ac.kr/iacftmp/index.do,https://sanhak.jnu.ac.kr/sanhak/index.do,2025-12-30 17:31:21,2026-01-01 00:00:00,2,온통청년_OPEN_API_getPlcy,전남,조기취업형 계약학과 운영 청년의 진학 및 조기취업의 욕구를 동시에 달성하고 중소 중견기업의 맞춤형 인재 양성 및 조기 확보 교육지원 일자리
전남,46000,20251219005400212038,대학 사회적경제 교육강좌 운영,교육지원,사회적경제에 대한 대학생들의 관심 유도와 지역의 사회적경제 인재 양성,"사회적경제 이해 및 진로 교육, 창업 아이디어 발표 등 (목포대학교, 순천대학교 전남대학교 여수캠퍼스)",교육,미래역량강화,"직무교육, 창업지원",직무교육,,20250301 ~ 20251231,"0세~0세 / 연령제한:Y 0043001 0 0 도내 소재 3개 대학(목포대학교, 순천대학교, 전남대학교 여수캠퍼스) 및 재학생 0011009 0013010 0049005 0055003",0세~0세 / 연령제한:Y,0043001 0 0,각 대학 별 강의 개설 확인 ※ 신청기간은 대학 별 상이,,전라남도,전라남도,,https://www.jn-se.kr/,,2025-12-19 17:17:40,2026-01-01 00:00:00,2,온통청년_OPEN_API_getPlcy,전남,대학 사회적경제 교육강좌 운영 사회적경제에 대한 대학생들의 관심 유도와 지역의 사회적경제 인재 양성 교육지원 직무교육
전남,46000,20251219005400212037,사회적경제기업 창업교육 운영,교육지원,사회적경제 창업에 관심있는 도민들을 위한 전문 교육 추진,"- (아카데미)사회적경제 이해, 비즈니스 모델 수립 및 사업계획 피드백 - (경진대회)참가자별 사업 아이템 발표 및 전문가 심사",교육,미래역량강화,"직무교육, 창업지원",직무교육,20250310 ~ 20250331,20250101 ~ 20251231,"18세~45세 / 연령제한:N 0043001 0 0 기타 세부사항은 공고문 참고 제외 업종(금융 및 보험업, 부동산업, 무도장, 골프장 및 스키장, 갬블링 및 베팅업, 주류도매업, 주점업, 사행심을 조장하는 업종 등) 기타 세부사항은 공고문 참고 0011009 0013006 0049010 0055003",18세~45세 / 연령제한:N,0043001 0 0,,,전라남도,전라남도,,https://www.jn-se.kr/bbs/board.php?bo_table=nco4_1&wr_id=1184&sfl=wr_subject&stx=%EC%B2%AD%EB%85%84&sop=and,,2025-12-19 16:39:37,2025-12-19 16:50:51,2,온통청년_OPEN_API_getPlcy,전남,사회적경제기업 창업교육 운영 사회적경제 창업에 관심있는 도민들을 위한 전문 교육 추진 교육지원 직무교육
전남,46000,20251219005400212036,전남 콘텐츠기업지원센터 운영,교육지원,지역 콘텐츠산업 성장기반 구축 및 강소기업 육성과 일자리 창출 통한 지역경제 활성화,전남 콘텐츠기업의 안정적 성장을 위한 사업 공간 지원 등,교육,미래역량강화,"일자리, 직무교육",일자리,20250527 ~ 20250613,20250101 ~ 20251231,0세~0세 / 연령제한:Y 0043001 0 0 공고일 기준 설립일 7년 이내 콘텐츠기업 또는 예비창업자 등 자세한 신청자격요건은 공고문 참고 금융기관으로부터 채무불이행 또는 불량거래자로 규제 중인 자 등 자세헌 사항은 공고문 참고 0011008 0013006 0049010 0055003,0세~0세 / 연령제한:Y,0043001 0 0,,"입주신청서, 사업계획서, 국세·지방세 완납증명서, 대표자 주민등록등본(주민번호 뒷자리 미공개), 법인등기사항전부증명서, 사업자등록증명원, 표준재무제표, 4대보험 가입자 명부, 개인정보 제공 및 활용 동의서 등",전라남도,재단법인전라남도정보문화산업진흥원,,https://www.kocca.kr/kocca/bbs/view/B0158919/1963246.do?categorys=1&menuNo=204805#,,2025-12-19 15:57:07,2025-12-19 16:50:14,2,온통청년_OPEN_API_getPlcy,전남,전남 콘텐츠기업지원센터 운영 지역 콘텐츠산업 성장기반 구축 및 강소기업 육성과 일자리 창출 통한 지역경제 활성화 교육지원 일자리
전남,46000,20251219005400212035,전남형 만원주택,공공임대주택,청년 및 신혼부부에 임대 주택 공급으로 안정적인 주거 공급,임대료 월 만원 임대 주택 공급(관리비 등 별도),주거,주택 및 거주지,주거지원,주거지원,,2024년 ~ 2035년(건립기간),18세~45세 / 연령제한:N 0043003 0 0 추후 확정 예정 신청 자격 요건은 추후 확정 예정 0011009 0013009 0049009 0055003,18세~45세 / 연령제한:N,0043003 0 0 추후 확정 예정,,,전라남도,전라남도,,https://www.jeonnam.go.kr/housing/web/index.do,,2025-12-19 15:24:55,2026-01-01 00:00:00,2,온통청년_OPEN_API_getPlcy,전남,전남형 만원주택 청년 및 신혼부부에 임대 주택 공급으로 안정적인 주거 공급 공공임대주택 주거지원
전남,46000,20251219005400212034,신혼부부·다자녀가정 보금자리 지원,보조금,한국주택금융공사 등 대출심사를 통과한 도내 무주택신혼부부 및 다자녀가정에게 주택구입 대출이자를 지원합니다.,월 최고 25만 원(최장 36개월),주거,전월세 및 주거급여 지원,"주거지원, 복지",주거지원,20250901 ~ 20251017,20250101 ~ 20251231,"0세~0세 / 연령제한:Y 0043003 0 0 신혼부부(부부합산) 연소득 8천5백만 원 이하, 다자녀가정(부부합산) 연소득 1억 원 이하 신혼부부일 경우 49세 이하 미혼자 중 대출실행일로부터 3개월 이내에 혼인신고할 결혼예정자는 인정 ※ 자세한 내용은 반드시 공고문을 참고하시기 바랍니다. 0011009 0013010 0049010 0055001",0세~0세 / 연령제한:Y,"0043003 0 0 신혼부부(부부합산) 연소득 8천5백만 원 이하, 다자녀가정(부부합산) 연소득 1억 원 이하",① 신청서류 접수(읍･면･동) ② 자격요건 확인 및 대상자 확정(시⋅군) ③ 주거비 지원(시⋅군),① 지원신청서 1부 ② 개인정보 수집‧이용 및 제공 동의서 1부 ③ 사회보장급여 제공(변경) 신청서 1부 ④ 소득‧재산 신고서 1부 ⑤ 소득금액증명원(부부) 1부 ⑥ 주민등록등본 1부 ⑦ 가족관계증명서(상세) 1부 ⑧ 재산세 세목별 과세증명서(물건지 표기) 1부 ⑨ 대상주택 등기부등본 1부 ⑩ 주택매입계약서(본인 명의) 사본 1부 ⑪ 대출심사 통과 증명서류 1부 ⑫ 혼인관계증명서 1부 ※ 자세한 내용은 반드시 공고문을 참고하시기 바랍니다.,전라남도,전라남도,,https://www.jeonnam.go.kr/J0203/boardView.do?seq=23176&infoReturn=&menuId=jeonnam0203000000&displayHeader=&searchType=0&searchText=%EC%8B%A0%ED%98%BC%EB%B6%80%EB%B6%80&searchStDate=&searchEnDate=&pageIndex=1&boardId=J0203&displayHeader=,,2025-12-19 14:55:27,2025-12-19 16:48:46,2,온통청년_OPEN_API_getPlcy,전남,신혼부부 다자녀가정 보금자리 지원 한국주택금융공사 등 대출심사를 통과한 도내 무주택신혼부부 및 다자녀가정에게 주택구입 대출이자를 지원합니다 보조금 주거지원
전남,46000,20251218005400212032,귀농 농업창업 및 주택 구입 사업,대출,"농협자금을 활용하여 사업대상자의 신용 및 담보대출을 저금리로 실행하고, 대출금리와 저금리와의 차이를 지원합니다.","고정금리(연 2%) 또는 변동금리 중 선택 (농업창업)세대당 3억원 한도 이내 (주택구입, 신축, 증, 개축) 세대당 7,500만원 한도 이내 ※ 상세 내용은 지침 내용 필수",일자리,창업,"일자리, 주거지원, 창업지원",일자리,20250601 ~ 20250710,20250101 ~ 20251231,"0세~65세 / 연령제한:N 0043001 0 0 상세 내용은 지침 내용 참고 0011009 0013001,0013002,0013004,0013005,0013006,0013007,0013008 0049010 0055003",0세~65세 / 연령제한:N,0043001 0 0,,"(귀농인)① 귀농 농업창업 및 주택구입지원사업 신청서 (별지 제1호 서식) 1부, ② 귀농 농업창업계획서(별지 제2호 서식) 1부, ③ 교육이수실적 증빙자료, ④ 신용조사서(대출가능금액 미기재) 1부, ⑤ 사업자등록사실여부증명서, ⑥ 가족관계증명서(배우자의 직계존비속 증명서 포함) 1부, ⑦ 기타 증빙자료(견적서 등) (재촌비농업인) ① 귀농 농업창업 및 주택구입지원사업 신청서 (별지 제1-2호 서식) 1부, ② 귀농 농업창업계획서(별지 제2호 서식) 1부, ③ 교육이수실적 증빙자료, ④ 신용조사서(대출가능금액 미기재) 1부, ⑤ 사업자등록사실여부증명서, ⑥ 가족관계증명서(배우자의 직계존비속 증명서 포함) 1부, ⑦ 기타 증빙자료(견적서 등) (귀농희망자(퇴직예정자 등)) ① 귀농 농업창업 및 주택구입지원사업 신청서 (별지 제1-3호 서식) 1부, ② 귀농 농업창업계획서(별지 제2호 서식) 1부, ③ 교육이수실적 증빙자료, ④ 신용조사서(대출가능금액 미기재) 1부, ⑤ 사업자등록사실여부증명서, ⑥ 가족관계증명서(배우자의 직계존비속 증명서 포함) 1부, ⑦ 기타 증빙자료(견적서 등) (추가제출(확인)서류) - (제출) 연금산정용 가입내역서류 1부, 등기부 등본 1부, (확인) 농업경영체 등록 및 직불금 수령 여부 * 해당 시군 업무 담당자가 Agrix를 통해 확인 - 취업(창업) 신고서 본인을 증명할 수 있는 신분증 지참, 평가시 가점 반영에 필요한 학력증명서, 국가기술자격증사본 등은 해당자 제출 배우자 및 부모님의 가족관계증명서는 제출하지 않아도 되지만 자신이 구입하려는 농지 등이 본인 또는 배우자의 직계존비속 및 형제자매의 소유물이 아님에 대한 증명 책임은 본인에게 있음 (확인서류) 주민등록등본 1부, 주민등록초본(주소 이력 포함) 1부, 사업자등록증명원 1부, 건강보험자격득실확인서 1부, 소득금액증명 1부, 농업경영체증명서 1부 ※ 귀농 농업창업 및 주택구입 지원사업은 농업 정책 변경에 따라 달라질 수 있으니 사업 지침을 확인해주시기 바랍니다.",전라남도,전라남도,,https://jnfarm.jeonnam.go.kr/content/view.do?menuCd=farm002001009001001,,2025-12-18 19:19:50,2025-12-19 09:47:39,2,온통청년_OPEN_API_getPlcy,전남,귀농 농업창업 및 주택 구입 사업 농협자금을 활용하여 사업대상자의 신용 및 담보대출을 저금리로 실행하고 대출금리와 저금리와의 차이를 지원합니다 대출 일자리
전남,46000,20251218005400212030,지역자원 연계 청년창업 지원,보조금,청년 창업 지원을 통한 청년층 타시도 유출 방지 및 유입 활성화로 지역활력 제고,"지역자원조사 활동비, 창업 교육, 멘토링, 사업화 지원 등",일자리,창업,"일자리, 직무교육, 창업지원, 참여 프로그램",일자리,20240301 ~ 20240328,20240101 ~ 20251230,18세~45세 / 연령제한:N 0043001 0 0 창업예정자 또는 7년 이내 기창업자 0011009 0013006 0049010 0055003,18세~45세 / 연령제한:N,0043001 0 0,,,전라남도,재단법인전남창조경제혁신센터,,https://ccei.creativekorea.or.kr/jeonnam/main.do,,2025-12-18 15:39:52,2025-12-18 16:42:12,2,온통청년_OPEN_API_getPlcy,전남,지역자원 연계 청년창업 지원 청년 창업 지원을 통한 청년층 타시도 유출 방지 및 유입 활성화로 지역활력 제고 보조금 일자리
전남,46000,20251218005400212029,청년 글로벌셀러 육성 지원,교육지원,해외 마켓플레이스를 활용한 지역 생산물 판매 창업 지원을 통한 지역경제 활성화 및 일자리 창출 유도,"글로벌셀러 양성 교육, 마케팅 및 판매활동 지원, 창업 지원 인프라 운영",일자리,창업,"일자리, 직무교육, 창업지원",일자리,20250602 ~ 20250625,20250301 ~ 20251231,"18세~45세 / 연령제한:N 0043001 0 0 (예비창업자) 도내 거주자, 전남 소재 대학 재학생 (초기창업자) 전남 소재 창업 7년 미만 사업주 0011009 0013006,0013009 0049010 0055003",18세~45세 / 연령제한:N,0043001 0 0,,,전라남도,전라남도,,https://ipsi.mokpo.ac.kr/,https://www.scnu.ac.kr/,2025-12-18 15:33:19,2025-12-19 13:17:05,2,온통청년_OPEN_API_getPlcy,전남,청년 글로벌셀러 육성 지원 해외 마켓플레이스를 활용한 지역 생산물 판매 창업 지원을 통한 지역경제 활성화 및 일자리 창출 유도 교육지원 일자리
전남,46000,20251218005400212028,대학 벤처동아리 육성 지원,벤처,대학생들의 우수 창업아이템을 발굴하고 사업화를 유도하여 창업에 대한 경험을 축적함으로써 유망한 청년창업가 양성,"우수 창업아이템 사업화 지원, 경진대회 개최",일자리,창업,"일자리, 창업지원, 참여 프로그램",일자리,20250401 ~ 20250430,20250101 ~ 20251231,"0세~0세 / 연령제한:Y 0043001 0 0 도내 대학(목포대, 목포해양대, 순천대, 순천제일대, 전남대(여수), 동신대, 전남도립대, 청암대, 초당대)에 등록하고 감독을받는 정규 벤처동아리 0011009 0013010 0049005 0055003",0세~0세 / 연령제한:Y,0043001 0 0,"1, 사업신청(동아리 -> 대학) 2. 대학 동아리 추천(대학 -> 도) 3. 동아리 선정(도 -> 대학) 4. 보조금 교부(도 -> 산학협력단) 5. 사업 추진",,전라남도,전라남도,,https://iacf.mokpo.ac.kr/iacftmp/index.do,https://www.scnu.ac.kr/siacf/main.do,2025-12-18 15:19:32,2025-12-19 13:16:27,2,온통청년_OPEN_API_getPlcy,전남,대학 벤처동아리 육성 지원 대학생들의 우수 창업아이템을 발굴하고 사업화를 유도하여 창업에 대한 경험을 축적함으로써 유망한 청년창업가 양성 벤처 일자리
전남,46000,20251218005400212023,디지털 혁신 유통전문가 일자리사업,보조금,"특산품, 농수산물 등 향토자원 유통을 전문으로 하는 비대면 청년유통가 양성","농 ․ 수 ․ 축협 등 유통기업 취업 청년 인건비(80%), 직무교육, 지역정착 지원 프로그램 등 지원",일자리,취업,"일자리, 직무교육",일자리,20240101 ~ 20241231,20250101 ~ 20251231,18세~39세 / 연령제한:N 0043001 0 0 0011009 0013003 0049010 0055003,18세~39세 / 연령제한:N,0043001 0 0,,,전라남도,전라남도,,https://job.jeonnam.go.kr,,2025-12-18 14:34:29,2025-12-19 13:17:27,2,온통청년_OPEN_API_getPlcy,전남,디지털 혁신 유통전문가 일자리사업 특산품 농수산물 등 향토자원 유통을 전문으로 하는 비대면 청년유통가 양성 보조금 일자리
전남,46000,20251218005400212022,탄소중립 스마트 그린 프로젝트,보조금,능동형 탄소감축 제조 산업군 및 친환경 제조시스템 도입 기업 청년 일자리 창출 및 탄소 관리 청년 전문가 육성,"자원재생, 폐기물 재제조 기반 클린 팩토리 기업 등 취업 청년인건비(80%), 직무교육, 멘토링 지원",일자리,취업,"일자리, 직무교육, 참여 프로그램",일자리,20240101 ~ 20241231,20240101 ~ 20251231,18세~39세 / 연령제한:N 0043001 0 0 0011009 0013003 0049010 0055003,18세~39세 / 연령제한:N,0043001 0 0,,,전라남도,전라남도,,https://job.jeonnam.go.kr/,,2025-12-18 14:32:32,2025-12-19 13:18:05,2,온통청년_OPEN_API_getPlcy,전남,탄소중립 스마트 그린 프로젝트 능동형 탄소감축 제조 산업군 및 친환경 제조시스템 도입 기업 청년 일자리 창출 및 탄소 관리 청년 전문가 육성 보조금 일자리
전남,46000,20251218005400212021,신재생에너지 도제․취업 패키지 프로젝트,보조금,기술혁신형 강소기업 육성사업 및 에너지신산업 분야의 현장실무 중심 도제교육･취업패키지 연계 지원,"이차전지 ESS 등 에너지신산업 분야 기업 취업 청년 인건비(80%), 직무교육, 멘토링 지원",일자리,취업,"일자리, 직무교육, 참여 프로그램",일자리,20240101 ~ 20241231,20250101 ~ 20251231,18세~39세 / 연령제한:N 0043001 0 0 0011009 0013003 0049010 0055003,18세~39세 / 연령제한:N,0043001 0 0,,,전라남도,전라남도,,https://job.jeonnam.go.kr/,,2025-12-18 14:29:21,2025-12-19 13:18:40,2,온통청년_OPEN_API_getPlcy,전남,신재생에너지 도제 취업 패키지 프로젝트 기술혁신형 강소기업 육성사업 및 에너지신산업 분야의 현장실무 중심 도제교육 취업패키지 연계 지원 보조금 일자리
전남,46000,20251218005400212020,데이터 사이언스 전문가 양성 프로젝트,보조금,4차 산업혁명 분야의 미래 데이터산업 전문가 양성 및 디지털 트랜스포메이션 청년일자리 창출,"빅데이터 인공지능 분야 플랫폼 기업 취업 청년 인건비(80%) , 직무교육, 멘토링, 지역정착금(인센티브) 지원",일자리,취업,"일자리, 직무교육, 참여 프로그램",일자리,20240101 ~ 20241231,20250101 ~ 20251231,18세~39세 / 연령제한:N 0043001 0 0 0011009 0013003 0049010 0055003,18세~39세 / 연령제한:N,0043001 0 0,,,전라남도,전라남도,,https://job.jeonnam.go.kr/,,2025-12-18 14:26:54,2025-12-19 13:18:55,2,온통청년_OPEN_API_getPlcy,전남,데이터 사이언스 전문가 양성 프로젝트 4차 산업혁명 분야의 미래 데이터산업 전문가 양성 및 디지털 트랜스포메이션 청년일자리 창출 보조금 일자리
전남,46000,20251214005400212002,2027 하계 세계대학경기대회 개최,보조금,충청권 4개 시도 메이저급 국제스포츠 행사 성공 개최,충청권 4개 시도 메이저급 국제스포츠 행사 성공 개최,복지문화,문화활동,복지,복지,,2025.1.~2025.12.,"18세~25세 / 연령제한:N 0043001 0 0 18개 종목(충남 5개 종목) / (지역) 대전, 세종, 충북, 충남 0011009 0013010 0049005 0055003",18세~25세 / 연령제한:N,0043001 0 0,,,충청남도,충청남도,,https://youth.chungnam.go.kr/web/main/main,,2025-12-14 19:42:29,2026-01-01 00:00:00,2,온통청년_OPEN_API_getPlcy,전남,2027 하계 세계대학경기대회 개최 충청권 4개 시도 메이저급 국제스포츠 행사 성공 개최 보조금 복지
전남,46000,20251214005400212001,청년 맞춤형 도내 관광코스 개발·홍보 (충남 워케이션 프로그램 운영),보조금,ICT 기반 미래형 관광산업 모델 구축을 통한 체류형 관광 활성화,ICT 기반 미래형 관광산업 모델 구축을 통한 체류형 관광 활성화,복지문화,문화활동,"직무교육, 복지",직무교육,,2025.1.~2025.12.,19세~39세 / 연령제한:N 0043001 0 0 일과 여행을 병행하여야 함 0011009 0013010 0049010 0055003,19세~39세 / 연령제한:N,0043001 0 0,,,충청남도,충청남도,,https://youth.chungnam.go.kr/web/main/main,https://www.cnctf.or.kr/site/workation/main.php,2025-12-14 19:40:43,2026-01-01 00:00:00,2,온통청년_OPEN_API_getPlcy,전남,청년 맞춤형 도내 관광코스 개발 홍보 충남 워케이션 프로그램 운영 ICT 기반 미래형 관광산업 모델 구축을 통한 체류형 관광 활성화 보조금 직무교육
전남,46000,20251124005400211941,전남형 청년마을 조성사업,보조금,지역 청년이 주도적으로 전남형 청년마을 조성하여 주민과 상생협력하는 청년 지원의 선진모델 발굴 확산,"□ 지원금액 : 개소당 3억원 ❍ (1년차) 2억원, (2년차) 1억원 * 1년차 평가결과 미흡 마을 2년차 제외 □ 주요 사업내용 ① 청년 공간구성 : 빈집 리모델링, 폐교 활용 등 주거 및 활동공간, 커뮤니티공간, 취·창업 공간 등 청년 복합문화공간 조성 등 * 청년마을 전용공간 조성(타 용도로 활용하고 있는 공간 제외) ② 프로그램 운영 : 지역탐방, 문화 활동 등 청년체험 프로그램 운영 ③ 네트워크 및 홍보 : 지역주민-청년 및 청년 간 교류·협력, 홍보 콘텐츠(온오프라인) 제작 등 ④ 일자리 창출 : 창업 교육·활동, 창업아이템 발굴 등 일자리 연계 ※ ①~④항목 모두 사업계획서에 반영되어야 하며, 적정 단체‧기업이 없을 시 미선정",참여권리,정책인프라구축,"일자리, 직무교육, 주거지원, 창업지원, 복지, 참여 프로그램",일자리,20240923 ~ 20241017,20240101 ~ 20261231,18세~45세 / 연령제한:N 0043001 0 0 청년단체․기업(사업자등록증이 있는 경우만 가능) 0011009 0013010 0049010 0055003,18세~45세 / 연령제한:N,0043001 0 0,□ 제출방법 : 시․군 → 道(청년희망과) 공문 제출 ❍ 청년단체 - 제출서류 ① 청년마을 사업계획서 ② 사업자등록증* * 공고일 전까지 등록된 경우만 인정 ③ 지방세완납증명서 - 제출처 : 시·군 - 제출방법 : 대면 또는 메일 ❍ 시 · 군 - 제출서류 ① 청년마을 제출서류 일체 ② 자치단체 지원계획 - 제출처 : 도 - 제출방법 : 공문 * 서류 용량이 초과한 경우는 공문에 사업 신청서류 별송으로 표기하고담당자 이메일로 제출기한 내 발송,"① 사업신청서 ② 사업계획서 ③ 수행기관 일반현황 및 연혁 ④ 지역사회(지역주민, 유관기관) 협력계획 ⑤ 개인정보 수집 동의서 ⑥ 가족관계증명서(참여인력 전원 제출, 참여자 기준 발급 ) ⑦ 사업자등록증 ⑧ 국세‧지방세완납증명서",전라남도 인구청년이민국 청년희망과,전라남도,,https://www.jnyouthcenter.kr/,https://www.jnyouthcenter.kr/bbs/board.php?bo_table=bbs05_02&wr_id=1,2025-11-24 21:44:08,2025-11-25 10:23:03,2,온통청년_OPEN_API_getPlcy,전남,전남형 청년마을 조성사업 지역 청년이 주도적으로 전남형 청년마을 조성하여 주민과 상생협력하는 청년 지원의 선진모델 발굴 확산 보조금 일자리
전남,46000,20251124005400211940,청년 취업자 주거비 지원사업,보조금,전･월세 주거비 지원으로 청년의 주거 안정과 경제적 자립을 지원합니다.,"전･월세 월 20만원, 최대 12개월(240만원, 생애 1회) 지원",주거,전월세 및 주거급여 지원,"일자리, 주거지원",일자리,20250317 ~ 20250328,20250101 ~ 20251231,"18세~45세 / 연령제한:N 0043003 0 0 중위소득 150% 이하 - (노동자) 공고일 기준 최근 6개월 동안 3개월(90일) 이상 노동 중인 자 - (사업자) 공고일 기준 최근 6개월 이전에 개업하고 3개월 이상 사업체를 운영중인 자 - (주 거) 전세(대출금 5천만원 이하) 또는 월세(60만원 이하) 거주하는 무주택자 공무원 및 공공기관 임직원, 공무직, 군복무자, 사치·향락·도박·사행 등 비사회적 업종 종사자, 국가 및 지자체로부터 주거지원 대상자 0011009 0013001,0013002,0013004,0013005,0013006,0013007,0013008,0013009 0049010 0055003",18세~45세 / 연령제한:N,0043003 0 0 중위소득 150% 이하,"① 신청서류 접수(읍･면･동) ② 자격요건 확인 및 대상자 확정(LH, 시⋅군) ③ 지급 신청서 제출 및 주거비 지원","① 청년 취업자 주거비 지원 신청서 ② 개인정보 수집 및 이용 동의서 ③ 사회보장급여 제공(변경) 신청서 ④ 소득･재산 신고서 ⑤-1 가족관계증명서(상세)(신청인 기준, 주민등록번호 포함) ⑤-2 배우자의 가족관계증명서(상세)(배우자 기준, 주민등록번호 포함-기혼자만) ⑥ 주민등록등본 ⑦ 주민등록초본 ⑧ 노동확인 서류(노동자), 사업자등록증명원 및 부가가치세 증명원 ⑨ 본인신용정보조회서(금액 가리고 제출) ⑩ 전세 또는 월세 임대차계약서 사본(본인 명의) ⑪ 전세금 또는 월 임대료 납부확인서",전라남도 인구청년이민국 청년희망과,전라남도,,https://www.jnyouthcenter.kr/,https://www.jnyouthcenter.kr/bbs/board.php?bo_table=bbs05_02&wr_id=1,2025-11-24 21:33:48,2025-11-25 10:20:03,2,온통청년_OPEN_API_getPlcy,전남,청년 취업자 주거비 지원사업 전 월세 주거비 지원으로 청년의 주거 안정과 경제적 자립을 지원합니다 보조금 일자리
전남,46000,20251124005400211939,꿈사다리 공부방 사업,인턴,"고학력, 미취업 청년을 지역아동센터 학습 선생님으로 채용하여 아동의 기초, 기본 학력을 보강하고 청년의 일 경험을 제공합니다.","지역아동센터 내 고학력, 미취업 청년을 청년 학습선생님으로 배치하여 아동 학습지도 * 주 5일, 1일 4시간 근무/월 117만원(급여 + 교통비) 지원",일자리,취업,"일자리, 복지",일자리,,20250101 ~ 20251231,"18세~45세 / 연령제한:N 0043001 0 0 - 지역아동센터에서 대표자, 임직원, 아동복지교사 등으로 근무 중이거나 공고일을 기준으로 최근 6개월 이내 특별한 사유 없이 아동복지교사를 그만둔 자 - 응시자의 친족이 지역아동센터 대표자 또는 시설장으로 근무 중인 경우 지원은 가능하나, 청년 학습선생님으로 최종 선발될 경우 해당 센터에 근무 불가 0011009 0013003 0049005,0049007,0049008 0055003",18세~45세 / 연령제한:N,0043001 0 0,"① 신청서류 접수(지역아동센터 전남지원단) ② 자격요건 확인 및 대상자 확정(지역아동센터 전남지원단, 시군) ③ 지역아동센터 배치 및 근무","① 청년학습선생님 참여신청서 ② 자기소개서 ③ 보호자의 주민등록표 등본 또는 신청자 본인의 주민등록표 등본이나 기본증명서 ④ 개인정보 및 고유식별정보 수집, 이용, 제공 동의서 ⑤ 최종학력증명서(졸업증명서, 졸업예정증명서) 또는 재학(휴학), 제적증명서 원본 ⑥ (해당자만 제출) 교육·아동지도 등 학위증명서, 교원 자격증, 아동 학습지도 관련 분야 경력증명서",전라남도 인구청년이민국 청년희망과,전라남도,,https://www.jnicare.kr,https://www.jnicare.kr/bbs/board.php?bo_table=3_4,2025-11-24 21:21:31,2026-01-01 00:00:00,2,온통청년_OPEN_API_getPlcy,전남,꿈사다리 공부방 사업 고학력 미취업 청년을 지역아동센터 학습 선생님으로 채용하여 아동의 기초 기본 학력을 보강하고 청년의 일 경험을 제공합니다 인턴 일자리
전남,46000,20251124005400211938,찾아가는 일자리 희망버스 운영,"중소기업,맞춤형상담서비스",취업을 희망하는 일자리 구인수요 기업을 방문하여 현장탐방 후 면접을 통해 채용으로 이어지는 원스톱 취업지원 서비스 제공,"구직자가 채용계획이 있는 중소기업을 탐방하고 근무현장에서 면접을 실시해 중소기업 인식을 개선, 실질적인 취업으로 연계",일자리,취업,"일자리, 복지",일자리,,20250201 ~ 20251231,0세~0세 / 연령제한:Y 0043001 0 0 참여기업 구인상세내역에 따라 지원대상 변경됨 0011008 0013003 0049009 0055003,0세~0세 / 연령제한:Y,0043001 0 0,"전남일자리정보망, 일자리종합센터 유선접수 등",,전라남도 동부지역본부 일자리투자유치국 일자리경제과,재단법인전라남도중소기업일자리경제진흥원,,https://job.jeonnam.go.kr,https://job.jeonnam.go.kr/www/86?bbsId=bbs1&postId=8526&clId=&pageIndex=1&pageUnit3=9&condition=&operator=contains&keyword=&url=%2Fwww%2Fbbs%2FpostView,2025-11-24 21:10:16,2026-01-01 00:00:00,2,온통청년_OPEN_API_getPlcy,전남,찾아가는 일자리 희망버스 운영 취업을 희망하는 일자리 구인수요 기업을 방문하여 현장탐방 후 면접을 통해 채용으로 이어지는 원스톱 취업지원 서비스 제공 중소기업 맞춤형상담서비스 일자리
전남,46000,20251124005400211937,전남 청년 희망 일자리 지원사업,"보조금,중소기업",도내 산업 구조 및 고용 여건을 반영한 전남형 일자리 창출 및 청년의 일경험 지원,"○ 지원내용 : 청년 채용 인건비 일부 지원(1년간), 기본 직무교육 및 커뮤니티 지원, 정규채용 인센티브 지원 등 - (급여지원) 최저임금 110% 수준인 월 230만원* 보장 지원(1년간) · 재정지원(40%) : 92만원 / 기업 자부담(60%) : 138만원 * 청년의 기본 월급여에 해당함(기타 실비보상적 수당, 성과금 등은 별도), 세전 기준 - (인센티브) 400만원(기업 200, 근로자 200) · 고용유지 장려 및 지역정착 지원을 위해 기업과 청년에 각각 200만원씩 지원 - (기타지원) 교육·훈련 및 커뮤니티 활동 지원 · 직장적응 온보딩 프로그램 및 워크숍, 사례공유, 네트워킹 등 커뮤니티 활동 지원",일자리,취업,"일자리, 직무교육, 복지, 참여 프로그램",일자리,,20250701 ~ 20271231,18세~45세 / 연령제한:N 0043001 0 0 ○ (청년) 고용 우선 지원이 필요한 구직 취약 청년 중심 모집‧선정 ○ (기업) 지역 산업 기반 중소기업 및 사회적경제기업 공모 지원 0011009 0013010 0049010 0055003,18세~45세 / 연령제한:N,0043001 0 0,- 기업 : 이메일 접수(jnjob2410@naver.com) - 청년 : 전남일자리통합정보망 접수(http://job.jeonnam.go.kr),,전라남도 인구청년이민국 청년희망과,재단법인전라남도중소기업일자리경제진흥원,,https://job.jeonnam.go.kr/www/58?division2=B&svc=detail&url=%2Fwww%2Fbizmap%2FlistView,https://job.jeonnam.go.kr/www/58?svc=detail&keyword=&condition=all&clIds=&division2=B&beforeUrl=%2Fwww%2Fbizmap%2FlistView&pageUnit=10&pageIndex=1&order=insertDtDesc&status=&bizMapNo=0000000197&workType=project&workprojectId=0000000197&url=%2Fwww%2Fbizmap%2FdetailView2,2025-11-24 20:56:37,2026-01-01 00:00:00,2,온통청년_OPEN_API_getPlcy,전남,전남 청년 희망 일자리 지원사업 도내 산업 구조 및 고용 여건을 반영한 전남형 일자리 창출 및 청년의 일경험 지원 보조금 중소기업 일자리
전남,46000,20251114005400211895,청년 의령 살아보기,주거지원,의령군 지역에 머물면서 개별 자유여행을 진행하며 개인 SNS 등을 통해 의령군 관광자원을 불특정 다수에게 홍보,"숙박비, 부대비(식비), 체험비 등 최대 85만원 지원",복지문화,문화활동,"주거지원, 복지",주거지원,20250314 ~ 20251113,20250314 ~ 20251212,18세~49세 / 연령제한:N 0043001 0 0 0011009 0013010 0049010 0055003,18세~49세 / 연령제한:N,0043001 0 0,"- (온라인) 의령군온라인청년센터(청년정책 > 청년정책패키지 > 신청하기 > 본인인증(휴대폰 인증) > 신청서 및 제출서류 파일 업로드(스캔 또는 사진)) (https://www.uiryeong.go.kr/index.uiryeong?contentsSid=1904) - (우편 또는 방문) 의령군 의령읍 충익로 63, 소멸위기대응추진단","참가신청서(서식1), 개인정보제공·동의서(서식2), 서약서(서식3), 주민등록초본(신청월 기준)",경상남도 의령군 소멸위기대응추진단,경상남도 의령군,,https://www.uiryeong.go.kr/youthcenter/index.uiryeong#,https://www.uiryeong.go.kr/youthcenter/board/view.uiryeong?boardId=BBS_0000533&menuCd=DOM_000002001001004000&startPage=1&dataSid=1092694,2025-11-14 15:53:57,2025-11-14 16:14:54,2,온통청년_OPEN_API_getPlcy,전남,청년 의령 살아보기 의령군 지역에 머물면서 개별 자유여행을 진행하며 개인 SNS 등을 통해 의령군 관광자원을 불특정 다수에게 홍보 주거지원 주거지원
전남,46000,20251114005400211890,청년자율예산 운영,"교육지원,보조금",제주청년주권회의 내 논의를 통해 발굴되는 청년정책 또는 소속 분과 내 당해연도에 집행하는 것이 타당하다고 판단되는 청년 정책을 주권회의에 제안 심의 후 당해 청년자율예산으로 실현,"해당 년도에 풀예산으로 잡아두어 정책제안활동의 당해연도 집행을 통해 청년 정책 효능감을 높이기 위한 사업 *2025 편성규모 : 총300백만원(행사운영비 210백만원, 민간경상사업보조 90백만원)",참여권리,청년참여,"직무교육, 참여 프로그램",직무교육,20250102 ~ 20250731,20250101 ~ 20251130,0세~0세 / 연령제한:Y 0043001 0 0 0011009 0013010 0049010 0055003,0세~0세 / 연령제한:Y,0043001 0 0,,,제주특별자치도 기획조정실 청년정책담당관,제주특별자치도,,https://jejuyouth.com/pages.php?p=2_7_1_1,,2025-11-14 10:10:11,2025-11-14 16:06:34,2,온통청년_OPEN_API_getPlcy,전남,청년자율예산 운영 제주청년주권회의 내 논의를 통해 발굴되는 청년정책 또는 소속 분과 내 당해연도에 집행하는 것이 타당하다고 판단되는 청년 정책을 주권회의에 제안 심의 후 당해 청년자율예산으로 실현 교육지원 보조금 직무교육
전남,46000,20251113005400211884,탑동 청년문화 복합콘텐츠 공간 조성 기본계획 수립,교육지원,"청년들이 일상에서 문화예술을 시연, 참여할 수 있는 공간을 조성하여 청년의 예술문화 활성화 및 다양한 문화콘텐츠 창출 기반 마련","소규모 공연장, 연습실, 야외버스킹 공간 등 조성을 위한 기본계획 수립 용역 추진",복지문화,문화활동,"직무교육, 복지, 참여 프로그램",직무교육,20250101 ~ 20251231,20250101 ~ 20251231,18세~39세 / 연령제한:N 0043001 0 0 0011009 0013010 0049010 0055003,18세~39세 / 연령제한:N,0043001 0 0,,,제주특별자치도 문화체육교육국 문화정책과,제주특별자치도 기획조정실,,https://jejuyouthdream.com/support-policy/61,,2025-11-13 15:57:06,2025-11-13 16:04:16,2,온통청년_OPEN_API_getPlcy,전남,탑동 청년문화 복합콘텐츠 공간 조성 기본계획 수립 청년들이 일상에서 문화예술을 시연 참여할 수 있는 공간을 조성하여 청년의 예술문화 활성화 및 다양한 문화콘텐츠 창출 기반 마련 교육지원 직무교육
전남,46000,20251113005400211883,글로벌 청년창의 레지던시,교육지원,"제주청년 예술가들에게 예술창작의 기회 및 해외 예술가와의 교류를 통한 역량강화 기회를 제공하고, 해외에 제주를 홍보하는 등 문화예술분야의 국제교류 활성화 도모",국내외 청년 예술가 몰입형 그룹 레지던시로 창작 교류 프로그램 추진,복지문화,예술인지원,"직무교육, 복지, 참여 프로그램",직무교육,20250410 ~ 20250509,20250101 ~ 20251231,18세~39세 / 연령제한:N 0043001 0 0 국내외 예술활동 실적이 있는 청년예술인 0011009 0013010 0049010 0055003,18세~39세 / 연령제한:N,0043001 0 0,,,제주특별자치도 문화체육교육국 문화정책과,제주특별자치도 기획조정실,,http://www.cifaljeju.org/bbs/board.php?bo_table=sub05_3&wr_id=204,,2025-11-13 15:26:36,2025-11-13 16:02:32,2,온통청년_OPEN_API_getPlcy,전남,글로벌 청년창의 레지던시 제주청년 예술가들에게 예술창작의 기회 및 해외 예술가와의 교류를 통한 역량강화 기회를 제공하고 해외에 제주를 홍보하는 등 문화예술분야의 국제교류 활성화 도모 교육지원 직무교육
전남,46000,20251112005400211860,도민리포터 운영(청년 리포터),교육지원,"청년들의 참여 활동으로, 지역 콘텐츠 발굴과 주요 정책 홍보",청년 정책 콘텐츠 및 지역 콘텐츠 발굴 후 홈페이지 게재 및 홍보,참여권리,청년참여,"직무교육, 참여 프로그램",직무교육,20250101 ~ 20250131,20250101 ~ 20251231,19세~39세 / 연령제한:N 0043001 0 0 충청남도에 관심있는 청년 및 전국민 대상 0011009 0013010 0049010 0055003,19세~39세 / 연령제한:N,0043001 0 0,,,충청남도 대변인 디지털소통담당관,충청남도,,https://www.chungnam.go.kr/cnportal/search/cnportalSearch/list.do?pSiteId=cnportal&menuNo=5100165,https://www.chungnam.go.kr/cnportal/main/contents.do?menuNo=500163,2025-11-12 13:58:24,2025-11-12 17:57:14,2,온통청년_OPEN_API_getPlcy,전남,도민리포터 운영 청년 리포터 청년들의 참여 활동으로 지역 콘텐츠 발굴과 주요 정책 홍보 교육지원 직무교육
전남,46000,20251111005400211828,4차 산업분야 원격실습 직업훈련 지원,교육지원,구직자 취업연계 4차산업분야 원격직업훈련 지원,최신 IT 기술을 활용하여 미취업자·재직자를 대상으로 4차산업 관련 핵심기술에 대한 원격 실습형 직업훈련 과정 운영,일자리,취업,"일자리, 직무교육",일자리,20250101 ~ 20251231,20250101 ~ 20251231,"15세~100세 / 연령제한:N 0043001 0 0 0011009 0013001,0013003 0049010 0055003",15세~100세 / 연령제한:N,0043001 0 0,,,충청남도 산업경제실 경제기획관 일자리기업지원과,충청남도,,https://cn.korchamhrd.net/,,2025-11-11 14:57:33,2025-11-11 18:40:36,2,온통청년_OPEN_API_getPlcy,전남,4차 산업분야 원격실습 직업훈련 지원 구직자 취업연계 4차산업분야 원격직업훈련 지원 교육지원 일자리
전남,46000,20251110005400211822,수도권 청년 대상 찾아가는 토크콘서트(꿈의 그라운드 경남),장기미취업청년,경남지역 대기업 재직자 강연 경남지역 창업 성공 스토리 강연,"수도권 청년 대상 찾아가는 토크콘서트 1. 일시/장소 : '25. 11. 19.(수) 15시~17시 / 서울시립대 자작마루 2. 주요내용 : 경남지역 대기업 재직자 강연 3. 강 연 자 : LG전자 김성훈 연구원, 한국항공우주산업 최재호 연구원, 한화오션 김태근 엔지니어, 두산에너빌리티 박태규 수석 1. 일시/장소 : '25. 11. 20.(목) 15시~17시 / 서울시립대 자작마루 2. 주요내용 : 경남지역 창업 성공 스토리 강연 3. 강 연 자 : (항공우주) 박준환 대표, (스타트업) 박제홍 대표, (남해안 관광) 유창만 대표, (스마트팜) 임아람 대표",일자리,취업,"일자리, 창업지원",일자리,,20251119 ~ 20251120,19세~39세 / 연령제한:N 0043001 0 0 0011009 0013010 0049010 0055003,19세~39세 / 연령제한:N,0043001 0 0,,,경상남도 교육청년국 청년정책과,경상남도 교육청년국 청년정책과,,https://youth.gyeongnam.go.kr/youth/index.es?sid=a1,,2025-11-10 18:18:25,2026-01-01 00:00:00,2,온통청년_OPEN_API_getPlcy,전남,수도권 청년 대상 찾아가는 토크콘서트 꿈의 그라운드 경남 경남지역 대기업 재직자 강연 경남지역 창업 성공 스토리 강연 장기미취업청년 일자리
전남,46000,20251106005400211805,함안청년 창업가 지속성장 지원사업,보조금,지역문제를 고민하고 해결하는 과정에서 지역 특성과 고유한 자원을 활용해 창업을 희망하는 함안청년창업가 양성,"○ 예비창업자 창업상담 ○ 창업아카데미를 통한 전문경영교육(회계, 마케팅 등) 및 컨설팅 지원 ○ 창업에 필요한 시제품 개발 및 마케팅 비용 지원 ○ 창업관련 행사 및 민간지원 연계(박람회, 마켓, 지역행사, 토크콘서트 등)",일자리,창업,"일자리, 직무교육, 창업지원, 복지",일자리,20250101 ~ 20250110,20250101 ~ 20251231,"19세~49세 / 연령제한:N 0043001 0 0 단, 사업종료 전까지 함안군 전입 필수 0011009 0013010 0049010 0055003",19세~49세 / 연령제한:N,0043001 0 0,,,경상남도 함안군 혁신전략담당관,경상남도 함안군 혁신전략담당관,,https://www.haman.go.kr,https://www.youthhaman.kr/contents/04_share/board.html?board_id=board_notice&mode=view&no=176,2025-11-06 17:39:46,2025-11-07 10:57:52,2,온통청년_OPEN_API_getPlcy,전남,함안청년 창업가 지속성장 지원사업 지역문제를 고민하고 해결하는 과정에서 지역 특성과 고유한 자원을 활용해 창업을 희망하는 함안청년창업가 양성 보조금 일자리
전남,46000,20250917005400211702,청년친화도시 부산진구 트라이얼스토어 운영 기업 모집,"중소기업,벤처","□ 모집개요 ○ 사 업 명: 2025년 청년친화도시 트라이얼스토어 ○ 모집대상: 전국 청년창업가(창업 7년이내) ○ 모집기간: 2025. 9. 1.(월) ~ 9. 21.(일) ○ 구청지원: 전포사잇길 내 9평 점포(2주간), 기본인테리어, 공공요금 등 ○ 입점기업 준비: 포스기 및 결제수단, 상품 진열·판매물품, 운영인력, 자체 홍보 및 프로모션",전포 내 창업가가 단기로 자사를 홍보하고 물건을 판매할 수 있는 공간을 제공하여 전포상권 활성화 및 청년창업가를 지원하고자 함,일자리,창업,"일자리, 창업지원",일자리,20250901 ~ 20250921,20251002 ~ 20251210,18세~39세 / 연령제한:N 0043001 0 0 창업 7년 이내 0011009 0013006 0049010 0055003,18세~39세 / 연령제한:N,0043001 0 0,"□ 모집기간 ❍ 2025. 9. 1.(월) ~ 9. 21.(일) 23:59까지 □ 제출서류 ❍ 입점신청서 1부 ❍ 회사소개서(브랜드·기업 개요, 대표자 정보) 1부 ❍ 사업자등록증 또는 법인등기부등본 1부 ❍ 주민등록표 초본 1부 ‣ 대표자 부산광역시 내 거주 시 가점용 (부산진구 내 거주 시 추가 가점) □ 접수방법 ❍ 이메일: sohyun125@korea.kr □ 선정방법 ❍ 서류심사 및 면접심사","❍ 입점신청서 1부 ❍ 회사소개서(브랜드·기업 개요, 대표자 정보) 1부 ❍ 사업자등록증 또는 법인등기부등본 1부 ❍ 주민등록표 초본 1부 ‣ 대표자 부산광역시 내 거주 시 가점용 (부산진구 내 거주 시 추가 가점)",부산진구,부산광역시 부산진구 문화경제국,https://www.busanjin.go.kr/board/view.busanjin?boardId=BBS_0000081&menuCd=DOM_000001704001000000&paging=ok&startPage=1&dataSid=3937152,https://www.busanjin.go.kr/board/view.busanjin?boardId=BBS_0000081&menuCd=DOM_000001704001000000&paging=ok&startPage=1&dataSid=3937152,,2025-09-17 09:10:42,2025-09-17 15:24:23,2,온통청년_OPEN_API_getPlcy,전남,청년친화도시 부산진구 트라이얼스토어 운영 기업 모집 모집개요 사 업 명 2025년 청년친화도시 트라이얼스토어 모집대상 전국 청년창업가 창업 7년이내 모집기간 2025 9 1 월 9 21 일 구청지원 전포사잇길 내 9평 점포 2주간 기본인테리어 공공요금 등 입점기업 준비 포스기 및 결제수단 상품 진열 판매물품 운영인력 자체 홍보 및 프로모션 중소기업 벤처 일자리
전남,46000,20250915005400211692,IFWY 2025 한국 지역 대화 참가자 모집,해외진출,"청년들이 지속가능한 미래를 위한 행동과 연대를 실현할 수 있는 글로벌 플랫폼으로 청년 간 토론, 예술, 문화 교류의 장","○ 일시 : 2025. 10. 11.(토) ~ 10. 12.(일) ○ 장소 : MBC 경기도 양주 연수원 ○ 대상 : 현재 대한민국에 거주하고 있는 청년(만 18세-35세) 누구나 ○ 목적 : 동료 평가를 통해 IFWY파이널 컨퍼런스에 참여할 25명의 청년 대표 선정 ○ 내용 : 한국에 거주하는 외국인과 청년들이 글로벌 주제에 대한 이해와 소통을 통해 IFWY파이널 컨퍼런스(25. 10. 27.~10. 29.)에서 발표할 권고안을 도출하는 청년 아고라 ※ 전 일정은 영어로 진행됩니다 ※ ○ 주최 : 은평구, 유엔사회개발연구소(UNRISD), MBC, 한양대학교 ○ 문의 : 경희대 국제개발협력연구센터 02-961-0590",참여권리,청년참여,"복지, 참여 프로그램",복지,20250916 ~ 20250926,20251011 ~ 20251012,18세~35세 / 연령제한:N 0043001 0 0 0011009 0013010 0049010 0055003,18세~35세 / 연령제한:N,0043001 0 0,"(1) IFWY 홈페이지에서 계정 생성 (2) 간단한 본인 소개, IFWY 참여 동기 작성 (3) 아이디어 허브에 자신의 아이디어 공유 - 관심 있는 주제를 선택하여 정책 아이디어 제출",홈페이지 신청서 작성 및 제출,은평구,서울특별시 은평구,https://ifwy.org/,https://ifwy.org/,,2025-09-15 11:12:45,2025-09-15 15:27:25,2,온통청년_OPEN_API_getPlcy,전남,IFWY 2025 한국 지역 대화 참가자 모집 청년들이 지속가능한 미래를 위한 행동과 연대를 실현할 수 있는 글로벌 플랫폼으로 청년 간 토론 예술 문화 교류의 장 해외진출 복지
전남,46000,20250909005400211690,2025년 화성특례시「청년의 날 기념행사」,맞춤형상담서비스,청년의 권리 보장과 청년 문제에 대한 관심을 높이기 위해 'Refresh Playground'를 주제로 2025년 화성특례시「청년의 날 기념행사」를 개최,"식전행사, 기념식, 청년 예술인 공연, 참여 ․ 체험 프로그램, 부스운영 등",참여권리,청년국제교류,"직무교육, 복지, 참여 프로그램",직무교육,20250920 ~ 20250920,20250920 ~ 20250920,0세~0세 / 연령제한:Y 0043001 0 0 0011009 0013010 0049010 0055003,0세~0세 / 연령제한:Y,0043001 0 0,,,화성시,화성시,,https://hey.hscity.go.kr/base/board/read?boardManagementNo=8&boardNo=1106&searchCategory=&page=1&searchType=&searchWord=&menuLevel=2&menuNo=31,,2025-09-09 22:38:25,2025-09-10 09:57:05,2,온통청년_OPEN_API_getPlcy,전남,2025년 화성특례시 청년의 날 기념행사 청년의 권리 보장과 청년 문제에 대한 관심을 높이기 위해 Refresh Playground 를 주제로 2025년 화성특례시 청년의 날 기념행사 를 개최 맞춤형상담서비스 직무교육
전남,46000,20250909005400111689,청년정책조정위원회 실무위원회 위촉직 위원 모집,맞춤형상담서비스,청년정책조정위원회 실무위원회 위촉직 청년위원 모집,청년정책조정위원회 심의사항에 대한 전문적 검토,참여권리,청년참여,"복지, 참여 프로그램",복지,20250909 ~ 20250922,20250909 ~ 20250922,19세~34세 / 연령제한:N 0043001 0 0 0011009 0013010 0049010 0055003,19세~34세 / 연령제한:N,0043001 0 0,ㅇ 청년인재DB 홈페이지(www.2030db.go.kr)를 통해 온라인 신청 - 회원가입 → “공지사항” → “청년을 찾습니다” → 지원 신청(청년인재DB 프로필 등록) * 프로필 자기소개란에 청년정책조정위원회 실무위원회 지원동기를 작성 - 신청 완료 여부는 청년인재DB “등록상태” → “공모전 신청현황”에서 확인 가능,,국무조정실,한국고용정보원,https://www.2030db.go.kr,https://www.2030db.go.kr/user/ntt/BBS_0000000000000005/NTT_0000000000000442/selectNttDetail.do,,2025-09-09 13:23:30,2025-09-09 13:26:34,2,온통청년_OPEN_API_getPlcy,전남,청년정책조정위원회 실무위원회 위촉직 위원 모집 청년정책조정위원회 실무위원회 위촉직 청년위원 모집 맞춤형상담서비스 복지
전남,46000,20250909005400211679,공학교육혁신센터 지원,"보조금,교육지원",산업계 수요 및 대학특성에 맞는 공학교육 프로그램 개발·운영으로 관내 기업 연계 캡스톤디자인 수행,"○ (사 업 명) 2025년 공학교육혁신센터 지원사업 ○ (사업기간) '25. 4. 1. ~ '26. 2. ※ 대학 회계연도 적용 ○ (총사업비) 167백만원(국비 120, 시비 20, 대학 17, 산업체 10) ※ 국비는 국가직접지원(산업통상자원부), 市는 시비 20백만원 편성‧교부 ○ (주요내용) 홍익대학교세종캠퍼스 재학생 대상으로 캡스톤디자인 20팀 모집 및 과제 수행비(팀 운영비, 경진대회 참여경비 등) 지원",일자리,취업,"일자리, 직무교육, 참여 프로그램",일자리,20250409 ~ 20250430,20250401 ~ 20260228,"0세~0세 / 연령제한:Y 0043001 0 0 세종시 관내 기업과 산학연계 필수 0011001,0011002,0011003,0011004,0011005,0011006,0011007,0011008 0013010 0049005 0055003",0세~0세 / 연령제한:Y,0043001 0 0,- (신청대상) 홍익대학교 세종캠퍼스 재학생 3~4학년 - (사업공고) 홍익대학교 세종캠퍼스 공학교육혁신센터(세종 GRIDA 인력양성사업단) 홈페이지 - (신청방법) 세종 GRIDA 홈페이지 서류 다운로드 후 이메일 제출 및 학교 통합정보관리시스템 참가신청,세종시 그랜드캡스톤디자인 참가 신청서,청년정책담당관,홍익대학교,http://grida.hongik.ac.kr,http://grida.hongik.ac.kr,,2025-09-09 09:00:20,2025-09-09 15:59:44,2,온통청년_OPEN_API_getPlcy,전남,공학교육혁신센터 지원 산업계 수요 및 대학특성에 맞는 공학교육 프로그램 개발 운영으로 관내 기업 연계 캡스톤디자인 수행 보조금 교육지원 일자리
전남,46000,20250908005400211676,청년기업 디자인 지원사업(세종시 맞춤형디자인 지원사업),"교육지원,맞춤형상담서비스",디자인 개발에 어려움을 겪고 있는 청년에게 맞춤형 디자인 지원,"□ 지원대상 사업자등록증(농업경영체등록 확인서) 소재지가 세종시 또는 주민등록상 1년 이상 거주지가 세종시 (예비)청년*창업자, (예비)청년농업인** * 만19세~ 39세 이하의 청년(1985.1.1. 이후출생) ** 만18세~45세 미만의 청년농업인(1980.1.1. 이후출생) □ 지원내용 ◦디자인 지원분야 4개 항목(브랜드·상품포장·홍보물·전시부스 그래픽 디자인 등) 중 1개 선택 가능하며 참여기업에 대한 디자인 컨설팅 진행 후 디자인 개발 ◦디자인 지원 후 6개월 이내 디자인에 대한 애로사항 자문 지원 실시 ◦본 사업은 디자인 개발지원으로 실제 상용화하는 제작비(인쇄비, 사진 촬영비 등)는 해당 기업 자부담 ※ 업체별 협의 및 컨설팅 결과에 따라 디자인 세부항목이 변경될 수 있음 ※ 동 사업 1회 참여 가능(22·23년 사업명「청년기업디자인 지원사업」)",일자리,창업,"일자리, 직무교육, 창업지원, 복지, 참여 프로그램",일자리,20250701 ~ 20250714,20250201 ~ 20251231,"19세~39세 / 연령제한:N 0043001 0 0 청년농업인 만 18세~45세 0011009 0013002,0013006,0013008 0049010 0055003",19세~39세 / 연령제한:N,0043001 0 0,"제출서류를 파일 형태(한글, jpeg, pdf)로 이메일 송부 - 이메일 : idealjj@korea.kr","(공 통) ① 신청서, ② 주민등록등본(뒷자리 미표기), ③ 개인정보 수집·이용 및 제3자 제공 동의서 (청년창업자) ① 사업자등록증, ② 부가가치세 과세표증증명, ③ 4대보험 완납증명서, ④국세 완납증명서 ⑤지방세 완납증명서 (청년농업인) ① 농업경영체 등록 확인서, ② 건강보험료 완납증명서 (예비청년창업자) ① 창업계획서(신청서 서식 ‘붙임3’)",정책기획관,세종특별자치시 기획조정실,https://www.sejong.go.kr/shrUrl/BG752j07WU.do,https://www.sejong.go.kr/shrUrl/BG752j07WU.do,,2025-09-08 14:39:39,2025-09-08 14:45:26,2,온통청년_OPEN_API_getPlcy,전남,청년기업 디자인 지원사업 세종시 맞춤형디자인 지원사업 디자인 개발에 어려움을 겪고 있는 청년에게 맞춤형 디자인 지원 교육지원 맞춤형상담서비스 일자리
전남,46000,20250908005400211664,초기 창업기업을 위한 창업보육공간 운영·지원,"교육지원,맞춤형상담서비스",혁신적인 기술창업 아이디어를 보유한 예비창업자를 위한 창업공간 운영 및 창업프로그램을 통한 역량강화 및 사업고도화 지원,"ㅇ 초기창업기업을 위한 창업공간(세종창업키움센터 등) 지원 및 창업 프로그램(창업교육·사업화·멘토링 등) 운영 - (창업공간) IT·BT·CT 분야 등 (예비)창업자 및 초기창업기업을 위한 창업공간 운영 - (프로그램) 창업교육 및 사업화지원(인증지원, 시제품 제작 등)을 통한 사업고도화 지원 - (네트워킹) 입주기업 간 정기 간담회 개최를 통한 창업기업 네트워크 형성 및 기업 간 협업 활성화",일자리,창업,"일자리, 직무교육, 창업지원, 복지, 참여 프로그램",일자리,,상시,0세~0세 / 연령제한:Y 0043001 0 0 세종시 소재 7년 미만 창업기업 또는 (예비) 창업자 0011009 0013006 0049010 0055003,0세~0세 / 연령제한:Y,0043001 0 0,(세종창업키움센터) 담당자 이메일(h2wa@ccei.kr) 제출 (홍익대학교 창업보육센터) 방문(홍익대학교 세종캠퍼스 산학협력관 행정실(201호)) 또는 이메일(lyso27@hongik.ac.kr) 제출 (영상대학교 창업보육센터) 방문·우편접수 또는 이메일접수(lkb970@naver.com),각 창업보육센터 모집 공고문 참고,경제정책과,세종창조경제혁신센터,,https://ccei.creativekorea.or.kr/sejong/,,2025-09-08 11:02:21,2026-01-01 00:00:00,2,온통청년_OPEN_API_getPlcy,전남,초기 창업기업을 위한 창업보육공간 운영 지원 혁신적인 기술창업 아이디어를 보유한 예비창업자를 위한 창업공간 운영 및 창업프로그램을 통한 역량강화 및 사업고도화 지원 교육지원 맞춤형상담서비스 일자리
전남,46000,20250904005400211644,청년 문화예술기획자 양성(시민축제단),인턴,축제 기획 및 운영을 확보한 전문 축제 인력 양성,"□ 사업 개요 ○ (기 간) 2025. 4. ~ 10. ○ (자 격) 축제에 열정과 관심을 갖고 성실히 참여가능한 자 ○ (운영내용) 공통교육, 멘토링, 축제참여, 백서제작참여, 성과공유회 ○ (주요활동) 축제 관광 코스 기획, 홍보 콘텐츠 제작, 현장 운영 ○ (소요예산) 4천만원(전문가 멘토링, 공통교육, 홍보·기획운영비 등)",복지문화,예술인지원,"일자리, 직무교육, 복지, 참여 프로그램",일자리,20250401 ~ 20250531,20250401 ~ 20251031,"0세~0세 / 연령제한:Y 0043001 0 0 축제에 열정과 관심을 갖고 성실히 참여 가능한 자 필수과정(오리엔테이션, 공통교육, 멘토링, 세종축제, 성과공유회) 참여 0011009 0013010 0049010 0055003",0세~0세 / 연령제한:Y,0043001 0 0,○ (모집공고) 세종시문화관광재단 홈페이지 공지사항 게시 ○ (서류접수) 온라인 접수(이메일로 신청서 제출),"신청서, 기획 및 홍보 아이디어 제안서, 개인정보 제공 및 활용 동의서, 개인별 포트폴리오 등",문화예술과,재단법인세종시문화관광재단,https://sjcf.or.kr,https://sjcf.or.kr,,2025-09-04 16:21:54,2025-09-04 17:17:15,2,온통청년_OPEN_API_getPlcy,전남,청년 문화예술기획자 양성 시민축제단 축제 기획 및 운영을 확보한 전문 축제 인력 양성 인턴 일자리
전남,46000,20250904005400211635,출생축하금,"바우처,육아,출산",출산가정의 초기 양육 부담을 경감하고 아동양육에 대한 지자체에 대한 책임을 강화하여 저출산 완화에 기여하고자 함,"□ 사업 개요 ○ (사업근거) 「저출산·고령사회 기본법」제10조 (경제적 부담의 경감), 「세종특별자치시 출산장려에 관한 조례」제6조 (출산축하금 등 지급) ○ (사업기간) ‘12.1월~계속 ○ (사업대상) 신생아 출생일 기준으로 3개월 이전 또는 출생일을 포함하여 이후 3개월 이상 계속 市 에 주민등록 주소를 두고 거주하는 부 또는 모로서 신생아의 출생신고를 우리 市에 한 경우 ○ (신청시기) 자녀 출생신고 시 ※신생아 출생신고 후 6개월 이내 신청 가능 ○ (신청서류) 출산서비스통합처리신청서, 신분증 ○ (지원액) 일시금 120만원/지역화폐 지급",복지문화,취약계층 및 금융지원,복지,복지,,상시,0세~0세 / 연령제한:Y 0043001 0 0 0011009 0013010 0049010 0055003,0세~0세 / 연령제한:Y,0043001 0 0,"(읍면동) 신청·접수→(시군구) 지원결정 및 지급→(시군구) 대상자 관리 ○ 주소지 행정복지센터 방문 접수 ○ 정부24 (plus.gov.kr) 접속 → (검색창) 세종시 출산축하금 → 신청하기 ※ 단 정부24 접속을 통한 행복출산통합서비스 신청 시, 출생축하금 항목 √(신청)체크 만으로 신청 처리 불가하므로 반드시 정부24 접속 > 세종시 출산축하금 별도 신청 필수",(민원인이 제출해야 하는 서류) 주민등록등초본(거주기간 확인) ※ 읍면동 행정복지센터 사정에 따라 제출서류 없이 담당자가 확인하여 처리,인구여성가족과,세종특별자치시 기획조정실,https://plus.gov.kr/,https://plus.gov.kr/,,2025-09-04 15:03:48,2026-01-01 00:00:00,2,온통청년_OPEN_API_getPlcy,전남,출생축하금 출산가정의 초기 양육 부담을 경감하고 아동양육에 대한 지자체에 대한 책임을 강화하여 저출산 완화에 기여하고자 함 바우처 육아 출산 복지
전남,46000,20250904005400211634,첫만남 이용권 지원,"출산,바우처,육아",출산가정의 초기 양육부담을 경감하고 아동양육에 대한 사회·국가 책임을 강화하여 청년들의 출산기피에 따른 저출산 완화에 기여하고자 함.,"□ 사업 개요 ○ (사업 근거) 「저출산·고령사회 기본법」제10조 (경제적 부담의 경감) ○ (사업 내용) ‘22.1.1이후 출생 아동에게 첫만남 이용권 첫째아 200만원, 둘째아 이상 300만원 지급하여 아동 양육에 따른 경제적 부담을 경감하고, 사회·국가 책임 강화 ○ (사업 대상) ‘22.1.1이후 출생아의 보호자 및 보호자의 대리인 ○ (추진 절차) (읍면동) 신청·접수 → (시군구) 지원결정 → (사회보장정보원) 바우처 생성·관리→(시군구) 대상자 관리",복지문화,취약계층 및 금융지원,복지,복지,,상시,0세~0세 / 연령제한:Y 0043001 0 0 0011009 0013010 0049010 0055003,0세~0세 / 연령제한:Y,0043001 0 0,오프라인 접수 : 읍면동 행정복지센터 온라인 접수 : 정부24-출산 관련 서비스 통합처리 신청(행복출산),"(민원인이 제출해야 하는 서류) - 신분증 ※ 대리신청시 위임장, 보호자 신분증 사본 제출, 대리인 신분증",보건복지부,인구여성가족과,https://www.gov.kr/mw/AA020InfoCappView.do?CappBizCD=17410000001&tp_seq=01,https://www.gov.kr/mw/AA020InfoCappView.do?CappBizCD=17410000001&tp_seq=01,,2025-09-04 14:53:16,2026-01-01 00:00:00,2,온통청년_OPEN_API_getPlcy,전남,첫만남 이용권 지원 출산가정의 초기 양육부담을 경감하고 아동양육에 대한 사회 국가 책임을 강화하여 청년들의 출산기피에 따른 저출산 완화에 기여하고자 함 출산 바우처 육아 복지
전남,46000,20250904005400211625,대학생 사이버보안 경진대회,보조금,대학생 사이버보안 역량 강화 및 인재 발굴·양성을 위해 매년 전세계 대학생을 대상으로 사이버보안 경진대회 개최,"사이버보안에 관심이 있는 학생에게 양질의 사이버보안 분야 문제 풀이(웹, 포렌식, 리버싱, 포너블, 트렌드 등 / CTF 방식) 기회 제공 경진대회 입상자에게 총 3,800만원의 상금 지급 (고급분야 총 7팀 3,200만원 / 초급분야 총 7팀 600만원) ※ 2025년 기준으로 추후 변경될 수 있음",교육,미래역량강화,"직무교육, 주거지원",직무교육,20250317 ~ 20250425,"별도 공고(市 누리집, 보도자료, 공문 등)","0세~0세 / 연령제한:Y 0043001 0 0 대학생(휴학생 포함)만 참가 가능 ※ 대학원생 참가 불가 0011009 0013010 0049006,0049007 0055003",0세~0세 / 연령제한:Y,0043001 0 0,핵테온 세종 누리집 참고,①대회 참가 신청서·서약서 ②대학(교) 재학(휴학)증명서 ※ 발급이 어려우면 지도교수 추천서 ③개인정보 수집·이용·제공 동의서 ※ 2025년 기준으로 추후 변경될 수 있음,정보통계담당관,세종특별자치시 기획조정실,https://hacktheon.org,https://hacktheon.org,,2025-09-04 11:16:52,2025-09-04 14:27:58,2,온통청년_OPEN_API_getPlcy,전남,대학생 사이버보안 경진대회 대학생 사이버보안 역량 강화 및 인재 발굴 양성을 위해 매년 전세계 대학생을 대상으로 사이버보안 경진대회 개최 보조금 직무교육
전남,46000,20250903005400211614,청년월세 지원사업,"주거지원,보조금",고금리·고물가 등으로 경제적 어려움을 겪는 청년층의 주거비 경감을 위해 청년이 실제 납부한 월세를 최대 20만원씩 최대 24개월간 지원,"○ (관련근거) 「청년기본법」제20조, 「주거기본법」제13조 ○ (사업기간) 2022년 8월 ~ 2027년 12월 ○ (지원내용) 실제 납부한 월세를 월 최대 20만원씩 최대 24개월 지원 - (대상연령) 19~34세 이하 부모님과 별도 거주하는 무주택 청년 - (지원요건) 청년가구 중위소득 60% 이하 & 재산 122백만원 이하이면서, 원가구 중위소득 100% 이하 & 재산 470만원 이하",주거,전월세 및 주거급여 지원,주거지원,주거지원,20240226 ~ 20250225,상시,"19세~34세 / 연령제한:N 0043003 0 0 중위소득 60% 이하 주택 소유자(분양권, 입주권 포함), 직계존속·형제·자매 등 2촌 이내 혈족(배우자의 2촌 이내 혈족 포함) 주택 임차, 공공주택특별법에 따른 공공임대주택(공무원임대주택 포함) 거주, 1실(방)에 다수가 거주하는 방식의 전대차인 경우(단, 1실에 다수가 거주하는 경우라도 임대인과 별도 임대차계약 체결 시 지원 가능), 국토부 또는 지자체 에서 시행하는 청년월세 지원 수혜 중인 자(수혜종료 후 신청 가능) 등 0011009 0013010 0049010 0055003",19세~34세 / 연령제한:N,0043003 0 0 중위소득 60% 이하,"(온라인)복지로, (방문신청)세종시청 청년정책담당관실 ※ 복지로 온라인신청 경로: 복지로 로그인 > 서비스 신청 > 복지서비스 신청 > 복지급여 신청 > 기타 > 청년월세 한시 특별지원","임대차계약서, 월세이체 증빙서류(최근3개월), 통장사본, 청약통장사본, 가족관계증명서(상세-주민등록번호 전부공개, 본인·부·모기준 각 1부씩) 등",청년정책담당관,세종특별자치시 기획조정실,https://www.bokjiro.go.kr/ssis-tbu/twataa/wlfareInfo/moveTWAT52011M.do?wlfareInfoId=WLF00004661,https://www.bokjiro.go.kr/ssis-tbu/twataa/wlfareInfo/moveTWAT52011M.do?wlfareInfoId=WLF00004661,,2025-09-03 17:08:10,2025-09-03 17:46:21,2,온통청년_OPEN_API_getPlcy,전남,청년월세 지원사업 고금리 고물가 등으로 경제적 어려움을 겪는 청년층의 주거비 경감을 위해 청년이 실제 납부한 월세를 최대 20만원씩 최대 24개월간 지원 주거지원 보조금 주거지원
전남,46000,20250903005400211608,기초청년 주거급여(임차급여),"보조금,주거지원","주거급여 수급가구원 중 취학, 구직 등을 목적으로 부모와 따로 거주하는 미혼청년(19세 이상 30세 미만)에게 별도 주거급여를 지급하여 주거안정과 자립 도모","○ (관련근거) 「국민기초생활보장법」제11조(주거급여), 「주거급여법」제7조의2(주거급여의 분리 지급) ○ (사업기간) 2021년 ~ 계속 ○ (지원내용) 청년 주소지 기준임대료 상한으로 실제임차료 지급 - (대상연령) 임차 또는 자가가구 내 만19세~30세 미만 미혼 청년 ※ 청년가구원 연령 기준: 만 19세가 되는 해에 1월 1일을 맞이한 사람을 포함하고, 지급이 제외되는 만 30세의 경우에는 출생월을 적용 - (임차계약) 청년명의의 임대차계약을 체결하고 임차료를 지불하는 청년에게 지급(전입신고필수) - (지원인원 수) 동일 시·군내 거주하는 2명 이상의 청년은 1명만 분리지급을 인정하되 기숙사·사택 등에 거주하는 경우는 모두 인정 - (분리거주 공간적 기준) 주거급여 수급가구의 부모와 청년이 주민등록상 시·군을 달리하는 경우 인정하되, 동일 시·군이라도 보장기관이 인정하는 경우는 예외로 함 ○ (지원절차) ① 청년주거급여 신청 - 방문 신청(원가족 주소지 읍면동) / 온라인 신청(복지로 홈페이지) ② 주택조사 - 방문, 서류심사(LH) ③ 지원대상 조사 - 소득재산 등 자격요건 조사(시청 통합조사팀) ④ 보장결정 및 급여지급(시청 주택과)",주거,전월세 및 주거급여 지원,"일자리, 주거지원, 복지",일자리,,상시,19세~30세 / 연령제한:N 0043003 0 0 가구원수별 소득인정액 선정기준 이내 임차급여 또는 수선유지급여를 지급받는 수급자의 미혼 청년가구원이어야 함 0011009 0013010 0049010 0055002,19세~30세 / 연령제한:N,0043003 0 0 가구원수별 소득인정액 선정기준 이내,"- 신청권자 : 주거급여 수급가구의 가구원, 친족, 기타 관계인, 담당 공무원 ※ 대리신청도 가능하나 위임장 필요, 담당 공무원 직권신청은 수급권자 동의 필요 - 신청방법 : 방문 신청(수급가구 내 가구주(부모)가 거주하는 읍·면·동 행정복지센터) 또는 온라인 신청(복지로(www.bokjiro.go.kr))","- 사회보장급여 제공(변경) 신청서(신청인의 신분증 지참) - 청년 주거급여 분리지급 신청서 - 임차(전대차)가구임을 증빙할 수 있는 서류 - 최근 3개월 내 임차료 증빙 서류 - 통장사본 ※ 대리신청시 위임장, 수급권자의 신분증 사본 및 대리인 신분증 지참",주택과,세종특별자치시 기획조정실,https://www.bokjiro.go.kr/,https://www.bokjiro.go.kr/,,2025-09-03 16:04:28,2026-01-01 00:00:00,2,온통청년_OPEN_API_getPlcy,전남,기초청년 주거급여 임차급여 주거급여 수급가구원 중 취학 구직 등을 목적으로 부모와 따로 거주하는 미혼청년 19세 이상 30세 미만 에게 별도 주거급여를 지급하여 주거안정과 자립 도모 보조금 주거지원 일자리
전남,46000,20250903005400211606,청년취업박람회,"교육지원,장기미취업청년",노동시장 진입 준비 중인 청년의 역량 강화를 위한 교육 및 컨설팅 운영,"○ 우수한 지역 중견‧중소기업과 청년 간 만남의 장을 제공하여 상호 간 이해도 제고 및 일자리 미스매치 해소 - (온라인 취업박람회) 세종 종합 일자리 플랫폼을 통해 온라인 채용관을 운영하여 현장박람회 안내 및 실시간 접수 진행 - (현장 취업박람회) 기업별 상담‧채용관, 컨설팅, 기업 및 일자리 기관 홍보 등 현장 행사 운영을 통한 구인-구직 매칭의 장 제공",일자리,취업,"일자리, 직무교육, 복지",일자리,20250701 ~ 20251130,(온라인박람회) 2025. 7. 1. ~ 2025. 11. 30. / (현장박람회) 2025. 11. 6,19세~39세 / 연령제한:N 0043001 0 0 0011009 0013010 0049010 0055003,19세~39세 / 연령제한:N,0043001 0 0,,,기업지원과,재단법인세종일자리경제진흥원,,http://www.jobaram.com,,2025-09-03 15:40:17,2025-09-03 17:40:30,2,온통청년_OPEN_API_getPlcy,전남,청년취업박람회 노동시장 진입 준비 중인 청년의 역량 강화를 위한 교육 및 컨설팅 운영 교육지원 장기미취업청년 일자리
전남,46000,20250903005400211605,"구인‧구직만남의 날, 찾아가는 일자리상담소 운영","장기미취업청년,교육지원",-구인‧구직만남의 날 운영을 통해 기업과 구직자에게 현장 면접의 기회 제공 -찾아가는 일자리상담소 운영으로 구직자가 있은 곳으로 찾아가 1:1 취업상담,(구인‧구직만남의날) 기업의 채용희망 인원을 모집하여 구직자와의 현장 면접의 기회 제공 (찾아가는 일자리상담소) 직업상담사가 관내 구직자가 있는 곳에 찾아가 1:1 상담 진행,일자리,취업,"일자리, 직무교육, 복지",일자리,,20250101 ~ 20251231,0세~0세 / 연령제한:Y 0043001 0 0 0011009 0013010 0049010 0055003,0세~0세 / 연령제한:Y,0043001 0 0,"- 일자리지원센터 ☎044-251-3239, 3242(고용복지플러스센터) - 일자리지원센터 ☎044-251-3230, 3241(세종시청민원실) - 유선으로 상담신청","- (기업) 구인신청서, 채용담당자 신원확인 서류, 사업자등록증 등 - (구직자) 구직신청서, 신분증",기업지원과,재단법인세종일자리경제진흥원,,https://sjepa.or.kr/page/sub4_2,,2025-09-03 15:24:51,2026-01-01 00:00:00,2,온통청년_OPEN_API_getPlcy,전남,구인 구직만남의 날 찾아가는 일자리상담소 운영 구인 구직만남의 날 운영을 통해 기업과 구직자에게 현장 면접의 기회 제공 찾아가는 일자리상담소 운영으로 구직자가 있은 곳으로 찾아가 1 1 취업상담 장기미취업청년 교육지원 일자리
전남,46000,20250902005400211588,청년 지역정착 통합 플랫폼 구축,교육지원,"청년 생활인구 유입 프로그램 및 지역청년 역량강화, 네트워크 활성화 프로그램 등 청년대상 각종 프로그램 운영","ㅇ (모집기간): 프로그램 별 상이 ㅇ (신청방법) 온라인 신청 ㅇ (사업대상) 관내·외 청년(19세 이상 45세 이하) ㅇ (사업내용) ①청년 생활인구 유입 ②청년 교류 활성화 ③청년 역량강화 프로그램 운영 ①청년 생활인구 유입: 청년연구자 의성살아보기, 청년예술가 의성살아보기 ②청년 교류 활성화: 청년합창단, 청년동아리, 잇는살롱 등 ③청년 역량강화 프로그램 운영: 청년창업가 컨설팅, 청년삶담소, 청년 역량강화 과정 등",복지문화,문화활동,"직무교육, 창업지원, 복지, 참여 프로그램",직무교육,,20250301 ~ 20251231,19세~45세 / 연령제한:N 0043001 0 0 0011009 0013010 0049010 0055003,19세~45세 / 연령제한:N,0043001 0 0,,,의성군,경상북도 의성군 관광복지국,,https://www.usc.go.kr/youth/page.do?cmd=258&bod_uid=131109&srchEnable=1&srchSDate=&initDay=&srchKwd=&srchColumn=&listType=&initYear=&srchVote=-1&initMonth=&pageNo=&srchBgpUid=-1&srchEDate=&mnu_uid=2013&,,2025-09-02 21:27:34,2026-01-01 00:00:00,2,온통청년_OPEN_API_getPlcy,전남,청년 지역정착 통합 플랫폼 구축 청년 생활인구 유입 프로그램 및 지역청년 역량강화 네트워크 활성화 프로그램 등 청년대상 각종 프로그램 운영 교육지원 직무교육
전남,46000,20250902005400211587,청년개발자 해커톤 대회 및 컨퍼런스 개최,교육지원,청년 IT 개발자 대상 지역 청년정책 홍보 및 유입경로 마련을 위한 경진대회 및 컨퍼런스 개최,ㅇ (대상) 청년 IT 개발자(17세 이상 39세 이하) ㅇ (주요내용) 청년 IT 개발자 대상 지역 청년정책 홍보 및 유입경로 마련을 위한 경진대회 및 컨퍼런스 개최 ㅇ (모집기간) 프로그램 별 상이 - 청년개발자 경진대회: 2025. 6. 27.(금) ~ 6. 29.(일) [무박3일] - 청년개발자 컨퍼런스: 2025. 8. 18.(월) ~ 8. 19.(화) ㅇ (신청방법) 온라인 신청 ㅇ (사업위치) 의성읍 일원 ㅇ (사업대상) 관내·외 청년 및 관내 청소년 ㅇ (사업내용) 청년 생활인구 유입을 위한 IT개발자 대상 프로그램 운영 - 청년개발자 경진대회: 지역문제해결을 위한 S/W 개발 경진대회 개최 - 청년개발자 컨퍼런스: 로컬 청년개발자 간 네트워킹 및 IT분야 전문 발제 등 컨퍼런스 개최,참여권리,청년참여,"직무교육, 참여 프로그램",직무교육,,프로그램 별 상이 ※담당부서 문의,17세~39세 / 연령제한:N 0043001 0 0 0011009 0013010 0049010 0055003,17세~39세 / 연령제한:N,0043001 0 0,,,의성군,경상북도 의성군 관광복지국,,https://www.usc.go.kr/ko/page.do?cmd=258&bod_uid=132167&srchEnable=1&srchSDate=&initDay=&srchKwd=&srchColumn=&listType=&initYear=&srchVote=-1&initMonth=&pageNo=&srchBgpUid=-1&srchEDate=&mnu_uid=156&,https://www.usc.go.kr/youth/page.do?cmd=258&bod_uid=134989&srchEnable=1&srchSDate=&initDay=&srchKwd=&srchColumn=&listType=&initYear=&srchVote=-1&initMonth=&pageNo=&srchBgpUid=-1&srchEDate=&mnu_uid=2028&,2025-09-02 21:20:49,2025-09-04 17:12:42,2,온통청년_OPEN_API_getPlcy,전남,청년개발자 해커톤 대회 및 컨퍼런스 개최 청년 IT 개발자 대상 지역 청년정책 홍보 및 유입경로 마련을 위한 경진대회 및 컨퍼런스 개최 교육지원 직무교육
전남,46000,20250902005400211585,청년인큐베이팅공유공간운영,교육지원,ㅇ (목적) 창업초기 청년 인큐베이팅 지원 ㅇ (대상) 예비창업청년 ㅇ (주요내용) 청년팝업스토어 및 교육공간 운영 ㅇ (전달체계) 군-위탁단체-지역청년,ㅇ (목적) 창업초기 청년 인큐베이팅 지원 ㅇ (대상) 예비창업청년 ㅇ (주요내용) 청년팝업스토어 및 교육공간 운영 ㅇ (전달체계) 군-위탁단체-지역청년,복지문화,문화활동,"직무교육, 창업지원, 복지",직무교육,,상시,19세~45세 / 연령제한:N 0043001 0 0 0011009 0013010 0049010 0055003,19세~45세 / 연령제한:N,0043001 0 0,,,관광복지국,경상북도 의성군 관광복지국,,www.usc.go.kr,,2025-09-02 17:03:46,2026-01-01 00:00:00,2,온통청년_OPEN_API_getPlcy,전남,청년인큐베이팅공유공간운영 목적 창업초기 청년 인큐베이팅 지원 대상 예비창업청년 주요내용 청년팝업스토어 및 교육공간 운영 전달체계 군 위탁단체 지역청년 교육지원 직무교육
전남,46000,20250902005400211582,의성푸드빌리지운영,교육지원,ㅇ (목적) 지역내 청년의 창업지원 역량 및 전문성 강화를 위한 청년외식창업공동체 공간 운영 ㅇ (대상) 지역 청년 ㅇ (주요내용) 운영단체 교육·컨설팅 지원 ㅇ (전달체계) 군-위탁단체-지역청년,ㅇ (목적) 지역내 청년의 창업지원 역량 및 전문성 강화를 위한 청년외식창업공동체 공간 운영 ㅇ (대상) 지역 청년 ㅇ (주요내용) 운영단체 교육·컨설팅 지원 ㅇ (전달체계) 군-위탁단체-지역청년,복지문화,문화활동,"직무교육, 창업지원, 복지",직무교육,,상시,0세~0세 / 연령제한:Y 0043001 0 0 0011009 0013010 0049010 0055003,0세~0세 / 연령제한:Y,0043001 0 0,,,관광복지국,경상북도 의성군 관광복지국,,www.usc.go.kr,,2025-09-02 16:59:56,2026-01-01 00:00:00,2,온통청년_OPEN_API_getPlcy,전남,의성푸드빌리지운영 목적 지역내 청년의 창업지원 역량 및 전문성 강화를 위한 청년외식창업공동체 공간 운영 대상 지역 청년 주요내용 운영단체 교육 컨설팅 지원 전달체계 군 위탁단체 지역청년 교육지원 직무교육
전남,46000,20250902005400211581,청년시설활성화프로젝트,"주거지원,교육지원",ㅇ (목적)생활인구 유입을 통한 청년시설 이용 확대 ㅇ (대상) 관내 청년시설 7개소 ㅇ (주요내용)자생 비즈니스를 수행할 수 있는 시스템 구축 ㅇ (전달체계) 군-위탁단체-지역청년,ㅇ (목적)생활인구 유입을 통한 청년시설 이용 확대 ㅇ (대상) 관내 청년시설 7개소 ㅇ (주요내용)자생 비즈니스를 수행할 수 있는 시스템 구축 ㅇ (전달체계) 군-위탁단체-지역청년,복지문화,문화활동,"직무교육, 주거지원, 복지",직무교육,,상시,19세~45세 / 연령제한:N 0043001 0 0 0011009 0013010 0049010 0055003,19세~45세 / 연령제한:N,0043001 0 0,,,관광복지국,경상북도 의성군 관광복지국,,www.usc.go.kr,,2025-09-02 16:57:46,2026-01-01 00:00:00,2,온통청년_OPEN_API_getPlcy,전남,청년시설활성화프로젝트 목적 생활인구 유입을 통한 청년시설 이용 확대 대상 관내 청년시설 7개소 주요내용 자생 비즈니스를 수행할 수 있는 시스템 구축 전달체계 군 위탁단체 지역청년 주거지원 교육지원 직무교육
전남,46000,20250902005400211579,이웃사촌시범마을시설운영 (금수장및청년주거지등),주거지원,ㅇ (목적) 유입초기 청년 주거 지원 ㅇ (대상) 지역 청년 ㅇ (주요내용) 청년 주거지 및 워케이션 공간 지원 ㅇ (전달체계) 군-위탁단체-지역청년,ㅇ (목적) 유입초기 청년 주거 지원 ㅇ (대상) 지역 청년 ㅇ (주요내용) 청년 주거지 및 워케이션 공간 지원 ㅇ (전달체계) 군-위탁단체-지역청년,주거,주택 및 거주지,주거지원,주거지원,,공실 발생 시,19세~45세 / 연령제한:N 0043001 0 0 0011009 0013010 0049010 0055003,19세~45세 / 연령제한:N,0043001 0 0,,,관광복지국,경상북도 의성군 관광복지국,,www.usc.go.kr,,2025-09-02 16:54:31,2026-01-01 00:00:00,2,온통청년_OPEN_API_getPlcy,전남,이웃사촌시범마을시설운영 금수장및청년주거지등 목적 유입초기 청년 주거 지원 대상 지역 청년 주요내용 청년 주거지 및 워케이션 공간 지원 전달체계 군 위탁단체 지역청년 주거지원 주거지원
전남,46000,20250902005400211578,안계행복플랫폼청년창업점포운영,장기미취업청년,ㅇ (목적) 안계행복플랫폼 내 청년창업점포 입점자 운영 지원 ㅇ (대상) 지역 청년 ㅇ (주요내용) 청년창업점포 입점자 운영 지원 ㅇ (전달체계) 군-입주 청년,ㅇ (목적) 안계행복플랫폼 내 청년창업점포 입점자 운영 지원 ㅇ (대상) 지역 청년 ㅇ (주요내용) 청년창업점포 입점자 운영 지원 ㅇ (전달체계) 군-입주 청년,일자리,창업,"일자리, 창업지원",일자리,,공실 발생 시,19세~45세 / 연령제한:N 0043001 0 0 0011009 0013010 0049010 0055003,19세~45세 / 연령제한:N,0043001 0 0,,,의성군,경상북도 의성군 관광복지국,,www.usc.go.kr,,2025-09-02 16:52:57,2026-01-01 00:00:00,2,온통청년_OPEN_API_getPlcy,전남,안계행복플랫폼청년창업점포운영 목적 안계행복플랫폼 내 청년창업점포 입점자 운영 지원 대상 지역 청년 주요내용 청년창업점포 입점자 운영 지원 전달체계 군 입주 청년 장기미취업청년 일자리
전남,46000,20250902005400211577,창업허브센터운영,"장기미취업청년,주거지원","ㅇ (목적) 창업과 주거, 일자리를 통합시킨 허브센터 운영 ㅇ (대상) 지역 청년 ㅇ (주요내용) 입주자 대상 사무실 및 주거공간 지원 ㅇ (전달체계) 군-입주 청년","ㅇ (목적) 창업과 주거, 일자리를 통합시킨 허브센터 운영 ㅇ (대상) 지역 청년 ㅇ (주요내용) 입주자 대상 사무실 및 주거공간 지원 ㅇ (전달체계) 군-입주 청년",일자리,창업,"일자리, 주거지원, 창업지원",일자리,,상시,19세~45세 / 연령제한:N 0043001 0 0 0011009 0013010 0049010 0055003,19세~45세 / 연령제한:N,0043001 0 0,,,관광복지국,경상북도 의성군 관광복지국,,www.usc.go.kr,,2025-09-02 16:50:11,2026-01-01 00:00:00,2,온통청년_OPEN_API_getPlcy,전남,창업허브센터운영 목적 창업과 주거 일자리를 통합시킨 허브센터 운영 대상 지역 청년 주요내용 입주자 대상 사무실 및 주거공간 지원 전달체계 군 입주 청년 장기미취업청년 주거지원 일자리
전남,46000,20250901005400211555,청년창업 지역정착 지원사업,보조금,청년 1인당 사업화 자금 및 활동비 최대 2년간 지원,"󰏅 사업목적 : 청년의 지역유입과 정착을 통해 일자리창출과 지역활력 촉진 󰏅 사업대상 : 19세 ~ 39세 이하 전국 청년 (관외청년대상, 부부커플 우대) 󰏅 지원내용 : 청년 1인당 사업화자금 및 활동비 최대 2년간 지원 󰏅 운영기관 : (재)경상북도경제진흥원(道 지정 운영기관) 󰏅 사 업 비 : 50백만원(도비 15백만원 군비35백만원)",일자리,창업,"일자리, 창업지원",일자리,20250301 ~ 20250408,20250301 ~ 20251231,19세~39세 / 연령제한:N 0043001 0 0 경상북도내 청년 신청불가 0011009 0013006 0049010 0055003,19세~39세 / 연령제한:N,0043001 0 0,참여자 모집기간 중 경상북도경제진흥원 내 모집공고에 기재된 메일로 신청서류 제출,,예천군,(재)경상북도경제진흥원,https://www.gepa.kr/,,,2025-09-01 11:15:59,2025-09-01 13:07:59,2,온통청년_OPEN_API_getPlcy,전남,청년창업 지역정착 지원사업 청년 1인당 사업화 자금 및 활동비 최대 2년간 지원 보조금 일자리
전남,46000,20250901005400211550,청년자립마을 활성화 지원사업,보조금,지방소멸 위기 극복을 위해 도내외 청년 정착지원과 외부청년 유입 및 청년의 지역사회 참여 활성화로 지역 활력 회복에 기여,"ㅇ (목적) 지방소멸 위기 극복을 위해 도내외 청년 정착지원과 외부청년 유입 및 청년의 지역사회 참여 활성화로 지역 활력 회복에 기여 ㅇ (대상) 청년마을 3개소, 청년 ㅇ (주요내용) 청년 역량강화(지역정착 프로그램 수행 및 맞춤형 멘토링), 유휴공간 재생 통한 지역 활력 증진 ㅇ (전달체계) 시군보조",참여권리,청년참여,"직무교육, 참여 프로그램",직무교육,,20250401 ~ 20251231,19세~49세 / 연령제한:N 0043001 0 0 0011009 0013010 0049010 0055003,19세~49세 / 연령제한:N,0043001 0 0,매월 예천군 홈페이지 및 생텀마을 인스타그램을 통해 지역살이 프로그램 참여 신청 가능,,예천군,경상북도 예천군,,,,2025-09-01 11:00:51,2026-01-01 00:00:00,2,온통청년_OPEN_API_getPlcy,전남,청년자립마을 활성화 지원사업 지방소멸 위기 극복을 위해 도내외 청년 정착지원과 외부청년 유입 및 청년의 지역사회 참여 활성화로 지역 활력 회복에 기여 보조금 직무교육
전남,46000,20250829005400211539,2025년 경북 K-로컬창업스쿨 운영사업,보조금,"전국 우수 예비창업가 발굴하여 지역자원조사, 교육, 멘토링, 전문가 자문 등의 맞춤형, 단계별 창업 지원을 통한 지역 혁신가형 창업가 육성",단계별 심사를 통한 지역자원조사(팀당 4백만원 지원)-시제품개발(팀당 최대15백만원 지원)-창업지원(팀당 최대50백만원) 맞춤형 지원,일자리,창업,"일자리, 직무교육, 창업지원, 참여 프로그램",일자리,20250312 ~ 20250414,20250101 ~ 20251231,19세~39세 / 연령제한:N 0043001 0 0 0011009 0013006 0049010 0055003,19세~39세 / 연령제한:N,0043001 0 0,,,경상북도,(재)경상북도경제진흥원,,,,2025-08-29 17:31:13,2025-08-29 17:48:28,2,온통청년_OPEN_API_getPlcy,전남,2025년 경북 K 로컬창업스쿨 운영사업 전국 우수 예비창업가 발굴하여 지역자원조사 교육 멘토링 전문가 자문 등의 맞춤형 단계별 창업 지원을 통한 지역 혁신가형 창업가 육성 보조금 일자리
전남,46000,20250829005400211538,2025년 경북 청년창업 지역정착 지원사업,보조금,전국 청년 창업 아이디어의 지역 사업화 지원을 통해 지방소멸 위기 극복과 지역활력 촉진 도모,"최대 2년간 연간 20백만원 창업활동비(사업화자금) 지원 및 교육, 컨설팅 등 맞춤지원",일자리,창업,"일자리, 직무교육, 창업지원",일자리,20250310 ~ 20250813,20250101 ~ 20251231,"19세~39세 / 연령제한:N 0043001 0 0 경북지역 청년은 외지 청년과 팀을 이룰 경우 사업 신청 가능 0011009 0013003,0013006 0049010 0055003",19세~39세 / 연령제한:N,0043001 0 0,,,경상북도,(재)경상북도경제진흥원,,,,2025-08-29 17:18:39,2025-08-29 17:48:12,2,온통청년_OPEN_API_getPlcy,전남,2025년 경북 청년창업 지역정착 지원사업 전국 청년 창업 아이디어의 지역 사업화 지원을 통해 지방소멸 위기 극복과 지역활력 촉진 도모 보조금 일자리
전남,46000,20250829005400211533,2025년 경북청춘 창업드림 지원사업,"중소기업,보조금",청년 아이디어 창업지원과 추가 청년채용에 따른 인센티브 지원으로 지역사회 청년유입과 자립기반 마련을 통해 인구감소지역 지방소멸 방지 및 지역공동체 회복 기여,(1~2년차) 인구감소지역 내 창업아이디어 창업 사업화 지원(연간 20백만원/1인) (3년차) 청년 추가채용 시 인건비 지원(연간 24백만원/1인),일자리,창업,"일자리, 창업지원",일자리,20240101 ~ 20241231,"2025년 연중(신청기간 종료, 2024년 1~2년차 사업화지원 종료, 2025년 현재 사업화완료기업 별도 추가채용 인센티브 지원 중)","19세~39세 / 연령제한:N 0043001 0 0 0011009 0013003,0013006 0049010 0055003",19세~39세 / 연령제한:N,0043001 0 0,,,경상북도,(재)경상북도경제진흥원,,,,2025-08-29 15:46:02,2025-08-29 17:46:01,2,온통청년_OPEN_API_getPlcy,전남,2025년 경북청춘 창업드림 지원사업 청년 아이디어 창업지원과 추가 청년채용에 따른 인센티브 지원으로 지역사회 청년유입과 자립기반 마련을 통해 인구감소지역 지방소멸 방지 및 지역공동체 회복 기여 중소기업 보조금 일자리
전남,46000,20250829005400211531,청년예술 창업특구 조성사업,보조금,"예술분야 예비 창업자 창업지원, 정착기반 마련","ㅇ (목적) 청년층의 지역 유입과 정착 기반 마련 ㅇ (기간) 2025. 2 ~ 12 * 2025년도 사업대상자 5명 선정완료 사업 시행중 ㅇ (대상) 예술분야 예비 창업자 19 ~ 39세 청년(개인 or 팀) ㅇ (주요내용) 참여자(개인, 팀)당 최대 25백만원까지 지원",일자리,창업,"일자리, 창업지원, 참여 프로그램",일자리,20250414 ~ 20250422,20250301 ~ 20251231,19세~39세 / 연령제한:N 0043001 0 0 0011009 0013006 0049010 0055003,19세~39세 / 연령제한:N,0043001 0 0,공고기간 : 2025. 3. 31.(월) ~ 4. 22.(화) 접 수 : 2025. 4. 14.(월) ~ 4. 22.(화) -접수기간 내 이메일을 통한 온라인접수,참여신청서 및 사업계획서 1부 신분증 사본 1부(팀원 전원) 개인 및 기업정보 수집 동의서 1부,미래교육돌봄국,재단법인대구경북디자인진흥원,,,,2025-08-29 11:31:44,2025-08-29 15:05:30,2,온통청년_OPEN_API_getPlcy,전남,청년예술 창업특구 조성사업 예술분야 예비 창업자 창업지원 정착기반 마련 보조금 일자리
전남,46000,20250827005400211523,제3회 은평청년축제 개최,보조금,청년의 날을 기념하여 청년들이 직접 기획하고 구민 모두가 참여하는 축제를 개최,김태호 PD 특별강연 일시 : 2025. 9. 18.(목) 19:00 장소 : 은평문화예술회관 공연장 대상 : 남녀노소 누구나 선착순 500명,복지문화,문화활동,"복지, 참여 프로그램",복지,20250918 ~ 20250918,20250918 ~ 20250918,0세~0세 / 연령제한:Y 0043001 0 0 0011009 0013010 0049010 0055003,0세~0세 / 연령제한:Y,0043001 0 0,온라인 신청 폼 제출,,은평구,서울특별시 은평구,https://answer.moaform.com/answers/MGxN0V,,,2025-08-27 11:10:18,2025-08-27 13:18:28,2,온통청년_OPEN_API_getPlcy,전남,제3회 은평청년축제 개최 청년의 날을 기념하여 청년들이 직접 기획하고 구민 모두가 참여하는 축제를 개최 보조금 복지
전남,46000,20250827005400211522,제3회 은평청년축제(부제 : 아무도 모르는 축제) 개최,보조금,청년의 날을 기념하여 청년들이 직접 기획하고 구민 모두가 참여하는 축제를 개최,"청년의 날 기념식, 추리게임 부스, 초청공연, 부대행사 등 일시 : 2025. 9. 13.(토) 14:00~19:00 장소 : 구파발 폭포 만남의 광장 대상 : 청년 및 남녀노소 누구나",복지문화,문화활동,"복지, 참여 프로그램",복지,20250913 ~ 20250913,20250913 ~ 20250913,0세~0세 / 연령제한:Y 0043001 0 0 0011009 0013010 0049010 0055003,0세~0세 / 연령제한:Y,0043001 0 0,,,은평구,서울특별시 은평구,https://www.instagram.com/ep3_festival/,,,2025-08-27 10:58:17,2025-08-27 13:17:59,2,온통청년_OPEN_API_getPlcy,전남,제3회 은평청년축제 부제 아무도 모르는 축제 개최 청년의 날을 기념하여 청년들이 직접 기획하고 구민 모두가 참여하는 축제를 개최 보조금 복지
전남,46000,20250822005400211521,신월지역 청년점포 및 청년기업 육성사업 참여자 추가모집 공고,보조금,"청년 실업 해소와 지역상권 활성화를 위한 창업지원 정책으로, 창업을 준비하는 청년의 초기 창업비용 일부 지원","※ 자부담금 필수 - 임차료 지원 : 협약체결일로부터 1년 동안 월 임차료의 50% 범위 안에서 최대 100만원 - 홍보비 지원 : 홍보 비용의 50% 범위 안에서 신규창업자 최대 50만원, 초기창업자 최대 100만원 - 리모델링비 지원 : 신규창업자에 한해 지원하며, 리모델링 비용의 50% 범위 안에서 최대 1,000만원 - 창업 기본교육(창업절차, 상권분석 등) 및 안정적인 정착을 위한 컨설팅 기회 제공",일자리,창업,"일자리, 직무교육, 주거지원, 창업지원, 참여 프로그램",일자리,20250825 ~ 20250905,선정일로부터 1년간 지원,19세~39세 / 연령제한:N 0043001 0 0 0011009 0013006 0049010 0055003,19세~39세 / 연령제한:N,0043001 0 0,담당자 이메일 신청(lisa17@yangcheon.go.kr),※ 제출서류 등 자세한 내용은 양천구청 홈페이지 공지사항 및 고시공고 참고,양천구,서울특별시 양천구 행정지원국,,https://www.yangcheon.go.kr/site/yangcheon/ex/seol/seolContentDeailView.do?not_ancmt_mgt_no=44446,,2025-08-22 17:35:32,2025-08-26 14:26:40,2,온통청년_OPEN_API_getPlcy,전남,신월지역 청년점포 및 청년기업 육성사업 참여자 추가모집 공고 청년 실업 해소와 지역상권 활성화를 위한 창업지원 정책으로 창업을 준비하는 청년의 초기 창업비용 일부 지원 보조금 일자리
전남,46000,20250720005400211468,전라남도 청년의 목소리 운영,맞춤형상담서비스,"정책제안, 네트워크 등 청년의 정책 참여기회 확대",청년정책 참여기회 제공으로 맞춤형 청년정책 발굴,참여권리,청년참여,"복지, 참여 프로그램",복지,20250609 ~ 20250629,위촉일로부터 2년,"18세~45세 / 연령제한:N 0043001 0 0 시·군 추천의 경우 해당 시·군 조례에서 정한 청년 나이까지 신청가능 ▸ 전라남도 외 타 지역의 청년정책 활동을 목적으로 하는 자 ▸ 제5~6기 청년의 목소리 위원으로 연임한 자 ▸ 특정정당 및 후보의 지지, 지원 등 선거활동을 목적으로 하는 자 ▸ 특정 개인 또는 단체의 이익이나 영리를 목적으로 하는 자 ▸ 감사원·검·경 등 조사·수사개시, 기소, 민·행사재판 계류된 자 ▸ 물의 야기 등 청년의 목소리 위원으로 합당치 않다고 판단되는 자 0011009 0013010 0049010 0055003",18세~45세 / 연령제한:N,0043001 0 0,(시⋅군 추천) 시장⋅군수 명의 공문 신청 (공 개 모 집) 이메일 신청,- (필수) 지원 신청서 1부(서식1). - (필수) 자기소개서 1부(서식2). - (필수) 개인정보 수집·이용 동의서 1부(서식3) - (필수) 지원자격 증빙자료 1부 ⋅ 전라남도에 주민등록을 둔 경우 ☞ 주민등록 초본 ⋅ 전라남도 소재 학교에 소속된 경우 ☞ 재학·휴학·졸업증명서 ⋅ 전라남도 소재 기업 등에 소속된 경우 ☞ 재직증명서·사업자등록증 ⋅ 전라남도 소재 단체에서 활동 중인 경우 ☞ 단체 및 활동증명서 등 - (선택) 임원 입후보 신청서 1부. - (선택) 기타 증빙자료,전라남도,전라남도,,,,2025-07-20 19:13:42,2025-07-21 11:20:40,2,온통청년_OPEN_API_getPlcy,전남,전라남도 청년의 목소리 운영 정책제안 네트워크 등 청년의 정책 참여기회 확대 맞춤형상담서비스 복지
전남,46000,20250718005400211413,전북특별자치도장학숙 인재육성 장학금,보조금,"전북사랑 장학금, SOS 장학금, 지역정착 장학금, 희망장학금, 미래인재특기 장학금 등","특수학급 재학 고등학생, 긴급구호가정 대상 학생, 타지역 출신 도내 소재 대학교 재학생 등 장학금 지원",교육,미래역량강화,직무교육,직무교육,,장학금 종류에 따라 상이,"0세~0세 / 연령제한:Y 0043001 0 0 장학금 종류에 따라 상이, 전북특별자치도평생교육장학진흥원 홈페이지 참고 0011009 0013010 0049010 0055003",0세~0세 / 연령제한:Y,0043001 0 0,"전북특별자치도평생교육장학진흥원 홈페이지 온라인 신청, 기관 추천 등","1.재학증명서, 2.수상실적 증빙자료, 3.주민등록등본 4.생활정도확인서류(건강보험료납부확인서, 수급자증명서 등 해당서류), 5.개인정보활용동의서 등",재단법인전북특별자치도평생교육장학진흥원,전북특별자치도,,https://www.jbiles.or.kr/,,2025-07-18 13:46:04,2026-01-01 00:00:00,2,온통청년_OPEN_API_getPlcy,전남,전북특별자치도장학숙 인재육성 장학금 전북사랑 장학금 SOS 장학금 지역정착 장학금 희망장학금 미래인재특기 장학금 등 보조금 직무교육
전남,46000,20250718005400211383,공공임대주택 공급,공공임대주택,"사회초년생, 대학생, 신혼부부 등 주거안정을 위한 공공주택 공급","사회초년생, 대학생, 신혼부부 등을 대상으로 공공주택 공급 확대를 통한 주거비 부담 완화로 무주택 서민의 주거안정 도모",주거,주택 및 거주지,주거지원,주거지원,,20250101 ~ 20251231,"0세~0세 / 연령제한:Y 0043003 0 0 모집 공고일 현재 무주택세대구성원(청년 및 혼인중이 아닌 경우로서 단독세대주로 입주하려는 고령자는 무주택자)으로서 자산, 소득 기준 및 입주자격 구분별 입주자격 충족 ❍ 입주대상: 입주자 모집공고일 현재 성년자인 무주택자 또는 무주택 구성원 - (일반공급) · 청년, 신혼부부·한부모(6세 이하 자녀 있는 경우), 고령자, 일반계층 · 기준 중위소득 150% 이하, 자산 및 자동차 기준 충족 - (우선공급) · 청년, 다자녀가구, 수급자, 신혼부부·한부모, 고령자, 장애인 등 여러계층 · 기준 중위소득 100% 이하, 자산 및 자동차 기준 충족 0011009 0013010 0049010 0055003",0세~0세 / 연령제한:Y,"0043003 0 0 모집 공고일 현재 무주택세대구성원(청년 및 혼인중이 아닌 경우로서 단독세대주로 입주하려는 고령자는 무주택자)으로서 자산, 소득 기준 및 입주자격 구분별 입주자격 충족",ㅇ 입주자공고 → 신청접수 → 자격검증 및 소명 → 당첨자 발표 → 계약체결 및 입주,"ㅇ 신청서류 - 본인 확인 서류(주민등록증, 운전면허증, 여권만 인정) 사본 제출 - 공급 신청서(모집 공고의 첨부 양식 작성 제출) - 개인정보 수집 이용 및 제3자 제공 동의서 · (대상자) 신청자를 포함한 세대구성원 전원 예비 신혼부부의 경우 혼인으로 구성될 세대구성원 전원",국토교통부,국토교통부,,www.jpdc.co.kr,https://apply.lh.or.kr,2025-07-18 09:47:33,2026-01-01 00:00:00,2,온통청년_OPEN_API_getPlcy,전남,공공임대주택 공급 사회초년생 대학생 신혼부부 등 주거안정을 위한 공공주택 공급 공공임대주택 주거지원
전남,46000,20250717005400211372,제주청년 갭이어 프로그램 운영,"교육지원,보조금,맞춤형상담서비스",도내외 청년에게 주체적 미래설계와 제주 정주 기회 제공,도내외 청년에게 주체적 미래설계와 제주 정주 기회 제공,참여권리,청년참여,"직무교육, 복지, 참여 프로그램",직무교육,20250514 ~ 20250608,20250509 ~ 20251108,19세~39세 / 연령제한:N 0043001 0 0 0011009 0013010 0049010 0055003,19세~39세 / 연령제한:N,0043001 0 0,,,기획조정실,제주특별자치도 기획조정실,,,,2025-07-17 17:57:47,2025-07-18 10:24:34,2,온통청년_OPEN_API_getPlcy,전남,제주청년 갭이어 프로그램 운영 도내외 청년에게 주체적 미래설계와 제주 정주 기회 제공 교육지원 보조금 맞춤형상담서비스 직무교육
전남,46000,20250717005400211361,네오플 제주아카데미 운영,교육지원,취업과 연계한 실무〮현장 중심의 인재양성 프로그램 운영,취업과 연계한 실무〮현장 중심의 인재양성 프로그램 운영,일자리,취업,"일자리, 직무교육",일자리,20251004 ~ 20251018,20250530 ~ 20260630,"0세~0세 / 연령제한:Y 0043001 0 0 -기졸업자 및 ‘26년 2월 졸업예정자 -인턴기간 동안 풀타임 근무가 가능한 분 -인턴십 종료 후 정규직 입사가 가능한 분 -병역필 또는 면제자로 해외여행에 결격 사유가 없는 분 0011009 0013010 0049006,0049007 0055003",0세~0세 / 연령제한:Y,0043001 0 0,,,기획조정실,(재)제주테크노파크,,,,2025-07-17 17:26:27,2025-07-18 11:19:42,2,온통청년_OPEN_API_getPlcy,전남,네오플 제주아카데미 운영 취업과 연계한 실무 현장 중심의 인재양성 프로그램 운영 교육지원 일자리
전남,46000,20250715005400211286,공공기관 청년고용의무제 운영,장기미취업청년,"지방공기업 청년고용의무제를 실시, 사장경영성과계약 이행실적 평가 시 평가하여 고용의무제 100% 달성 노력",지방공기업 정원의 100분의3 이상씩 청년 미취업자 고용,일자리,취업,일자리,일자리,20250901 ~ 20251031,20250101 ~ 20251231,"19세~34세 / 연령제한:N 0043001 0 0 만 19~34세 이하 취업준비생, 채용 공고 시 별도로 정하는 요건 만족(거주지등) 0011009 0013003 0049010 0055003",19세~34세 / 연령제한:N,0043001 0 0,,,기획조정실,충청남도개발공사,,https://www.cndc.kr/index.do,,2025-07-15 23:30:22,2025-07-17 10:03:08,2,온통청년_OPEN_API_getPlcy,전남,공공기관 청년고용의무제 운영 지방공기업 청년고용의무제를 실시 사장경영성과계약 이행실적 평가 시 평가하여 고용의무제 100 달성 노력 장기미취업청년 일자리
전남,46000,20250715005400211285,지방공기업 체험형 청년인턴 제도 운영,인턴,청년 대상 일자리 경험 제공 및 취업역량 강화,체혐형 청년인턴 제도 운영 (고용기간 4개월),일자리,취업,"일자리, 직무교육",일자리,20250513 ~ 20250525,20250101 ~ 20251231,"19세~34세 / 연령제한:N 0043001 0 0 청년(19~34세) 취업준비생, 채용 공고 시 별도로 정하는 요건 만족(거주지 등) 0011009 0013003 0049010 0055003",19세~34세 / 연령제한:N,0043001 0 0,,,기획조정실,충청남도개발공사,,https://www.cndc.kr/index.do,,2025-07-15 23:23:53,2025-07-17 09:45:01,2,온통청년_OPEN_API_getPlcy,전남,지방공기업 체험형 청년인턴 제도 운영 청년 대상 일자리 경험 제공 및 취업역량 강화 인턴 일자리
전남,46000,20250715005400211273,주택 안심계약 도움서비스 제공,주거지원,청년 등 안정적인 지역 정착과 주거복지 향상에 기여하기 위한 맞춤형 부동산 전문상담 및 집보기 동행서비스 제공,사회초년생 청년 등을 위한 주거 상담 「주택 안심 계약 도움 서비스」제공,주거,주택 및 거주지,"주거지원, 복지",주거지원,,20250101 ~ 20251231,19세~39세 / 연령제한:N 0043001 0 0 충청남도에 거주하거나 거주할 예정인 청년 등 0011009 0013010 0049010 0055003,19세~39세 / 연령제한:N,0043001 0 0,,,건설교통국,충청남도,,,,2025-07-15 21:58:36,2026-01-01 00:00:00,2,온통청년_OPEN_API_getPlcy,전남,주택 안심계약 도움서비스 제공 청년 등 안정적인 지역 정착과 주거복지 향상에 기여하기 위한 맞춤형 부동산 전문상담 및 집보기 동행서비스 제공 주거지원 주거지원
전남,46000,20250715005400211271,충남형 청년 한달살이 프로그램 운영,교육지원,- 청년들의 삶의 경로 탐색 및 확장을 통한 역량강화와 자기성장 유도 - 타 시도 청년을 대상으로 지역자원을 소개하고 문화체험 기회를 제공하여 지역정착과 관계인구 형성을 도모,"2~4주간 타 시도 청년들에게 충남에서의 주거, 생활, 일자리 체험 등을 제공하여 지역유입 및 정착 유도",참여권리,청년참여,"일자리, 직무교육, 주거지원, 복지, 참여 프로그램",일자리,,20250101 ~ 20251231,19세~39세 / 연령제한:N 0043001 0 0 충남에 살아보고 싶은 타 시도 만19~39세 이하 청년 0011009 0013010 0049010 0055003,19세~39세 / 연령제한:N,0043001 0 0,,,청년정책관,충청남도,,,,2025-07-15 21:47:51,2026-01-01 00:00:00,2,온통청년_OPEN_API_getPlcy,전남,충남형 청년 한달살이 프로그램 운영 청년들의 삶의 경로 탐색 및 확장을 통한 역량강화와 자기성장 유도 타 시도 청년을 대상으로 지역자원을 소개하고 문화체험 기회를 제공하여 지역정착과 관계인구 형성을 도모 교육지원 일자리
전남,46000,20250715005400211263,전국 청년 페스티벌 개최,교육지원,"- 전국의 청년들이 모여 재능과 끼를 펼칠 기회 제공 - 법정기념일인 청년의 날을 기념하여 청년들이 직접 기획하고, 참여하는 행사를 개최하여 청년 문제에 대한 공감대 형성",청년 관련 대표 주제를 설정하여 청년 정책 홍보 및 문화예술 기획행사 추진 등,복지문화,문화활동,"직무교육, 복지, 참여 프로그램",직무교육,,20250101 ~ 20251231,19세~39세 / 연령제한:N 0043001 0 0 0011009 0013010 0049010 0055003,19세~39세 / 연령제한:N,0043001 0 0,,,청년정책관,충청남도,https://youth.chungnam.go.kr,https://youth.chungnam.go.kr,https://www.instagram.com/peaktime_festival/,2025-07-15 21:21:45,2026-01-01 00:00:00,2,온통청년_OPEN_API_getPlcy,전남,전국 청년 페스티벌 개최 전국의 청년들이 모여 재능과 끼를 펼칠 기회 제공 법정기념일인 청년의 날을 기념하여 청년들이 직접 기획하고 참여하는 행사를 개최하여 청년 문제에 대한 공감대 형성 교육지원 직무교육
전남,46000,20250715005400211255,청년내일저축계좌 지원,"바우처,보조금",새로운 빈곤위험군으로 부상하고 있는 일하는 중간계층 청년이 사회에 안착할 수 있도록 자산형성 지원과 자립 촉진,"ㅇ 차상위 초과자(기준중위소득 50%~100%) - (연령) 만 19세 이상 ~ 만 34세 이하 - (소득) 월 50만원 초과 ~ 월 250만원 이하 - (지원액) 월 10만원 ㅇ 차상위 이하자(기준중위소득 50% 이하) - (연령) 만 15세 이상 ~ 만 39세 이하 - (소득) 월 10만원 이상 근로,사업소득 발생 - (지원액) 월 30만원",복지문화,취약계층 및 금융지원,"일자리, 복지",일자리,20250502 ~ 20250521,3년 만기,"15세~39세 / 연령제한:N 0043001 0 0 0011009 0013001,0013002,0013004,0013005,0013008,0013009 0049010 0055003",15세~39세 / 연령제한:N,0043001 0 0,복지로(www.bokjiro.go.kr) 온라인 신청 또는 읍면동 행정복지센터 방문 접수,,보건복지부,전북특별자치도,www.bokjiro.go.kr,,,2025-07-15 17:16:32,2025-07-15 17:35:48,2,온통청년_OPEN_API_getPlcy,전남,청년내일저축계좌 지원 새로운 빈곤위험군으로 부상하고 있는 일하는 중간계층 청년이 사회에 안착할 수 있도록 자산형성 지원과 자립 촉진 바우처 보조금 일자리
전남,46000,20250714005400111227,산림산업 창업지원_청년 임팩트 창업 아이디어 챌린지,"교육지원,맞춤형상담서비스,장기미취업청년",산림자원을 활용 기반의 산림 문제 해결형 사업 공모전 개최 및 실증 과정을 통한 청년 창업 경험 지원,"ㅇ 공모전명 : 2026 청년 林팩트 창업 아이디어 챌린지 ㅇ 주요내용 : 산림자원을 활용 기반의 산림 문제 해결형 사업 공모전 개최 및 실증 과정을 통한 청년 창업 경험 지원 ㅇ 일 정 : 2026.6.22.(월) ~ 6.23(화) / [참가신청: 5.20.(수)~6.3.(수)] ㅇ 공모대상 : 산림분야 창업에 관심있는 청년 * 공고일(2026.5.20.)기준 만19~39세 이하 ㅇ 시상내역 : 산림청장상, 한국임업진흥원장상 및 총350만원 상금 ㅇ 문의전화 : 공모전 운영사무국 (☎ 070-4481-8997) * 상세내용(장소 및 일정, 접수방법 등)은 안내문, 포스터 등 참조","일자리,일자리","취업,창업","일자리, 직무교육, 창업지원, 복지, 참여 프로그램",일자리,20260520 ~ 20260603,20260622 ~ 20260623,19세~39세 / 연령제한:N 0043001 0 0 산림창업에 관심있는 청년(만19세 ~ 39세) 누구나 0011009 0013010 0049010 0055003,19세~39세 / 연령제한:N,0043001 0 0,,1. 신청사이트 URL을 통하여 참가신청서 작성 2. 한국임업진흥원 누리집(www.kofpi.or.kr)의 ‘알림/홍보’ - ‘공지사항’ 메뉴 '청년 임팩트 창업 아이디어 챌린지' 게시판의 참가신청 큐알(QR) 코드 또는 링크(https://docs.google.com/forms/u/0/d/1-QTMyaKxeBcQvtNYkMlNIkhtZ-K1lxyVEBMDn9WsAuo/viewform?edit_requested=true) 제출,산림청,한국임업진흥원,https://docs.google.com/forms/u/0/d/1-QTMyaKxeBcQvtNYkMlNIkhtZ-K1lxyVEBMDn9WsAuo/viewform?edit_requested=true,www.kofpi.or.kr,,2025-07-14 22:19:33,2026-05-29 11:08:25,2,온통청년_OPEN_API_getPlcy,전남,산림산업 창업지원 청년 임팩트 창업 아이디어 챌린지 산림자원을 활용 기반의 산림 문제 해결형 사업 공모전 개최 및 실증 과정을 통한 청년 창업 경험 지원 교육지원 맞춤형상담서비스 장기미취업청년 일자리
전남,46000,20250714005400211226,지역특성화산업 전문인력양성사업,교육지원,현장중심의 융복합 산업인력 확보 및 기업수요에 맞는 전문인력 양성,"대학과 기업 간에 체결한 채용협약을 근거로 하여 기업 맞춤형 교육 과정을 개설·운영하고, 수료 시 해당 기업에 취업을 보장하는 새로운 형식의 산·학 협력 플랫폼 구축",일자리,취업,"일자리, 직무교육",일자리,20250120 ~ 20250203,20250301 ~ 20260228,"0세~0세 / 연령제한:Y 0043001 0 0 ○ 신청주체 - 대학 : 도내 4년제 대학으로 지역산업 육성분야의 전문인력 양성을 위한 특성화과정 개설이 가능한 대학 - 기업 : 도내 입주 또는 입주예정인 지역산업육성 분야의 기업 및 연구기관*으로서, 교육과정 졸업생(이수자)의 100% 또는 일정비율(50% 이상) 채용을 확약하는 기업 및 연구기관 * 연구기관은 도내 소재 정부 또는 지자체 출연 연구기관, 전문생산기술연구소, 대학교 산하 독립 연구기관으로 한정함. 기업 및 연구기관이 특별한 사유 없이 졸업생에 대한 채용을 거부할 경우 사업 참여에 제한이 있을 수 있음. 0011005 0013010 0049005,0049006,0049007 0055003",0세~0세 / 연령제한:Y,0043001 0 0,○ 대학과 기업이 컨소시엄을 구성해 신청 ○ 제출 기한 내 방문 또는 우편 접수 - 전북특별자치도 홈페이지(www.jeonbuk.go.kr) → 공고/고시에서 다운로드 받아 사용 - 전북테크노파크 홈페이지(www.jbtp.or.kr) → 사업 공고에서 다운로드 받아 사용,제출 공문 1부 [양식 1] 사업계획서 10부(첨부파일 포함) [양식 2] 증빙자료 10부(첨부파일 포함) [양식 3] 참여기업 리스트 [양식 4] 사업비 편성 세부 현황,특별자치교육협력국,(재)전북테크노파크,,,,2025-07-14 17:18:16,2025-07-15 09:45:14,2,온통청년_OPEN_API_getPlcy,전남,지역특성화산업 전문인력양성사업 현장중심의 융복합 산업인력 확보 및 기업수요에 맞는 전문인력 양성 교육지원 일자리
전남,46000,20250711005400211194,청년문화예술기획자 양성학교 운영,교육지원,청년 문화기획자 양성을 통해 문화예술인의 창조활동을 제고하고 중진 문화기획자로 성장하도록 지원,"❍ 수료 후 포스트 과정(프로젝트 참여, 네트워크 연결, 취업, 창업 지원 등) ❍ 지속적인 비빌 언덕(꿈을 함께 할 동료 x 아지트 공간 x 애프터케어) ❍ 프로젝트 실습비 지원(100만원 내외) ❍ 학교장/지도멘토진의 1:1 맞춤교육과 네트워크 형성 ❍ 실무형 문화기획 전문학교 수료증 및 최우수 참여자 2명 시장상 수여 예정",복지문화,예술인지원,"일자리, 직무교육, 창업지원, 복지, 참여 프로그램",일자리,20250301 ~ 20250331,20250301 ~ 20251231,"18세~39세 / 연령제한:N 0043001 0 0 ▶ 실전 문화기획을 배우고 싶은 청년 (86년생~06년생) ​- 문화기획자 지망생 및 역량 강화 필요한 현직 기획자 - 기획 실무 능력이 필요한 예술인 등 창작자 - 문화예술 분야 전공 대학(원)생 및 창업자 - N잡러, 프리랜서로 문화활동 하고 싶은 분 0011009 0013010 0049010 0055003",18세~39세 / 연령제한:N,0043001 0 0,제출서류 작성 후 이메일 접수 (culturehub@daum.net),"지원서, 자기소개서(필수) 포트폴리오, 관련 증빙서류 등(해당자만)",문화정책관,광주광역시,,,,2025-07-11 18:29:42,2025-07-14 10:20:26,2,온통청년_OPEN_API_getPlcy,전남,청년문화예술기획자 양성학교 운영 청년 문화기획자 양성을 통해 문화예술인의 창조활동을 제고하고 중진 문화기획자로 성장하도록 지원 교육지원 일자리
전남,46000,20250711005400211183,도시재생 전문인력 양성사업 지원,교육지원,도시재생 정책과 제도 변화 등을 반영한 특성화 교육으로 융‧복합적 소양을 갖춘 도시재생 전문인력 양성,광주대학교 일반대학원 도시재생·부동산학과를 신설 및 운영 융․복합적 소양을 갖춘 도시재생 핵심 전문인력 양성 - 대학 도시재생 전공과목 신설 및 운영지원 - 도시재생 전공과목과 우리 시 도시재생사업 현장실무 융합,교육,미래역량강화,직무교육,직무교육,20250609 ~ 20250620,20250101 ~ 20250101,"0세~0세 / 연령제한:Y 0043001 0 0 0011009 0013010 0049007,0049008 0055003",0세~0세 / 연령제한:Y,0043001 0 0,"인터넷접수 : 대학원 홈페이지 원서접수 바로가기 클릭 → 입학원서 입력 및 첨부파일 업로드 후 저장 → 전형료 입금 (인터넷 접수 후 첨부 누락된 증빙서류는 등기 발송 또는 방문 제출) 방문 및 우편 접수 : 광주광역시 남구 효덕로 277 광주대학교 대학원 교학팀(호심관4층) 주말, 공휴일, 점심시간(12:00~13:00) 제외",모집요강 참조,공간혁신과,광주광역시,,http://urre.kr/,,2025-07-11 14:29:47,2025-07-11 15:00:34,2,온통청년_OPEN_API_getPlcy,전남,도시재생 전문인력 양성사업 지원 도시재생 정책과 제도 변화 등을 반영한 특성화 교육으로 융 복합적 소양을 갖춘 도시재생 전문인력 양성 교육지원 직무교육
전남,46000,20250711005400211182,청년 귀환 채널구축 사업(고향올래),"주거지원,벤처,교육지원","타지역 청년을 대상으로 대구 귀환 희망 청년을 발굴하여, 대구에서 정착할 수 있도록 귀환 경로별 지원 및 주거·창업공간 제공","○ 대구 청년 정책 홍보 및 타지역 청년 유입 경로별 활동 프로그램 운영 - 온라인 홍보 플랫폼 운영 및 오프라인 홍보 사업설명회 개최 - 대구 한달살기, 유입 경로별(로컬벤처창업·취업·프리랜서) 지원 프로그램 운영 · (로컬벤처)창업교육, 시제품 개발비, 사업화자금 등 지원(3기/60명) · (취 업)대구 기업 채용박람회 참여실비 지원(100명), 대구 기업견학(20명) · (프리랜서) 지역기업 매칭 및 프로젝트 참여 지원(20명) · (한달살기)주거․활동 공간, 지역탐방, 로컬크리에이터 교육 지원(5기/100명) ○ 유관기관 연계하여 프로그램 참여 후 지역 정착을 위한 후속 지원 - 주거공간(한국산업단지공단 공유사택), 창업공간(iM뱅크 유니콘랩) 지원",일자리,취업,"일자리, 직무교육, 주거지원, 창업지원, 참여 프로그램",일자리,,20250101 ~ 20251231,19세~39세 / 연령제한:N 0043001 0 0 대구 외 타지역 거주 청년 0011009 0013010 0049010 0055003,19세~39세 / 연령제한:N,0043001 0 0,프로그램별 별도 접수(홈페이지 참조),프로그램별 별도 접수(홈페이지 참조),대구광역시,(재)대구테크노파크,https://dgtp.or.kr/dgtp.do,,,2025-07-11 11:01:08,2026-01-01 00:00:00,2,온통청년_OPEN_API_getPlcy,전남,청년 귀환 채널구축 사업 고향올래 타지역 청년을 대상으로 대구 귀환 희망 청년을 발굴하여 대구에서 정착할 수 있도록 귀환 경로별 지원 및 주거 창업공간 제공 주거지원 벤처 교육지원 일자리
전남,46000,20250710005400211181,전남 청년 근속장려금,중소기업,대기업-중소기업의 임금 격차를 완하하고 자산형성,"취업장려금, 고용유지금, 근속장려금 등 4년간 최대 2,000만원 지원",일자리,재직자,"일자리, 복지",일자리,,20250101 ~ 20251231,18세~45세 / 연령제한:N 0043001 0 0 0011009 0013001 0049010 0055003,18세~45세 / 연령제한:N,0043001 0 0,① 신청서류 접수(시·군) ② 자격요건 확인 및 대상자 확정(시·군) ③ 지급신청서 제출 및 인건비 지원,"① 공모신청서 및 정보활용동의서, 기업 평가서 ② 근로계약서, 인력채용 인사기록, 신청근로자 등·초본 ③ 4대보험 가입자 명부 및 4대보험 완납증명서 등",전라남도,전라남도,,,,2025-07-10 20:30:28,2026-01-01 00:00:00,2,온통청년_OPEN_API_getPlcy,전남,전남 청년 근속장려금 대기업 중소기업의 임금 격차를 완하하고 자산형성 중소기업 일자리
전남,46000,20250710005400211180,글로벌 이노베이터 페스타 사업 지원,벤처,"5대 미래 신산업(ABB, 반도체, 로봇, 모빌리티, 헬스케어) 분야 글로벌 진출에 도전하는 유망 창업기업을 발굴하기 위한 ‘창업경진대회’를 개최하고자 함","❍ 대 회 명 : 「2025 글로벌 창업 아이디어 경진대회」 ❍ 기 간 : ’25. 6월 ~ 10월 ❍ 공모분야 : 5대 미래 신산업 분야 글로벌 수준의 혁신형 사업화 아이디어 ❍ 참가대상 : 예비창업자 및 창업 후 7년 이내 창업기업 ❍ 공모부문 : 2개 부문(예비창업자/스타트업) ❍ 시상규모 : 총 10팀(부문별 5팀)/총상금 50,000천원 - 예비창업자 리그 : 대상 1(중기부장관상, 10,000천), 최우수 1(시장상, 4,000천원) 우수 1(시장상, 2,000천원), 장려 2(시장상, 1,000천원) - 스타트업 리그 : 대상 1(중기부장관상, 15,000천), 최우수 1(시장상, 10,000천원) 우수 1(시장상, 5,000천원), 장려 2(시장상, 1,000천원)",일자리,창업,"일자리, 창업지원",일자리,20250627 ~ 20250814,20250101 ~ 20251231,"0세~0세 / 연령제한:Y 0043001 0 0 - 예비창업팀 : 모집공고일(2025.6.27.) 기준 신청자 및 팀원 명의의 사업자등록(개인, 법인)을 하지 않은 예비창업자 - 창업기업팀 :「중소기업기본법」 제2조 제1항에 따른 창업기업으로 모집공고일(2025.6.27.) 기준 ‘사업을 개시한 날’로부터 7년 이내 법인 또는 개인사업자 0011009 0013006 0049010 0055003",0세~0세 / 연령제한:Y,0043001 0 0,홈페이지 온라인 접수,"경진대회 참가신청서, 사업계획서, 개인정보 수집이용제공 동의서, 참가자 서약서",대구광역시,재단법인대구창조경제혁신센터,https://startup.daegu.go.kr/index.do?menu_id=00002552&menu_link=/front/project/projectFrontDetail.do?project_id=PROJECT_00004343,https://www.gifesta.kr/,,2025-07-10 16:54:14,2025-07-10 17:37:53,2,온통청년_OPEN_API_getPlcy,전남,글로벌 이노베이터 페스타 사업 지원 5대 미래 신산업 ABB 반도체 로봇 모빌리티 헬스케어 분야 글로벌 진출에 도전하는 유망 창업기업을 발굴하기 위한 창업경진대회 를 개최하고자 함 벤처 일자리
전남,46000,20250710005400211172,SW전문인재 양성,교육지원,"현장수요에 맞는 교육과정을 기업과 대학이 공동 설계하고, 기업 주도 집중교육을 통해 산업체에서 즉시 활용가능한 인력 적기 공급",대학의 교육자원 활용 및 기업이 가진 실전 노하우를 전수하여 역량이 검증된 경쟁력 있는 SW 실무인재 양성 - NHN아카데미 광주캠퍼스,교육,미래역량강화,직무교육,직무교육,,2022~2025,19세~29세 / 연령제한:N 0043001 0 0 IT계열 졸업(예정)자 0011009 0013010 0049006 0055003,19세~29세 / 연령제한:N,0043001 0 0,NHN아카데미 광주캠퍼스 과정 신청,,로봇가전의료산업과,광주광역시,,,,2025-07-10 15:33:53,2026-01-01 00:00:00,2,온통청년_OPEN_API_getPlcy,전남,SW전문인재 양성 현장수요에 맞는 교육과정을 기업과 대학이 공동 설계하고 기업 주도 집중교육을 통해 산업체에서 즉시 활용가능한 인력 적기 공급 교육지원 직무교육
전남,46000,20250710005400211169,정보보호 특성화 대학 지원,교육지원,"디지털전환 대비, 우리지역 AI기반 정보보호 인재양성을 통해 AI 융합 인재 양성의 다변화와 지역 사이버보안 역량 강화를 위한 전문인력 배출","전남대학교 인공지능학부 재학생(3학년~4학년) 대상 AI기술을 활용한 정보보호 분야(사고대응) 특성화 인재 양성 - (교육 인프라 구축) 첨단 보안 실습장비, 교육 및 연구 전용공간 구축 - (정보보호 교육) 전공신설, 교육 커리큘럼 준비 및 교육시행 등 - (산학 인력양성) 실무교육, 사고대응 실습플랫폼 구축, 인턴십 등",교육,미래역량강화,"일자리, 직무교육",일자리,,2024~2028,20세~30세 / 연령제한:N 0043001 0 0 0011009 0013010 0049005 0055003,20세~30세 / 연령제한:N,0043001 0 0,"ㅇ 인공지능 정보보안 전공 모집 (재학 3학년 대상 30명, 4학년 30명) - 인공지능 보안 전공 교과과정 운영, 사이버보안 실습 수행",,AI반도체과,광주광역시,,,,2025-07-10 15:25:42,2026-01-01 00:00:00,2,온통청년_OPEN_API_getPlcy,전남,정보보호 특성화 대학 지원 디지털전환 대비 우리지역 AI기반 정보보호 인재양성을 통해 AI 융합 인재 양성의 다변화와 지역 사이버보안 역량 강화를 위한 전문인력 배출 교육지원 일자리
전남,46000,20250710005400211168,인공지능대학원 지원,교육지원,"광주 인공지능 산업융합 집적단지에 필요한 고급인재 양성으로 국가 경쟁력 향상, 지역균형 발전 및 미래 일자리 창출 기반 마련","세계적 수준의 AI 분야 석·박사급 인재 양성 GIST 인공지능대학원 신설 및 운영 · (AI 융합인재 양성) 석·박사통합, 박사과정 신입생 선발, 첨단 연구분야 소개 및 우수학생 유치를 위한 AI 오픈랩 운영 등 · (협업 프로그램 운영) 교육 생태계를 통한 협업(AXEL Together), 산·학·관·연 협업(AXEL Triangle), 글로벌 협업(AXEL Beyond) 등",교육,미래역량강화,"일자리, 직무교육",일자리,,20191001 ~ 20281231,0세~0세 / 연령제한:Y 0043001 0 0 AI 대학원생 및 학부생 0011009 0013010 0049007 0055003,0세~0세 / 연령제한:Y,0043001 0 0,"AI 대학원 및 학부 입학, 프로그램 이수",,AI반도체과,광주광역시,,,,2025-07-10 15:15:42,2026-01-01 00:00:00,2,온통청년_OPEN_API_getPlcy,전남,인공지능대학원 지원 광주 인공지능 산업융합 집적단지에 필요한 고급인재 양성으로 국가 경쟁력 향상 지역균형 발전 및 미래 일자리 창출 기반 마련 교육지원 일자리
전남,46000,20250710005400211163,광주‧전남 합동 채용설명회,장기미취업청년,지역인재를 위한 채용정보 제공 및 취업 기회의 확대,"합동채용설명회 개최(이전공공기관, 지역 대학 등 참가) - 채용담당자와 질의답변, 모의면접 시연 및 1:1 컨설팅 등 프로그램 : 본행사, 이전공공기관 채용상담관, 참여기업 및 기관 홍보관, 모의면접, 취업컨설팅 및 체험관",일자리,취업,"일자리, 직무교육, 복지, 참여 프로그램",일자리,20250424 ~ 20250424,20250424 ~ 20250424,19세~39세 / 연령제한:N 0043001 0 0 0011009 0013010 0049010 0055003,19세~39세 / 연령제한:N,0043001 0 0,설명회 장소 방문 - 일시 : 2025. 4. 24.(목) 10:00 ~ 17:00 - 장소 : 전남대학교 광주캠퍼스 컨벤션홀,,인구정책담당관,광주광역시,http://2025jobara.com/main/index.html,,,2025-07-10 12:21:00,2025-07-10 15:32:42,2,온통청년_OPEN_API_getPlcy,전남,광주 전남 합동 채용설명회 지역인재를 위한 채용정보 제공 및 취업 기회의 확대 장기미취업청년 일자리
전남,46000,20250704005400111154,마을기업 육성사업,보조금,지역주민이 각종 지역자원을 활용한 수익사업을 통해 소득 및 일자리를 창출 등 지역문제를 해결,"마을기업 직접지원(1~3차) 및 기획전, 품평회 등 간접지원",일자리,창업,"일자리, 창업지원",일자리,20250704 ~ 20301231,20250704 ~ 20301204,0세~0세 / 연령제한:Y 0043001 0 0 0011009 0013006 0049010 0055003,0세~0세 / 연령제한:Y,0043001 0 0,신청공고,공고시 안내,행정안전부,행정안전부,,https://www.mois.go.kr/frt/sub/a06/b06/village/screen.do,,2025-07-04 15:49:44,2025-07-04 17:05:17,2,온통청년_OPEN_API_getPlcy,전남,마을기업 육성사업 지역주민이 각종 지역자원을 활용한 수익사업을 통해 소득 및 일자리를 창출 등 지역문제를 해결 보조금 일자리
전남,46000,20250703005400111146,청년 유입 및 체류 지원,"보조금,교육지원,맞춤형상담서비스","청년들에게 지역 살아보기, 일거리 실험 및 활동 공간 마련 등의 기회를 제공해 지역에 청년들이 모이는 마을 조성","지역 청년이 주도하여 도시 청년들을 대상으로 지역 살아보기, 일거리 실험 및 교류 행사 등 청년 유입 프로그램 운영",참여･기반,청년참여,"직무교육, 복지, 참여 프로그램",직무교육,,20260401 ~ 20261130,19세~34세 / 연령제한:N 0043001 0 0 0011009 0013010 0049010 0055003,19세~34세 / 연령제한:N,0043001 0 0,청년마을 누리집 또는 인스타그램을 통해 참여 신청,,행정안전부,행정안전부,https://localro.co.kr/program,https://localro.co.kr/,,2025-07-03 09:35:33,2026-05-26 19:46:52,3,온통청년_OPEN_API_getPlcy,전남,청년 유입 및 체류 지원 청년들에게 지역 살아보기 일거리 실험 및 활동 공간 마련 등의 기회를 제공해 지역에 청년들이 모이는 마을 조성 보조금 교육지원 맞춤형상담서비스 직무교육
전남,46000,20250702005400111145,산림산업 현장 맞춤형 인재양성(R&D),교육지원,"기업, 협단체 등 현장에서 필요한 기술을 대학 등이 타 기관과 공동으로 거버넌스를 구성하여 현장 연구사업과 교육 프로그램을 병행하여 산업계에 맞춤형 인력을 배출하는 산림청 출연 R&D 세부사업임. 산림청 고유 임무인 6가지(조림, 산불, 산사태, 병해충, 목재, 단기소득임산물) 과제에 지원","1. 조림: 지능형 적지적수, 기후변화 대응 숲가꾸기 기술개발 등 2. 산불: 산불행동예측 향상 및 AI 기반 산불 대응 기술개발 등 3. 산사태: 물리기반 산사태 위험도 모델개발 및 피해저감 시스템 개발 등 4. 병해충: 원격탐사 기술 기반 병해충 감영목 탐지기술 및 효율적 방제기술 개발 5. 목재: 한국형 건축구조재 개발 및 OSC 양산 프로세스 구축/테스트 기반 통합 실증 6. 단기소득임산물: 고품질 단기소득임산물 생산, 표준화 기술개발 및 주요 임산물 기능성 분석",교육,미래역량강화,직무교육,직무교육,20240205 ~ 20240222,20240401 ~ 20281231,18세~30세 / 연령제한:N 0043001 0 0 산림분야전공 대학생 없음. 0011007 0013010 0049005 0055003,18세~30세 / 연령제한:N,0043001 0 0,범부처통합연구지원시스템(IRIS) 활용,,산림정책과,산림청 산림산업정책국 산림정책과,,,,2025-07-02 20:03:50,2025-07-03 17:38:09,3,온통청년_OPEN_API_getPlcy,전남,산림산업 현장 맞춤형 인재양성 R D 기업 협단체 등 현장에서 필요한 기술을 대학 등이 타 기관과 공동으로 거버넌스를 구성하여 현장 연구사업과 교육 프로그램을 병행하여 산업계에 맞춤형 인력을 배출하는 산림청 출연 R D 세부사업임 산림청 고유 임무인 6가지 조림 산불 산사태 병해충 목재 단기소득임산물 과제에 지원 교육지원 직무교육
전남,46000,20250702005400111144,디지털정부 Young Frontier 교육,교육지원,"한국의 디지털정부, ICT 기본소양, 국제개발협력 등을 함양하여 국내외에 홍보, 전수할 수 있는 미래 해외진출 디지털정부 전문가 양성",디지털 정부의 성과 및 체계를 학습 AI의 최신 동향 및 활용교육을 통해 교육생의 실무활용 능력과 AI 기반 문제해결 역량 강화 디지털정부 분야 개발협력 전문가로의 진로탐색과 역량 개발 지원,교육,미래역량강화,직무교육,직무교육,20250703 ~ 20250722,20250804 ~ 20250807,19세~34세 / 연령제한:N 0043001 0 0 0011009 0013010 0049010 0055003,19세~34세 / 연령제한:N,0043001 0 0,,,행정안전부,한국지능정보사회진흥원,https://www.nia.or.kr/site/nia_kor/ex/bbs/View.do?cbIdx=99835&bcIdx=28298&parentSeq=28298,,,2025-07-02 18:07:39,2025-07-03 18:00:59,3,온통청년_OPEN_API_getPlcy,전남,디지털정부 Young Frontier 교육 한국의 디지털정부 ICT 기본소양 국제개발협력 등을 함양하여 국내외에 홍보 전수할 수 있는 미래 해외진출 디지털정부 전문가 양성 교육지원 직무교육
전남,46000,20250701005400111142,2030 자문단,인턴,통일부 정책 전반에 청년의 의견을 반영하기 위한 청년정책자문기구,"o모집분야 : '통일부 2030자문단' 단원 o임기 : 2025. 1. 1. ~ 2025. 12. 31. (1년) o활동내용 - 정책제안 및 자문 - 청년세대 여론 수렴 및 전달 o지원내용 -자문단 공식 활동(회의, 행사 참석, 홍보 등)에 대한 소정의 수당 지급 -기타 자문단 활동에 소요되는 경비(여비 등) 지원 -통일부 장관 명의 위촉장 및 활동 증명서 발급",참여권리,청년참여,"일자리, 복지, 참여 프로그램",일자리,20241122 ~ 20241206,20250101 ~ 20251231,19세~39세 / 연령제한:N 0043001 0 0 0011009 0013010 0049010 0055003,19세~39세 / 연령제한:N,0043001 0 0,,,통일부,기획조정실,https://www.2030db.go.kr/user/ntt/BBS_0000000000000005/NTT_0000000000000330/selectNttDetail.do,,,2025-07-01 18:05:11,2025-07-21 15:20:01,3,온통청년_OPEN_API_getPlcy,전남,2030 자문단 통일부 정책 전반에 청년의 의견을 반영하기 위한 청년정책자문기구 인턴 일자리
전남,46000,20250627005400111140,청년 1인가구 사회적관계망 형성지원,맞춤형상담서비스,"가족센터를 중심으로 청년 1인가구의 고독, 고립 등 방지를 위한 사회적 관계망 지원","청년 1인가구를 대상으로 고독,고립 예방과 문제 해결을 위한 심리정서 상담 지원, 돌봄지원, 사회적 관계망 지원 및 사례관리 등 추진",복지문화,취약계층 및 금융지원,복지,복지,,계속사업,0세~0세 / 연령제한:Y 0043001 0 0 0011009 0013010 0049010 0055003,0세~0세 / 연령제한:Y,0043001 0 0,가족센터 대표번호(1577-9337)로 연락 혹은 가족센터 홈페이지에서 청년 관련 프로그램 검색 및 해당 프로그램 신청,,가족정책과,여성가족부 청소년가족정책실 가족정책과,https://familynet.or.kr,,,2025-06-27 17:17:53,2026-01-01 00:00:00,3,온통청년_OPEN_API_getPlcy,전남,청년 1인가구 사회적관계망 형성지원 가족센터를 중심으로 청년 1인가구의 고독 고립 등 방지를 위한 사회적 관계망 지원 맞춤형상담서비스 복지
전남,46000,20250626005400111138,이주배경청년(청소년)지원,교육지원,이주배경청(소)년의 사회적응을 위한 교육 등 지원,"이주배경청(소)년 진로역량 강화, 심리정서 지원, 다문화감수성 증진 프로그램 운영 등",복지문화,취약계층 및 금융지원,"직무교육, 복지",직무교육,,상시,8세~24세 / 연령제한:N 0043001 0 0 0011009 0013010 0049010 0055003,8세~24세 / 연령제한:N,0043001 0 0,이주배경청소년지원재단 홈페이지 참조,이주배경청소년지원재단 홈페이지 참조,학교밖청소년지원과,여성가족부 청소년가족정책실 학교밖청소년지원과,https://www.rainbowyouth.or.kr/,,,2025-06-26 10:07:27,2026-01-01 00:00:00,3,온통청년_OPEN_API_getPlcy,전남,이주배경청년 청소년 지원 이주배경청 소 년의 사회적응을 위한 교육 등 지원 교육지원 직무교육
전남,46000,20250626005400111137,학교 밖 청소년 온라인 지원 강화,교육지원,"비대면, 온라인 환경에 익숙한 청소년을 고려하여, 메타버스 기반 플랫폼인 꿈드림ON을 통해 체계적인 온라인 통합서비스 제공","학교 밖 청소년 대상 온라인 콘텐츠 및 프로그램 개발 및 보급, 메타버스 기반 꿈드림ON운영 및 서비스 제공","교육,교육","미래역량강화,온라인교육",직무교육,직무교육,,상시,9세~24세 / 연령제한:N 0043001 0 0 학교 밖 청소년 0011009 0013010 0049009 0055003,9세~24세 / 연령제한:N,0043001 0 0,"청소년상담1388(유선: 지역번호+1388, 온라인 : https://1388.go.kr) 또는 지역 학교밖청소년지원센터 문의",해당없음,여성가족부,여성가족부 청소년가족정책실 학교밖청소년지원과,https://1388.go.kr,,,2025-06-26 09:49:11,2026-01-01 00:00:00,3,온통청년_OPEN_API_getPlcy,전남,학교 밖 청소년 온라인 지원 강화 비대면 온라인 환경에 익숙한 청소년을 고려하여 메타버스 기반 플랫폼인 꿈드림ON을 통해 체계적인 온라인 통합서비스 제공 교육지원 직무교육
전남,46000,20250625005400111136,해외산림청년인재 육성,"해외진출,인턴",산림분야 해외 근무지 파견을 통한 글로벌 인재 육성,"o 해외산림청년인재 파견 지원 - 체재비, 항공료, 파견준비비 등 o 해외산림청년인재 역량강화 - 안전교육, 어학교육, 전공교육, 현장학습 등",일자리,취업,"일자리, 직무교육",일자리,,20250116 ~ 20251211,"19세~34세 / 연령제한:N 0043001 0 0 0011007,0011008 0013003 0049004,0049006,0049007 0055003",19세~34세 / 연령제한:N,0043001 0 0,,,해외자원담당관,산림청 국제산림협력관 해외자원담당관,,https://ofiis.kofpi.or.kr/overseasForest_intern.do,,2025-06-25 13:52:44,2026-01-01 00:00:00,3,온통청년_OPEN_API_getPlcy,전남,해외산림청년인재 육성 산림분야 해외 근무지 파견을 통한 글로벌 인재 육성 해외진출 인턴 일자리
전남,46000,20250625005400111135,청년 직장 성폭력 근절,교육지원,"교육기회, 접근성 부족 청년 등 대상 찾아가는 폭력예방교육 실시","(목적) 교육 기회 및 접근성 부족 청년 등 대상 찾아가는 폭력예방교육 실시를 통한 직장 내 성폭력 예방 인식 확산 지원 (주요내용) 소규모 사업장 소속 사회초년생, 취업 준비 청년 등 교육 기회 및 접근성 부족 청년 대상 찾아가는 폭력예방교육 실시",일자리,재직자,"일자리, 직무교육",일자리,,'13년도~계속,0세~0세 / 연령제한:Y 0043001 0 0 0011009 0013010 0049010 0055003,0세~0세 / 연령제한:Y,0043001 0 0,,,폭력예방교육과,여성가족부,,https://shp.mogef.go.kr/shp/front/anony/suport/anonySuportPreventionEdu.do?menuNo=84010100,,2025-06-25 13:51:00,2026-01-01 00:00:00,3,온통청년_OPEN_API_getPlcy,전남,청년 직장 성폭력 근절 교육기회 접근성 부족 청년 등 대상 찾아가는 폭력예방교육 실시 교육지원 일자리
전남,46000,20250625005400111134,위기청년 자립지원(시설퇴소청소년 자립지원수당 지원),보조금,"청소년복지시설 퇴소청소년에게 최장 5년, 월 50만원 자립지원수당 지원","청소년복지시설 퇴소청소년에게 최장 5년, 월 50만원 자립지원수당을 지급하여 안정적인 자립기반 마련 지원 - 대상 : 만 18세 이후 퇴소하여 퇴소일(또는) 사례관리일 기준, 쉼터 입소기간 또는 청소년자립지원관 사례관리 기간을 합산하여 과거 3년 동안 2년 이상 보호받은 자(직전 6개월은 연속하여 보호받았을 것)",복지문화,취약계층 및 금융지원,복지,복지,,별도 종료 시기 없음,18세~29세 / 연령제한:N 0043001 0 0 0011009 0013010 0049010 0055003,18세~29세 / 연령제한:N,0043001 0 0,"시설퇴소청소년의 최종 쉼터, 자립지원관에서 대상 청소년 추천(상담, 안내, 서류발급, 공문추천)",1) 자립지원수당 지급신청서 2) 자립계획서 3) 입퇴소 확인서 4) 주민등록등본 및 신분증 사본 (청소년사업안내(2) 476~480P),청소년자립지원과,여성가족부 청소년가족정책실,,https://1388.go.kr,,2025-06-25 11:30:21,2026-01-01 00:00:00,3,온통청년_OPEN_API_getPlcy,전남,위기청년 자립지원 시설퇴소청소년 자립지원수당 지원 청소년복지시설 퇴소청소년에게 최장 5년 월 50만원 자립지원수당 지원 보조금 복지
전남,46000,20250624005400111131,창조경제혁신센터 멘토링 프로그램 운영,벤처,창조경제혁신센터를 통해 분야별 전문가 멘토링 및 창업상담 제공,창조경제혁신센터를 통해 분야별 전문가 멘토링 및 창업상담 제공,일자리,창업,"일자리, 직무교육, 창업지원, 복지, 참여 프로그램",일자리,,계속,0세~0세 / 연령제한:Y 0043001 0 0 0011009 0013006 0049010 0055003,0세~0세 / 연령제한:Y,0043001 0 0,,,중소벤처기업부,중소벤처기업부,,https://ccei.creativekorea.or.kr/,,2025-06-24 17:09:33,2026-01-01 00:00:00,3,온통청년_OPEN_API_getPlcy,전남,창조경제혁신센터 멘토링 프로그램 운영 창조경제혁신센터를 통해 분야별 전문가 멘토링 및 창업상담 제공 벤처 일자리
전남,46000,20250624005400111130,청년창업기업 보증,"대출,벤처",청년창업기업 맞춤형 보증지원,"청년창업기업에 대한 보증료 감면, 보증비율 상향, 산정특례 등",일자리,창업,"일자리, 창업지원",일자리,,계속,17세~39세 / 연령제한:N 0043001 0 0 0011009 0013006 0049010 0055003,17세~39세 / 연령제한:N,0043001 0 0,,,중소벤처기업부,중소벤처기업부,,https://www.kibo.or.kr/dbranch/index.do,,2025-06-24 16:48:23,2026-01-01 00:00:00,3,온통청년_OPEN_API_getPlcy,전남,청년창업기업 보증 청년창업기업 맞춤형 보증지원 대출 벤처 일자리
전남,46000,20250624005400111129,청년전용창업자금,"벤처,중소기업",청년창업기업 성장을 위한 자금 지원,"신용 및 담보력이 부족한 청년 창업가를 대상으로 원부자재 구임, 인건비, 시설자금 등 융자 지원",일자리,창업,"일자리, 창업지원",일자리,,계속,0세~39세 / 연령제한:N 0043001 0 0 0011009 0013006 0049010 0055003,0세~39세 / 연령제한:N,0043001 0 0,,,중소벤처기업부,중소벤처기업부,,https://digital.kosmes.or.kr/dh/map/main.do,,2025-06-24 16:41:05,2026-01-01 00:00:00,3,온통청년_OPEN_API_getPlcy,전남,청년전용창업자금 청년창업기업 성장을 위한 자금 지원 벤처 중소기업 일자리
전남,46000,20250624005400111128,제조창업활성화(메이커스페이스 지원),"벤처,중소기업",메이커 저변확대 및 제조창업 촉진을 위한 사업비 지원,메이커 스페이스 공간 및 시제품 제작 등 제조창업활성화 지원,일자리,창업,"일자리, 창업지원",일자리,,계속,0세~0세 / 연령제한:Y 0043001 0 0 0011009 0013006 0049010 0055003,0세~0세 / 연령제한:Y,0043001 0 0,,,중소벤처기업부,중소벤처기업부,,https://ccei.creativekorea.or.kr/,,2025-06-24 16:37:09,2026-01-01 00:00:00,3,온통청년_OPEN_API_getPlcy,전남,제조창업활성화 메이커스페이스 지원 메이커 저변확대 및 제조창업 촉진을 위한 사업비 지원 벤처 중소기업 일자리
전남,46000,20250624005400111127,TIPS(팁스) 프로그램,벤처,"유망 기술창업기업의 사업화, 마케팅 자금 지원","창업기획자, 초기전문 VC 등 민간이 발굴한 유망 기술창업기업 지원",일자리,창업,"일자리, 직무교육, 창업지원",일자리,,계속,0세~0세 / 연령제한:Y 0043001 0 0 0011009 0013006 0049010 0055003,0세~0세 / 연령제한:Y,0043001 0 0,,,중소벤처기업부,중소벤처기업부,,https://www.k-startup.go.kr/,,2025-06-24 16:33:18,2026-01-01 00:00:00,3,온통청년_OPEN_API_getPlcy,전남,TIPS 팁스 프로그램 유망 기술창업기업의 사업화 마케팅 자금 지원 벤처 일자리
전남,46000,20250624005400111124,방위산업 전문인력 양성 지원사업,"중소기업,교육지원,맞춤형상담서비스",산업 현장의 수요에 기반한 전문인력 양성 및 청년 일자리 창출을 통해 방위산업의 발전 생태계 조성을 지원하는 사업,○ (인력양성) 청년층 대상 방위산업 전문교육 운영 및 취업연계 지원 - (연구개발인력) 방위산업 계약학과 석·박사 학위과정 운영('25년 기준 국방우주 및 국방무인로봇·AI 분야 학과운영) - (실무·기능인력) 대졸미취업자 대상 방산 전문교육과정(6개월) 및 직업계고 학생 대상 기업맞춤형 방산 교육과정(120hr) 운영,일자리,취업,"일자리, 직무교육, 복지",일자리,,주관기관 운영 협약 기간에 따름,"19세~34세 / 연령제한:N 0043001 0 0 0011009 0013001,0013003,0013009 0049002,0049007,0049008 0055003",19세~34세 / 연령제한:N,0043001 0 0,,,방위사업청,국방기술진흥연구소,,https://krit.re.kr/krit/contents.do?gotoMenuNo=02021100,https://www.changwon.ac.kr/kor/na/ntt/selectNttInfo.do?mi=10177&nttSn=1371878,2025-06-24 15:40:47,2026-01-01 00:00:00,3,온통청년_OPEN_API_getPlcy,전남,방위산업 전문인력 양성 지원사업 산업 현장의 수요에 기반한 전문인력 양성 및 청년 일자리 창출을 통해 방위산업의 발전 생태계 조성을 지원하는 사업 중소기업 교육지원 맞춤형상담서비스 일자리
전남,46000,20250623005400111122,청년 기술평가체험단,"중소기업,벤처",청년구직자의 취업역량 제고와 중소기업에 대한 인식개선을 위해 중소기업 기술평가 현장 탐방 지원,기술보증기금 기업 평가 과정 체험 지원,일자리,취업,"일자리, 직무교육, 창업지원",일자리,,계속,0세~0세 / 연령제한:Y 0043001 0 0 0011009 0013003 0049010 0055003,0세~0세 / 연령제한:Y,0043001 0 0,,,중소벤처기업부,중소벤처기업부,,https://www.kibo.or.kr/main/index.do,,2025-06-23 18:07:34,2026-01-01 00:00:00,3,온통청년_OPEN_API_getPlcy,전남,청년 기술평가체험단 청년구직자의 취업역량 제고와 중소기업에 대한 인식개선을 위해 중소기업 기술평가 현장 탐방 지원 중소기업 벤처 일자리
전남,46000,20250623005400111121,기업인력애로센터,"벤처,중소기업",구인애로 중소기업을 발굴하고 청년구직자와 취업매칭,기업인력애로센터를 통해 청년구직자의 중소기업 채용 정보 제공,일자리,취업,"일자리, 창업지원",일자리,,계속,0세~0세 / 연령제한:Y 0043001 0 0 0011009 0013003 0049010 0055003,0세~0세 / 연령제한:Y,0043001 0 0,,,중소벤처기업부,중소벤처기업부,,https://job.kosmes.or.kr/main/main.do,,2025-06-23 18:03:22,2026-01-01 00:00:00,3,온통청년_OPEN_API_getPlcy,전남,기업인력애로센터 구인애로 중소기업을 발굴하고 청년구직자와 취업매칭 벤처 중소기업 일자리
전남,46000,20250623005400111120,벤처기업경쟁력강화사업,중소기업,우수한 벤처기업이 공동으로 청년 신규직원 채용 및 교육훈련 지원,"(공동채용) 벤처기업 채용박람회, 기업탐방 등을 통해 청년 구직자와 벤처기업 채용 연계 (공동훈련) 신입직원 직무역량 강화 교육",일자리,취업,"일자리, 직무교육, 창업지원",일자리,,계속,0세~0세 / 연령제한:Y 0043001 0 0 0011009 0013003 0049010 0055003,0세~0세 / 연령제한:Y,0043001 0 0,,,중소벤처기업부,중소벤처기업부,,https://www.gov.kr/portal/rcvfvrSvc/dtlEx/SD0000010429,,2025-06-23 17:34:44,2026-01-01 00:00:00,3,온통청년_OPEN_API_getPlcy,전남,벤처기업경쟁력강화사업 우수한 벤처기업이 공동으로 청년 신규직원 채용 및 교육훈련 지원 중소기업 일자리
전남,46000,20250623005400111119,스마트제조인력양성,중소기업,스마트공장 전문인력 양성,산학융합지구 내 대학 캠퍼스에 스마트랩을 구축·활용하여 스마트공장 핵심 분야 교육과정 운영,일자리,취업,"일자리, 직무교육",일자리,,상시,0세~0세 / 연령제한:Y 0043001 0 0 0011009 0013010 0049010 0055003,0세~0세 / 연령제한:Y,0043001 0 0,,,중소벤처기업부,중소벤처기업부,,,,2025-06-23 17:27:59,2026-01-01 00:00:00,3,온통청년_OPEN_API_getPlcy,전남,스마트제조인력양성 스마트공장 전문인력 양성 중소기업 일자리
전남,46000,20250623005400111117,기술사관 육성,중소기업,직업계고(2년) + 전문대(2년) 연계 교육을 통해 중소기업의 현장전문기술인력을 양성,직업계고(2년) + 전문대(2년) 연계 교육,일자리,취업,"일자리, 직무교육",일자리,,상시,0세~0세 / 연령제한:Y 0043001 0 0 0011009 0013003 0049010 0055003,0세~0세 / 연령제한:Y,0043001 0 0,,,중소벤처기업부,중소벤처기업부,,https://www.smes.go.kr/sanhakin/#w2xPath=/wqxml/cmn/menu/MAIN_new.xml&mainType=1,,2025-06-23 17:20:38,2026-01-01 00:00:00,3,온통청년_OPEN_API_getPlcy,전남,기술사관 육성 직업계고 2년 전문대 2년 연계 교육을 통해 중소기업의 현장전문기술인력을 양성 중소기업 일자리
전남,46000,20250623005400111116,중소기업 계약학과,중소기업,중소기업 근로자 대상으로 산업계 수요를 반영한 학위과정 운영,중소기업 재직자 학위 과정 지원,일자리,취업,일자리,일자리,,상시,0세~0세 / 연령제한:Y 0043001 0 0 0011009 0013001 0049010 0055003,0세~0세 / 연령제한:Y,0043001 0 0,,,중소벤처기업부,중소벤처기업부,,https://www.smes.go.kr/sanhakin/#w2xPath=/wqxml/cmn/menu/intro.xml,,2025-06-23 17:18:13,2026-01-01 00:00:00,3,온통청년_OPEN_API_getPlcy,전남,중소기업 계약학과 중소기업 근로자 대상으로 산업계 수요를 반영한 학위과정 운영 중소기업 일자리
전남,46000,20250623005400111114,청년 1인가구 사회적 관계망 형성 지원,교육지원,"청년 1인가구의 고독, 고립 등 방지를 위한 사회적 관계망 지원",가족센터를 중심으로 1인가구 대상 프로그램을 다양화하여 지원,복지문화,취약계층 및 금융지원,"직무교육, 복지",직무교육,,당해 연도,0세~0세 / 연령제한:Y 0043001 0 0 0011009 0013010 0049010 0055003,0세~0세 / 연령제한:Y,0043001 0 0,,,가족정책과,여성가족부 기획조정실 기획재정담당관,,,,2025-06-23 15:32:17,2026-01-01 00:00:00,3,온통청년_OPEN_API_getPlcy,전남,청년 1인가구 사회적 관계망 형성 지원 청년 1인가구의 고독 고립 등 방지를 위한 사회적 관계망 지원 교육지원 직무교육
전남,46000,20250623005400111112,청년한부모 자립 지원(추가아동양육비 지원),청년가장,경제 사회적 자립기반이 취약한 청년 한부모에 대한 추가 아동 양육비 지원 및 양육비 선지급으로 청년 한부모의 자립 지원 강화,ㅇ 추가아동양육비 지원 : 저소득층 청년한부모(25~34세) 대상 아동양육비 추가 지원 - 5세 이하 아동 : 월 10만원 - 6세 이상 18세 미만 아동 : 월 5만원 ㅇ 양육비 선지급 : 양육비 채권을 보유했으나 지급받지 못하는 한부모 대상 양육비 선지급(월 20만원),복지문화,취약계층 및 금융지원,복지,복지,,당해 연도,25세~34세 / 연령제한:N 0043001 0 0 0011009 0013010 0049010 0055003,25세~34세 / 연령제한:N,0043001 0 0,(추가아동양육비) - 읍면동 주민센터(행복복지센터)에 방문하거나 온라인(복지로)으로 신청,"(추가아동양육비) - 사회복지서비스 및 급여 제공(변경) 신청서 - 소득재산 신고서 - 금융정보 등 제공동의서 - 임대차계약서, 제적등본, 외국인등록사실증명서 등(해당자에 한함)",가족지원과,여성가족부 기획조정실 기획재정담당관,http://www.bokjiro.go.kr,,,2025-06-23 15:25:55,2026-01-01 00:00:00,3,온통청년_OPEN_API_getPlcy,전남,청년한부모 자립 지원 추가아동양육비 지원 경제 사회적 자립기반이 취약한 청년 한부모에 대한 추가 아동 양육비 지원 및 양육비 선지급으로 청년 한부모의 자립 지원 강화 청년가장 복지
전남,46000,20250623005400111110,경력단절 예방 지원 강화,교육지원,ㅇ 청년여성의 직업의식 제고 및 장기적 경력개발 설계 등을 통한 선제적 경력단절예방 지원,"(구직준비지원) 대학생, 특성화고생 등 청년 구직여성 대상으로 경력개발 상담, 진로 지도, 직업의식 교육 등 취업 초기 지원 (경력단절예방지원) 청년 재직여성의 직장 적응 및 임식 육아 등에 따른 인사노무 상담, 복귀 지원 교육 등 경력유지 지원",일자리,취업,"일자리, 직무교육, 복지",일자리,,당해 연도,0세~0세 / 연령제한:Y 0043001 0 0 0011009 0013010 0049010 0055003,0세~0세 / 연령제한:Y,0043001 0 0,,,경력단절여성지원과,여성가족부 기획조정실 기획재정담당관,,https://saeil.mogef.go.kr/hom/prevent/prevent01.do,https://jongno.seoulwomanup.or.kr/jongno/common/cntnts/selectContents.do?cntnts_id=D2400021,2025-06-23 15:10:47,2026-01-01 00:00:00,3,온통청년_OPEN_API_getPlcy,전남,경력단절 예방 지원 강화 청년여성의 직업의식 제고 및 장기적 경력개발 설계 등을 통한 선제적 경력단절예방 지원 교육지원 일자리
전남,46000,20250623005400111109,청년 등 기업가 대상 중소기업 법률 서비스 지원,중소기업,지원단 변호사가 중소기업을 위한 법률서비스를 제공할 경우 법률지원단이 비용 일부 지원,"2009년 1월부터 운영된 「9988 중소기업 법률지원단」과 2015년 4월부터 운영된 「창조경제혁신센터 법률지원단」이 2024년 6월부터 「법무부 중소기업 법률지원단」으로 통합되어 운영되고 있다. 이 지원단은 중소기업과 소상공인을 대상으로 법률자문과 소송지원을 제공하며, 일반 기업에는 자문 최대 100만 원, 소송 최대 200만 원까지 지원한다. 다만 2025년 6월 2일부터는 「1인 창조기업 육성에 관한 법률 시행령」 제2조 제3항에 따른 청년기업의 경우에는 자문 최대 200만 원, 소송 최대 300만 원으로 한도가 상향된다. 청년기업이란 39세 이하 청년이 대표권 있는 임원으로 등기되어 있는 회사(공동대표의 경우 청년이 비청년보다 더 많은 의결권을 보유한 경우) 또는 청년 개인사업자를 말한다. 현재 법률지원단에는 약 102명의 변호사가 활동 중이다.",일자리,창업,"일자리, 창업지원",일자리,,상시,"0세~0세 / 연령제한:Y 0043001 0 0 1. ｢중소기업기본법｣ 제2조에 따른 “중소기업” 2. ｢벤처기업육성에 관한 특별법｣ 제2조의2에 따른 “벤처기업” 3. ｢1인 창조기업 육성에 관한 법률｣ 제2조에 따른 “1인 창조기업” 4. ｢소상공인기본법｣ 제2조에 따른 “소상공인 「1인 창조기업 육성에 관한 법률 시행령」 제2조 제3항 각 호 중 하나를 충족하는 기업(“청년기업”)의 경우 자문료 총액은 200만원, 소송비용 총액은 300만원으로 지원한도 상향 1. 기업경영과 직접 관련이 없는 기업주 개인의 법률문제 2. 형사사건 및 행정사건 3. 근로자 기타 사회적 약자를 상대로 하는 분쟁 4. 그 밖에 법률지원단 법률지원제도의 취지상 지원이 부적절한 사건 0011009 0013010 0049010 0055003",0세~0세 / 연령제한:Y,0043001 0 0,신청사이트 통한 온라인 신청 및 9988law@korea.kr로 서류 제출->적격 심사->심사 통과 시 확인증 발급->지원단 변호사 수임->변호사가 직접 사후적으로 법률비용 지원 신청,"대표자확인서, 사업자등록증, 중소기업확인서, 법인등기부등본(법인의 경우)",상사법무과,상사법무과,https://9988law.com/startlaw,,,2025-06-23 14:50:40,2026-01-01 00:00:00,3,온통청년_OPEN_API_getPlcy,전남,청년 등 기업가 대상 중소기업 법률 서비스 지원 지원단 변호사가 중소기업을 위한 법률서비스를 제공할 경우 법률지원단이 비용 일부 지원 중소기업 일자리
전남,46000,20250623005400111106,청년 채무조정 제공,신용회복,소득원이 없거나 불안정하여 채무상환에 어려움을 겪는 대학생 및 미취업청년의 채무조정을 지원,"1. 사전채무조정 - (신청대상) 연체 31일 이상 89일 이하 - (분할상환) 최장 10년 원리금분할상환 - (이자율조정) 약정이자율 70% 인하 - (채무감면) 연체이자 전액 감면 - (상환전유예) 최장 3년 상환유예 - (유예이자)상환유예기간 이자 납입(연2%) 2. 개인워크아웃 - (신청대상) 연체 90일 이상 - (분할상환) 최장 10년 원금분할상환 - (이자율조정) 이자 전액 감면 - (채무감면) 이자·연체이자 전액 감면 미상각채권 원금 0~30% 감면, 상각채권 원금 최대 70% 감면 - (상환전유예) 대학생인 경우, 재학기간 상환유예 및 종업 후 취업시까지 최장 4년 상환유예 미취업청년인 경우, 취업시까지 최장 5년 상환유예 - (유예이자) 상환유예기간 이자 납입 면체",복지문화,취약계층 및 금융지원,"일자리, 복지",일자리,,'15년~,0세~34세 / 연령제한:N 0043001 0 0 0011009 0013003 0049010 0055003,0세~34세 / 연령제한:N,0043001 0 0,○ 전국 서민금융통합지원센터 - 문의 : 신용회복위원회 상담센터 ☏ 1600-5500 ○ 신용회복위원회 사이버상담부,,금융소비자국,신용회복위원회,https://cyber.ccrs.or.kr/,https://www.ccrs.or.kr/,https://cyber.ccrs.or.kr/,2025-06-23 11:41:33,2026-01-01 00:00:00,3,온통청년_OPEN_API_getPlcy,전남,청년 채무조정 제공 소득원이 없거나 불안정하여 채무상환에 어려움을 겪는 대학생 및 미취업청년의 채무조정을 지원 신용회복 일자리
전남,46000,20250623005400111104,청년 SW개발자 커뮤니티 지원 및 멘토단 구성,"장기미취업청년,교육지원",SW개발자 기술공유·소통·협업의 場인 커뮤니티 활동 지원과 청년 SW개발자 멘토단을 구성·운영하여 청년 SW개발자의 역량 강화 유도,청년 SW 개발자 중심의 커뮤니티 활성화 지원 및 멘토단 운영 - (커뮤니티 지원) SW개발자 커뮤니티 활동에 필요한 모임 공간 지원 - (멘토단 운영) 예비 공개SW 개발자의 공개SW 개발 기여 및 최신 기술 습득 등 역량 강화를 위한 리더급 개발자의 멘토 활동 지원,교육,미래역량강화,"일자리, 직무교육, 참여 프로그램",일자리,,"커뮤니티 상시 운영, 멘토단 2~4분기 운영(변동)",0세~0세 / 연령제한:Y 0043001 0 0 0011009 0013010 0049010 0055003,0세~0세 / 연령제한:Y,0043001 0 0,"공개SW포털→공개SW사업→컨트리뷰션아카데미→공지사항, 이메일 접수(contribution_ac@oss.kr)","지원신청서(신청 프로젝트(커뮤니티) 정보, 운영 방안, 개인정보수집·이용 동의서 등)",과학기술정보통신부,정보통신산업진흥원,https://www.oss.kr/,,,2025-06-23 10:46:29,2026-01-01 00:00:00,3,온통청년_OPEN_API_getPlcy,전남,청년 SW개발자 커뮤니티 지원 및 멘토단 구성 SW개발자 기술공유 소통 협업의 인 커뮤니티 활동 지원과 청년 SW개발자 멘토단을 구성 운영하여 청년 SW개발자의 역량 강화 유도 장기미취업청년 교육지원 일자리
전남,46000,20250623005400111103,대학창업펀드 조성,벤처,초기 대학 창업기업에 자금을 공급하여 대학창업기업의 사업화 기반 마련 및 경쟁력 있는 기업으로 성장 지원,"정부는 벤처투자 모태조합(모펀드)을 통해 대학창업펀드(자펀드)에 출자, 대학 등은 약정비율에 따라 출자하여 펀드를 조성하여 대학의 우수 창업기업에 중점투자",일자리,창업,"일자리, 창업지원",일자리,,상시,0세~0세 / 연령제한:Y 0043001 0 0 0011009 0013010 0049010 0055003,0세~0세 / 연령제한:Y,0043001 0 0,공고 → 제안서 접수 → 1차 심의(서류 심사 및 현장 실사) → 2차 심의(운용사 제안서 PT) → 최종 선정,제안서,지역인재정책관,교육부 인재정책실 평생직업교육정책관,http://install.kvic.or.kr,www.kvic.or.kr,,2025-06-23 10:29:00,2026-01-01 00:00:00,3,온통청년_OPEN_API_getPlcy,전남,대학창업펀드 조성 초기 대학 창업기업에 자금을 공급하여 대학창업기업의 사업화 기반 마련 및 경쟁력 있는 기업으로 성장 지원 벤처 일자리
전남,46000,20250621005400111102,현장실습 지원,교육지원,"대학(원)생을 대상으로 동·하계, 학기·학년제, 석·박사 학위연수 등 장·단기 현장실습 교육을 지원하여 청년식품 인력 육성",참여학생 학습단계 및 니즈에 따라 다양한 현장실습 교육을 지원,"일자리,교육","취업,미래역량강화","일자리, 직무교육, 참여 프로그램",일자리,,"동·하계(4~8주), 학기(14주이상)·학년제(28주이상), 석·박사(12개월)","0세~0세 / 연령제한:Y 0043001 0 0 0011009 0013010 0049005,0049006,0049007,0049008 0055003",0세~0세 / 연령제한:Y,0043001 0 0,식품진흥원 홈페이지(www.foodpolis.kr) 디지털식품정보플랫폼내에 공고를 통해 온라인 접수,"신청서, 자기 소개서, 자기 소개동영상",농림축산식품부,농림축산식품부 농업혁신정책실 농업정책관,www.foodpolis.kr,,,2025-06-21 11:48:28,2026-01-01 00:00:00,3,온통청년_OPEN_API_getPlcy,전남,현장실습 지원 대학 원 생을 대상으로 동 하계 학기 학년제 석 박사 학위연수 등 장 단기 현장실습 교육을 지원하여 청년식품 인력 육성 교육지원 일자리
전남,46000,20250621005400111101,청년식품 창업성장 지원,"교육지원,인턴","식품분야 청년 예비·초기 창업자를 대상으로 전문교육, 시제품 제작 기회를 제공하여 창업 생태계 활성화 및 기술사업화 촉진","식품분야 청년 예비·초기 창업자 대상 전문교육, 시제품 제작, 투자유치 및 판로 등 창업·사업화 지원",일자리,취업,"일자리, 직무교육, 창업지원",일자리,20250101 ~ 20250630,"청년식품창업 성장지원사업 전문교육(3~4월), 시제품 제작지원(4~10월), 창업캠프(6~7월)",19세~39세 / 연령제한:N 0043001 0 0 0011009 0013010 0049010 0055003,19세~39세 / 연령제한:N,0043001 0 0,"식품진흥원 홈페이지(www.foodpolis.kr), 창업지원포털(www.K-startup.go.kr) 공고를 활용 온라인 접수","참가신청서, 대표자 인적사항, 서약서, 중복수혜금지 확약서, 개인정보 수집 및 이용에 관한 동의서, 사실증명, 납세증명, 가점 관련 증빙서류(특허, 수상경력, 자격증 등 증빙자료)",농림축산식품부,농림축산식품부 농업혁신정책실 농업정책관,,,,2025-06-21 11:46:33,2025-06-23 13:22:09,3,온통청년_OPEN_API_getPlcy,전남,청년식품 창업성장 지원 식품분야 청년 예비 초기 창업자를 대상으로 전문교육 시제품 제작 기회를 제공하여 창업 생태계 활성화 및 기술사업화 촉진 교육지원 인턴 일자리
전남,46000,20250621005400111097,청년창업농장학금지원,"교육지원,보조금",졸업 후 농식품분야 취·창업 희망 대학생에게 장학금을 지원하여 농업분야 우수 후계인력 육성,ㅇ졸업 후 농림축산식품분야 취·창업을 조건으로 대학생에게 장학금 지원 ㅇ학기당 등록금 전액 + 학업장려금 250만원 ㅇ(의무종사) 졸업 후 수혜횟수(학기)×6개월 동안 농림축산식품산업 분야에 취업 또는 창업 유지,"일자리,교육","취업,미래역량강화","일자리, 직무교육, 창업지원",일자리,20250623 ~ 20250708,20250101 ~ 20251231,0세~39세 / 연령제한:N 0043001 0 0 0011009 0013010 0049005 0055003,0세~39세 / 연령제한:N,0043001 0 0,신청･접수(학생→재단) → 자격요건확인 및 추천(대학) → 심사･선정(농림축산식품부(농어촌희망재단)),취창업 계획서,농림축산식품부,농림축산식품부 농업혁신정책실 농업정책관,www.rhof.or.kr,,,2025-06-21 11:29:57,2025-06-23 13:21:20,3,온통청년_OPEN_API_getPlcy,전남,청년창업농장학금지원 졸업 후 농식품분야 취 창업 희망 대학생에게 장학금을 지원하여 농업분야 우수 후계인력 육성 교육지원 보조금 일자리
전남,46000,20250621005400111092,선임대후매도,"대출,보조금,바우처",농지 구입자금이 부족한 청년농에게 농지 확보 기회 제공,농지 확보에 어려움을 겪고 있는 청년농을 대상으로 농지 수요에 맞는 농지 매입 후 청년농에게 매도를 목적으로 조건부 임대(최장 30년)하여 농지 매입대금 완납 시 소유권 이전,일자리,창업,"일자리, 주거지원, 창업지원",일자리,,20250101 ~ 20251231,18세~39세 / 연령제한:N 0043003 0 0 농업외소득 37백만원 미만 0011009 0013010 0049010 0055003,18세~39세 / 연령제한:N,0043003 0 0 농업외소득 37백만원 미만,농지은행포털(www.fbo.or.kr) 또는 농지소재지 관할 농어촌공사 지사에 방문 신청,"청년농 희망농지 신청서, 농지 임대차·매매계약서, 선임대후매도사업 주요내용 설명확인서, 주민등록초본, 신분증(사본), 가족관계증명서, 농지대장, 농업경영체등록확인서, 지방세 세목별 미과세 증명서, 지방세 완납 증명서, 소득금액증명원",농림축산식품부,한국농어촌공사,www.fbo.or.kr,,,2025-06-21 11:11:02,2026-01-01 00:00:00,3,온통청년_OPEN_API_getPlcy,전남,선임대후매도 농지 구입자금이 부족한 청년농에게 농지 확보 기회 제공 대출 보조금 바우처 일자리
전남,46000,20250621005400111091,공공임대용 농지매입,"바우처,대출,보조금",농지은행이 농지를 매입하여 청년농 등에 낮은 임대료로 임대,"고령, 은퇴농 등의 농지를 농어촌공사가 매입하여 영농활동을 하려고 하는 청년농 등에게 장기 임대 지원",일자리,창업,"일자리, 주거지원, 창업지원",일자리,,20250101 ~ 20251231,0세~64세 / 연령제한:N 0043003 0 0 농업외소득 37백만원 미만 0011009 0013010 0049010 0055003,0세~64세 / 연령제한:N,0043003 0 0 농업외소득 37백만원 미만,농지은행포털(www.fbo.or.kr) 또는 농지소재지 관할 농어촌공사 지사에 방문 신청,"비축농지임차신청서, 개인정보의 제공 활용 동의서, 주민등록등본(초본), 신분증(사본), 가족관계증명서, 농지대장, 농업경영체등록확인서, 국세·지방세 납세증명서, 소득금액증명서",농림축산식품부,한국농어촌공사,www.fbo.or.kr,,,2025-06-21 11:08:50,2026-01-01 00:00:00,3,온통청년_OPEN_API_getPlcy,전남,공공임대용 농지매입 농지은행이 농지를 매입하여 청년농 등에 낮은 임대료로 임대 바우처 대출 보조금 일자리
전남,46000,20250621005400111088,청년귀농 장기교육,교육지원,영농경험이 부족한 청년층의 안정적인 정착지원을 위해 실습중심의 장기체류형 귀농교육지원,"만 40세 미만의 청년 귀농희망자를 대상으로 청년특화 실전형 귀농교육과정 개발, 운영",교육,미래역량강화,직무교육,직무교육,,20250101 ~ 20251231,0세~40세 / 연령제한:N 0043001 0 0 0011009 0013010 0049010 0055003,0세~40세 / 연령제한:N,0043001 0 0,귀농귀촌종합플랫폼(그린대로)를 통한 신청,교육신청서 등,농림축산식품부,농림수산식품교육문화정보원,http://greendaero.go.kr,,,2025-06-21 09:41:45,2026-01-01 00:00:00,3,온통청년_OPEN_API_getPlcy,전남,청년귀농 장기교육 영농경험이 부족한 청년층의 안정적인 정착지원을 위해 실습중심의 장기체류형 귀농교육지원 교육지원 직무교육
전남,46000,20250620005400111087,직업계고 채용연계형 직무교육과정 지원,교육지원,고졸 구직자 선호 직무와 기업이 기대하는 고졸 적합직무의 균형을 갖춘 내실있는 직무교육을 통해 구인난·구직난 동시 해소,- 일자리 중심 특화교육과정 개발 · 운영으로 실무 역량 제고 - 참여기업 대상 채용 연계 - 기업현장교육과정 개발 및 제공을 통해 전문직업인으로의 성장 지원 등,일자리,취업,"일자리, 직무교육, 참여 프로그램",일자리,20250514 ~ 20250620,20250301 ~ 20260228,"17세~20세 / 연령제한:N 0043001 0 0 0011009 0013010 0049002,0049003,0049004 0055003",17세~20세 / 연령제한:N,0043001 0 0,대한상공회의소 직업계고 채용연계형 직무교육과정 지원사업 홈페이지를 통해 신청,,평생직업교육정책관,인력개발사업단(대한),https://hi.korchamhrd.net/,,,2025-06-20 18:19:34,2025-06-23 13:23:25,3,온통청년_OPEN_API_getPlcy,전남,직업계고 채용연계형 직무교육과정 지원 고졸 구직자 선호 직무와 기업이 기대하는 고졸 적합직무의 균형을 갖춘 내실있는 직무교육을 통해 구인난 구직난 동시 해소 교육지원 일자리
전남,46000,20250620005400111085,제약 스마트공장 혁신기술 인재 양성,"교육지원,중소기업,벤처","제약혁신기술(QbD 등) 교육, 세미나를 통한 전문가 양성 및 맞춤형 기술 컨설팅","(교육) 제약현장 의약품 개발에 종사하고 있는 재직자를 대상으로 국내외 전문가를 초빙하여 제약혁신기술 교육 및 국제세미나 개최 (컨설팅) 제약혁신기술(QbD 등)을 적용하여 의약품 개발을 계획, 추진 중인 국내 제약사의 신청 분야에 따른 맞춤형 기술 컨설팅 제공",교육,미래역량강화,"일자리, 직무교육, 창업지원",일자리,,20250301 ~ 20251130,"0세~0세 / 연령제한:Y 0043001 0 0 0011004,0011005 0013001,0013007 0049010 0055003",0세~0세 / 연령제한:Y,0043001 0 0,교육 및 컨설팅 모집 공지를 확인 후 신청,,의약품안전국,식품의약품안전처,https://rspolicy.dongguk.edu/rspolicy5_1,,,2025-06-20 12:12:55,2026-01-01 00:00:00,3,온통청년_OPEN_API_getPlcy,전남,제약 스마트공장 혁신기술 인재 양성 제약혁신기술 QbD 등 교육 세미나를 통한 전문가 양성 및 맞춤형 기술 컨설팅 교육지원 중소기업 벤처 일자리
전남,46000,20250619005400111080,직업계고 학생 현장실습 내실화,중소기업,괜찮은 현장실습 기회 발굴과 참여자 지원을 통해 내실 있는 현장실습 운영 및 참여 활성화 추진,"직업계고 현장실습처 발굴·확대, 중앙취업지원센터 운영, 취업지원관 확대 배치 등 현장실습 내실화",일자리,취업,"일자리, 참여 프로그램",일자리,,20250301 ~ 20260228,"16세~19세 / 연령제한:N 0043001 0 0 직업계고 학생 0011009 0013003 0049002,0049003 0055003",16세~19세 / 연령제한:N,0043001 0 0,,,평생직업교육정책관,한국장학재단,,https://portal.kosaf.go.kr/CO/jcAction.do,,2025-06-19 17:35:52,2026-01-01 00:00:00,3,온통청년_OPEN_API_getPlcy,전남,직업계고 학생 현장실습 내실화 괜찮은 현장실습 기회 발굴과 참여자 지원을 통해 내실 있는 현장실습 운영 및 참여 활성화 추진 중소기업 일자리
전남,46000,20250619005400111075,(청년 금융교육 지원) e-금융교육센터 재무상담 사례 게시판,교육지원,"e-금융교육센터에 금융감독원의 무료 맞춤형 금융소비자 상담 사례를 연령, 재무상황, 상담범위 등의 기준에 따라 확인할 수 있도록 게시","e-금융교육센터에 금융감독원의 무료 맞춤형 금융소비자 상담 사례를 연령, 재무상황, 상담범위 등의 기준에 따라 확인할 수 있도록 게시","교육,교육","미래역량강화,온라인교육","직무교육, 복지",직무교육,,상시,0세~0세 / 연령제한:Y 0043001 0 0 - - 0011009 0013010 0049010 0055003,0세~0세 / 연령제한:Y,0043001 0 0,-,,금융감독원,금융교육국,https://www.fss.or.kr/edu/bbs/B0000418/list.do?menuNo=300210,,,2025-06-19 15:37:57,2026-01-01 00:00:00,3,온통청년_OPEN_API_getPlcy,전남,청년 금융교육 지원 e 금융교육센터 재무상담 사례 게시판 e 금융교육센터에 금융감독원의 무료 맞춤형 금융소비자 상담 사례를 연령 재무상황 상담범위 등의 기준에 따라 확인할 수 있도록 게시 교육지원 직무교육
전남,46000,20250619005400111073,(청년 금융교육 지원) 청년층을 위한 실전 재무설계 온라인 동영상,교육지원,"금융감독원에서는 청년층이 장기적 안목을 갖고 안정적이고 건전한 금융생활을 할 수 있도록 지원하기 위해 학자금 조달, 종잣돈 마련, 재무설계, 주거자금 마련 등 청년기에 꼭 필요한 금융관련 내용을 총 8편의 영상으로 제작하여 금융감독원의 유튜브 채널과 e-금융교육센터에 공개","청년층을 위한 금융교육 영상 구성 ➊ 학자금 마련하기 : 대학 학자금 부담, 학자금 마련 방법 등 - 7분 ➋ 사회초년기 자금관리 : 종잣돈 마련하기, 연말정산, 위험에 대비하기 등 - 12분 ➌ 결혼자금 마련 : 결혼 관련 통계 현황, 결혼자금 마련 계획 등 - 11분 ➍ 사회초년기 재무설계 : 재무설계의 의의, 재무설계 프로세스 등 - 12분 ➎ 신혼부부의 경제생활 적응 : 우리가족 인생설계 그려보기, 공동목표 설정하기 등 - 10분 ➏ 자녀 출산 및 양육비 준비 : 출산·양육비 예상하기, 출산·양육비 부담 줄여보기 등 - 10분 ➐ 주택자금 마련 : 주택자금 마련 방법 및 자금 준비하기 등 - 20분 ➑ 신혼기 부부의 재무설계 : 재무목표 수립하기, 재무상태 점검 및 실행하기 등 - 16분","교육,교육","미래역량강화,온라인교육","직무교육, 주거지원, 복지",직무교육,,상시,0세~0세 / 연령제한:Y 0043001 0 0 - - 0011009 0013010 0049010 0055003,0세~0세 / 연령제한:Y,0043001 0 0,금융감독원 e-금융교육센터 ‘콘텐츠 한눈에’ 동영상 코너 금융감독원 유튜브 채널에 게시,-,금융감독원,금융교육국,https://www.fss.or.kr/edu/fec/contMng/contSearch.do?menuNo=300016,,,2025-06-19 15:26:03,2026-01-01 00:00:00,3,온통청년_OPEN_API_getPlcy,전남,청년 금융교육 지원 청년층을 위한 실전 재무설계 온라인 동영상 금융감독원에서는 청년층이 장기적 안목을 갖고 안정적이고 건전한 금융생활을 할 수 있도록 지원하기 위해 학자금 조달 종잣돈 마련 재무설계 주거자금 마련 등 청년기에 꼭 필요한 금융관련 내용을 총 8편의 영상으로 제작하여 금융감독원의 유튜브 채널과 e 금융교육센터에 공개 교육지원 직무교육
전남,46000,20250619005400111071,한·일대학생연수,해외진출,일본 현지 어학연수 및 인턴십 지원,"참가학생 1인당 850만원 내외 지원 *항공료, 비자발급비, 인턴십 관리운영비, 보험료 등 *취업 취약계층은 최대 350만원 추가지원",교육,미래역량강화,"일자리, 직무교육",일자리,,20250201 ~ 20260101,"0세~0세 / 연령제한:Y 0043001 0 0 ㅇ 일반대 4학기 이상, 전문대 2학기 이상을 이수한 재학생 ㅇ 대학 자체 기준에 따라 선발하되, 일정 수준 이상 일본어 구사능력 필요 ㅇ 취업취약계층(30%) 우선 선발 0011009 0013010 0049005,0049006 0055003",0세~0세 / 연령제한:Y,0043001 0 0,(학생선발) 대학이 배정된 예산·인원 범위 내에서 자체기준에 따라 선발 * 선발인원의 30%이상 취업 취약계층 우선선발 추진,,지역인재정책관,한국장학재단,https://www.moe.go.kr/boardCnts/viewRenew.do?boardID=72761&boardSeq=102648&lev=0&searchType=null&statusYN=W&page=1&s=moe&m=020502&opType=N,,,2025-06-19 15:03:11,2026-01-01 00:00:00,3,온통청년_OPEN_API_getPlcy,전남,한 일대학생연수 일본 현지 어학연수 및 인턴십 지원 해외진출 일자리
전남,46000,20250619005400111070,(청년 금융교육 지원) 대학생 금융교육봉사단,교육지원,"어린이, 청소년 및 어르신 등을 위해 금융교육 봉사활동을 수행할 ｢대학생 금융교육 봉사단｣을 모집합니다.","금융감독원은 2012년부터 금융교육에 대한 높은 열정과 사명감을 지닌 대학생을 ｢FSS 대학생 금융교육 봉사단｣으로 선발하여◦ 초‧중‧고 방문교육, 어린이 ‘늘봄학교 금융교육’, 청소년 ‘방과후 금융교실’, 어르신 ‘디지털 금융교육’ 등의 금융교육 봉사활동을 활발히 실시해오고 있습니다. ※ 봉사단 출범부터 ’24년까지 총 5,703회(약 25.5만명 교육)의 봉사활동 수행 금융지식 및 강의역량을 향상시키고 봉사의 기쁨도 누릴 수 있는 ｢대학생 금융교육 봉사단｣에 많은 관심과 참여 바랍니다. (모집인원) 총 100명 이내에서 교육수요 등을 고려하여 지역별로 선발 (지원자격) 전국 4년제 대학 1~3학년 재학생 및 동 학년에 준하는 휴학생으로 다음의 요건 중 1개 이상을 충족한 자 ① 금융감독원에서 지원하는 ‘대학 실용금융’ 강좌를 이수했거나 이수중인 자(K-MOOC*를 통한 ‘실용금융의 이론과 실제’ 강좌 이수도 인정) * K-MOOC(Korean Massive Open Online Course) : 국가평생교육진흥원에서 운영중인 공개강좌 플랫폼 ② 금융감독원 ｢FSS 금융아카데미｣ 수료자 ③ 금융교육 봉사 경험이 있는 자 ④ 한국은행, 한국거래소 등 공적 기관의 금융교육을 10시간 이상 수강한 자⑤ 어린이‧청소년·어르신 대상 금융교육 봉사활동에 열의가 있는 자* * 자기소개서로 평가 (활동지원) 금융교육 봉사에 필요한 금융지식 및 강의역량을강화할 수 있는 강사연수를 진행 그 외 금융교육 진행시 활용할 수 있는 금융교육 교재(교구)·강의안을 제공하며, 교육을 진행할 때마다 소정의 활동비를 지원 (활동혜택) 발대식에 참여한 봉사단원에게는 금감원장명의의 ‘FSS 대학생 금융교육 봉사단 위촉장’을 수여하고 5회 이상 금융교육 봉사활동 시 ‘봉사활동 인증서’를 발급하며 우수 봉사단원 선정 시 포상 등 혜택을 부여",교육,미래역량강화,"직무교육, 복지, 참여 프로그램",직무교육,20250602 ~ 20250627,'12년부터 매년 시행중,"19세~40세 / 연령제한:N 0043001 0 0 전국 4년제 대학 1~3학년 재학생 및 동 학년에 준하는 휴학생으로 다음의 요건 중 1개 이상을 충족한 자 ① 금융감독원에서 지원하는 대학 실용금융강좌(‘대학생을 위한 실용금융’ 교재 활용)를 이수했거나 이수중인 자(K-MOOC를 통한 강좌이수도 인정) ② FSS금융아카데미 수료자 ③ 금융교육 봉사 경험이 있는 자 ④ 한국은행, 한국거래소 등 공공기관의 금융교육을 10시간 이상 수강한 자 ⑤ 어린이·청소년·어르신 등 금융교육 봉사에 열정이 있는 자 * K-MOOC(Korean Massive Open Online Course) : 국가평생교육진흥원에서 운영중인 공개강좌 플랫폼 0011009 0013010 0049005 0055003",19세~40세 / 연령제한:N,0043001 0 0,금융감독원 ｢e-금융교육센터｣(http://www.fss.or.kr/edu)를 통해 신청,"① 자기소개서 ② 재,휴학증명서 ③ 대학 실용금융 강좌 증빙 첨부파일 또는 FSS금융아카데미 수료증 파일 또는 금융교육 봉사경험 증빙 첨부파일 또는 공공기관 교육 10시간이상 이수 증빙 첨부파일",금융감독원,금융교육국,https://www.fss.or.kr/edu/main/contents.do?menuNo=300077,,,2025-06-19 15:00:08,2025-06-20 10:17:16,3,온통청년_OPEN_API_getPlcy,전남,청년 금융교육 지원 대학생 금융교육봉사단 어린이 청소년 및 어르신 등을 위해 금융교육 봉사활동을 수행할 대학생 금융교육 봉사단 을 모집합니다 교육지원 직무교육
전남,46000,20250619005400111069,파란사다리,"보조금,해외진출",취약계층 대학생에게 해외연수를 통한 진로탐색 기회 제공,"1인당 평균 400만원 내외(항공료, 보험료, 교육비, 체제비(일부)) *파견 국가(권역)별 물가수준 및 온오프라인 운영방식에 따라 지원금 변동가능 *중기 유형 참여대학 대상 지원금 추가지원 예정(참가자 당 약 5백만원)",교육,미래역량강화,"직무교육, 복지, 참여 프로그램",직무교육,,20250201 ~ 20260131,"0세~0세 / 연령제한:Y 0043001 0 0 ㅇ경제적 취약 대학생 - 소득분위상 저소득층, 기타 ㅇ 사회적 취약 대학생 - 장애학생, 한부모가족 지원대상자, 자립준비청년, 청소년복지시설 입·퇴소 청소년, 기타 0011009 0013010 0049005,0049006 0055003",0세~0세 / 연령제한:Y,0043001 0 0,대학이 배정된 예산·인원 범위 내에서 자체기준에 따라 선발,,지역인재정책관,한국장학재단,https://www.moe.go.kr/boardCnts/viewRenew.do?boardID=72761&boardSeq=102647&lev=0&searchType=null&statusYN=W&page=1&s=moe&m=020502&opType=N,,,2025-06-19 14:56:43,2026-01-01 00:00:00,3,온통청년_OPEN_API_getPlcy,전남,파란사다리 취약계층 대학생에게 해외연수를 통한 진로탐색 기회 제공 보조금 해외진출 직무교육
전남,46000,20250619005400111067,한·미대학생연수(WEST),해외진출,미국 현지 어학연수 및 인턴십 지원,"참가비·생활비(소득분위별 차등지급), 왕복항공료(정액)",교육,미래역량강화,"일자리, 직무교육, 복지",일자리,,20250101 ~ 20251231,"0세~0세 / 연령제한:Y 0043001 0 0 4년제 대학 4학기 이상, 전문대학 2학기 이상을 이수한 국내 대학 재·휴학생 및 최근 1년 이내 졸업생 복수 국적자 및 외국 소재 대학(교)학생, WEST 프로그램 기 참가자 또는 기 지원자 중 참가비 납부 마감 이후 포기자 0011009 0013010 0049005,0049006,0049007 0055003",0세~0세 / 연령제한:Y,0043001 0 0,서류심사 -> 1·2차 면접 -> 선발 (1차 면접) 국립국제교육원 인성면접 (2차 면접) 현지중개기관 영어면접,,지역인재정책관,국립국제교육원,http://www.niied.go.kr/user/nd81540.do,,,2025-06-19 14:50:09,2026-01-01 00:00:00,3,온통청년_OPEN_API_getPlcy,전남,한 미대학생연수 WEST 미국 현지 어학연수 및 인턴십 지원 해외진출 일자리
전남,46000,20250619005400111066,(청년 금융교육 지원) 대학 실용금융 강좌,교육지원,금융감독원은 대학생에게 체계적인 금융교육을 제공하기 위하여 2016년부터 실용금융강좌 개설을 지원하고 있습니다.,"①교수지원 : 금융감독원 금융교육국 소속 교수(금감원 국/실장, 부국장 등 관리직을 역임했던 직원)가 한 학기 강좌를 담당(학사관리 포함), 통상적으로 겸임교원, 강사 등으로 임용되어 기간 중 활동 -- 강사료는 없음(금융감독원 부담) ②교재지원 : 본 프로그램의 전용 교재인 '대학생을 위한 실용금융(24년 개정판)'을 수강인원만큼 제공하고, 교수는 대학 측에서 자체적으로 섭외하여 진행 ③온라인 강의 영상 지원 : 한 학기(15주차) 기준 운영이 가능한 강의 영상을 제공하며, 대학은 학내 LMS등에 탑재하여 운영(통상 비교과로 운영, 별도의 보고 의무 없음)",교육,온라인교육,"직무교육, 복지",직무교육,20250604 ~ 20250630,'16년부터 매년 시행중,0세~0세 / 연령제한:Y 0043001 0 0 0011008 0013009 0049009 0055003,0세~0세 / 연령제한:Y,0043001 0 0,「e-금융교육센터」 홈페이지에서 온라인 신청 e-금융교육센터(www.fss.or.kr/edu) • 첫 화면에 ‘2025년 2학기 대학 실용금융 강좌 개설신청’(배너)의“신청하기” 이용,-,금융감독원,금융교육국,https://www.fss.or.kr/edu/fem/collegeUtilityCourse/view.do?menuNo=300035&evenNo=336,,,2025-06-19 14:44:59,2025-06-19 15:58:15,3,온통청년_OPEN_API_getPlcy,전남,청년 금융교육 지원 대학 실용금융 강좌 금융감독원은 대학생에게 체계적인 금융교육을 제공하기 위하여 2016년부터 실용금융강좌 개설을 지원하고 있습니다 교육지원 직무교육
전남,46000,20250619005400111065,전문대학 글로벌 현장학습,"보조금,해외진출,인턴",전문대학생에세 해외 현지에서의 전공·직무 연계 현장실습 기회 제공,"참가학생 1인당 500~900만원 내외 지원 * 항공료, 비자발급비, 인턴십 관리운영비, 보험료 등 * 해외 창업트랙 우수대학 선정하여 우수대학을 대상으로 추가 지원",교육,미래역량강화,"일자리, 직무교육, 창업지원",일자리,,20250201 ~ 20260131,"0세~0세 / 연령제한:Y 0043001 0 0 전문대 2학기 이상을 이수한 재학생 0011009 0013010 0049005,0049006 0055003",0세~0세 / 연령제한:Y,0043001 0 0,(대학선발) 각 대학 사업계획서 서면평가를 통해 선발학생 TO 배분 (학생선발) 대학이 배정된 예산·인원 범위 내에서 자체기준에 따라 선발,,지역인재정책관,지역인재정책관,,https://www.kcce.or.kr/web/majorBusiness/webInternationExchange.do,,2025-06-19 14:41:40,2026-01-01 00:00:00,3,온통청년_OPEN_API_getPlcy,전남,전문대학 글로벌 현장학습 전문대학생에세 해외 현지에서의 전공 직무 연계 현장실습 기회 제공 보조금 해외진출 인턴 일자리
전남,46000,20250619005400111064,청년·대학생 햇살론(햇살론유스),대출,저소득 청년층을 위한 보증부대출,대학생·청년층의 금융애로를 해소하고 향후 제도권 금융으로 안착할 수 있도록 지원,복지문화,취약계층 및 금융지원,복지,복지,,상시진행,19세~34세 / 연령제한:N 0043002 0 3500 0011009 0013010 0049010 0055003,19세~34세 / 연령제한:N,0043002 0 3500,,,서민금융진흥원,서민금융진흥원,https://www.kinfa.or.kr/financialProduct/hessalLoanYoos.do,,,2025-06-19 10:03:18,2026-01-01 00:00:00,3,온통청년_OPEN_API_getPlcy,전남,청년 대학생 햇살론 햇살론유스 저소득 청년층을 위한 보증부대출 대출 복지
전남,46000,20250618005400111051,이공계 연구생활장려금,교육지원,이공계 대학원 진학 촉진 및 연구·학업 몰입 지원,이공계 전일제 대학원생에게 매월 일정금액 이상의 학생지원금 보장 및 학생연구자 지원구조 보강,교육,미래역량강화,"직무교육, 복지",직무교육,,2025~2033,"0세~0세 / 연령제한:Y 0043001 0 0 0011004,0011005,0011008 0013010 0049007,0049008 0055003",0세~0세 / 연령제한:Y,0043001 0 0,,,과학기술정보통신부,과학기술정보통신부,,https://www.nrf.re.kr/biz/info/notice/view?menu_no=378&page=&nts_no=234580&biz_no=645&target=&biz_not_gubn=notice&search_type=NTS_TITLE&search_keyword1=,https://www.nrf.re.kr/biz/info/info/view?menu_no=378&biz_no=645,2025-06-18 18:09:13,2026-01-01 00:00:00,3,온통청년_OPEN_API_getPlcy,전남,이공계 연구생활장려금 이공계 대학원 진학 촉진 및 연구 학업 몰입 지원 교육지원 직무교육
전남,46000,20250618005400111042,WFK KOICA자문단,해외진출,"민간, 공공부문 현직 또는 퇴직 전문가를 파견하여 협력국에 우리나라 경제사회 발전의 노하우를 전수하는 프로그램","국내 우수 전문 인력의 해외 진출을 활성화하며, 협력국의 개발 역량 강화 및 제도 구축을 지원",참여권리,청년국제교류,"직무교육, 참여 프로그램",직무교육,,연 2회 선발 예정,"0세~0세 / 연령제한:Y 0043001 0 0 모집분야(공공행정, 교육, 농림수산, 보건) 직무 관련 경력 10년 이상 0011008 0013010 0049009 0055003",0세~0세 / 연령제한:Y,0043001 0 0,KOICA 봉사단 홈페이지에서 지원,공지사항 참고,외교부,한국국제협력단,https://kov.koica.go.kr/ho/main.do,http://koica.go.kr,,2025-06-18 17:23:00,2026-01-01 00:00:00,3,온통청년_OPEN_API_getPlcy,전남,WFK KOICA자문단 민간 공공부문 현직 또는 퇴직 전문가를 파견하여 협력국에 우리나라 경제사회 발전의 노하우를 전수하는 프로그램 해외진출 직무교육
전남,46000,20250618005400111040,WFK 청년중기봉사단,해외진출,"개발도상국의 현지 기관에서 교육봉사, 환경개선 및 문화교류 등을 위하여 5명 내외의 팀제 봉사단원을 파견하는 사업","KOICA 해외사무소 소재 국가를 대상으로 400명의 청년(19~34세)이 5개월간의 봉사활동에 참여함을 통해, 청년의 개발협력사업 참여 저변을 확대하고 협력국 문제 해결에 기여함으로써 글로벌 사회적 가치 실현",참여권리,청년국제교류,"직무교육, 복지, 참여 프로그램",직무교육,,연 2회 선발(상반기 활동 예정자 : 전년도 4분기 / 하반기 활동 예정자 : 당해연도 2분기),"19세~34세 / 연령제한:N 0043001 0 0 학력, 전공 상세요건 각 모집공고 참고 0011008 0013010 0049009 0055003",19세~34세 / 연령제한:N,0043001 0 0,시스템(또는 이메일) 서류 접수,각 모집공고 참고,외교부,한국국제협력단,,,,2025-06-18 17:20:21,2026-01-01 00:00:00,3,온통청년_OPEN_API_getPlcy,전남,WFK 청년중기봉사단 개발도상국의 현지 기관에서 교육봉사 환경개선 및 문화교류 등을 위하여 5명 내외의 팀제 봉사단원을 파견하는 사업 해외진출 직무교육
전남,46000,20250618005400111039,WFK NGO봉사단,해외진출,"개발도상국과의 협력 증진, 개발도상국 현지 NGO 사업지의 주민 삶의 질 향상, 봉사단원 자아실현을 위한 봉사단원 파견 프로그램","민간 부문(CSO)과의 파트너십을 통해 우리 국민의 개발협력 분야 현장 경험 기회를 제공하며, 개발협력 사업의 효과성을 제고함",참여권리,청년국제교류,"직무교육, 참여 프로그램",직무교육,,연 1회(4분기 중) 예정,"0세~0세 / 연령제한:Y 0043001 0 0 학력, 전공, 연령 등 상세요건은 각 공지사항 참고 0011008 0013010 0049009 0055003",0세~0세 / 연령제한:Y,0043001 0 0,온라인 모집플랫폼(인크루트) 또는 이메일 지원,공지사항 참고,외교부,한국국제협력단,,http://recruit.incruit.com/ngovol/,www.kidc.or.kr,2025-06-18 17:16:33,2026-01-01 00:00:00,3,온통청년_OPEN_API_getPlcy,전남,WFK NGO봉사단 개발도상국과의 협력 증진 개발도상국 현지 NGO 사업지의 주민 삶의 질 향상 봉사단원 자아실현을 위한 봉사단원 파견 프로그램 해외진출 직무교육
전남,46000,20250618005400111038,WFK NIPA자문단,해외진출,퇴직전문가 파견을 통한 협력국 산업개발 자문·컨설팅프로그램,"정보통신, 산업기술 등 5대 분야에서 10년 이상 경력을 보유한 퇴직전문가의 협력국 파견을 통한 정책 자문·컨설팅",참여권리,청년국제교류,"직무교육, 참여 프로그램",직무교육,,"연 2회(1월, 7월) 선발 예정","0세~0세 / 연령제한:Y 0043001 0 0 모집분야(정보통신, 산업기술, 에너지자원, 무역투자, 지역발전) 10년 이상 또는 그에 상응하는 경력 보유 0011008 0013010 0049009 0055003",0세~0세 / 연령제한:Y,0043001 0 0,지원서류 온라인 홈페이지 접수,"지원서, 학력증명서, 경력증명서, 면허증 및 자격증, 병적증명서 등",산업통상자원부,정보통신산업진흥원,https://senior.nipa.kr/index.do,,,2025-06-18 17:11:57,2026-01-01 00:00:00,3,온통청년_OPEN_API_getPlcy,전남,WFK NIPA자문단 퇴직전문가 파견을 통한 협력국 산업개발 자문 컨설팅프로그램 해외진출 직무교육
전남,46000,20250618005400111037,WFK 과학기술지원단,해외진출,이공계 전문인력 파견을 통한 협력국 과학기술 발전 지원하는 프로그램,"협력국 현지 대학/연구기관에 우리 과학기술 인재를 파견, 대한민국 발전 경험 공유 및 협력국 인재양성 지원",참여권리,청년국제교류,"직무교육, 참여 프로그램",직무교육,,"연 2회 선발(1월, 7월) 예정","0세~0세 / 연령제한:Y 0043001 0 0 ㅇ 학력요건: 모집분야 학사학위 이상 또는 동등한 자격이 있다고 인정되는 경우 ㅇ 전공, 연령 등 상세요건은 공지사항 참고 0011008 0013010 0049009 0055003",0세~0세 / 연령제한:Y,0043001 0 0,지원서류 이메일 접수,"지원서, 이력서, 커버레터, 개인정보 제공 및 활용 동의서, 부모(배우자) 동의서, 학력증명서, 경력증명서, 어학시험 증명서, 자격증 및 우대사항 증빙, 병적증명서, 기본증명서 등",과학기술정보통신부,한국연구재단,https://www.nrf.re.kr/index,,,2025-06-18 16:50:12,2026-01-01 00:00:00,3,온통청년_OPEN_API_getPlcy,전남,WFK 과학기술지원단 이공계 전문인력 파견을 통한 협력국 과학기술 발전 지원하는 프로그램 해외진출 직무교육
전남,46000,20250618005400111034,(신규)건축구조기사 양성,교육지원,건축구조분야 전문인력 수요에 따른 건축구조기사 국가기술자격 신설,건축물 안전 향상을 위한 건축구조기사 국가기술자격 신설 및 건축구조분야 전문인력 확보,교육,미래역량강화,직무교육,직무교육,,'25년~계속,0세~0세 / 연령제한:Y 0043001 0 0 0011009 0013010 0049010 0055003,0세~0세 / 연령제한:Y,0043001 0 0,,,국토교통부,국토교통부,,,,2025-06-18 15:34:44,2026-01-01 00:00:00,3,온통청년_OPEN_API_getPlcy,전남,신규 건축구조기사 양성 건축구조분야 전문인력 수요에 따른 건축구조기사 국가기술자격 신설 교육지원 직무교육
전남,46000,20250618005400111029,WFK 한방봉사단,해외진출,한의약을 중심으로 매년 ODA 대상국에 의료구제 사업을 실시하여 범인류애적 인도주의를 실천하고 한의학의 세계화와 국위선양에 기여하는 프로그램,한의사 또는 일반봉사자를 팀으로 개도국에 파견하여 한의약을 중심으로 의료혜택에서 소외된 개도국 주민들의 건강 증진을 위한 의료봉사활동 전개,참여권리,청년국제교류,"직무교육, 복지, 참여 프로그램",직무교육,,국가별 모집시기 상이(연중 4-5회),"0세~0세 / 연령제한:Y 0043001 0 0 ㅇ 학력요건: (한의사) 의료면허 소지자, (일반단원) : 제한없음 ㅇ 추가조건: 대한한의약해외의료봉사단(KOMSTA) 정회원 ㅇ 기타 전공, 연령 등 상세조건은 공지사항 참고 0011008 0013010 0049009 0055003",0세~0세 / 연령제한:Y,0043001 0 0,시스템 서류 접수,공지사항 참고,보건복지부,외교부,https://komsta.org,,,2025-06-18 14:24:32,2026-01-01 00:00:00,3,온통청년_OPEN_API_getPlcy,전남,WFK 한방봉사단 한의약을 중심으로 매년 ODA 대상국에 의료구제 사업을 실시하여 범인류애적 인도주의를 실천하고 한의학의 세계화와 국위선양에 기여하는 프로그램 해외진출 직무교육
전남,46000,20250618005400111028,WFK 청년봉사단(한국대학사회봉사협의회),해외진출,한국 및 현지 대학생들 간의 연계와 교류를 통한 친선과 상호이해 증진 프로그램,"WFK 파견국을 대상으로 대한민국 청년들을 파견하여 특화봉사(SDGs, 전공연계), 노력봉사, 문화교류 활동을 진행하고, 이를 통해 단원들의 폭넓은 국제경험과 인도주의 정신 함양, 세계시민 역량 신장을 지원",참여권리,청년국제교류,"직무교육, 복지, 참여 프로그램",직무교육,,"연 2회 선발( 4~5월 , 9~10월) 예정","0세~0세 / 연령제한:Y 0043001 0 0 분야(교육, 기술환경에너지, 보건의료, 농림수산) 선발, 상세 조건은 공지사항 참고 0011008 0013010 0049005,0049006 0055003",0세~0세 / 연령제한:Y,0043001 0 0,시스템 서류 접수,공지사항 참고,외교부,외교부,https://www.kucss.or.kr/,,,2025-06-18 14:20:48,2026-01-01 00:00:00,3,온통청년_OPEN_API_getPlcy,전남,WFK 청년봉사단 한국대학사회봉사협의회 한국 및 현지 대학생들 간의 연계와 교류를 통한 친선과 상호이해 증진 프로그램 해외진출 직무교육
전남,46000,20250618005400111027,WFK 청년봉사단(태평양아시아협회),해외진출,한국 및 현지 대학생들 간의 연계와 교류를 통한 친선과 상호이해 증진 프로그램,"대한민국 대학생을 수원국에 파견하여 3주간 교육봉사, 노력봉사, 문화교류 등 다양한 봉사활동을 통해 단원들의 봉사정신을 함양",참여권리,청년국제교류,"직무교육, 복지, 참여 프로그램",직무교육,,"연 2회 선발(3월, 9월) 예정","0세~0세 / 연령제한:Y 0043001 0 0 0011008 0013010 0049005,0049006 0055003",0세~0세 / 연령제한:Y,0043001 0 0,시스템 서류 접수,공지사항 참고,외교부,외교부,https://www.pas.or.kr/,,,2025-06-18 14:09:28,2026-01-01 00:00:00,3,온통청년_OPEN_API_getPlcy,전남,WFK 청년봉사단 태평양아시아협회 한국 및 현지 대학생들 간의 연계와 교류를 통한 친선과 상호이해 증진 프로그램 해외진출 직무교육
전남,46000,20250618005400111026,KOICA 영프로페셔널(해외),"인턴,해외진출",청년들의 ODA사업 참여 기회 제공을 통해 글로벌경쟁력을 보유한 ODA 전문인력을 양성하고자 KOICA 해외사무소 및 재외공관에 파견되어 근무하는 청년인턴 프로그램,"KOICA 사무소 소재국(약 47개국)의 해외사무소, 재외공관에 파견하여 개발협력사업 현장 경험을 축적하고 이를 토대로 개발협력 분야 전문가로 성장해 나가는 경력개발 현장 경험 중심 프로그램",참여권리,청년국제교류,"일자리, 직무교육, 참여 프로그램",일자리,20250701 ~ 20250731,연 2회(하반기 7월 예정) 선발,"0세~0세 / 연령제한:Y 0043001 0 0 학력, 전공, 연령 등 상세조건 공지사항 참고 0011008 0013010 0049009 0055003",0세~0세 / 연령제한:Y,0043001 0 0,시스템 서류 접수,공지사항 참고,외교부,한국국제협력단,https://koica-yp.hrsystem.co.kr,https://koica.go.kr/sites/koica_kr/index.do,,2025-06-18 14:05:38,2025-06-25 14:52:41,3,온통청년_OPEN_API_getPlcy,전남,KOICA 영프로페셔널 해외 청년들의 ODA사업 참여 기회 제공을 통해 글로벌경쟁력을 보유한 ODA 전문인력을 양성하고자 KOICA 해외사무소 및 재외공관에 파견되어 근무하는 청년인턴 프로그램 인턴 해외진출 일자리
전남,46000,20250618005400111025,KOICA 영프로페셔널(국내),"해외진출,인턴","국내 KOICA 파트너(NGO, 대학, 연구기관, 민간기업 컨설팅 기관 등)을 통해 개발협력 실무경험을 제공","개발협력 사업수행기관 YP는 개발협력의 첫 발을 내딛고자 하는 청년들이 국제사회의 SDGs 달성을 위한 사업을 추진중인 KOICA 파트너(NGO, 대학, 연구기관, 민간기업 컨설팅 기관 등)를 통해 개발협력 실무경험을 쌓을 수 있게 하는 사업입니다. 사업수행기관 YP 사업을 수행 파트너 중 본인이 원하는 분야 및 기관을 선택하여 지원 가능하며, 다양한 개발협력 업무 경험과 해외사업현장 OJT 지원을 통해 글로벌 인재 역량을 강화할 수 있습니다.",참여권리,청년국제교류,"일자리, 직무교육, 참여 프로그램",일자리,20250625 ~ 20250724,연 2회 (하반기 : 2025.6.25.-7.24.) 선발 예정,"0세~0세 / 연령제한:Y 0043001 0 0 학력, 전공, 연령 등 상세조건 기관별 상이 0011008 0013010 0049009 0055003",0세~0세 / 연령제한:Y,0043001 0 0,공지사항 참고(각 기관별 상이),공지사항 참고(각 기관별 상이),외교부,한국국제협력단,,,,2025-06-18 14:01:49,2025-06-25 14:53:39,3,온통청년_OPEN_API_getPlcy,전남,KOICA 영프로페셔널 국내 국내 KOICA 파트너 NGO 대학 연구기관 민간기업 컨설팅 기관 등 을 통해 개발협력 실무경험을 제공 해외진출 인턴 일자리
전남,46000,20250618005400111024,WFK UNV대학생봉사단,해외진출,청년 인재의 UN 현지기구 파견을 통한 국제기구 진출 기회 확대 및 글로벌 경쟁력 강화하는 프로그램,"코이카 사무소가 소재한 국가에 UNV대학생봉사단 약 6개월간 파견, 국제기구 실무 근무 경험을 통해 국제 업무 능력을 증진하여 글로벌 역량을 갖춘 인재 양성 도모",참여권리,청년국제교류,"직무교육, 참여 프로그램",직무교육,,연중 1회 실시(통상 5월),"0세~0세 / 연령제한:Y 0043001 0 0 학력, 전공, 연령 등 상세조건은 국제기구 제출 직위별 상이 0011008 0013009 0049009 0055003",0세~0세 / 연령제한:Y,0043001 0 0,시스템 서류 접수,공지사항 참고,외교부,한국국제협력단,https://app.unv.org/?donor=1651875970445568,,,2025-06-18 13:58:23,2026-01-01 00:00:00,3,온통청년_OPEN_API_getPlcy,전남,WFK UNV대학생봉사단 청년 인재의 UN 현지기구 파견을 통한 국제기구 진출 기회 확대 및 글로벌 경쟁력 강화하는 프로그램 해외진출 직무교육
전남,46000,20250618005400111023,WFK IT봉사단,해외진출,"대학생, IT 전문가 등의 IT 인력을 개도국의 정부기관, 공공기관 및 대학 등에 파견하여 국가 간 정보격차 해소 기여하는 프로그램","약 400명의 청년 단원들을 2~4주 간 ICT인프라가 취약한 협력국에 파견, ICT 교육 및 프로젝트를 실행함으로써 글로벌 디지털 격차를 해소하고 국내 ICT 인재들이 글로벌 역량을 갖출 수 있도록 지원",참여권리,청년국제교류,"직무교육, 참여 프로그램",직무교육,,연중 1회(3~4월)선발 예정,"0세~0세 / 연령제한:Y 0043001 0 0 ICT 교육이 가능한 자(관련 분야 전공자, 경력자, 자격증 보유자 등) 최소 2인을 포함한 팀으로 지원 가능 0011009 0013010 0049010 0055003",0세~0세 / 연령제한:Y,0043001 0 0,시스템 서류 접수,공지사항 참고,과학기술정보통신부,한국지능정보사회진흥원,https://kiv.nia.or.kr,,,2025-06-18 13:51:43,2026-01-01 00:00:00,3,온통청년_OPEN_API_getPlcy,전남,WFK IT봉사단 대학생 IT 전문가 등의 IT 인력을 개도국의 정부기관 공공기관 및 대학 등에 파견하여 국가 간 정보격차 해소 기여하는 프로그램 해외진출 직무교육
전남,46000,20250618005400211022,2025년 울산광역시 남구 청년도전 지원사업(단기·중기),"장기미취업청년,맞춤형상담서비스",구직단념 청년을 발굴·모집하여 사회활동 참여의욕 고취 및 맞춤형 프로그램 제공,"○사업명: 2025년 울산 남구 청년도전 지원사업 프로그램(단기·중기) ○신청기간: 상시(선착순 마감) ○참여기간: 2025. 7. 7. ~ 11. 23.(20주) ○ 모집대상: 구직단념청년 등 ※ 최근 6개월 이내 취업경력과 직업훈련 경험이 없는 만 19세~39세 청년 ○지원규모: 72명 ○지원내용: 맞춤형 프로그램(밀착상담, 취업역량강화 등), 구직지원금 최대 350만(교육 이수시) ○운영기관: (주)좋은일자리 ☎052-944-3500",일자리,취업,"일자리, 직무교육, 복지, 참여 프로그램",일자리,20250618 ~ 20251123,20250707 ~ 20251123,"19세~39세 / 연령제한:N 0043001 0 0 -최근 6개월간 고용보험, 직업훈련, 교육(대학교 포함) 이력 有 -실업급여 수급 6개월 이내 -대학(원), 방통대 등 재학 중 -국민취업지원제도 참여이력 有 -사업자등록 보유 0011009 0013003 0049010 0055003",19세~39세 / 연령제한:N,0043001 0 0,(주)좋은일자리 방문신청 또는 인터넷 신청,,구청장,행정경제국,https://www.ulsan1.kr/busi/busi09.php#form,https://www.ulsannamgu.go.kr/cop/bbs/selectBoardArticle.do,,2025-06-18 13:50:00,2025-06-25 14:45:15,3,온통청년_OPEN_API_getPlcy,전남,2025년 울산광역시 남구 청년도전 지원사업 단기 중기 구직단념 청년을 발굴 모집하여 사회활동 참여의욕 고취 및 맞춤형 프로그램 제공 장기미취업청년 맞춤형상담서비스 일자리
전남,46000,20250618005400111021,WFK KOICA 프로젝트봉사단,해외진출,KOICA의 개발협력 전문성과 민간의 분야 전문성을 결합하여 협력국의 개발 문제에 기여하는 성과 중심 프로그램,우리나라 청년들 및 경력자들이 4~5개월 동안 ODA 현장 실무 수행하며 일 경험을 쌓을 수 있는 성과 중심의 팀제 봉사단,참여권리,청년국제교류,"직무교육, 참여 프로그램",직무교육,,"하반기 2회 선발(7월, 11월)예정 *시기는 변경될 수 있음.","19세~999세 / 연령제한:N 0043001 0 0 연령조건: 만19세 이상~만34세 이하 80%, 만34세 이상 20% 선발 0011008 0013010 0049009 0055003",19세~999세 / 연령제한:N,0043001 0 0,지원서 온라인 제출,"지원서 및 적합도 검사 실시, 학력/경력/자격증/가산점(외국어성적/사회적배려층/기타) 증빙서류",외교부,한국국제협력단,https://kov.koica.go.kr/ho/main.do,https://koica.go.kr/sites/koica_kr/index.do,,2025-06-18 13:45:26,2026-01-01 00:00:00,3,온통청년_OPEN_API_getPlcy,전남,WFK KOICA 프로젝트봉사단 KOICA의 개발협력 전문성과 민간의 분야 전문성을 결합하여 협력국의 개발 문제에 기여하는 성과 중심 프로그램 해외진출 직무교육
전남,46000,20250618005400111018,WFK KOICA 일반봉사단,해외진출,"협력국 수요를 바탕으로 공공행정, 교육, 농림수산, 보건, 기술환경에너지 각 분야에 파견하여 개인 단위 봉사활동 프로그램","대한민국 정부가 파견하는 해외봉사단으로 협력국의 경제사회 발전 지원을 위해 파견분야 관련 기술/지식 전수를 위한 교육, 현장활동 수행 (1~2년)",참여권리,청년국제교류,"직무교육, 참여 프로그램",직무교육,,"하반기 2회 선발(7월, 9월)예정 *시기는 변경될 수 있음.",19세~999세 / 연령제한:N 0043001 0 0 0011008 0013010 0049009 0055003,19세~999세 / 연령제한:N,0043001 0 0,지원서 온라인 제출,"지원서 및 적합도 검사 실시, 학력/경력/자격증/가산점(외국어성적/사회적배려층/기타) 증빙서류",외교부,한국국제협력단,https://kov.koica.go.kr/ho/main.do,https://koica.go.kr/sites/koica_kr/index.do,,2025-06-18 11:24:21,2026-01-01 00:00:00,3,온통청년_OPEN_API_getPlcy,전남,WFK KOICA 일반봉사단 협력국 수요를 바탕으로 공공행정 교육 농림수산 보건 기술환경에너지 각 분야에 파견하여 개인 단위 봉사활동 프로그램 해외진출 직무교육
전남,46000,20250618005400111009,정보보호특성화대학 지원사업,교육지원,국내 4년제 대학의 정보보호 관련 학과 및 전공 지원을 통해 학부과정 교육기반 강화 및 직무중심의 우수인력 양성,"정보보호특성화대학 운영을 위한 대학단위 사업비 지원 - 교육 인프라 구축, 교육과정 개발 및 운영, 해외 교육 및 연수, 산학협력중점교수 채용, 학업장려금 지원 등",교육,미래역량강화,"일자리, 직무교육",일자리,,지원 학교별 상이,"0세~0세 / 연령제한:Y 0043001 0 0 지원대학 소속 재학생 0011004,0011005 0013010 0049005 0055003",0세~0세 / 연령제한:Y,0043001 0 0,정보보호특성화 지원대학별 자체 선발,,과학기술정보통신부,한국인터넷진흥원,,,,2025-06-18 10:26:41,2025-06-25 16:24:44,3,온통청년_OPEN_API_getPlcy,전남,정보보호특성화대학 지원사업 국내 4년제 대학의 정보보호 관련 학과 및 전공 지원을 통해 학부과정 교육기반 강화 및 직무중심의 우수인력 양성 교육지원 일자리
전남,46000,20250618005400111008,도심융합특구 조성,주거지원,지방 도심에 청년인재 정착과 지역발전을 위한 산업·주거·문화 등 복합혁신공간(도심융합특구) 조성,지방 광역시(5곳)에 도심융합특구를 조성하기 위하여 기본계획·실시계획 수립비 지원,주거,주택 및 거주지,"주거지원, 복지",주거지원,,'21년~계속,0세~0세 / 연령제한:Y 0043001 0 0 0011009 0013010 0049010 0055003,0세~0세 / 연령제한:Y,0043001 0 0,,,국토교통부,국토교통부,,,,2025-06-18 10:24:05,2026-01-01 00:00:00,3,온통청년_OPEN_API_getPlcy,전남,도심융합특구 조성 지방 도심에 청년인재 정착과 지역발전을 위한 산업 주거 문화 등 복합혁신공간 도심융합특구 조성 주거지원 주거지원
전남,46000,20250618005400111007,ICT 석박사 인재의 글로벌 연구 역량 강화,교육지원,해외 최고 수준 대학에 디지털 혁신기술 분야 맞춤형 교육과정을 개설하고 국내 청년인재를 파견 교육,세계 최고 수준의 대 학과 협력을 통해 AI 등 디지털 혁신기술 분야 맞춤형 교육과정 운영 및 교육생 양성,교육,미래역량강화,직무교육,직무교육,20250519 ~ 20250622,20220701 ~ 20271231,0세~0세 / 연령제한:Y 0043001 0 0 0011009 0013010 0049008 0055003,0세~0세 / 연령제한:Y,0043001 0 0,,,정보통신산업정책관,정보통신기획평가원,,,,2025-06-18 10:22:28,2025-06-25 16:28:08,3,온통청년_OPEN_API_getPlcy,전남,ICT 석박사 인재의 글로벌 연구 역량 강화 해외 최고 수준 대학에 디지털 혁신기술 분야 맞춤형 교육과정을 개설하고 국내 청년인재를 파견 교육 교육지원 직무교육
전남,46000,20250618005400111006,공유주택 펀드투자,주거지원,대학생·청년 등 1인 가구 맞춤형 민간 공유주택 활성화 지원,"도심 내 공유주택을 운영하거나 공유서비스를 제공하는 스타트업, 사회적 기업 등에 장기 자금지원을 위한 펀드 조성",주거,주택 및 거주지,"주거지원, 창업지원",주거지원,,'20년~계속,0세~0세 / 연령제한:Y 0043001 0 0 0011009 0013010 0049010 0055003,0세~0세 / 연령제한:Y,0043001 0 0,,,국토교통부,국토교통부,,,,2025-06-18 10:16:26,2026-01-01 00:00:00,3,온통청년_OPEN_API_getPlcy,전남,공유주택 펀드투자 대학생 청년 등 1인 가구 맞춤형 민간 공유주택 활성화 지원 주거지원 주거지원
전남,46000,20250618005400111005,주거포털 마이홈 개선,맞춤형상담서비스,국민의 다양한 주거수요를 반영한 맞춤형 주거지원 정보를 보다 쉽게 찾아볼 수 있도록 마이홈 포털을 개선,마이홈포털 및 모바일 어플리케이션의 UI 등을 개선하여 사용 편의성을 증진하고 주거복지 정책에 대한 국민 접근성 제고,주거,주택 및 거주지,"주거지원, 복지",주거지원,,'15년~,0세~0세 / 연령제한:Y 0043001 0 0 0011009 0013010 0049010 0055003,0세~0세 / 연령제한:Y,0043001 0 0,,,국토교통부,국토교통부,,,,2025-06-18 10:13:31,2026-01-01 00:00:00,3,온통청년_OPEN_API_getPlcy,전남,주거포털 마이홈 개선 국민의 다양한 주거수요를 반영한 맞춤형 주거지원 정보를 보다 쉽게 찾아볼 수 있도록 마이홈 포털을 개선 맞춤형상담서비스 주거지원
전남,46000,20250618005400111003,전세사기 피해 예방 및 지원 강화,주거지원,"주택가격 상승기에 전세반환보증 악용, 임차인 정보 부족 등으로 전세사기 피해가 현실화되어 피해를 입은 임차인, 특히 청년 등 주거취약계층의 주거안정 도모를 목적으로 함","전세사기피해자에게 경·공매 절차 및 조세 징수 등에 관한 특례를 부여하고, 저리·대환대출 등 금융지원, 우선매수권 양도를 통한 매입임대 등 주거지원 등을 제공함으로써 청년층의 주거 안정을 도모",주거,주택 및 거주지,"주거지원, 복지",주거지원,,'23년~'25년(한시특별법),0세~0세 / 연령제한:Y 0043001 0 0 0011009 0013010 0049010 0055003,0세~0세 / 연령제한:Y,0043001 0 0,,,국토교통부,국토교통부,,,,2025-06-18 09:58:52,2026-01-01 00:00:00,3,온통청년_OPEN_API_getPlcy,전남,전세사기 피해 예방 및 지원 강화 주택가격 상승기에 전세반환보증 악용 임차인 정보 부족 등으로 전세사기 피해가 현실화되어 피해를 입은 임차인 특히 청년 등 주거취약계층의 주거안정 도모를 목적으로 함 주거지원 주거지원
전남,46000,20250618005400111001,청년 자산형성 지원(청년도약계좌),보조금,만기 5년 동안 매월 70만원 한도 내에서 자유롭게 납입 가능한 정부지원형 적금상품으로 청년의 중장기 자산형성을 지원합니다.,"□ 청년도약계좌는 매월 가입신청할 수 있도록 운영 (청년도약계좌의 비과세 혜택이 '25.12.31일부로 일몰됨에 따라 상품 신규 가입신청 중단) □ 가입자의 소득구간 및 월 납입액에 따라 최대 6%까지 정부기여금을 지원 □ 본인이 납입한 금액에 비례하여 정부기여금 지원 및 이자소득 등에 대한 비과세 혜택(만기·특별중도해지시) ※ 전년도 소득 확정 전, 가입자의 경우 모두 비과세 인정(24년 1월 이전에 가입하였더라도 해당) □ 저소득층 청년 대상 일정수준의 우대금리 제공 (명칭 : 소득+우대금리) ※ 육아휴직급여(육아휴직수당 포함) 및 군장병급여만 있는 경우, 정부기여금 매칭비율 6% 적용",복지문화,취약계층 및 금융지원,복지,복지,20250102 ~ 20251205,~2025년 12월 31일,"19세~34세 / 연령제한:N 0043003 0 0 □ (개인소득요건) 직전 과세기간의 총급여액이 7,500만원 이하이며, 종합소득과세표준에 합산되는 종합소득금액이 6,300만원 이하인 경우 (단, 육아휴직급여(육아휴직수당), 군 장병급여 외에 비과세 소득만 있는 경우는 제외) ※ 직전 과세기간의 소득이 확정되지 않은 기간에 소득을 확인한 경우 전전년도 소득으로 인정 □ (가구소득요건) 가구원 수에 따른 기준 중위소득 250% 이하에 해당하는 자 ※ 직전 과세기간의 소득이 확정되지 않은 기간에 소득을 확인한 경우 전전년도 소득으로 인정 가구원은 청년 본인과 본인의 주민등록표 등본상 배우자, 부모, 자녀, 형제·자매(미성년자)를 기준으로 판단 □ (금융소득종합과세) 가입일이 속한 과세기간의 직전 3개년도 중 1회 이상 금융소득종합과세 대상자에 해당하지 않는 자 현재 청년희망적금을 가입 유지하고 있는 경우 가입 불가능 0011009 0013010 0049010 0055003",19세~34세 / 연령제한:N,"0043003 0 0 □ (개인소득요건) 직전 과세기간의 총급여액이 7,500만원 이하이며, 종합소득과세표준에 합산되는 종합소득금액이 6,300만원 이하인 경우 (단, 육아휴직급여(육아휴직수당), 군 장병급여 외에 비과세 소득만 있는 경우는 제외) ※ 직전 과세기간의 소득이 확정되지 않은 기간에 소득을 확인한 경우 전전년도 소득으로 인정 □ (가구소득요건) 가구원 수에 따른 기준 중위소득 250% 이하에 해당하는 자 ※ 직전 과세기간의 소득이 확정되지 않은 기간에 소득을 확인한 경우 전전년도 소득으로 인정 가구원은 청년 본인과 본인의 주민등록표 등본상 배우자, 부모, 자녀, 형제·자매(미성년자)를 기준으로 판단",,,금융위원회,서민금융진흥원,,https://ylaccount.kinfa.or.kr/main,https://www.kinfa.or.kr/counselingSupport/oftendoneQuestion.do,2025-06-18 09:31:59,2025-12-29 09:58:42,3,온통청년_OPEN_API_getPlcy,전남,청년 자산형성 지원 청년도약계좌 만기 5년 동안 매월 70만원 한도 내에서 자유롭게 납입 가능한 정부지원형 적금상품으로 청년의 중장기 자산형성을 지원합니다 보조금 복지
전남,46000,20250618005400111000,디지털 스타트업 허브 조성,해외진출,국내 혁신기술 스타트업과 해외 주요국 스타트업간 조인트벤처 추진 및 성장지원을 위한 디지털 스타트업 허브 구축,글로벌 디지털 스타트업 허브 구축 내 국내외 혁신기술 스타트업 간 기술매칭형 조인트벤처(JV) 추진·성장 지원 등 개방적 혁신 창업 생태계 조성 및 글로벌 디지털 경쟁력 강화,일자리,창업,"일자리, 직무교육, 창업지원",일자리,20250401 ~ 20250930,20250101 ~ 20251231,0세~0세 / 연령제한:Y 0043001 0 0 0011009 0013010 0049010 0055003,0세~0세 / 연령제한:Y,0043001 0 0,,,과학기술정보통신부,과학기술정보통신부,,,,2025-06-18 08:44:51,2025-06-25 16:33:06,3,온통청년_OPEN_API_getPlcy,전남,디지털 스타트업 허브 조성 국내 혁신기술 스타트업과 해외 주요국 스타트업간 조인트벤처 추진 및 성장지원을 위한 디지털 스타트업 허브 구축 해외진출 일자리
전남,46000,20250617005400110987,문화비(체육시설 이용료 등) 소득공제,바우처,문화비 소득공제에 헬스장/수영장 시설 이용료를 추가하여 청년의 체육활동 활성화,문화비 소득공제에 청년이 보편적으로 많이 이용하는 시설인 헬스장/수영장 시설 이용료를 추가하여 청년의 체육활동 활성화,복지문화,문화활동,복지,복지,20250102 ~ 20250630,'25.7.1.~ 계속,0세~0세 / 연령제한:Y 0043003 0 0 총 급여 7천만원 이하 0011009 0013010 0049010 0055003,0세~0세 / 연령제한:Y,0043003 0 0 총 급여 7천만원 이하,,,문화체육관광부,문화체육관광부,,,,2025-06-17 21:28:44,2025-06-25 17:59:31,3,온통청년_OPEN_API_getPlcy,전남,문화비 체육시설 이용료 등 소득공제 문화비 소득공제에 헬스장 수영장 시설 이용료를 추가하여 청년의 체육활동 활성화 바우처 복지
전남,46000,20250617005400110962,K-Shield 주니어 15기 정규과정,교육지원,사이버보안 분야 입문 및 진출을 희망하는 청년 대상 정보보호 기초 교육(80시간 이상)과 직무 교육(300시간 이상) 운영,"학업장려금 지급, 우수 수료생 해외연수, 교육과정 수료생 대상 취업지원(인턴십 연계 등)",일자리,취업,"일자리, 직무교육",일자리,20250519 ~ 20250625,20250721 ~ 20251027,"19세~34세 / 연령제한:N 0043001 0 0 0011001,0011002,0011003,0011004,0011005,0011006,0011007,0011008 0013003 0049004,0049006,0049007,0049008 0055003",19세~34세 / 연령제한:N,0043001 0 0,KISA 아카데미 홈페이지를 통한 신청,,과학기술정보통신부,한국인터넷진흥원,https://academy.kisa.or.kr/edu/apply/applyEduDetail.do?APPLY=04&SQ=9886,https://academy.kisa.or.kr/cont/programInfo/kShieldJunior.do,https://academy.kisa.or.kr/edu/apply/applyEduDetail.do?APPLY=04&SQ=9886,2025-06-17 17:59:31,2025-06-18 09:34:10,3,온통청년_OPEN_API_getPlcy,전남,K Shield 주니어 15기 정규과정 사이버보안 분야 입문 및 진출을 희망하는 청년 대상 정보보호 기초 교육 80시간 이상 과 직무 교육 300시간 이상 운영 교육지원 일자리
전남,46000,20250617005400110952,미혼청년 주거급여 분리지급,주거지원,부모와 따로 거주하는 청년세대에게 주거급여를 별도 분리지급하여 안정적인 미래준비와 자립 도모,"주거급여 수급가구원 중 취학,구직 등의 사유로 부모와 따로 거주하는 20대 미혼자녀에게 별도 주거급여 지급 (지원내용) 부모와 청년 각각의 거주지, 가구원수에 따라 산정한 기준임대료를 상한으로 실제 임차료를 지급하고, 자기부담분은 분리된 가구 각각의 가구원 수에 비례하여 적용",주거,주택 및 거주지,"일자리, 주거지원",일자리,,'21년~,"19세~29세 / 연령제한:N 0043003 0 0 중위소득 48% 이하 주거급여 수급가구 내 부모와 떨어져 사는 청년에게 주거급여를 분리하여 지급 - 임차급여 또는 수선유지급여를 지급받는 수급가구 내 만 19세 이상 30세 미만의 미혼자녀 - 청년명의의 임대차계약을 체결하고 임차료를 지불하는 청년에게 지급(전입신고 필수) - 주거급여 수급가구의 부모와 청년이 주민등록상 시·군을 달리하는 경우 인정하되, 동일 시·군이라도 보장기관이 인정하는 경우는 예외로 함 주거급여가 불필요하거나, 타 법령 등에 의하여 주거를 제공받고 있는 수급자에 대해서는 주거급여를 지급하지 않음 0011009 0013010 0049010 0055003",19세~29세 / 연령제한:N,0043003 0 0 중위소득 48% 이하,"□ 읍면동 주민센터에 관련 상담 신청 → 신청서, 금융정보 등 제공 동의서, 임대차 계약서(해당자 한함) 등 기타 구비서류 안내받아 접수 □ 복지로 서비스신청을 통한 온라인신청 : 복지로 로그인 > 서비스 신청 > 복지서비스 신청 > 복지급여 신청 > 저소득층 > '주거급여' 또는 '청년주거급여분리지급'",,국토교통부,국토교통부,https://www.bokjiro.go.kr/ssis-tbu/twataa/wlfareInfo/moveTWAT52011M.do?wlfareInfoId=WLF00003201,,,2025-06-17 15:06:29,2026-01-01 00:00:00,3,온통청년_OPEN_API_getPlcy,전남,미혼청년 주거급여 분리지급 부모와 따로 거주하는 청년세대에게 주거급여를 별도 분리지급하여 안정적인 미래준비와 자립 도모 주거지원 일자리
전남,46000,20250617005400110950,의료기기 규제과학 전문가 양성,교육지원,의료기기 산업분야 교육·자격제도 운영으로 '의료기기 분야 규제과학(RA) 전문인력' 양성,"의료기기 규제과학(RA) 전문가 양성 교육을 통해 의료기기 산업의 경쟁력을 강화하고, 청년 역량 강화 및 의료기기 규제 분야 진입 장벽 해소를 목표로 교육 프로그램을 운영하고 있습니다. 재직자를 대상으로, 경력 단계별 직무역량에 맞춘 세분화한 교육체계를 운영합니다. (입문) 최신 규제사항을 반영한 직무 기초 교육 (실무강화) 현장형 전문인력 양성을 위한 실무 중심 교육 (고급전략) 최신 의료기기 동향 및 규제사항을 반영한 전문교육",교육･직업훈련,미래역량강화,"일자리, 직무교육, 복지",일자리,,20260101 ~ 20261231,0세~0세 / 연령제한:Y 0043001 0 0 0011009 0013001 0049010 0055003,0세~0세 / 연령제한:Y,0043001 0 0,"한국의료기기안전정보원 교육자격 홈페이지(https://edu.nids.or.kr)를 통해 교육신청 * 교육프로그램에 따라, 신청기간 운영",,식품의약품안전처,한국의료기기안전정보원,https://edu.nids.or.kr,https://edu.nids.or.kr/,,2025-06-17 14:48:30,2026-03-13 14:25:39,3,온통청년_OPEN_API_getPlcy,전남,의료기기 규제과학 전문가 양성 의료기기 산업분야 교육 자격제도 운영으로 의료기기 분야 규제과학 RA 전문인력 양성 교육지원 일자리
전남,46000,20250617005400110946,빈곤 청년에 대한 근로인센티브 확대,보조금,빈곤 청년에 대한 근로인센티브 확대,"○ 근로·사업소득 공제 - (30세 미만 청년 또는 대학생) 40만원+30% 공제 - (자립준비청년, 청소년 복지시설 퇴소 청소년, 청소년 한부모) 60만원+30% 공제 ○ 등록금 공제 - 대학생의 등록금을 대학생 본인 또는 가구의 근로·사업소득으로 지출한 경우 해당 지출금액을 소득 산정 시 공제 ○ 자립지원 별도가구 보장 - 청년층(18~34세)이 포함된 가구가 청년층 소득으로 인해 선정기준을 초과할 경우 해당 청년을 가구에서 제외하여 나머지 가구원의 수급권 보호 ○ 소득·재산 공제 - 소득인정액 산정 시 자시돌봄청년에게 지급되는 자기돌봄비, 자립준비청년 등 복지시설 퇴소 청년에게 지급되는 자립수당 및 자립 정착금을 수급자의 소득·재산에서 공제",복지문화,취약계층 및 금융지원,"일자리, 복지",일자리,,20250101 ~ 20251231,"18세~34세 / 연령제한:N 0043003 0 0 가구의 소득인정액이 생계급여 선정기준 이하 생계와 주거를 달리하는 1촌 혈족 및 그 배우자의 소득·재산이 일정 기준(연소득 1.3억원, 일반재산 12억원) 이하 특례 미적용 외국인 0011009 0013010 0049010 0055003",18세~34세 / 연령제한:N,0043003 0 0 가구의 소득인정액이 생계급여 선정기준 이하,읍면동 행정복지센터 또는 시군구청 방문,ㅇ사회보장급여 신청(변경)서 ㅇ금융정보 등 제공 동의서 ㅇ기타 구비서류,복지정책관,보건복지부 사회복지정책실 복지정책관,,,,2025-06-17 10:30:51,2026-01-01 00:00:00,3,온통청년_OPEN_API_getPlcy,전남,빈곤 청년에 대한 근로인센티브 확대 빈곤 청년에 대한 근로인센티브 확대 보조금 일자리
전남,46000,20250617005400110945,자립준비청년 의료비 지원 사업,보조금,건강보험 가입 자립준비청년을 대상으로 차상위 본인부담경감 대상자와 유사한 수준에서 의료 이용이 가능하도록 요양급여비용 본인일부부담금 차액을 지원,건강보험 가입 자립준비청년을 대상으로 차상위 본인부담경감 대상자와 유사한 수준에서 의료 이용이 가능하도록 요양급여비용 본인일부부담금 차액을 지원,복지문화,취약계층 및 금융지원,복지,복지,,상시,"18세~29세 / 연령제한:N 0043001 0 0 1. 아동복지시설, 가정위탁 보호종료 아동 중 보호종료일 기준으로 과거 2년 이상 연속하여 보호를 받은 자로서 다음 사항 중 어느 하나에 해당하는 경우 - 만 18세 이후 만기 및 연장 보호종료 또는 재보호종료된 자로서 보호종료 5년 이내인 자(단, '18.8월 이후 보호종료된 자) - 만 15세 이후 보호조치가 조기 종료된 자로서 만 18세가 된 때로부터 5년 이내인 자(단, 아동복지법 시행('24.2.9.)이후 만 18세가 된 자부터 적용) 2. 건강보험 가입자 또는 피부양자 - 차상위본인부담 경감대상자는 제외 1,2 조건을 모두 충족하는 자 0011009 0013010 0049010 0055003",18세~29세 / 연령제한:N,0043001 0 0,읍면동 행정복지센터에 자립준비청년 의료비 지원 신청,"자립준비청년 의료비 지원 신청서 1부, 신분증, 보호종료확인서 등",인구아동정책관,보건복지부,,,,2025-06-17 09:42:39,2026-01-01 00:00:00,3,온통청년_OPEN_API_getPlcy,전남,자립준비청년 의료비 지원 사업 건강보험 가입 자립준비청년을 대상으로 차상위 본인부담경감 대상자와 유사한 수준에서 의료 이용이 가능하도록 요양급여비용 본인일부부담금 차액을 지원 보조금 복지
전남,46000,20250617005400110944,자립준비청년 자립지원 사업,맞춤형상담서비스,"아동복지시설(아동양육시설,공동생활가정), 가정위탁 보호대상 아동이 보호종료된 후에 사후 관리 및 개인별 맞춤형 사례관리 지원",자립준비청년의 안정적 사회정착 지원을 위해 보호종료 5년이내 자립준비청년을 대상으로 정기적 사후관리 상담 및 개인별 맞춤형 사례관리 서비스 지원,복지문화,취약계층 및 금융지원,복지,복지,,상시,"18세~29세 / 연령제한:N 0043001 0 0 - 아동복지시설, 가정위탁 보호종료 5년 이내 자립준비청년(18세 또는 연장 보호종료된 경우 보호종료로부터 5년간 지원) - 15세 이후 조기 보호종료된 경우 18세가 된 때로부터 5년간 지원(단, 개정된 아동복지법 시행일('24.2.9.)이후 18세가 된 자부터 적용) - 재보호조치 대상자로 결정 후 재보호조치 종료된 경우, 5년 중 재보호조치 결정 이전 동안 진행된 사후관리 기간을 제외한 잔여기간 지원 0011009 0013010 0049010 0055003",18세~29세 / 연령제한:N,0043001 0 0,,,인구아동정책관,보건복지부,,,,2025-06-17 09:24:08,2026-01-01 00:00:00,3,온통청년_OPEN_API_getPlcy,전남,자립준비청년 자립지원 사업 아동복지시설 아동양육시설 공동생활가정 가정위탁 보호대상 아동이 보호종료된 후에 사후 관리 및 개인별 맞춤형 사례관리 지원 맞춤형상담서비스 복지
전남,46000,20250613005400110925,1인 미디어 창작자 및 스타트업 지원,"교육지원,해외진출","1인 미디어 창작자의 콘텐츠 제작 및 창업 활성화를 위한 스튜디오 운영, 인력 양성 등 지원","1. 1인 미디어 콤플렉스 시설 운영 - 스타트업 입주공간(40개) 제공 및 특화 제작 스튜디오(7식) 운영(상시) - 대상 : 크리에이터 미디어 기반의 창업 5년 이내 초기 창업기업(스타트업) - 내용 : 독립형 전용 사무공간 및 부대시설, 최신식 크리에이터 미디어 콘텐츠 전문 스튜디오 이용 2. 2025년 전업 크리에이터 육성 사업 - 대상 : 전업 창작자로서 성장을 희망하는 콘텐츠 크리에이터 65팀 - 내용 : 채널 지식재산권(IP) 기반 사업화를 위한 맞춤형 지원 3. 2025년도 크리에이터 미디어 신직업 육성 사업 - 대상 : 크리에이터 미디어 산업 진출을 희망하는 교육생 25명 - 내용 : 크리에이터 미디어 산업 관련 기업에 취업준비생 등 예비 산업 인력 현장 실무 교육 4. 2025년 크리에이터 미디어 콘텐츠 제작지원 - 대상 : 1인 미디어 콘텐츠 창작자 관련 업종코드 등록 사업자 20개사 - 내용 : 오리지널 콘텐츠 제작지원 및 해외진출용 제제작 지원 5. 2025년 글로벌 크리에이터 브랜드 협업 지원 사업 - 대상 : 글로벌 IP 비즈니스 확장을 희망하는 국내 크리에이터 10팀 - 내용 : IP 기반 해외 협력 네트워크 확대 및 글로벌 비즈니스 모델 발굴 지원 6. 미디어·콘텐츠 스타트업 육성 프로그램 : CRE-UP 2025 - 대상 : 미디어·콘텐츠 산업 분야에서의 성장을 희망하는 창업기업 20개사 - 내용 : 해외시장 진출을 준비하는 창업기업의 비즈니스 모델 개선 및 현지 파트너 발굴 등 지원",일자리,창업,"일자리, 직무교육, 창업지원, 참여 프로그램",일자리,,20250101 ~ 20251231,0세~0세 / 연령제한:Y 0043001 0 0 지원 사업별 모집공고 참조 지원 사업별 모집공고 참조 0011009 0013010 0049010 0055003,0세~0세 / 연령제한:Y,0043001 0 0,공모를 통해 신청 접수,지원 사업별 모집공고 참조,방송진흥정책관,한국전파진흥협회,www.meplex.co.kr,,,2025-06-13 13:32:34,2026-01-01 00:00:00,3,온통청년_OPEN_API_getPlcy,전남,1인 미디어 창작자 및 스타트업 지원 1인 미디어 창작자의 콘텐츠 제작 및 창업 활성화를 위한 스튜디오 운영 인력 양성 등 지원 교육지원 해외진출 일자리
전남,46000,20250613005400110922,유망청년창업기업 보증,"대출,중소기업",유망청년창업기업의 성장을 위한 우대보증 지원,"보증한도 우대, 보증비율 우대(90-100%), 보증료율 우대(고정보증료율 0.3%)",일자리,창업,"일자리, 창업지원",일자리,,00010101 ~ 20291231,"17세~39세 / 연령제한:N 0043001 0 0 □ 공통요건 - 사업개시일로부터 보증신청접수일까지 기간이 7년 이내인 기업 ▷ 지역성장형 - 수도권(서울특별시, 경기도, 인천광역시) 이외의 지역에 주사업장을 두고 지역주력산업 또는 지역협력산업을 영위하는 창업기업 ▷ 고용확산형 - 정규직 근로자의 고용 증가율이 일정 비율 이상이거나 평균 인원이 일정 수 이상인 창업기업 ▷ 전문·기술형 - 전문자격 또는 기술·지식을 보유하고 있는 (예비)창업기업 0011009 0013006 0049010 0055003",17세~39세 / 연령제한:N,0043001 0 0,신용보증기금 디지털 플랫폼(On-Biz) 또는 사업장 인근 영업점 신청,,신용보증기금,신용보증기금,https://www.kodit.co.kr/apps/index.do,https://www.kodit.co.kr/kodit/cm/cntnts/cntntsView.do?mi=2531&cntntsId=11071,https://www.kodit.co.kr/apps/index.do,2025-06-13 10:50:04,2026-01-01 00:00:00,3,온통청년_OPEN_API_getPlcy,전남,유망청년창업기업 보증 유망청년창업기업의 성장을 위한 우대보증 지원 대출 중소기업 일자리
전남,46000,20250612005400110919,청년법조인 국제법무 전문인력 양성,해외진출,"국내 청년법조인을 국제법무 현장형 실무인재로 양성하여 이들의 국제법무역량을 제고하고, 나아가 대한민국 법률서비스의 국제경쟁력 증진을 위한 '청년법조인 국제법무 전문인력 양성'","1. 해외진출 아카데미 : 청년법조인의 해외진출 지원을 위해 대한변호사협회, 세계한인법률가회(IAKL)와 공동으로 국제법무전문가를 섭외해 실무접학적인 이론 교육 진행 2. 글로벌 펠로우십(Global Fellowship) : 해외진출 아카데미를 이수한 청년법조인을 유럽, 아시아, 중동 등 14개국 16개 도시 26개 기관의 해외 법무법인, 국제기구 등에 파견해 3개월~1년 간의 법률실무 경험 기회 제공",교육,미래역량강화,직무교육,직무교육,20260101 ~ 20260228,"1. 해외진출 아카데미 : 2025. 10. ~ 2025. 12., 2. 글로벌 펠로우십 : 2026. 4. ~ 2026. 12., 글로벌펠로우십과 관련하여, 대상자와 파견기관이 파견 개시일자 및 파견기간 개별적 협의하며, 파견 기간의 경우 보통 3개월 내지 1년 정도의 기간으로 진행함",0세~0세 / 연령제한:Y 0043001 0 0 1. 해외진출 아카데미 : 법조 경력 10년 이내의 대한변호사협회 등록 변호사 2. 글로벌 펠로우십 : 법조 경력 10년 이내의 대한변호사협회 등록 및 개업 변호사 중 해당 연도 해외진출 아카데미를 수료한 자 1. 해외진출 아카데미 : 법조 경력 10년 이내의 대한변호사협회 등록 변호사 2. 글로벌 펠로우십 : 법조 경력 10년 이내의 대한변호사협회 등록 및 개업 변호사 중 해당 연도 해외진출 아카데미를 수료한 자 0011009 0013009 0049009 0055003,0세~0세 / 연령제한:Y,0043001 0 0,1. 해외진출 아카데미 : 대한변호사협회에서 개설한 구글폼으로 접수 및 지원서 업로드 2. 글로벌 펠로우십 : 제출서류를 법무부 국제법무지원과 메일(ILAD1@korea.kr)로 제출,"1. 해외진출 아카데미 : 지원서 2. 글로벌 펠로우십 : 파견기관 지망순위, 지원서(국영문), 국문 자기소개서, 변호사자격 취득 증명원, 졸업 증명서 및 성적 증명서, 외국어 능력 증빙서류, 기타 추가 증빙서류 등 ※ 단, 파견기관마다 추가 요구하는 서류가 있을 수 있음",국제법무지원과,국제법무지원과,,,,2025-06-12 14:51:27,2025-06-26 10:53:39,3,온통청년_OPEN_API_getPlcy,전남,청년법조인 국제법무 전문인력 양성 국내 청년법조인을 국제법무 현장형 실무인재로 양성하여 이들의 국제법무역량을 제고하고 나아가 대한민국 법률서비스의 국제경쟁력 증진을 위한 청년법조인 국제법무 전문인력 양성 해외진출 직무교육
전남,46000,20250612005400110918,현장실습 지원금,교육지원,고졸 기술·기능 인재가 사회초기 안정적으로 정착할 수 있도록 현장실습 참여 수당 지원,산업체 채용형 현장실습 이수 일수당 6만원(최대 360만원) 지급 ※ 2025학년도 고교 취업연계 장려금(현장실습 지원금) 업무처리기준 참고,일자리,취업,"일자리, 직무교육, 복지, 참여 프로그램",일자리,20250512 ~ 20250630,20250301 ~ 20260531,17세~19세 / 연령제한:N 0043001 0 0 아래 2가지 요건을 모두 충족한 자 (1) 기본 요건 : 국내 직업계고 3학년 학생 중 현장실습 지원금을 신청한 자 (외국인 재학생 신청 가능) (2) 지원 요건 : 산업체 채용형 현장실습에 참여하고 ‘현장실습 표준협약서’를 작성한 현장 실습생 0011009 0013010 0049002 0055003,17세~19세 / 연령제한:N,0043001 0 0,한국장학재단 홈페이지 또는 모바일 앱을 통해 회원가입 및 신청완료 - (신청경로) 한국장학재단 홈페이지(www.kosaf.go.kr) 또는 모바일앱 → 서비스 이용자 등록(회원가입) 및 로그인 → '장학금 - 국가근로 및 취업연계 장학금 - 고교 취업연계 장학금 - 고교 취업연계 장려금' 메뉴 접속 → '신청하기' 버튼 클릭 - (신청절차) 취업연계 장려금 수혜 주요 의무사항 확인 → 신청약관 동의·신청 정보 작성 → 사전교육 이수 → 신청 완료,※ 2025학년도 고교 취업연계 장려금(현장실습지원금) 업무처리기준 참고,교육부,고졸취업지원부,https://www.kosaf.go.kr/ko/scholar.do?pg=scholarship_submain02,https://www.kosaf.go.kr/ko/scholar.do?pg=scholarship05_19_01,https://www.hifive.go.kr/,2025-06-12 14:17:57,2025-06-26 10:54:16,3,온통청년_OPEN_API_getPlcy,전남,현장실습 지원금 고졸 기술 기능 인재가 사회초기 안정적으로 정착할 수 있도록 현장실습 참여 수당 지원 교육지원 일자리
전남,46000,20250612005400110917,경상이 의무복무 제대군인 취업지원 사업,교육지원,의무복무 제대군인 중 경상이자*에게 제대군인지원센터를 통한 취업서비스 지원 * 전(공)상을 입고 전역한 의무복무 제대군인 중 보훈대상으로 등록하였으나 등급기준에 해당되지 않은 경상이자,"□ 지원조건 "" 전역 후 3년 이내 □ 무복무 제대군인 중 경상이자에게 제대군인지원센터를 통한 취업서비스 지원 - 취업상담/알선 : 전담 상담사 1:1 배정·관리, 구직스킬 향상(이력서 작성, 면접 등), 채용정보 제공 및 채용추천, 동행 면접, 취·창업 워크숍 등 - 사이버교육 : 1인당 12과목 이내(월 3과목 이내) 수강지원 * 기술 습득, 자격 취득, 어학 강좌 등",일자리,취업,"일자리, 직무교육, 창업지원, 복지",일자리,,상시,18세~34세 / 연령제한:N 0043001 0 0 0011009 0013003 0049010 0055003,18세~34세 / 연령제한:N,0043001 0 0,제대군인지원센터 누리집 회원가입 ▶ 초기상담 ▶ 목표설정 ▶ 사이버교육 및 구직활동 지원,,제대군인국,국가보훈부,https://vnet.go.kr/,,,2025-06-12 13:47:49,2026-01-01 00:00:00,3,온통청년_OPEN_API_getPlcy,전남,경상이 의무복무 제대군인 취업지원 사업 의무복무 제대군인 중 경상이자 에게 제대군인지원센터를 통한 취업서비스 지원 전 공 상을 입고 전역한 의무복무 제대군인 중 보훈대상으로 등록하였으나 등급기준에 해당되지 않은 경상이자 교육지원 일자리
전남,46000,20250612005400110914,고교 취업연계 장려금,중소기업,고졸 기술·기능 인재가 사회초기 안정적으로 정착할 수 있도록 취업연계 장려금 지원,중소·중견 기업 재직기간에 따라 1인 500만원 분할 지급 - (1차) 사업기준일(2025.10.1.)로 부터 1년 이내 3개월 재직 시 200만원 지급 (2차) 사업기준일(2025.10.1.)로 부터 30개월 이내 추가 9개월(총 1년) 재직 시 300만원 추가 지급,일자리,취업,일자리,일자리,20250512 ~ 20250630,20250301 ~ 20250531,"17세~21세 / 연령제한:N 0043001 0 0 아래 3가지 요건을 모두 충족한 자 (1) 기본요건 : 대한민국 국적자로 고교 취업연계 장려금을 신청한 자 (2) 학력요건 : 직업계고 3학년 및 일반고 3학년 中 직업교육 위탁과정 6개월(180일) 이상 참여 학생 (미졸업시 전액 반환) (3) 재직요건 : 중소·중견 기업에 취업(재직)이 확인된 자로 근무시간이 주 15시간 이상인 자(고용보험 가입이력 정보로만 심사) ※ 1차 지급 시 3개월 재직 이력, 2차 지급 시 추가 9개월 간 재직이력 확인 ※ 2025학년도 고교 취업연계 장려금 업무처리기준 참고 0011009 0013001 0049003,0049004 0055003",17세~21세 / 연령제한:N,0043001 0 0,한국장학재단 홈페이지 또는 모바일 앱을 통해 회원가입 및 신청완료 - (신청경로) 한국장학재단 홈페이지(www.kosaf.go.kr) 또는 모바일앱 → 서비스 이용자 등록(회원가입) 및 로그인 → '장학금 - 국가근로 및 취업연계 장학금 - 고교 취업연계 장학금 - 고교 취업연계 장려금' 메뉴 접속 → '신청하기' 버튼 클릭 - (신청절차) 취업연계 장려금 수혜 주요 의무사항 확인 → 신청약관 동의·신청 정보 작성 → 사전교육 이수 → 신청 완료,※ 2025학년도 고교 취업연계 장려금 업무처리기준 참고,교육부,고졸취업지원부,https://www.kosaf.go.kr/ko/scholar.do?pg=scholarship_submain02,https://www.kosaf.go.kr/ko/main.do?currentMain=1,https://www.hifive.go.kr/,2025-06-12 13:20:59,2025-06-26 10:54:57,3,온통청년_OPEN_API_getPlcy,전남,고교 취업연계 장려금 고졸 기술 기능 인재가 사회초기 안정적으로 정착할 수 있도록 취업연계 장려금 지원 중소기업 일자리
전남,46000,20250612005400110913,희망사다리장학금 2유형(고졸 후학습자),보조금,'고교졸업 후 대학진학' 일변도로 인한 과잉학력 및 청년일자리 구조적 문제 해소 휘한 선취업-후학습 활성화,대한민국 국적자로 고등학교 졸업 후 재직 중 진학하여 재학 중인 자 등에게 (장학금) 정규학기(계절학기 제외) 등록금 지원 (중소·중견기업 재직: 전액) (비영리기관·대기업 재직: 50%),일자리,취업,일자리,일자리,20250201 ~ 20250930,20250101 ~ 20251231,"0세~0세 / 연령제한:Y 0043001 0 0 0011009 0013001,0013009 0049004,0049005,0049006 0055003",0세~0세 / 연령제한:Y,0043001 0 0,한국장학재단 홈페이지에서 신규장학생 신청 접수(학기별 접수) - 계속장학생은 신청절차를 간소화하고 한국장학재단에서 요건충족 여부 확인,,지역인재정책관,지역인재정책관,,,,2025-06-12 10:24:58,2025-06-16 11:55:45,3,온통청년_OPEN_API_getPlcy,전남,희망사다리장학금 2유형 고졸 후학습자 고교졸업 후 대학진학 일변도로 인한 과잉학력 및 청년일자리 구조적 문제 해소 휘한 선취업 후학습 활성화 보조금 일자리
전남,46000,20250612005400110912,희망사다리장학금 1유형(중소기업 취업연계),"중소기업,보조금",기업 인력수요와 고학력 구직자 간 미스매치 완하를 위해 중소·중견기업 등 취업 희망 대학생에 인센티브 지원,"대한민국 국적자로 대학 3학년 이상, 전문대학 2학년 이상 재학중인 대학생 중 중소·중견기업 취업 또는 창업을 희망하는 자에게 등록금 및 취창업장려금 지원",일자리,취업,"일자리, 창업지원",일자리,20250201 ~ 20250930,20250101 ~ 20251231,"0세~0세 / 연령제한:Y 0043001 0 0 0011009 0013003,0013006,0013009 0049005,0049006 0055003",0세~0세 / 연령제한:Y,0043001 0 0,"학기별 참여대학 모집 후, 해당 대학 재학생에 한해 한국장학재단 홈페이지에서 신규장학생 신청 접수(학기별)",,지역인재정책관,지역인재정책관,,,,2025-06-12 10:12:09,2025-06-12 12:27:13,3,온통청년_OPEN_API_getPlcy,전남,희망사다리장학금 1유형 중소기업 취업연계 기업 인력수요와 고학력 구직자 간 미스매치 완하를 위해 중소 중견기업 등 취업 희망 대학생에 인센티브 지원 중소기업 보조금 일자리
전남,46000,20250612005400110910,아세안 TVET 학생교류,해외진출,한-아세안 전문대학 간 학점인정 및 학생교류,한-아세안 정부의 참여 및 재정지원(파견학생 대상)을 기반으로 고등직업교육기관 간 학점 인정 및 학생교류 추진,참여권리,청년국제교류,"직무교육, 참여 프로그램",직무교육,,20250301 ~ 20260228,"0세~0세 / 연령제한:Y 0043001 0 0 파견학생(전문대) 0011009 0013010 0049004,0049005,0049006 0055003",0세~0세 / 연령제한:Y,0043001 0 0,,,교육부,교육부 기획조정실 글로벌교육기획관,https://www.kcce.or.kr/web/majorBusiness/webInternationExchange.do,,,2025-06-12 09:39:57,2026-01-01 00:00:00,3,온통청년_OPEN_API_getPlcy,전남,아세안 TVET 학생교류 한 아세안 전문대학 간 학점인정 및 학생교류 해외진출 직무교육
전남,46000,20250612005400110909,CAMPUS Asia-한일중,해외진출,한일중 및 아세안 대학간 학생교류 및 공동·복수학위 지원,한일중 3국 및 아세안 국가간 공동·복수학위 등 교류 활성화를 위한 3국 대학간 공동교육과정 개발 등 지원,참여권리,청년국제교류,"직무교육, 참여 프로그램",직무교육,,20250301 ~ 20260228,"0세~0세 / 연령제한:Y 0043001 0 0 파견학생(학부·대학원) 0011009 0013010 0049005,0049008 0055003",0세~0세 / 연령제한:Y,0043001 0 0,,,교육부,한국대학교육협의회,,https://campusasiaprogram.kr/index.do,,2025-06-12 09:36:57,2026-01-01 00:00:00,3,온통청년_OPEN_API_getPlcy,전남,CAMPUS Asia 한일중 한일중 및 아세안 대학간 학생교류 및 공동 복수학위 지원 해외진출 직무교육
전남,46000,20250612005400110908,CAMPUS Asia-AIMS,해외진출,한-ASEAN 대학간 학부생 교류 프로그램,"AIMS 참여 국가의 고등교육 관련 부처가 지정한 회원 대학 간 학생 교류, 10개 학문분야 중심으로 교류, 다양한 교과 및 비교과 프로그램을 개발·운영하여 지역전문가 및 지한파 양성",참여권리,청년국제교류,"직무교육, 참여 프로그램",직무교육,,20250301 ~ 20260228,0세~0세 / 연령제한:Y 0043001 0 0 파견학생(학부생) 0011009 0013010 0049005 0055003,0세~0세 / 연령제한:Y,0043001 0 0,,,교육부,교육부 기획조정실 글로벌교육기획관,,https://aims.campusasiaprogram.kr/,,2025-06-12 09:33:25,2026-01-01 00:00:00,3,온통청년_OPEN_API_getPlcy,전남,CAMPUS Asia AIMS 한 ASEAN 대학간 학부생 교류 프로그램 해외진출 직무교육
전남,46000,20250610005400110905,한국형 온라인 공개강좌(K-MOOC) 운영 및 산업맞춤 직무능력 향상 지원,교육지원,"대학 등의 우수강좌를 온라인으로 제공하여 고등교육에 대한 평생교육 수요 확대에 부응 및 대학의 교수, 학습 혁신 촉진","(K-MOOC) 사회 수요와 기관의 특성을 반영하여 대학, 기업, 공공기관 등 다양한 기관에서 강좌 개발, 운영 (매치업) 기업-교육기관이 협업하여 신기술, 신산업 분야 직무능력 향상에 필요한 교육과정 개발, 운영으로 첨단 지식을 갖춘 실무인재 양성",교육,온라인교육,직무교육,직무교육,,20250101 ~ 20251231,0세~0세 / 연령제한:Y 0043001 0 0 0011009 0013010 0049010 0055003,0세~0세 / 연령제한:Y,0043001 0 0,,,교육부,국가평생교육진흥원,,https://www.kmooc.kr/,https://www.matchup.kr/,2025-06-10 13:18:24,2026-01-01 00:00:00,3,온통청년_OPEN_API_getPlcy,전남,한국형 온라인 공개강좌 K MOOC 운영 및 산업맞춤 직무능력 향상 지원 대학 등의 우수강좌를 온라인으로 제공하여 고등교육에 대한 평생교육 수요 확대에 부응 및 대학의 교수 학습 혁신 촉진 교육지원 직무교육
전남,46000,20250610005400110904,청년통계 개선,맞춤형상담서비스,"청년고용촉진특별법 상 연령규정 개정(15-29세 → 15-34세)에 맞춰 고용동향 공표 시 고용률, 실업률 등 추가 통계 발표 추진","청년고용촉진특별법 상 연령규정 개정(15-29세 → 15-34세)에 맞춰 고용동향 공표 시 고용률, 실업률 등 추가 통계 발표를 추진하고, 청년층 통계 작성 및 정책 수립을 지원하기 위해 청년층통계등록부를 구축 및 통계데이터센터를 통해 제공하며, 청년층 행정통계를 작성하여 증거기반 정책수립을 지원하고자 함",참여권리,정책인프라구축,"일자리, 복지, 참여 프로그램",일자리,,20250101 ~ 20251231,0세~0세 / 연령제한:Y 0043001 0 0 0011009 0013010 0049010 0055003,0세~0세 / 연령제한:Y,0043001 0 0,,,통계청,통계청,,,,2025-06-10 11:28:14,2026-01-01 00:00:00,3,온통청년_OPEN_API_getPlcy,전남,청년통계 개선 청년고용촉진특별법 상 연령규정 개정 15 29세 15 34세 에 맞춰 고용동향 공표 시 고용률 실업률 등 추가 통계 발표 추진 맞춤형상담서비스 일자리
전남,46000,20250610005400110903,첨단분야 글로벌 인재육성(한미첨단분야청년교류지원),교육지원,"이공계 인재를 美주요 대학에 파견하여 첨단산업 분야의 기술, 경험 습득 기회를 제공하고, 글로벌 인재로 육성",6개월 또는 1년 교환학생 장학금 지급 및 첨단산업 체험프로그램 참여지원,일자리,취업,"일자리, 직무교육, 참여 프로그램",일자리,,2024~2027,"0세~0세 / 연령제한:Y 0043001 0 0 0011004,0011005 0013010 0049005,0049006 0055003",0세~0세 / 연령제한:Y,0043001 0 0,첨단산업 유관학과 학생이 본교 교환학생 선발 -> 지원서 및 연구수학계획 서 등 신청서 제출 -> 대학추천접수 -> 산학연 전문가 심사,,산업통상자원부,산업통상자원부,https://www.youtube.com/watch?v=Scz6WHZD3wg,https://www.kiat.or.kr/front/board/boardContentsView.do,,2025-06-10 11:04:46,2026-01-01 00:00:00,3,온통청년_OPEN_API_getPlcy,전남,첨단분야 글로벌 인재육성 한미첨단분야청년교류지원 이공계 인재를 주요 대학에 파견하여 첨단산업 분야의 기술 경험 습득 기회를 제공하고 글로벌 인재로 육성 교육지원 일자리
전남,46000,20250610005400110901,바이오 인력양성,교육지원,바이오분야 인력수급 불균형 해소와 현장형 실무교육을 통한 전문인력 양성 등 청년 일자리연계 지원 및 바이오 산업 활성화 기반마련,"- 바이오제품 생산 품질관리 및 바이오의약, 화학 분야 전문교육 - 현장형 기술인력 양성을 위한 실습 융합 교육 프로그램 운영 - 바이오업계 인력수급 실태조사 및 직무정보 구축등 취업연계 지원",일자리,취업,"일자리, 직무교육",일자리,,14년~계속,0세~0세 / 연령제한:Y 0043001 0 0 0011009 0013010 0049010 0055003,0세~0세 / 연령제한:Y,0043001 0 0,"전담기관: 한국산업기술진흥원 수행기관: 한국바이오협회 참여기관: 대전테크노파크, 전남바이오산업진흥원, 춘천바이오산업진흥원, 경북바이오 산업연구원 등 9개기관",,산업통상자원부,산업통상자원부,,,,2025-06-10 10:36:32,2026-01-01 00:00:00,3,온통청년_OPEN_API_getPlcy,전남,바이오 인력양성 바이오분야 인력수급 불균형 해소와 현장형 실무교육을 통한 전문인력 양성 등 청년 일자리연계 지원 및 바이오 산업 활성화 기반마련 교육지원 일자리
전남,46000,20250610005400110900,지역전문가 양성 및 공급,교육지원,"중소, 중견기업의 수출시장 확대지원 및 전략적시장 진출을 위해 글로벌 지역별 필수 역량을 갖춘 무역전문인력 양성 및 공급","ㅇ전략지역별 언어, 관습, 문화 등 지역전문지식과 무역실무, 전자상거래, 해외마케팅 등 무역역량을 겸비한 인재양성 ㅇ 산업부(주관기관) - 한국무역협회(보조기관) - 대학(사업참여) - 산학협력업체(현장실습)",일자리,취업,"일자리, 직무교육, 복지, 참여 프로그램",일자리,,07년~계속,"0세~0세 / 연령제한:Y 0043001 0 0 0011009 0013010 0049002,0049005 0055003",0세~0세 / 연령제한:Y,0043001 0 0,산업부(주관기관) - 한국무역협회(보조기관) - 대학(사업참여) - 산학협력업체(현장실습) 전국 참여대학의 GTEP사업단을 통해 산학관 연계교육 및 현장실습 진행,,산업통상자원부,산업통상자원부,,,,2025-06-10 10:32:22,2026-01-01 00:00:00,3,온통청년_OPEN_API_getPlcy,전남,지역전문가 양성 및 공급 중소 중견기업의 수출시장 확대지원 및 전략적시장 진출을 위해 글로벌 지역별 필수 역량을 갖춘 무역전문인력 양성 및 공급 교육지원 일자리
전남,46000,20250610005400110898,창의융합형공학인재양성,교육지원,산업계 수요에 맞는 공학인재 양성을 위해 공학교육혁신센터의 창의융합형 공학교육 프로그램 개발 및 운영 지원,"첨단산업분야 기업 수요를 반영한 공통의 미션을 협력적으로 수행할 수 있도록 전국 공과대학간 13개 컨소시엄을 구성하고, 공학교육 혁신모델개발, 지역 산업 연계프로젝트 등을 수행",교육,미래역량강화,직무교육,직무교육,,20250101 ~ 20251231,0세~0세 / 연령제한:Y 0043001 0 0 0011005 0013010 0049005 0055003,0세~0세 / 연령제한:Y,0043001 0 0,각 대학별 공학교육혁신센터를 통해 운영하는 프로그램에 학생이 직접신청,,산업통상자원부,산업통상자원부,,,,2025-06-10 10:15:09,2026-01-01 00:00:00,3,온통청년_OPEN_API_getPlcy,전남,창의융합형공학인재양성 산업계 수요에 맞는 공학인재 양성을 위해 공학교육혁신센터의 창의융합형 공학교육 프로그램 개발 및 운영 지원 교육지원 직무교육
전남,46000,20250609005400110892,자립준비청년 자립수당 지급,보조금,"아동복지시설 및 가정위탁 보호대상아동이 보호종료된 후에 자립수당을 지급하여 보호종료아동의 안정적 사회정착,자립 및 복지향상에 기여",자립준비청년에게 매월 자립수당 50만원 현금 지급(본인 명의 계좌 이체),복지문화,취약계층 및 금융지원,복지,복지,,상시,"18세~23세 / 연령제한:N 0043001 0 0 아동복지시설 ,가정위탁 보호종료 아동 중 보호종료일을 기준으로 과거 2년 이상 연속하여 보호를 받은 자로서 다음 사항 중 어느 하나에 해당하는 경우 - 만 18세 이후 만기 및 연장 보호종료 또는 재보호종료된 자로서 보호종료 5년 이내인 자 (단, '18.8월 이후 보호종료된 자) - 만 15세 이후 보호조치가 조기 종료된 자로서 만 18세가 된 때로부터 5년 이내인 자(단, 아동복지법 시행('24.2.9.)이후 만 18세가 된 자부터 적용) 0011009 0013010 0049010 0055003",18세~23세 / 연령제한:N,0043001 0 0,,자립준비청년 자립수당 지급 신청서 1부 서민금융진흥원 사이버강의 이수증 또는 아동권리보장원 아동권리통합서비스 사이버교육센터 사이버강의 이수증 또는 국민연금공단 희망출발 재무상담 확인서 중 택 1부 신분증 등,인구아동정책관,보건복지부 인구사회서비스정책실,www.bokjiro.go.kr,,,2025-06-09 17:06:01,2026-01-01 00:00:00,3,온통청년_OPEN_API_getPlcy,전남,자립준비청년 자립수당 지급 아동복지시설 및 가정위탁 보호대상아동이 보호종료된 후에 자립수당을 지급하여 보호종료아동의 안정적 사회정착 자립 및 복지향상에 기여 보조금 복지
전남,46000,20250609005400110890,병역의무자 마음건강 관리 지원,맞춤형상담서비스,병역의무자 중 심리취약자 및 정신건강 위험군에 대한 전문적인 지원으로 청년의 안정적 병역이행 및 청년정신건강 증진에 기여,"- 정신건강 관련 전문가(의사, 임상심리사)를 통한 심리적취약자 및 정신질환위험군 선별 - 의료기간 위탁검사 및 병무청 정밀심리검사 등 종합심리평가 지원 - 임상심리사의 가족상담 및 경과관리서비스 제공 - 정신건강복지센터, 청소년상담복지센터 등 유관기관 서비스 의뢰 - 정신건강관리 지원 및 병역의무자에게 필요한 서비스 연계기관 안내",복지문화,건강,복지,복지,,상시,19세~40세 / 연령제한:N 0043001 0 0 특화분야 : 병역의무자 0011009 0013010 0049010 0055003,19세~40세 / 연령제한:N,0043001 0 0,,,병무청,병무청,,,,2025-06-09 15:55:05,2026-01-01 00:00:00,3,온통청년_OPEN_API_getPlcy,전남,병역의무자 마음건강 관리 지원 병역의무자 중 심리취약자 및 정신건강 위험군에 대한 전문적인 지원으로 청년의 안정적 병역이행 및 청년정신건강 증진에 기여 맞춤형상담서비스 복지
전남,46000,20250609005400110889,국가 중점육성분야 산업지원인력 지원 확대,맞춤형상담서비스,국가 중점육성분야에 산업지원인력 편입 인원을 확대하고 복무만료 후에도 계속 취업과 연계되는 지속가능한 청년 일자리 지원,- 국가 중점육성분야 병역지정업체 선정 및 인원배정 확대 - 병역지정업체와 병역의무자 취업매칭 서비스 강화로 상생적 취업환경 조성 - 산업지원인력 권익침해 예방활동 강화,일자리,취업,"일자리, 복지",일자리,,상시,"19세~35세 / 연령제한:N 0043001 0 0 ○ 연령 : 의무복무기간*을 35세까지 마칠 수 있어야 함(병역법 제36조 제5항) * 전문 36개월, 산업(현역) 34개월), 산업(보충역) 23개월 ○ 학력 - 현역병입영대상자 : 특성화고 등 직업계고 졸업자 우대 * 대학학력자 우선배정 제외 - 사회복무요원소집대상자 : 학력무관 ○ 취업상태 : 병역지정업체에 취업 ○ 제출서류 : 편입신청서, 성실복무·약정근로조건 이행 서약서, 학위증, 국가기술자격취득사항 확인서류 등 병역지정업체 대표이사의 4촌이내 혈족에 해당하는 사람(병역법 제38조의2) 0011008 0013009 0049009 0055003",19세~35세 / 연령제한:N,0043001 0 0,전문연구·산업기능요원 편입 절차 ① 의무자와 병역지정업체의 장의 근로계약에 따라 채용 결정 ② 병역지정업체의 장은 의무자로부터 편입신청서를 받은 후 7일 이내 또는 입영(소집)기일 5일전까지 관할지방병무청장에게 제출 ③ 관할지방병무청장은 편입신청서 검토 후 편입결과 통보 - 병역지정업체 인원배정 여부 - 해당 학력/기술자격·면허/전공 여부 - 해당(전공)분야 근무 가능 여부 - 병역사항/연령/기타 편입제한 대상 여부 등,,병무청,병무청,,https://www.mma.go.kr/contents.do?mc=mma0000760,https://work.mma.go.kr/caisBYIS/main.do#,2025-06-09 15:32:44,2026-01-01 00:00:00,3,온통청년_OPEN_API_getPlcy,전남,국가 중점육성분야 산업지원인력 지원 확대 국가 중점육성분야에 산업지원인력 편입 인원을 확대하고 복무만료 후에도 계속 취업과 연계되는 지속가능한 청년 일자리 지원 맞춤형상담서비스 일자리
전남,46000,20250529005400210880,2025년 화성시 청년정책 아이디어 공모전,교육지원,"청년정책에 대한 사회적 관심을 제고하고, 실효성 있는 아이디어 발굴","❍ 접수기간: 2025. 6. 2.(월) ~ 6. 20.(금) ※ 모집 결과에 따라 추가 모집이 진행될 수 있음 ❍ 접수방법: 잡아바어플라이(https://apply.jobaba.net) ❍ 제출서류: 화성 청년정책 아이디어 공모전 참가신청서 및 제안서, 개인정보 제공동의서 ❍ 사업대상: 화성 청년정책에 관심 있는 전국 19 ~ 39세 청년 ※ 2025. 1. 1. 기준 - 1985. 1. 2. ~ 2006. 1. 1. 출생자 - 개인 또는 팀 단위로 참가할 수 있으며, 1인(1팀)당 1개 작품만 제출할 수 있음 ❍ 공모주제: 화성 청년이 체감할 수 있는 실효성 높은 분야별 정책 ① 일자리 ② 주거 ③ 교육 ④ 복지 · 문화 ⑤ 참여 · 권리 중 택 1 ❍ 심사방법: (1차 심사) 소관부서 자체 심사 (2차심사) 민·관 전문가 심사위원회 심사 ❍ 시상내역 - 최우수: 2,000,000원 (1명) - 우수: 1,000,000원 (1명) - 장려: 500,000원 (2명) - 입선: 50,000원 (20명) ※ 심사결과에 따라 시상내역 등 조정될 수 있음 ❍ 문 의 처: 화성시 청년청소년정책과(청년정책팀) ☎ 031-5189-3949",참여권리,청년참여,"일자리, 직무교육, 주거지원, 복지, 참여 프로그램",일자리,20250602 ~ 20250620,20250522 ~ 20250920,"19세~39세 / 연령제한:N 0043001 0 0 - 1985. 1. 2. ~ 2006. 1. 1. 출생자 - 개인 또는 팀 단위로 참가할 수 있으며, 1인(1팀)당 1개 작품만 제출할 수 있음 0011009 0013010 0049010 0055003",19세~39세 / 연령제한:N,0043001 0 0,잡아바어플라이(https://apply.jobaba.net) 온라인 접수,"화성 청년정책 아이디어 공모전 참가신청서 및 제안서, 개인정보 제공동의서 ※ 서명 후 스캔(PDF 등) 파일 제출 시, 한글(HWP) 파일도 함께 제출",복지국,경기도 화성시,https://apply.jobaba.net/bsns/bsnsDetailView.do?bsnsSeq=4474,,,2025-05-29 11:19:09,2025-05-29 14:06:34,3,온통청년_OPEN_API_getPlcy,전남,2025년 화성시 청년정책 아이디어 공모전 청년정책에 대한 사회적 관심을 제고하고 실효성 있는 아이디어 발굴 교육지원 일자리
전남,46000,20250624005400111133,창업중심대학 지원,벤처,창업역량이 우수한 대학을 선정하여 창업기업 지원,창업기업 대상 사업화자금 및 성장프로그램 지원,일자리,창업,"일자리, 직무교육, 창업지원",일자리,20250314 ~ 20250402,계속,0세~0세 / 연령제한:Y 0043001 0 0 0011009 0013006 0049010 0055003,0세~0세 / 연령제한:Y,0043001 0 0,,,중소벤처기업부,중소벤처기업부,,https://www.k-startup.go.kr/,,2025-05-24 17:33:46,2025-06-25 14:15:05,4,온통청년_OPEN_API_getPlcy,전남,창업중심대학 지원 창업역량이 우수한 대학을 선정하여 창업기업 지원 벤처 일자리
전남,46000,20250624005400111132,로컬크리에이터 육성,"벤처,보조금",지역경제 활성화 및 지역청년의 창업기회 확대를 위한 로컬크리에이터 육성,"로컬크리에이터 비즈니스모델 구체화, 멘토링, 마케팅 등 성장단계에 따른 사업화자금 및 맞춤형 프로그램 지원","참여권리,참여권리","청년참여,정책인프라구축","직무교육, 창업지원, 참여 프로그램",직무교육,20250101 ~ 20250331,계속,0세~0세 / 연령제한:Y 0043001 0 0 0011009 0013006 0049010 0055003,0세~0세 / 연령제한:Y,0043001 0 0,,,중소벤처기업부,중소벤처기업부,,https://www.kised.or.kr/menu.es?mid=a10205090000,,2025-05-24 17:21:02,2025-06-25 14:16:23,4,온통청년_OPEN_API_getPlcy,전남,로컬크리에이터 육성 지역경제 활성화 및 지역청년의 창업기회 확대를 위한 로컬크리에이터 육성 벤처 보조금 직무교육
전남,46000,20250624005400111126,범부처 창업경진대회,"벤처,중소기업",유망 (예비)창업자 발굴 지원 및 도전적인 창업 분위기 확산,부처별 예선리그를 통과한 우수창업자를 대상으로 통합본선 및 왕중왕전 개최,일자리,창업,"일자리, 창업지원",일자리,20250101 ~ 20250623,계속,0세~0세 / 연령제한:Y 0043001 0 0 0011009 0013006 0049010 0055003,0세~0세 / 연령제한:Y,0043001 0 0,,,중소벤처기업부,중소벤처기업부,,,,2025-05-24 16:26:52,2025-06-24 16:55:16,4,온통청년_OPEN_API_getPlcy,전남,범부처 창업경진대회 유망 예비 창업자 발굴 지원 및 도전적인 창업 분위기 확산 벤처 중소기업 일자리
전남,46000,20250623005400111115,청년내일저축계좌 운영,보조금,일하는 근로빈곤층 청년의 사회 안착 위해 자산형성 지원 및 자립 촉진,"○ 기준중위소득 100% 이하, 일하는 청년 대상 3년간 월 10~50만원 저축 시 10~30만원 매칭 지원 - (차상위 이하) 만 15세 이상 ~ 만 39세 이하, 월 30만원 매칭 지원 - (차상위 초과) 만 19세 이상 ~ 만 34세 이하, 월 10만원 매칭 지원",복지문화,취약계층 및 금융지원,"일자리, 복지",일자리,20250502 ~ 20250521,계속,"19세~34세 / 연령제한:N 0043003 0 0 기준 중위소득 100% 이하, 월 근로소득 250만원 이하 ㅇ 차상위 초과자(기준중위소득 50%~100%) - (연령) 만 19세 이상 ~ 만 34세 이하 - (소득) 월 50만원 초과 ~ 월 250만원 이하 - (지원액) 월 10만원 ㅇ 차상위 이하자(기준중위소득 50% 이하) - (연령) 만 15세 이상 ~ 만 39세 이하 - (소득) 월 10만원 이상 근로,사업소득 발생 - (지원액) 월 30만원 0011009 0013001,0013002,0013003,0013004,0013005,0013006,0013007,0013008,0013009 0049010 0055003",19세~34세 / 연령제한:N,"0043003 0 0 기준 중위소득 100% 이하, 월 근로소득 250만원 이하",복지로(www.bokjiro.go.kr) 온라인 신청 또는 읍면동 행정복지센터 방문 접수,"ㅇ자산형성지원사업 참여 신청서 및 저축동의서 ㅇ청년내일저축계좌 자가진단표 ㅇ개인정보 수집, 이용, 제공 동의서 ㅇ기타 필요서류(자세한 내용은 ""2025년 자산형성지원 통장사업 안내"" 참조)",사회복지정책실,한국자활복지개발원,www.bokjiro.go.kr,https://hope.welfareinfo.or.kr/,https://www.mohw.go.kr/board.es?mid=a10409020000&bid=0026&act=view&list_no=1484569,2025-05-23 16:00:33,2025-06-23 16:16:44,4,온통청년_OPEN_API_getPlcy,전남,청년내일저축계좌 운영 일하는 근로빈곤층 청년의 사회 안착 위해 자산형성 지원 및 자립 촉진 보조금 일자리
전남,46000,20250623005400111107,대학 장애학생 지원센터 운영 강화,교육지원,장애학생지원센터 운영지원을 통해 장애대학(원)생 특성을 고려한 맞춤형 지원,"장애학생의 생활편의 및 학습활동에 필요한 인력(일반, 전문)과 원격 프로그램, 보조기기 및 장애인식개선교육 등 지원",복지문화,취약계층 및 금융지원,"직무교육, 복지",직무교육,20250226 ~ 20250312,20250101 ~ 20251231,0세~0세 / 연령제한:Y 0043001 0 0 0011009 0013010 0049005 0055003,0세~0세 / 연령제한:Y,0043001 0 0,,,평생직업교육정책관,교육부 인재정책실 평생직업교육정책관,,,,2025-05-23 13:36:33,2025-06-24 17:14:16,4,온통청년_OPEN_API_getPlcy,전남,대학 장애학생 지원센터 운영 강화 장애학생지원센터 운영지원을 통해 장애대학 원 생 특성을 고려한 맞춤형 지원 교육지원 직무교육
전남,46000,20250522005400210873,청년 몽땅 정보통 운영,맞춤형상담서비스,ㅇ ‘AI가 추천해주는 300만 서울청년의 맞춤형 청년 플랫폼’,"ㅇ (사업 근거) - 전자정부법 제56조의2(정보시스템 장애 예방ㆍ대응 등) - 서울특별시 청년 기본 조례 제10조(청년의 참여 확대 등) ㅇ (추진 경과) - 서울청년포털 서비스 오픈 : 2019.4월 - 서울청년포털 1차 고도화 : 2020.1 ~ 12월 - 서울청년포털 2차 고도화 : 2021.1 ~ 12월 - 서울청년포털 ⇒ 청년몽땅정보통 확대오픈 : 2022.1 ~ 12월 - 청년 몽땅 정보통 재구축 : 2023.1 ~ 12월 ㅇ (사업 기간) ‘251.1월 ~ 12월 ㅇ (사업 대상) 전체(누구나) - (연령 기준) 전체 - (소득 기준) 해당없음 ㅇ (사업 내용) - 청년 몽땅 정보통 AI 맞춤형 서비스, 정책쇼핑, 선제적 청년정책 전달 ㅇ (사업비) 555백만원 (지방비)",참여권리,정책인프라구축,"직무교육, 복지, 참여 프로그램",직무교육,,20250101 ~ 20251231,0세~0세 / 연령제한:Y 0043001 0 0 0011009 0013010 0049010 0055003,0세~0세 / 연령제한:Y,0043001 0 0,,,청년정책담당관,서울특별시,,,,2025-05-22 16:02:02,2026-01-01 00:00:00,4,온통청년_OPEN_API_getPlcy,전남,청년 몽땅 정보통 운영 AI가 추천해주는 300만 서울청년의 맞춤형 청년 플랫폼 맞춤형상담서비스 직무교육
전남,46000,20250522005400210871,지역별 서울청년센터 설치 운영,맞춤형상담서비스,ㅇ 생활권 기반의 정책전달체계를 확충하여 청년들의 사회적 자원에 대한 접근성 향상 및 종합적 정책지원,"ㅇ 추진근거 - 청년기본법 제24조의 2(청년시설의 설치·운영 등) - 서울특별시 청년기본조례 제20조(청년지원기관의 설치·운영), 제21조(청년시설의 설치·운영) ㅇ 추진경과 - 2020년 권역별 서울청년센터 운영 사업계획 수립(‘20.1.) - 서울청년센터 금천‧관악(’20.1.), 강동(‘20.5.), 은평(’20.6.) 개소 - 서울청년센터 동대문(‘20.10.), 노원‧성동(’20.11.), 마포(‘20.12.) 개소 - 서울청년센터 광진(‘21.2.), 서초(’21.10.), 강북‧강서(‘22.4.) 개소 - 서울청년센터 영등포(‘23.2.), 도봉(’23.5.), 양천(‘23.5.) 개소 - 서울청년센터 성북 신축공사(‘23.12.~) - 市 위탁 서울청년센터 자치구 이관(‘25.1.~) ㅇ 사업기간 : ’20년~ □ 과제 추진체계 ㅇ 사업 대상 - 연령기준 : 19세~39세 ㅇ 사업 주체 : 서울시‧자치구 ㅇ 사업 시행방법 : 자치구 민간위탁 운영 (※ 강서구 직영 예정)",참여권리,정책인프라구축,"복지, 참여 프로그램",복지,,20250101 ~ 20251231,19세~39세 / 연령제한:N 0043001 0 0 서울시 거주이거나 활동하는 청년 0011009 0013010 0049010 0055003,19세~39세 / 연령제한:N,0043001 0 0,,,청년사업담당관,서울특별시,,,,2025-05-22 15:50:21,2026-01-01 00:00:00,4,온통청년_OPEN_API_getPlcy,전남,지역별 서울청년센터 설치 운영 생활권 기반의 정책전달체계를 확충하여 청년들의 사회적 자원에 대한 접근성 향상 및 종합적 정책지원 맞춤형상담서비스 복지
전남,46000,20250522005400210869,서울시 위원회 청년위촉 지정 및 관리,맞춤형상담서비스,ㅇ 「서울특별시 청년 기본 조례」정비에 따른 서울시 위원회 청년위원 위촉 확대 추진(청년위원 10% 이상 위촉)을 통해 청년의 시정 참여 강화,ㅇ 추진 근거 -「서울특별시 각종 위원회의 설치·운영에 관한 조례」제8조(위원회의 구성) -「청년기본법」제15조(정책결정과정에 청년의 참여 확대) -「청년기본법 시행령」제20조(청년 위촉 대상 위원회의 범위 등) -「서울특별시 청년 기본 조례」제10조(청년의 참여 확대 등) ㅇ 추진 경과 - 청년친화위원회 지정 및 관리 (’21.1.~’23.12.) - 서울미래인재DB 사업 종료 및 후속 조치 시행 (’24.4.~7.) -「서울특별시 청년 기본 조례」개정 (’24.5.) - 서울시 위원회 청년 의무위촉 지정 및 관리 (’24.5.~) ㅇ 사업 기간 : 2025. 1.~12. ㅇ 사업 대상 : 서울 거주 또는 서울에서 활동하는 청년 - 연령 기준 : 19~39세 - 소득 기준 : 소득 무관 ㅇ 사업 내용 - 위촉 곤란 위원회*를 제외한 모든 위원회에 청년을 10% 이상 위촉하도록 관리․감독을 통해 청년 위촉 확대 * 청년의 참여가 어려운 위원회는 「청년기본법 시행령」제20조제1항 및 「서울특별시 청년 기본 조례」제10조제2항에 의거하여 청년정책조정위원회의 심의를 통해 지정함 ㅇ 추진 체계 - (사업 주체) : 서울시 직접사업,참여권리,정책인프라구축,"복지, 참여 프로그램",복지,,20250101 ~ 20251231,19세~39세 / 연령제한:N 0043001 0 0 0011009 0013010 0049010 0055003,19세~39세 / 연령제한:N,0043001 0 0,,,청년정책담당관,서울특별시,,,,2025-05-22 15:36:49,2026-01-01 00:00:00,4,온통청년_OPEN_API_getPlcy,전남,서울시 위원회 청년위촉 지정 및 관리 서울특별시 청년 기본 조례 정비에 따른 서울시 위원회 청년위원 위촉 확대 추진 청년위원 10 이상 위촉 을 통해 청년의 시정 참여 강화 맞춤형상담서비스 복지
전남,46000,20250521005400110863,주거안정장학금,"교육지원,보조금",원거리 대학 진학으로 인해 주거 관련 비용 부담이 큰 저소득 대학생을 대상으로 주거 부담 경감을 위한 ‘주거안정장학금＇ 지원,"□ 지원금액: 월 최대 20만 원 ※ 단, 방학 중(7~8월, 1~2월)에는 지원하지 않으며, 계절학기를 수강하는 경우에는 방학 중에도 장학금 지원 가능 □ 지원범위: 월 20만 원 한도 내 학생이 지출한 주거 관련 비용 포괄 지원 - 주거 관련 비용 : 임차료*(전‧월세, 보증금** 등), 주거 유지‧관리비(수선유지비, 공동주택관리비 등), 수도‧연료비(상하수도, 전기, 가스, 열, 등유, 연탄 등), 주택임차‧저당차입금 이자상환액 등 ※ 단, 보증금 월환산차임은 주택임차차입금 이자와 중복 청구할 수 없음 (월세 대출 이자는 가능) * 임차료는 주택, 기숙사, 고시원 등 유형을 불문하고 거주를 목적으로 지급하는 사용료 모두 해당 ** 보증금의 경우 「주거급여 실시에 관한 고시」 제7조제3항에 따른 보증금의 환산율(연 4%)을 준용하여 월 환산 후 월 차임으로 산정함",교육,교육비지원,"직무교육, 주거지원, 복지",직무교육,20250523 ~ 20250623,연중,"0세~39세 / 연령제한:N 0043003 0 0 기초생활수급자 또는 차상위계층 □ 학생 지원자격 ○ 대한민국 국적을 소지하고 재학 중인 대학생(대학원생 제외) ○ 당해연도 1월 1일 기준 만 39세 이하(‘85.1.1.이후 출생)로 미혼인 자 ○ 당해 학기 학자금 지원구간 산정 시, 기초생활수급자 또는 차상위계층으로 확인된 자 (자격 기준은 학자금 지원구간 산정지침에 따름) ○ 부모의 주민등록정보 확인을 위한 가구원 동의를 완료한 자 ○ 신청 대학생 부모 모두의 주민등록상 주소지가 신청 대학생 소속 대학을 기준으로 통학이 어려운 원거리 지역에 해당하는 자 □ 대상대학 ○ 국내대학 중 당해연도 사업참여를 신청하고, 재단이 승인한 대학 ○ 2025학년도 학자금 지원 제한 대학의 ’25년도 신·편입 학생은 지원 제외 ○ 2025학년도 주거안정장학금 지원가능 대학 및 지원 불가 지역 확인 ※ 소속대학이 본교만 검색되고 실제 소속 캠퍼스가 조회되지 않는 경우, [지원 불가 지역]은 소속학교에 문의하시기 바랍니다. 0011009 0013010 0049005 0055002",0세~39세 / 연령제한:N,0043003 0 0 기초생활수급자 또는 차상위계층,"□ 2학기 신청일정: 2025. 5. 23.(금) 9시 ~ 6. 23.(월) 18시 - 주말 및 공휴일 포함 신청기간 내 24시간 신청 가능(단, 신청시작일 및 마감일 제외) - 대상자: 신입생·편입생·재입학생·복학생·재학생 등 모든 학부 학적 ※ 신입생의 경우 입학예정(또는 확정) 대학을 반드시 선택 후 신청 □ 서류제출: 2025. 5. 23.(금) 9시 ~ 6. 30.(월) 18시 □ 가구원동의: 2025. 5. 23.(금) 9시 ~ 6. 30.(월) 18시 ※ 신청자 본인이 기초·차상위자격을 보유한 경우에도, 가구원 동의를 반드시 진행해야 합니다.",한국장학재단 홈페이지(https://www.kosaf.go.kr/ko/scholar.do?pg=scholarship05_12_01_01&ttab1=3) 확인,교육부,한국장학재단,https://www.kosaf.go.kr/ko/scholar.do?pg=scholarship05_12_18&ttab1=0,https://www.kosaf.go.kr/ko/scholar.do?pg=scholarship05_12_01_01&ttab1=3,,2025-05-21 15:36:19,2025-05-21 17:13:42,4,온통청년_OPEN_API_getPlcy,전남,주거안정장학금 원거리 대학 진학으로 인해 주거 관련 비용 부담이 큰 저소득 대학생을 대상으로 주거 부담 경감을 위한 주거안정장학금 지원 교육지원 보조금 직무교육
전남,46000,20250621005400111098,천원의아침밥,"보조금,바우처",아침식사 결식률이 높은 대학생에게 양질의 쌀·쌀가공식품 식단을 제공하여 청년층의 건강한 식습관 형성 지원 및 쌀 소비 촉진,대학생들을 대상으로 쌀을 활용한 아침식사를 1천원에 제공,복지문화,건강,복지,복지,20241220 ~ 20250131,20250101 ~ 20251231,"0세~0세 / 연령제한:Y 0043001 0 0 0011009 0013009 0049005,0049009 0055003",0세~0세 / 연령제한:Y,0043001 0 0,운영기관으로 온라인 신청접수('24.12.20~'25.1.31),"사업신청서, 학교소개서, 운영계획서",농림축산식품부,농림수산식품교육문화정보원,,,,2025-05-21 11:36:10,2025-06-23 13:20:29,4,온통청년_OPEN_API_getPlcy,전남,천원의아침밥 아침식사 결식률이 높은 대학생에게 양질의 쌀 쌀가공식품 식단을 제공하여 청년층의 건강한 식습관 형성 지원 및 쌀 소비 촉진 보조금 바우처 복지
전남,46000,20250621005400111093,스마트팜청년창업보육센터,교육지원,스마트팜을 창농하고자 하는 청년들을 대상으로 실습위주의 장기 교육 제공,교육지원,"일자리,교육","취업,미래역량강화","일자리, 직무교육, 창업지원",일자리,20250422 ~ 20250529,20250901 ~ 20251231,18세~39세 / 연령제한:N 0043001 0 0 0011009 0013010 0049010 0055003,18세~39세 / 연령제한:N,0043001 0 0,스마트팜 코리아(www.smartfarmkorea.net)에서 접수,"개인정보동의서, 교육신청서, 주민등록초본, 최종학력졸업증명서 등",농림축산식품부,한국농업기술진흥원,www.smartfarmkorea.net,,,2025-05-21 11:18:01,2025-06-23 09:41:52,4,온통청년_OPEN_API_getPlcy,전남,스마트팜청년창업보육센터 스마트팜을 창농하고자 하는 청년들을 대상으로 실습위주의 장기 교육 제공 교육지원 일자리
전남,46000,20250620005400111086,국내청년의 동포기업 인턴십,인턴,동포기업 네트워크를 활용하여 국내 청년들에게 다양한 국가의 재외동포 기업에서 인턴 경험(6개월) 제공,"청년 1인당 생활지원금 월 110만원(6개월 간 지원), 해외장기체류보험 실비지원(최대 55만원), 출국 전 사전 교육 실비 등",참여권리,청년국제교류,"일자리, 직무교육, 복지, 참여 프로그램",일자리,20250318 ~ 20250411,20250101 ~ 20251231,"20세~34세 / 연령제한:N 0043001 0 0 해당 국가의 비자 발급 또는 해외 여행에 결격사유가 없는 자 동 사업에 참여한 경력이 없는 자 ※ 지원자격은 변경될 수 있으니, 당해년 모집공고를 참고해주시기 바랍니다. 0011009 0013003 0049010 0055003",20세~34세 / 연령제한:N,0043001 0 0,한상넷 홈페이지(www.hansang.net)를 통해 접수,한상넷 홈페이지 모집공고 참조,재외동포청,재외동포청,https://www.hansang.net/main.do,,,2025-05-20 12:33:01,2025-06-24 17:48:25,4,온통청년_OPEN_API_getPlcy,전남,국내청년의 동포기업 인턴십 동포기업 네트워크를 활용하여 국내 청년들에게 다양한 국가의 재외동포 기업에서 인턴 경험 6개월 제공 인턴 일자리
전남,46000,20250620005400111084,재외동포 청년인턴 사업,인턴,"재외동포 청년이 소재지 관할 재외공관에서 단기 인턴십(6월) 경험을 통해 △모국과의 유대감 강화 △현지국과 모국간 가교로서의 역할을 담당, 지구촌 한민족 공동체 실현에 기여","우수한 재외동포 청년에게 관할 재외공관에서 단기 인턴십 활동 기회 제공, 국정참여를 통한 역량 강화 등 글로벌 인재 양성에 기여",참여권리,청년국제교류,"일자리, 직무교육, 참여 프로그램",일자리,20250217 ~ 20250430,20250201 ~ 20251231,20세~34세 / 연령제한:N 0043001 0 0 관할 지역 재외동포 청년만 신청 가능 (국내 거주 청년 사업 신청 대상자에 해당 안됨) 국내 거주 청년 *본 사업은 재외동포 청년 대상의 사업으로 국내 거주 청년은 참여가 제한되는 점 양해 부탁드립니다. 0011009 0013010 0049010 0055003,20세~34세 / 연령제한:N,0043001 0 0,"재외공관별 자체 계획에 의거 인턴 대상자 모집 - 공개 모집(재외공관 홈페이지, SNS 채널 및 기타 온․오프라인 모집 공고 게시 등) 을 통한 선발 전 과정의 투명성 확보 * 현지에서 거주하는 재외동포 청년 대상의 사업으로, 현지 및 공관 상황에 따라 공관별 자체 계획 수립하여 진행","공관별 모집 계획에 의거, - 각종 필수 서류 확보(지원서, 자기소개서 등) - 필요시 이력서 및 기타 자격 보유 현황 등 확인, 부여 과업을 수행하기 위한 자격(지원자 역량 보유 등) 등을 고려하여 채용",재외동포청,재외동포청,https://th.mofa.go.kr/th-ko/brd/m_25796/view.do?seq=1347016&page=2,https://www.oka.go.kr/,,2025-05-20 11:39:07,2025-06-23 13:22:59,4,온통청년_OPEN_API_getPlcy,전남,재외동포 청년인턴 사업 재외동포 청년이 소재지 관할 재외공관에서 단기 인턴십 6월 경험을 통해 모국과의 유대감 강화 현지국과 모국간 가교로서의 역할을 담당 지구촌 한민족 공동체 실현에 기여 인턴 일자리
전남,46000,20250620005400111082,이공계 대학원생 청년창업 탐색지원,교육지원,"대학,출연(연) 연구원이 기술사업화를 주도할 수 있도록 실험실창업 탐색교육을 지원하여 시장친화적 연구개발 도모 및 창업 성공률 제고","대학,출연(연) 연구실의 기초·원천 연구성과가 빠른 시간 내에 시장에서 활용될 수 있도록 실험실창업 교육·보육 지원 - (창업교육) 美 국립과학재단의 ‘I-Corps 방법론’을 활용, 잠재고객 인터뷰를 통한 사업화 타당성 검증 및 창업 아이템 최적화(Pivoting) 지원 - (창업보육) 사업모형 고도화를 위한 집중 멘토링, 창업공간·장비 대여, 시제품(최소요건제품) 제작 등 실험실 창업 준비 지원",일자리,창업,"일자리, 직무교육, 창업지원, 참여 프로그램",일자리,20250114 ~ 20250213,20250101 ~ 20251231,"0세~0세 / 연령제한:Y 0043001 0 0 0011004,0011005 0013006 0049005,0049006,0049007,0049008,0049009 0055003",0세~0세 / 연령제한:Y,0043001 0 0,예비창업대표(EL)가 소속되어있는 기관 소재 권역의 혁신단 또는 여성특화형 혁신단에 신청,"- 사업 신청서 - 개인정보 및 과세정보 제공·활용 동의서 - EL, EM 서약서 - PI 확약서 - EL, EM 지원자격 확인 서류* * 재학증명서, 휴학증명서, 재직증명서 중 택일하여 EL, EM별 제출 - EL 예비창업자 사실 증명 서류* * 국세청 홈택스→민원증명→사실증명신청→사실증명 - 사업신청서 관련 제출 자료* * 특허 및 기타 지식재산권, R&D 및 기술사업화 실적 증빙 등",과학기술정보통신부,재단법인과학기술사업화진흥원,,https://www.compa.re.kr/,,2025-05-20 10:54:08,2025-06-23 13:24:38,4,온통청년_OPEN_API_getPlcy,전남,이공계 대학원생 청년창업 탐색지원 대학 출연 연 연구원이 기술사업화를 주도할 수 있도록 실험실창업 탐색교육을 지원하여 시장친화적 연구개발 도모 및 창업 성공률 제고 교육지원 일자리
전남,46000,20250619005400111077,DUO-Korea Fellowship 2025,"해외진출,교육지원",아시아-유럽 간 항구적·균형적 교육협력 및 인적교류를 통한 양 지역의 상호 이해 증진과 동반자적 관계 구축,한국-유럽 고등교육기관 간 일대일 교류 프로그램에 참여하는 아셈회원국 대학(원)생 대상 장학금 지급,참여권리,청년국제교류,"직무교육, 참여 프로그램",직무교육,20250404 ~ 20250521,20250101 ~ 20251231,"0세~0세 / 연령제한:Y 0043001 0 0 0011009 0013010 0049005,0049008 0055003",0세~0세 / 연령제한:Y,0043001 0 0,,,글로벌교육기획관,교육부 기획조정실 글로벌교육기획관,,https://www.asemduo.org/02_programs/programs_01.php,,2025-05-19 16:39:47,2025-06-24 18:08:56,4,온통청년_OPEN_API_getPlcy,전남,DUO Korea Fellowship 2025 아시아 유럽 간 항구적 균형적 교육협력 및 인적교류를 통한 양 지역의 상호 이해 증진과 동반자적 관계 구축 해외진출 교육지원 직무교육
전남,46000,20250619005400111072,(청년 금융교육 지원) 대학 실용금융 강좌 온라인(K-MOOC) 개설,교육지원,"금융감독원은 새롭게 제작한 ''실용금융(제4판)'' 온라인 강좌*를 청년층 등 누구나 인터넷,스마트폰을 통해 편리하게 수강할 수 있도록 K-MOOC**에 개설","금융감독원은 새롭게 제작한 ''실용금융(제4판)'' 온라인 강좌*를 청년층 등 누구나 인터넷,스마트폰을 통해 편리하게 수강할 수 있도록 K-MOOC에 개설하여 ''25.5월부터 일반에 공개할 계획임 * ''21년부터 활용한 기존 실용금융 온라인 강좌를 업데이트하기 위해 「대학생을 위한 실용금융 제4판(''24.2월 발간)」 교재 내용으로 신규 제작(강의 13주, 중간시험 1주, 기말시험 1주, 총 15주 과정) 매년 2차례 K-MOOC 홈페이지(www.kmooc.kr의 검색창에 ''실용금융'' 입력)를 통해 수강신청을 받아 15주 과정으로 운영할 예정이며, 일정 기준을 충족하는 수강자에게는 이수 사실을 인증할 수 있도록 이수증*을 발급할 계획임 * FSS 대학생봉사단 선발시 고려, 취업준비 포트폴리오,이력서에 첨부, 일부 대학 학점인정 등에 활용 '25년에는 5.15(목)부터 수강신청을 받아 5.26(월)~9.7(일) 15주간 1차 운영하고, '25.11월부터 '26.2월까지 2차 운영할 예정","교육,교육","미래역량강화,온라인교육","일자리, 직무교육, 복지, 참여 프로그램",일자리,20251101 ~ 20251130,대중에 공개,0세~0세 / 연령제한:Y 0043001 0 0 - - 0011009 0013010 0049010 0055003,0세~0세 / 연령제한:Y,0043001 0 0,"K-MOOC 홈페이지(www.kmooc.kr)에 접속하여 회원가입 해당 홈페이지에서 ‘실용금융’과목을 검색하여 ‘수강신청’을 클릭한 후, ‘강의실 입장’을 클릭하여 강의 시청 및 시험 응시",-,금융감독원,금융교육국,https://kmooc.kr/,,,2025-05-19 15:10:53,2025-06-20 10:15:23,4,온통청년_OPEN_API_getPlcy,전남,청년 금융교육 지원 대학 실용금융 강좌 온라인 K MOOC 개설 금융감독원은 새롭게 제작한 실용금융 제4판 온라인 강좌 를 청년층 등 누구나 인터넷 스마트폰을 통해 편리하게 수강할 수 있도록 K MOOC 에 개설 교육지원 일자리
전남,46000,20250518005400110849,맞춤형화장품조제관리사 자격 역량강화,교육지원,맞춤형화장품조제관리사 자격증 취득 후 실제 활용을 위해 식품의약품안전처와 성신여자대학교가 함께하는 맞춤형화장품조제관리사 자격 역량강화 교육입니다.,"본 강좌는 맞춤형화장품조제관리사 자격증 소지자를 대상으로 식품의약품안전처가 지원하는 무료 교육과정입니다. 맞춤형화장품 조제 실무 역량 강화 및 창업자와의 소통 기회를 제공하며, 화장품 법령 및 책임판매관리자 역할 이해 교육, 라이브커머스 기반 맞춤형화장품 브랜드 확장 전략 특강 등이 포함되어 있습니다. 과정을 수료한 교육생 대상으로 성신여자대학교 총장 명의 수료증을 발급하며, 퍼스트인잡(고용노동부) 프로그램 연계 혜택이 있습니다.",일자리,취업,"일자리, 직무교육, 창업지원",일자리,20250512 ~ 20250526,20250604 ~ 20250702,0세~0세 / 연령제한:Y 0043001 0 0 맞춤형화장품조제관리사 자격증 소지자 대상 0011009 0013010 0049010 0055003,0세~0세 / 연령제한:Y,0043001 0 0,지원서 작성 후 메일 제출(continue@sungshin.ac.kr),지원서,화장품정책과,성신여자대학교,https://blog.naver.com/life_sungshin/223865068766,,,2025-05-18 20:33:19,2025-06-09 17:17:03,4,온통청년_OPEN_API_getPlcy,전남,맞춤형화장품조제관리사 자격 역량강화 맞춤형화장품조제관리사 자격증 취득 후 실제 활용을 위해 식품의약품안전처와 성신여자대학교가 함께하는 맞춤형화장품조제관리사 자격 역량강화 교육입니다 교육지원 일자리
전남,46000,20250618005400111020,전문기술인재 장학금 지원,교육지원,"취업역량 개발노력이 우수한 전문대 학생이 안정적으로 학업 및 자기개발에 정진할 수 있도록 전문기술인재 장학금 지원 우수한 전문대학생을 발굴, 지원하여 고등직업교육에 대한 기회 균등을 보장함으로써 전문기술인재로 성장할 수 있도록 지원","□ Ⅰ유형: 등록금 전액 및 생활비 학기당 250만원 □ Ⅱ유형: 등록금 전액 ○ 등록금 범위 내 필수경비만 지원 ※ 수업료로 명시된 항목만 지원(실습비, 실습수업료 등 기타 징수금 제외) ○ 대상학교 : 고등교육법 제2조제4호에 해당하는 전문대학 ○ 지원대상 : 사업 참여대학 재학생 중 취업 역량 개발 노력과 성취가 우수한 학생",교육,교육비지원,"일자리, 직무교육, 복지, 참여 프로그램",일자리,20250319 ~ 20250404,20250101 ~ 20251231,"0세~0세 / 연령제한:Y 0043001 0 0 해당없음 고등교육법 제2조 제4호에 해당하는 전문대학을 다니고 있는 대한민국 국적 소지자로서, 사업 참여대학 재학생* 중 종합적 취업 역량 개발 노력과 성취가 우수한 학생 * 단, 전문기술석사학위 과정에 재학(입학예정 포함) 중인 대학원생은 제외 0011001,0011002,0011003,0011004,0011005,0011006,0011007,0011008 0013010 0049005 0055003",0세~0세 / 연령제한:Y,0043001 0 0,1. 대학 - [대학] ‘사업참여’ 신청(재단 대학/기관관리자 학자금지원시스템) 2. 한국장학재단 : 대학별 배정인원 안내 3. 대학/학생 - [대학] 자체선발기준에 의거 장학생 선발·추천 - [학생] 대상자 신청 4. 한국장학재단 - 대학추천자 자격심사 - 장학생 최종 선정 및 발표 - 장학금 지원(소속대학으로 일괄 지급),"□ (1학년) 취업역량개발, 학업성적, 경제적 수준, 성장 가능성 등을 평가할 수 있도록 대학 자체 선발기준을 수립하되, 학업성적(30%), 경제적 수준(10%)로 설정하여 대학에서 자체 선발 □ (2~4학년) 취업역량개발(60%), 학업성적(30%), 경제적 수준(10%)으로 평가하고, 세부항목 및 항목별 배점은 대학에서 자체 수립하여 선발",평생직업교육정책관,우수장학부,https://www.kosaf.go.kr/ko/scholar.do?pg=scholarship05_12_01,,,2025-05-18 13:24:49,2025-06-25 14:59:06,4,온통청년_OPEN_API_getPlcy,전남,전문기술인재 장학금 지원 취업역량 개발노력이 우수한 전문대 학생이 안정적으로 학업 및 자기개발에 정진할 수 있도록 전문기술인재 장학금 지원 우수한 전문대학생을 발굴 지원하여 고등직업교육에 대한 기회 균등을 보장함으로써 전문기술인재로 성장할 수 있도록 지원 교육지원 일자리
전남,46000,20250618005400111016,청년 중심 마약류 중독예방 지원 확대,교육지원,"전문 강사 파견을 통해 청소년, 대학생, 군인 등 청년 대상 마약 예방교육을 제공하고 있으며, 맞춤형 교육 콘텐츠 등을 개발하여 교육의 효과성을 제고하고 있습니다. 대학 동아리 20개로 구성된 대학생 마약 예방활동단 'B.B서포터즈'를 운영하고 있습니다. B.B서포터즈는 Be Brave의 줄임말로, 마약 앞에서 단호하게 거절할 용기를 가지고, 창의적이고 자발적인 활동으로 건강한 사회를 만들어가는 활동가입니다. 이들은 대학 축제 홍보부스 운영, SNS 등 디지털 홍보, 교내·외 캠페인, 전문가 특별강의 등 다양한 마약예방 활동을 수행합니다.","마약 중독 및 오남용 에방교육을 통해 청년들의 올바른 마약류 인식을 제고하고 있습니다. 서포터즈 역량강화를 위한 교육 프로그램, 식약처장 명의의 서포터즈 위촉장, 활동에 대한 봉사시간 등을 제공하고 있으며, 전문가 섭외 및 홍보물 제작 등 필요 사항을 지원하고 있습니다.",복지문화,건강,"직무교육, 복지, 참여 프로그램",직무교육,20250401 ~ 20250411,20250401 ~ 20251231,"19세~0세 / 연령제한:Y 0043001 0 0 0011009 0013010 0049005,0049006,0049007 0055003",19세~0세 / 연령제한:Y,0043001 0 0,(교육) 한국마약퇴치운동본부 교육 사이트(https://edu.drugfree.or.kr/)를 통해 신청 (서포터즈) 마약청정 대한민국(https://nodrugzone.mfds.go.kr/home/kor/main.do) 등을 통해 모집 공고 확인 후 제출 서류를 구비하여 이메일 제출,,식품의약품안전처,한국마약퇴치운동본부,https://nodrugzone.mfds.go.kr/home/kor/main.do,https://edu.drugfree.or.kr/,,2025-05-18 11:01:50,2025-06-25 15:10:51,4,온통청년_OPEN_API_getPlcy,전남,청년 중심 마약류 중독예방 지원 확대 전문 강사 파견을 통해 청소년 대학생 군인 등 청년 대상 마약 예방교육을 제공하고 있으며 맞춤형 교육 콘텐츠 등을 개발하여 교육의 효과성을 제고하고 있습니다 대학 동아리 20개로 구성된 대학생 마약 예방활동단 B B서포터즈 를 운영하고 있습니다 B B서포터즈는 Be Brave의 줄임말로 마약 앞에서 단호하게 거절할 용기를 가지고 창의적이고 자발적인 활동으로 건강한 사회를 만들어가는 활동가입니다 이들은 대학 축제 홍보부스 운영 SNS 등 디지털 홍보 교내 외 캠페인 전문가 특별강의 등 다양한 마약예방 활동을 수행합니다 교육지원 직무교육
전남,46000,20250618005400111011,인공지능반도체 분야 고급인재양성,교육지원,인공지능반도체 대학원 설립 등 연구몰입환경 및 대학원 교육 혁신을 지원하여 산업계 부족한 인공지능반도체 석박사 인재 양성,인공지능반도체 대학원 설립 등 연구몰입환경 및 대학원 교육 혁신을 지원하여 산업계 부족한 인공지능반도체 석박사 인재 양성,교육,미래역량강화,직무교육,직무교육,20250201 ~ 20250228,20230701 ~ 20281231,0세~0세 / 연령제한:Y 0043001 0 0 0011005 0013010 0049008 0055003,0세~0세 / 연령제한:Y,0043001 0 0,,,정보통신산업정책관,정보통신기획평가원,,,,2025-05-18 10:32:11,2025-06-25 16:21:13,4,온통청년_OPEN_API_getPlcy,전남,인공지능반도체 분야 고급인재양성 인공지능반도체 대학원 설립 등 연구몰입환경 및 대학원 교육 혁신을 지원하여 산업계 부족한 인공지능반도체 석박사 인재 양성 교육지원 직무교육
전남,46000,20250618005400111010,ICT 석박사 인재의 핵심 기술 관련 R&D 역량강화,교육지원,차세대통신·AI·ICT융합 등 ICT 유망기술 분야 석·박사급 인재를 양성하여 ICT 산업기술 경쟁력을 제고하고 국가 혁신성장과 미래 일자리 창출을 견인,"ICT유망기술 분야 첨단 연구 프로젝트 지원, 6대 전략기술 분야 대학원 운영, 지역기업과 연계한 인재양성 활용·협력체계 구축 등 지원",교육,미래역량강화,"일자리, 직무교육",일자리,20250501 ~ 20250531,프로그램형 계속사업,0세~0세 / 연령제한:Y 0043001 0 0 0011009 0013010 0049008 0055003,0세~0세 / 연령제한:Y,0043001 0 0,,,정보통신산업정책관,정보통신기획평가원,,,,2025-05-18 10:28:56,2025-06-25 16:23:15,4,온통청년_OPEN_API_getPlcy,전남,ICT 석박사 인재의 핵심 기술 관련 R D 역량강화 차세대통신 AI ICT융합 등 ICT 유망기술 분야 석 박사급 인재를 양성하여 ICT 산업기술 경쟁력을 제고하고 국가 혁신성장과 미래 일자리 창출을 견인 교육지원 일자리
전남,46000,20250618005400111002,차세대 보안 리더,교육지원,"디지털 전환에 따라 중요성이 높아진 정보보호 분야를 선도하는 고급 인력을 집중 양성하고, 전문화된 교육‧훈련을 통해 산업 및 안보 등 각 분야에서 차세대 보안리더로 활약할 수 있도록 지원","ㅇ (사업 대상) 고등학생, 대학(원)생, 비재직자 - (연령 기준) 만 15세 이상 - (소득 기준) 소득 무관 - (기타 조건) 학생여부 무관, 취약계층 무관, 취‧창업 무관 ㅇ (사업 내용) 정보보호 전문가 멘토 중심의 도제식 교육 및 프로젝트 실시(9개월) - 취약점분석‧디지털포렌식‧보안컨설팅‧보안제품개발 등 트랙별 전문 교육 - 교육생(팀당 5명), 멘토(팀당 2명)가 팀을 이루어 보안문제를 해결하는 팀 프로젝트 형식의 실습 교육과정 운영",교육,미래역량강화,"일자리, 직무교육, 창업지원, 복지",일자리,20250430 ~ 20250527,20250701 ~ 20260331,"15세~99세 / 연령제한:N 0043001 0 0 - 교육기간(`25.7월∼`26.3월)중 재직자*, 취업 확정자, 군복무(산업기 능요원 포함) 중인자 * BoB 협약기관에 재직한 경우에는 지원 가능- 차세대보안리더 교육과정 제적 및 중도탈락자 - 교육기간(`25.7월∼`26.3월)중 정부에서 추진하는 취·창업 지원 프 로그램 등에 참여 중이거나, 참여 예정인 자 - 차세대보안리더 교육과정 수료생 0011009 0013003 0049010 0055003",15세~99세 / 연령제한:N,0043001 0 0,"신청기간 내, BoB 홈페이지 온라인지원 접수 * BoB 홈페이지(www.kitribob.kr) 접속 - BoB 알림 - 교육생 지원 - 지원서 작성",- 지원서 - 자기소개서 - 학습계획서 - 개인정보 수집이용 동의서 - 추천서 (선택사항),과학기술정보통신부,한국정보기술연구원,https://www.kitribob.kr/,,,2025-05-18 09:33:43,2025-06-25 16:31:25,4,온통청년_OPEN_API_getPlcy,전남,차세대 보안 리더 디지털 전환에 따라 중요성이 높아진 정보보호 분야를 선도하는 고급 인력을 집중 양성하고 전문화된 교육 훈련을 통해 산업 및 안보 등 각 분야에서 차세대 보안리더로 활약할 수 있도록 지원 교육지원 일자리
전남,46000,20250618005400110998,신진작가 화랑전속계약 활동 지원,보조금,신진작가와 전속계약을 맺은 화랑 등 단체 지원,"전속작가 시장진입 지원비 및 홍보 마케팅비 지원, 작가 네트워킹 프로그램 진행 및 우수 전속작가 기획전시 운영 등",복지문화,예술인지원,"직무교육, 복지",직무교육,20250101 ~ 20250228,매년,"0세~39세 / 연령제한:N 0043001 0 0 - 민간단체 지원기준 1. [업태: 소매업/ 종목: 화랑(갤러리), 미술품(예술품), 미술관]으로 사업자 등록을 한 단체 2. 사업장 소재지에 전용 전시공간을 운영하는 단체 3. 최근 2년간 ('23~'24) 단체 전용 전시공간에서 연 1회 이상 전시를 개최한 단체 - 전속작가 지원기준 : 화랑 등과 전속계약을 맺은 39세 이하의 대한민국 국적작가 (단, 국/공립 미술관 전시(단체전 포함) 혹은 레지던시(국내외) 이력이 있는 작가의 경우 공고일 기준 49세까지 지원 가능 0011009 0013010 0049010 0055003",0세~39세 / 연령제한:N,0043001 0 0,,,문화체육관광부,문화체육관광부,,,,2025-05-18 08:14:57,2025-06-25 16:34:54,4,온통청년_OPEN_API_getPlcy,전남,신진작가 화랑전속계약 활동 지원 신진작가와 전속계약을 맺은 화랑 등 단체 지원 보조금 직무교육
전남,46000,20250617005400110997,1인 광고콘텐츠 창작자 지원,교육지원,청년 대상 광고콘텐츠 제작교육 등,1인 광고콘텐츠 창작자 양성 교육과정 운영,복지문화,예술인지원,"직무교육, 복지",직무교육,20250701 ~ 20250731,매년,"0세~0세 / 연령제한:Y 0043001 0 0 0011009 0013003,0013006 0049010 0055003",0세~0세 / 연령제한:Y,0043001 0 0,,,문화체육관광부,문화체육관광부,,,,2025-05-17 21:54:00,2025-06-25 16:35:51,4,온통청년_OPEN_API_getPlcy,전남,1인 광고콘텐츠 창작자 지원 청년 대상 광고콘텐츠 제작교육 등 교육지원 직무교육
전남,46000,20250617005400110958,가상융합기술 아카데미(메타버스 아카데미),교육지원,만 39세 이하 청년 대상 프로젝트 중심의 실무 맞춤형 교육을 지원하여 가상 융합산업 현장에 즉시 투입 가능한 개발자·창작자 양성 및 취·창업 지원,"o 생성형 AI 연계 XR(Unreal/Unity), AI, 백엔드, TA 5개 전공 및 공통교육, 프로젝트 협업 등 기술 융합을 통한 개발자·창작자로서의 역량 강화 - (정규과정 운영 및 융합프로젝트) 수준별 전공 교육 및 융합 과정을 통해 중·고급 이상의 가상융합서비스 개발자·창작자 교육 제공 - (가상융합서비스 개발자 경진대회 연계) 프로젝트 결과물을 ’경진대회‘에 출품, 교육생 객관적 평가 및 지속적인 기업 멘토링·평가 체계 마련 - (후속지원) 경진대회 우수팀·우수교육생의 인턴십 참여 기회 제공, 창업컨설팅 지원, 수료생 대상 개발 공간 무상 사용 지원 등",일자리,취업,"일자리, 직무교육, 창업지원, 참여 프로그램",일자리,20250123 ~ 20250224,20250101 ~ 20251231,18세~39세 / 연령제한:N 0043001 0 0 0011009 0013003 0049010 0055003,18세~39세 / 연령제한:N,0043001 0 0,온라인 신청 접수,,과학기술정보통신부,한국전파진흥협회,http://mtvs.kr,http://mtvs.kr,http://rapa.or.kr,2025-05-17 16:04:25,2025-06-26 09:49:54,4,온통청년_OPEN_API_getPlcy,전남,가상융합기술 아카데미 메타버스 아카데미 만 39세 이하 청년 대상 프로젝트 중심의 실무 맞춤형 교육을 지원하여 가상 융합산업 현장에 즉시 투입 가능한 개발자 창작자 양성 및 취 창업 지원 교육지원 일자리
전남,46000,20250517005400210844,2025 부산 스텝업 댄스페스티벌,교육지원,부산 청년문화 축제 개최,"-행사기간 : ’25. 5. 16.(금) ~ 5. 18.(일) 3일간 ※ 3~5월 사전행사 추진 -행사장소 : 해운대 영화의전당 등 부산시일원 -참여대상 : 청년 및 청년예술가, 일반시민 등 -주최주관 : 부산광역시·(사)청년문화진흥협회 -사 업 비 : 500백만원 -주요내용 : 단체 및 개인 댄스 경연, 스텝업콘서트, 댄스클래스 등 부대행사, 랜덤플레이댄스 외 사전행사 등",복지문화,예술인지원,"직무교육, 복지, 참여 프로그램",직무교육,20250516 ~ 20250518,20250516 ~ 20250518,0세~0세 / 연령제한:Y 0043001 0 0 0011009 0013010 0049010 0055003,0세~0세 / 연령제한:Y,0043001 0 0,,,부산광역시,부산광역시 청년산학국,,https://young.busan.go.kr/index.nm?menuCd=236,,2025-05-17 15:10:08,2025-06-26 14:50:21,4,온통청년_OPEN_API_getPlcy,전남,2025 부산 스텝업 댄스페스티벌 부산 청년문화 축제 개최 교육지원 직무교육
전남,46000,20250616005400110940,취업후상환학자금_생활비,대출,"학자금 지원 8구간 이하 학부생(만35세 이하) 및 학자금 지원 4구간 이하 대학원생(만40세 이하)에게 학자금(생활비)을 대출해주고, 취업 등 소득이 발생한 시점부터 소득수준에 따라 원리금을 상환하는 제도 *9구간 중 긴급생계곤란자는 지원 가능","교육부 또는 재단과 협약을 체결한 국내 고등교육기관 학부생, 전문기술석사 및 대학원생(학점은행제 교육기관, 외국대학 제외)이 학기 중 필요한 숙식비, 교재비, 교통비 등을 위해 학기당 200만원('25년 2학기 기준)까지 대출 가능하며, 취업 등 소득이 발생한 시점부터 소득수준에 따라 원리금을 상환하는 제도※ 자립준비청년(보호아동 포함) 학부생의 경우, 의무상환 개시 전까지 취업 후 생활비대출 무이자 (단, 생활비대출 실행 시점에 취업 후 상환 학자금대출 잔액을 보유한 자 중 과거 의무상환 개시 이력이 있는 자는 무이자 대상에서 제외)",교육,교육비지원,"일자리, 직무교육, 복지",일자리,20250702 ~ 20251118,20250702 ~ 20251118,"1세~40세 / 연령제한:N 0043003 0 0 학자금 지원구간 8구간 이하(긴급생계곤란자는 9구간 이하) 신용요건 제한없음(금융채무불이행자, 저신용자 가능) 0011009 0013010 0049005,0049008 0055003",1세~40세 / 연령제한:N,0043003 0 0 학자금 지원구간 8구간 이하(긴급생계곤란자는 9구간 이하),한국장학재단 누리집 및 모바일 앱에서 신청 1. 대출준비 : 학자금대출 신청을 위해 본인 명의의 전자서명수단 발급 2. 대출신청 : 일반/취업후/농촌 학자금대출 신청서 작성 3. 금융교육 : 학자금대출 신청 시 온라인 금융교육 이수(필수) 4. 신청완료 : 학부생 및 학자금지원구간 산정에 동의한 대학원생의 경우 학자금 지원구간 확인을 위해 가구원 정보제공 동의 필요 5. 서류제출 : 학자금 지원구간 파악을 위한 가족정보 관련 서류 제출(필요 시 제출) 6. 대출승인 : 대출심사 결과 확인 및 심사요건미달자 특별승인 7. 대출실행 : 전자서명을 통해 등록금/생활비 대출금 개별 지급실행,○ 개인(신용)정보 수집·이용·제공 및 조회 동의서 ○ 학자금 지원 소득·재산 확인 정보제공 동의,평생직업교육정책관,한국장학재단,https://www.kosaf.go.kr/ko/tuition.do?pg=tuition04_01_01&ttab1=2,https://www.kosaf.go.kr/ko/tuition.do?pg=tuition04_01_01,https://www.kosaf.go.kr,2025-05-16 16:22:01,2025-06-26 10:31:08,4,온통청년_OPEN_API_getPlcy,전남,취업후상환학자금 생활비 학자금 지원 8구간 이하 학부생 만35세 이하 및 학자금 지원 4구간 이하 대학원생 만40세 이하 에게 학자금 생활비 을 대출해주고 취업 등 소득이 발생한 시점부터 소득수준에 따라 원리금을 상환하는 제도 9구간 중 긴급생계곤란자는 지원 가능 대출 일자리
전남,46000,20250616005400110939,취업후상환학자금_등록금,대출,"학자금 지원 9구간 이하 학부생(만35세 이하) 및 학자금 지원 4구간 이하 대학원생(만40세 이하)에게학자금(등록금)을 대출해주고, 취업 등 소득이 발생한 시점부터 소득수준에 따라 원리금을 상환하는 제도","교육부 또는 재단과 협약을 체결한 국내 고등교육기관 학부생, 전문기술석사 및 대학원생(학점은행제 교육기관, 외국대학 제외)에게 대출 심사요건을 충족할 경우, 변동금리 연 1.7%('25년 1학기 기준) 대출금리로 대출금액 총 한도 내 등록금 대출 지원※ 소득금액이 상환기준소득금액 이하일 경우 원리금 상환 유예, 초과 시 의무상환 개시",교육,교육비지원,"일자리, 직무교육",일자리,20250702 ~ 20251023,20250702 ~ 20251023,1세~39세 / 연령제한:N 0043003 0 0 학자금 지원구간 9구간 이하 0011009 0013010 0049005 0055003,1세~39세 / 연령제한:N,0043003 0 0 학자금 지원구간 9구간 이하,한국장학재단 누리집 및 모바일 앱에서 신청 1. 대출준비 : 학자금대출 신청을 위해 본인 명의의 전자서명수단 발급 2. 대출신청 : 일반/취업후/농촌 학자금대출 신청서 작성 3. 금융교육 : 학자금대출 신청 시 온라인 금융교육 이수(필수) 4. 신청완료 : 학부생 및 학자금지원구간 산정에 동의한 대학원생의 경우 학자금 지원구간 확인을 위해 가구원 정보제공 동의 필요 5. 서류제출 : 학자금 지원구간 파악을 위한 가족정보 관련 서류 제출(필요 시 제출) 6. 대출승인 : 대출심사 결과 확인 및 심사요건미달자 특별승인 7. 대출실행 : 전자서명을 통해 등록금/생활비 대출금 개별 지급실행,자세한 내용은 한국장학재단 홈페이지 참조,평생직업교육정책관,한국장학재단,https://www.kosaf.go.kr/ko/tuition.do?pg=tuition04_01_01&ttab1=2,https://www.kosaf.go.kr/ko/tuition.do?pg=tuition04_01_01,https://www.kosaf.go.kr,2025-05-16 16:08:36,2025-06-26 10:31:37,4,온통청년_OPEN_API_getPlcy,전남,취업후상환학자금 등록금 학자금 지원 9구간 이하 학부생 만35세 이하 및 학자금 지원 4구간 이하 대학원생 만40세 이하 에게학자금 등록금 을 대출해주고 취업 등 소득이 발생한 시점부터 소득수준에 따라 원리금을 상환하는 제도 대출 일자리
전남,46000,20250516005400210831,전남청년 문화복지카드,보조금,도내 거주하는 청년의 문화생활 향유 및 자기계발을 지원,"공연관람, 학원수강, 도서구입 등을 위한 문화복지비 연 25만원 지원 ○ 지원금액 : 1인당 연 25만원 지원 ○ 사용처 : 문화·공연 관람, 학원수강, 도서구입 등 전남 도내에서 사용 - 문화활동 및 자기계발을 위한 업종에서만 사용 가능, 그 외 업종은 사용 제한 - 온라인 및 광주광역시 등 타 시도 사용 불가 ○ 사용기간 : 카드발급일 ~ 연말까지 * 현금 교환 및 기한 내 미사용 시 이월 불가 ○ 사용방법 : 사용처에 한하여 사용기간 동안 카드 금액 소진 시까지 이용",복지문화,문화활동,복지,복지,20250304 ~ 20250630,20250304 ~ 20251231,"18세~27세 / 연령제한:N 0043001 0 0 도내 2년*이상 거주 청년 ① (거주) 2023. 3. 4. 이전부터 도내에 주소를 두고 계속 거주(2년 이상) ② (연령) 1997~2006년도 출생자 ※ ①,② 조건 모두 충족해야 하며, 소득기준 없음 ① 복지포인트(카드)를 지급받는 공공기관 근무자 - 공무원, 교사, 청원경찰, 공무직, 기간제 근로자 등 ② 학교 밖 청소년 교육수당을 당해연도 1회 이상 지급받았거나, 지급받을 자 - 학교 밖 청소년 등록 후 센터 내 프로그램 월 6회 이상 참여자(19~24세, 월 20만원 지원) ③ 전라남도 여성농업인 바우처 대상자(여성농업인 문화복지생활 지원, 연 20만원) ④ 문화누리카드 지원대상자(6세 이상 기초생활수급자 및 차상위계층 문화예술 지원, 연 14만원) 0011009 0013010 0049010 0055003",18세~27세 / 연령제한:N,0043001 0 0,"□ 방문신청 : 신청자 주민등록상 주소지 관할 시·군 읍·면·동 주민센터 평일 근무시간(09:00~18:00) 방문 * 본인 방문이 어려운 경우 가족(부모, 배우자, 형제)에 한하여 대리 접수가능하며 위임장 제출 □ 온라인신청 : 시 거주자는 광주은행 누리집, 군 거주자는 농협카드 누리집 * 카드 신청기간에만 카드 신청 팝업창이 활성화되며, 본인인증 절차로 인해 본인만 신청 가능","① 신청서 1부 ② 개인정보동의서 1부 ③ 주민등록초본 1부 ④ 건강보험자격득실확인서 1부 ※ 행정정보 공동이용 동의시 ③, ④ 제출 생략",전라남도,전라남도,,https://www.jeonnam.go.kr/J0203/boardView.do?seq=22560&infoReturn=&menuId=jeonnam0203000000&displayHeader=&searchType=0&searchText=%EB%B3%B5%EC%A7%80%EC%B9%B4%EB%93%9C&searchStDate=&searchEnDate=&pageIndex=1&boardId=J0203&displayHeader=,,2025-05-16 13:47:46,2025-05-16 14:10:02,4,온통청년_OPEN_API_getPlcy,전남,전남청년 문화복지카드 도내 거주하는 청년의 문화생활 향유 및 자기계발을 지원 보조금 복지
전남,46000,20250515005400210819,경남에서 한 달 여행하기,보조금,경남에서 생활하며 여행하는 장기체류 여행 프로젝트로 경남관광 홍보 및 지역경제 활성화 도모,"경남 내 해당 시군에 체류하며 개별 자유여행 진행, 지역문화관광지원 체험 후 참가자 SNS를 통한 홍보 □ 지원내용 : 숙박비 1일당 7만원(팀당), 체험비 1인당 7~10만원, 보험료 지원 □ 체류기간 : 5~30일(참가자 선택) *4박 이상 29박 이하",복지문화,문화활동,복지,복지,,20250501 ~ 20251231,19세~999세 / 연령제한:N 0043001 0 0 경상남도외 거주자(만19세 이상) 0011009 0013010 0049010 0055003,19세~999세 / 연령제한:N,0043001 0 0,"□ 신청기간 : 시군별 공고(해당시군 홈페이지 공지사항 참고) ○ 산청군 : 2025. 4. 28. ~ 6. 30. 기간 내 수시접수 ※ 1차 모집인원이 조기에 선정될 경우, 6월 30일 이전에 마감 □ 신청방법 : 이메일, 우편발송, 경남 바로서비스 등 시군별 문의 □ 지원절차 ○ 참가신청 : 참가자 ▶ 시군(운영단체) ○ 선정 결과통보, 여행정보 제공 : 시군(운영단체) ▶ 참가자 ○ 숙박예약 : 참가자 ○ 한달 여행하기 참가 : 참가자 ○ 홍보결과, 영수증 제출 : 참가자 ▶ 시군(운영단체) ○ 구비서류 확인, 참가비 지원 : 시군(운영단체) ▶ 참가자","참가신청서, 개인정보 동의서, 서약서, 주민등록초본",경상남도,경상남도,,https://tour.gyeongnam.go.kr/index.gyeong?menuCd=DOM_000009413001001000,,2025-05-15 10:31:58,2026-01-01 00:00:00,4,온통청년_OPEN_API_getPlcy,전남,경남에서 한 달 여행하기 경남에서 생활하며 여행하는 장기체류 여행 프로젝트로 경남관광 홍보 및 지역경제 활성화 도모 보조금 복지
전남,46000,20250514005400110813,유엔참전국 교류캠프,해외진출,유엔참전용사 후손 및 유엔참전국 우수 인재 간 교류캠프를 통해 대한민국에 대한 국제사회의 지지를 강화하고 참전으로 맺어진 연대를 미래세대로 계승,"□ 캠프 일정 : 2025. 6. 6.(금) ~ 6. 12.(목) □ 캠프 장소 : 서울, 평택, 부산 등 □ 활동 내용 ○ 전쟁기념관, 비무장지대(DMZ) 등 견학, 부산 유엔평화기념관 체험 등 ○ 팀 미션 활동을 수행(사전·사후, 캠프 기간 내) 우수팀을 선박하여 시상 □ 지원 내역 ○ 캠프 기간 내 체제비(숙박 및 식사·이동비용 등) 일체 ○ 캠프 수료 후 국가보훈부 장관 명의 수료증 발행 ○ 국내 참가자 중 우수학생은 2025년 국외 유엔참전국 교류캠프('25년 10월, 뉴질랜드 예정) 참여 우선 혜택 부여",참여권리,청년국제교류,참여 프로그램,참여 프로그램,20250507 ~ 20250521,20250606 ~ 20250612,0세~0세 / 연령제한:Y 0043001 0 0 □ 국내 소재 대학(원)에 재학 중인 대한민국 국적 청년 또는 유엔참전국 국적 청년 □ 영어 의사소통 가능자(캠프 전 과정 영어 진행) □ 문화 차이를 존중하고 타 문화권 사람들과 적극적으로 어울리며 팀워크를 보유한 학생 □ (우선선발) 6·25참전유공자 후손 0011009 0013010 0049005 0055003,0세~0세 / 연령제한:Y,0043001 0 0,□ 메일접수 : photowndeo@nate.com,① 참가신청서 1부(붙임 2) ② 대학교 또는 대학원 재학증명서 1부 ③ 우대사항 증빙 서류 *해당하는 자에 한함 - (대한민국 대학생) 가족관계증명서 및 6·25참전유공자 확인원 등 6·25참전유공자 후손임을 입증할 수 있는 서류 - (유엔참전국 출신 유학생) 가족관계증명서 및 병적증명서 등 유엔참전용사 후손임을 입증할 수 있는 서류,국가보훈부,국가보훈부,,https://www.mpva.go.kr/mpva/selectBbsNttView.do?key=76&bbsNo=15&nttNo=264662,,2025-05-14 14:19:11,2025-05-14 14:27:42,4,온통청년_OPEN_API_getPlcy,전남,유엔참전국 교류캠프 유엔참전용사 후손 및 유엔참전국 우수 인재 간 교류캠프를 통해 대한민국에 대한 국제사회의 지지를 강화하고 참전으로 맺어진 연대를 미래세대로 계승 해외진출 참여 프로그램
전남,46000,20250514005400110812,청년내일저축계좌,금리혜택,일하는 저소득층 청년들이 안정적으로 자산을 형성해 나갈 수 있도록 지원하는 청년자산형성 지원사업,"□ 지원금액 ○ 차상위 초과 : 월 10만원(정액지원) ○ 차상위 이하 : 월 30만원(정액지원) □ 만기(3년) 수급액(본인저축금 360만원 가정) ○ 차상위 초과 : 720만원 + 이자 ○ 차상위 이하 : 1,440만원 + 이자 □ 맞춤형 금융교육 서비스 제공 : 기초 자산교육 및 1:1 금융상담 서비스 제공",복지문화,취약계층 및 금융지원,"직무교육, 복지",직무교육,20250502 ~ 20250521,상시,"15세~39세 / 연령제한:N 0043003 0 0 중위소득 50% ~ 100% 이하 □ 차상위 초과 ○ 가구소득 : 기준 중위소득 50% ~ 100% 이하 ○ 연령 : 만 19세 ~ 34세 이하 ○ 근로소득 : 월 50만원 초과 ~ 250만원 이하 □ 차상위 이하 ○ 가구소득 : 기준 중위소득 50% 이하 ○ 연령 : 만 15세 ~ 39세 이하 ○ 근로소득 : 월 10만원 이상 0011009 0013001,0013005 0049010 0055003",15세~39세 / 연령제한:N,0043003 0 0 중위소득 50% ~ 100% 이하,□ 온라인 : 복지로(www.bokjiro.go.kr) □ 오프라인 : 읍면동 행정복지센터 ※ 주소지가 아니더라도 동일 시군구 내 모든 행정복지센터 접수 가능 ※ 가구원 등 대리접수 가능,"□ 필수서류 ○ 공통 - 사회복지서비스 및 급여 제공(변경) 신청서 - 자산형성지원사업 참여(변경) 신청서(저축동의서 포함) - 청년내일저축계좌 자가진단표 - 개인정보 수집·이용·제공 동의서 - 금융정보 등 제공동의서 - 소득·자산신고서 - 가족관계증명서 - 신청인의 신분을 확인할 수 있는 서류(주민등록증, 운전면허증 등) ※ 대리신청시 위임장, 대리신청인·신청인의 신분을 확인할 수 있는 서류 ○ 소득증빙 [근로소득자] (상시근로) - 재직증명서 (일용근로) - 고용보험 일용근로내역서 또는 고용임금확인서 ※ 고용임금확인서 등 제출불가 시 근로활동 및 소득신고서 대체 가능 - 급여이체 내역서 또는 급여이체통장 입금내역 [사업소득자] (기타사업소득) - 사업자등록증 또는 위수탁계약서(계약서 명칭 불문) - 소득금액증명원 또는 사업소득원천징수영수증 ※ 기타 사업소득(도매업, 소매업, 제조업, 기타 사업에서 얻는 소득)은 국세청에 신고한 접수증(신고금액 포함) 제출 가능 (농림축산업) - 근로활동 및 소득신고서 - 농업경영체 확인서, 농업인확인서, 가축사육업 허가증·등록증 등 사업자등록증을 대체할만한 입증서류 - 쌀(밭)직불금 확인서 등 (어업소득) - 근로활동 및 소득신고서 - 어업경영체 확인서, 어업인확인서 - 수협의 어가별 위판기록 - 어촌계 자료 등의 어종별 출하량 등 거래 관련 증빙 서류 □ 해당자만 제출 ○ 재산조사 - 전·월세 또는 사업자 운영 : 임대차계약서 ○ 부채관련 - 법원판결문, 화해·조정조서 - 임대차계약서(임대보증금 확인) ○ 가구특성 - 장애인/장애인부양 : 장애인증명서 - 법정 한부모 : 한부모증명서 - 북한이탈주민 : 북한이탈주민등록확인서 - 조손, 다문화, 3자녀 이상 가구(신청자 자녀 기준), 18세 미만 아동부양 가구주, 65세 이상 노인부양 가구주 : 등본 ○ 저축지속가능성 : 최근 3년간 경제 활동기간(근로일수)을 확인할 수 있는 서류 - 경력증명서 - 고용임금확인서 - 고용보험 일용근로내역서 - 근로활동 및 소득신고서 + 급여이체 내역서",보건복지부,보건복지부,https://www.bokjiro.go.kr/ssis-tbu/twataa/wlfareInfo/moveTWAT52011M.do?wlfareInfoId=WLF00000060&wlfareInfoReldBztpCd=01,https://hope.welfareinfo.or.kr/ntcn/prmtDetail.do,,2025-05-14 13:25:48,2025-05-14 14:04:34,4,온통청년_OPEN_API_getPlcy,전남,청년내일저축계좌 일하는 저소득층 청년들이 안정적으로 자산을 형성해 나갈 수 있도록 지원하는 청년자산형성 지원사업 금리혜택 직무교육
전남,46000,20250514005400110811,청년 주택드림 디딤돌 대출,대출,청년의 주거사다리 지원을 위해 청년 주택드림 통장으로 청약 당첨 시 주택구입자금을 대출,"□ 대출금리 : 2.4% ~ 4.15% □ 대출한도 : 다음 중 작은 금액으로 산정 - 미혼 3억원, 신혼 4억원 이내(LTV 70%, 생애최초 주택구입자는 LTV 80%, DTI 60% 이내) - 분양가격 이내로 하되, 대출총액은 (본건 내집마련 디딤돌 대출 + 국민주택건설자금 + 중도금대출 + 기금대출)은 매매가격 초과 불가 - 대출금액 = [(담보주택 평가액 × LTV) – 선순위채권 – 임대보증금 및 최우선변제소액임차보증금] □ 대출기간 : 10년, 15년, 20년, 30년(연소득 4천만원 이하는 만기 40년 이용 가능)(거치 1년 또는 비거치)",주거,전월세 및 주거급여 지원,"주거지원, 복지",주거지원,,상시,"0세~39세 / 연령제한:N 0043002 0 7000 대출 대상주택*을 구입하고자 하는 자로서 아래의 요건을 모두 충족하는 자 * 대상주택 : 주거 전용면적이 85㎡(수도권을 제외한 도시지역이 아닌 읍 또는 면 지역 100㎡) 이하 주택으로, 대출 접수일 현재 담보주택의 평가액이 6억원 이하인 주택 □ 청년 주택드림 통장 청약 당첨자 입주자모집공고일 이전 보유한 청년 주택드림 통장으로 청약 당첨(당첨시 만39세 이하)되어 분양계약을 체결하고, 아래 조건을 모두 충족하여 청년 주택드림 통장과 연계하여 디딤돌 대출을 신청하는 자 (상속, 증여, 재산분할로 주택을 취득하는 경우 불가) 가. 청년 주택드림 통장 가입일(전환일)로부터 대출접수일까지 1년 이상 가입 나. 대출접수일 기준 1천만원 이상 납입 (단, 월 납입실적은 최대 100만원까지만 인정하며, 담보목적물(해당주택)의 계약금 납입 목적으로 1회에 한하여 청년 주택드림 통장 납입금액을 인출한 경우에는 대출접수일 기준 1천만원 이상 잔고가 확인되어야 함) (1) 후분양 등의 사유로 월 100만원 납입만으로는 1천만원 이상 납입요건 충족이 어려운 경우 부족분만큼 대출 신청 전 일시납하는 금액 인정 (2) 종합저축에서 청년 주택드림 통장으로 전환가입한 경우 기존 통장의 잔고는 최대 500만원까지 인정(단, 청년우대형 종합저축에서 청년 주택드림 통장으로 전환된 경우 기존 잔고 모두 인정) (3) 청년도약계좌, 청년희망적금, 군장병 내일적금 등 만기 일시납액을 청년 주택드림 통장으로 예치한 경우 최대 500만원까지 인정 (4) 이 기준에서 달리 정하고 있지 않은 사항에 대해서는 별도로 정한 지침에 따름 □ 세대주 : 대출접수일 현재 민법상 성년인 세대주 □ 무주택 : 세대주를 포함한 세대원 전원이 무주택인 자 - 분양권 및 조합원 입주권도 주택 보유로 간주 □ 중복대출 금지 : 주택도시기금대출 및 은행재원 주택담보대출 미이용자 등 - (주택도시기금대출) 성년인 세대원 전원이 기금 대출을 이용 중이면 대출 불가 단, 기금의 전세자금 대출을 받은 경우에는 실행일 당일 상환조건부로 대출 가능 - (주택담보대출) 차주 및 배우자(결혼예정 또는 분리된 배우자 포함)가 다른 목적물로 주택담보(중도금)대출을 이용 중이면 대출 불가 □ 소득 : 미혼인 경우 연간 총소득 7천만원, 신혼가구인 경우 대출신청인과 배우자의 합산 총소득이 연간 1억원 이하인 자 □ 자산 : 대출신청인 및 배우자의 합산 순자산 가액이 통계청에서 발표하는 최근년도 가계금융복지조사의 ‘소득 5분위별 자산 및 부채현황’ 중 소득 4분위 전체가구 평균값 이하(십만원 단위에서 반올림)인 자→2025년도 기준 4.88억원 □ 신용도 : 아래 요건을 모두 충족하는 자 - 신용정보회사의 개인신용평가가 일정점수 이상인 경우 - 신청인이 한국신용정보원 “신용정보관리규약”에서 정하는 아래의 신용정보 및 해제 정보가 남아있는 경우 대출 불가능 1) 연체, 대위변제·대지급, 부도, 관련인 정보 2) 금융질서문란정보, 공공기록정보, 특수기록정보 3) 신용회복지원등록정보 - 그 외, 부부에 대하여 대출취급기관 내규로 대출을 제한하고 있는 경우에는 대출 불가능 0011009 0013010 0049010 0055003",0세~39세 / 연령제한:N,0043002 0 7000,"□ 신청시기 : 소유권이전등기를 하기 전에 신청. 단, 소유권이전등기를 한 경우에는 이전등기 접수일로부터 3개월 이내까지 신청 □ 신청방법 ○ 온라인 신청 : 기금e든든 홈페이지(https://enhuf.molit.go.kr) - 이용 가능 은행 : 우리, 신한, 국민, 농협, 하나은행 ○ 은행 방문 신청 : 기금 수탁은행인 우리, 신한, 국민, 농협, 하나은행에서 가능 - 이용 가능 지점은 은행 상황에 따라 다를 수 있습니다.","□ 본인 확인 서류 : 주민등록증, 운전면허증, 여권 중 택1 □ 대상자확인 : 주민등록등본(1개월 이내 발급분) 가. 배우자 분리세대 : 가족관계증명원(1개월 이내 발급분) 나. 배우자 외국인, 재외국민 또는 외국국적동포 : 외국인등록증 또는 국내거소신고사실증명 다. 결혼예정자 : 예식장계약서 또는 청첩장 □ 재직 및 사업영위 확인 : 건강보험자격득실 확인서 가. 재직시 : 필요시 사업자등록증이 첨부된 재직증명서 나. 사업영위시 : 사업자등록증 상기와 같은 방법으로 확인이 불가능한 경우에는 경력증명서, 위촉증명서, 고용계약서 등 이와 유사한 형태의 계약서 등 □ 소득확인 : 소득구분별 아래의 서류 가. 근로소득(아래 서류 중 택1) - 세무서(홈텍스)발급 소득금액증명원 또는 ISA 가입용 소득확인증명서 - 연말정산용 원천징수영수증(원천징수부 등 포함) - 급여내역이 포함된 증명서(재직회사가 확인날인한 급여명세표, 임금대장, 갑근세 원천징수 확인서, 일용근로소득지급명세서) 나. 사업소득(아래 서류 중 택1) - 세무서(홈텍스)발급 소득금액증명원 또는 ISA 가입용 소득확인증명서 - 사업소득 원천징수영수증(연말정산용) - 세무사가 확인한 전년도 과세표준확정신고 및 납부 계산서 다. 연금소득 : 연금수급권자확인서 등 기타 연금수령을 확인할 수 있는 지급기관 증명서 (연금수령액이 표기되지 않은 경우 연금수령 통장) 라. 기타소득 : 세무서(홈텍스)발급 소득금액증명원 마. 무소득 : 신고사실없음 사실증명원 바. 소득 추정 시 : 최근 2개년도 건강보험/국민연금 납부확인서 □ 주택 관련 서류 가. 분양계약서, 인감증명서 나. 등기권리증(소유권 이전 후 대출 취급 시) 다. 청약당첨사실확인서 라. 청약통장 거래내역서 등 청년 주택드림 디딤돌 대출 청약요건 확인 가능서류 마. 아파트 등기사항전부증명서(이전등기 전의 경우 생략 가능) 바. 임대차 있는 경우 : 임대차계약서 기타 심사 시 필요한 서류 추가 징구 가능",국토교통부,국토교통부,https://enhuf.molit.go.kr,https://nhuf.molit.go.kr/FP/FP05/FP0503/FP05030901.jsp,,2025-05-14 10:11:58,2026-01-01 00:00:00,4,온통청년_OPEN_API_getPlcy,전남,청년 주택드림 디딤돌 대출 청년의 주거사다리 지원을 위해 청년 주택드림 통장으로 청약 당첨 시 주택구입자금을 대출 대출 주거지원
전남,46000,20250613005400110927,복권기금 꿈사다리 장학사업,교육지원,"복권기금을 재원으로 저소득층 우수 초중고생을 발굴, 대학까지 연계 지원하는 국가 장학제도를 통해 교육의 희망하다리 기능 강화","매월 학업장려비 지급 및 별도 교육 프로그램 지원 * 학업장려비: 초 15만원, 중 25만원, 고 35만원, 대 45만원 상당의 카드 포인트 지급 * 교육프로그램: 교사와 1:1 멘토링, 선배 장학생과의 멘토링, 특별활동 지원, 맞춤형 컨설팅, 복권기금 꿈사다리 페스티벌",교육,교육비지원,"직무교육, 참여 프로그램",직무교육,20250407 ~ 20250430,20250101 ~ 20251231,10세~24세 / 연령제한:N 0043003 0 0 기초생활수급자 · 법정 차상위계층 · 한부모가족 지원대상자 0011009 0013010 0049010 0055003,10세~24세 / 연령제한:N,0043003 0 0 기초생활수급자 · 법정 차상위계층 · 한부모가족 지원대상자,학교별로 한국장학재단 사이트를 통해 학생 추천,,교육부,한국장학재단,https://www.youthcenter.go.kr/myPage,,,2025-05-13 16:54:26,2025-06-26 10:42:39,4,온통청년_OPEN_API_getPlcy,전남,복권기금 꿈사다리 장학사업 복권기금을 재원으로 저소득층 우수 초중고생을 발굴 대학까지 연계 지원하는 국가 장학제도를 통해 교육의 희망하다리 기능 강화 교육지원 직무교육
전남,46000,20250613005400110926,신산업 분야 직업계고 학과개편 지원,교육지원,신산업 분야 학과 개편 등을 지원하여 직업계고 경쟁력 제고,"신산업 전략에 맞춰 신산업, 신기술 분야 중심 학과의 교육 과정 개편과 시설, 설비 구축 및 산업계 컨설팅 등 지원",교육,미래역량강화,직무교육,직무교육,20250301 ~ 20250430,20250225 ~ 20251231,16세~18세 / 연령제한:N 0043001 0 0 단위 학교별 신청 0011009 0013010 0049002 0055003,16세~18세 / 연령제한:N,0043001 0 0,,,교육부,한국직업능력연구원,,,,2025-05-13 13:42:23,2025-06-26 10:49:49,4,온통청년_OPEN_API_getPlcy,전남,신산업 분야 직업계고 학과개편 지원 신산업 분야 학과 개편 등을 지원하여 직업계고 경쟁력 제고 교육지원 직무교육
전남,46000,20250613005400110924,직업교육 혁신지구 조성,교육지원,지자체-교육청 간 직업교육 플랫폼을 통해 직업계고-지역기업-대학이 참여하는 고졸 인재 성장 경로 구축 지원,"직업교육 혁신지구 지원센터를 구축하고, 지역전략 특화산업 분야 교육과정 - 취업 - 후학습 관련 프로그램 개발 운영",교육,미래역량강화,"일자리, 직무교육, 참여 프로그램",일자리,20241216 ~ 20250130,20250301 ~ 20260228,16세~18세 / 연령제한:N 0043001 0 0 단위 학교별 신청 0011009 0013010 0049002 0055003,16세~18세 / 연령제한:N,0043001 0 0,,,교육부,한국발명진흥회,,,,2025-05-13 13:25:26,2025-06-26 10:50:43,4,온통청년_OPEN_API_getPlcy,전남,직업교육 혁신지구 조성 지자체 교육청 간 직업교육 플랫폼을 통해 직업계고 지역기업 대학이 참여하는 고졸 인재 성장 경로 구축 지원 교육지원 일자리
전남,46000,20250502005400110773,강원형 공공주택 공급,공공임대주택,"대학생, 사회초년생, 신혼부부 등 청년층 중심의 공공임대주택 공급으로 주거안정을 통한 지역정착 및 출산·육아 환경 조성","대학생, 사회초년생, 신혼부부 등 청년층 공공임대주택 공급",주거,주택 및 거주지,주거지원,주거지원,20250101 ~ 20251231,20250101 ~ 20251231,"18세~39세 / 연령제한:N 0043003 0 0 청년, 신혼부부 중위소득 100~150% 이하 무주택자(세부기준은 '공공주택특별법 시행규칙' 별표 5의2 '통합공공임대주택 입주자 자격' 참조 ) 0011009 0013010 0049010 0055003",18세~39세 / 연령제한:N,"0043003 0 0 청년, 신혼부부 중위소득 100~150% 이하",해당 시군 홈페이지 참고,해당 시군 홈페이지 참고,국토교통부,강원특별자치도,,,,2025-05-02 11:22:57,2025-06-26 15:12:20,4,온통청년_OPEN_API_getPlcy,전남,강원형 공공주택 공급 대학생 사회초년생 신혼부부 등 청년층 중심의 공공임대주택 공급으로 주거안정을 통한 지역정착 및 출산 육아 환경 조성 공공임대주택 주거지원
전남,46000,20250430005400210732,지역주도형 청년일자리 사업(상생기반대응형),보조금,"인구감소지역에서 창업에 어려움을 겪는 청년의 신규 창업 및 성장을 지원, 서울외 지역에 창업 초기(지역내 창업7년이내) 청년의 후반 성장·정착을 지원하여 지속가능한 지역청년 일자리 토대를 마련","- 소멸위기지역 대응 청년창업 지원: 창업비(연 15백만원, 2년), 청년채용시 인건비(연 24백만원, 1년) 등 - 창업청년 일자리플러스 지원: 창업비(연 15백만원, 1년), 청년채용시 인건비(연 24백만원, 1년) 등",일자리,취업,"일자리, 창업지원",일자리,20250101 ~ 20251231,20250101 ~ 20251231,18세~39세 / 연령제한:N 0043001 0 0 0011009 0013010 0049010 0055003,18세~39세 / 연령제한:N,0043001 0 0,시군 홈페이지 참고,시군 홈페이지 참고,행정안전부,강원특별자치도,,,,2025-04-30 11:13:27,2025-06-26 13:42:08,4,온통청년_OPEN_API_getPlcy,전남,지역주도형 청년일자리 사업 상생기반대응형 인구감소지역에서 창업에 어려움을 겪는 청년의 신규 창업 및 성장을 지원 서울외 지역에 창업 초기 지역내 창업7년이내 청년의 후반 성장 정착을 지원하여 지속가능한 지역청년 일자리 토대를 마련 보조금 일자리
전남,46000,20250430005400210731,지역주도형 청년일자리 사업(지역혁신형),보조금,지역경제와 청년이 함께 혁신·성장할 수 있도록 지역특화 일자리와 임금을 지원,"- 정규직 인건비 연 24백만원(2년), 인센티브 10백만원(1년) - 직무역량강화 교육 및 자기개발비 등 연 3백만원 이내 기타지원",일자리,취업,"일자리, 직무교육",일자리,20250101 ~ 20251231,20250101 ~ 20251231,18세~39세 / 연령제한:N 0043001 0 0 0011009 0013003 0049010 0055003,18세~39세 / 연령제한:N,0043001 0 0,시군 홈페이지 참고,시군 홈페이지 참고,행정안전부,강원특별자치도,,,,2025-04-30 11:07:32,2025-06-26 13:40:07,4,온통청년_OPEN_API_getPlcy,전남,지역주도형 청년일자리 사업 지역혁신형 지역경제와 청년이 함께 혁신 성장할 수 있도록 지역특화 일자리와 임금을 지원 보조금 일자리
전남,46000,20250428005400210725,2025년 청년간호사 근속장려금 지원,보조금,대도시 선호 및 잦은 이직으로 만성적 간호인력 부족상태가 지속되는 공공의료기관 초임간호사 대상 근속장려금 인센티브를 제공하여 지원동기 부여와 장기재직을 유도,"- 3년 만기 적립 : 월 70만원(도 30, 의료원 30, 본인 10) * 12개월 = 840만원 적립(3년 만기 2,520만원) - 5년 만기 적립 : 월 90만원(도 40, 의료원 40, 본인 10) * 12개월 = 1,080만원 적립(3년 만기 5,400만원)",일자리,재직자,"일자리, 복지",일자리,20250101 ~ 20251231,20250101 ~ 20251231,0세~0세 / 연령제한:Y 0043001 0 0 0011009 0013001 0049010 0055003,0세~0세 / 연령제한:Y,0043001 0 0,"(사업주체) 4개 의료원(강릉, 속초, 삼척, 영월) (추진절차) 참여신청서 및 동의서 제출(신규간호사 -> 의료원), 근속장려금 적립 및 지급(의료원->신규간호사)",각 의료원 사업계획서 참고,강원특별자치도,강원특별자치도,,,,2025-04-28 10:03:15,2025-04-28 13:26:09,4,온통청년_OPEN_API_getPlcy,전남,2025년 청년간호사 근속장려금 지원 대도시 선호 및 잦은 이직으로 만성적 간호인력 부족상태가 지속되는 공공의료기관 초임간호사 대상 근속장려금 인센티브를 제공하여 지원동기 부여와 장기재직을 유도 보조금 일자리
전남,46000,20250522005400210874,대학생 동아리 사회기여활동 지원,보조금,ㅇ 사회적 관계 회복을 위한 자발적인 연대와 협력 경험을 할 수 있도록 대학생 동아리 지원을 통해 사회 구성원으로의 성장 도움과 기회 제공,"ㅇ (사업 근거) - 「서울시 청년 기본 조례」 제10조 제7항 - 「서울시 청년 기본 조례」 제23조 ㅇ (추진 경과) - 청년정책 자문그룹 신규 정책 제안 : ’24. 8. - 동아리 사회기여활동 지원사업 추진 관련 검토: ’24. 8. ~ 9. ※ 동아리 지원사업 지원 대상 범위, 금액, 방법, 추진체계 등 ㅇ (사업 기간) 2025. 1.~12. ㅇ (사업 대상) 서울 소재 대학교 소속 동아리(최대 200개) ㅇ (사업 내용) - 서울 소재 53개 대학별 자체 심사를 거친 동아리를 대학 입학정원 규모에 따라 10~20개 이내 추천, 선정된 대학에 보조금 지급 ㅇ (사업비) 530백만원 (시비 100%)",참여권리,청년참여,참여 프로그램,참여 프로그램,20250301 ~ 20250331,20250101 ~ 20251231,0세~0세 / 연령제한:Y 0043001 0 0 서울 소재 대학교 소속 동아리(최대 200개) 0011009 0013010 0049005 0055003,0세~0세 / 연령제한:Y,0043001 0 0,,,청년정책담당관,서울특별시,,,,2025-04-22 16:07:35,2025-06-26 13:31:49,4,온통청년_OPEN_API_getPlcy,전남,대학생 동아리 사회기여활동 지원 사회적 관계 회복을 위한 자발적인 연대와 협력 경험을 할 수 있도록 대학생 동아리 지원을 통해 사회 구성원으로의 성장 도움과 기회 제공 보조금 참여 프로그램
전남,46000,20250522005400210868,청년참여 활성화 및 서울청년참여기구 운영 지원,맞춤형상담서비스,"ㅇ 정책발굴, 예산편성, 모니터링(개선) 등 정책결정과정 전반에 걸쳐 다양한 청년참여 기회 제공 ㅇ 청년자율예산제를 통해 청년당사자의 시각으로 청년문제 해결 모색","ㅇ 사업 근거 - 청년기본법 제5조(청년의 권리와 책임) - 지방재정법 제39조(지방예산 편성 등 예산과정의 주민참여) - 서울특별시 청년 기본 조례 제10조(청년의 참여 확대 등) - 서울특별시 청년참여 활성화 지원 조례 제5조(청년자율예산의 범위) ㅇ 추진 경과 - (’13~’18년) 청년정책 공론장 상설화(청년의회→서울청년시민회의) ▲청년기본조례 제정(’15.1.2.), ▲청년수당, ▲희망두배 청년통장, ▲마음건강지원 등 - (’19.3월) 청년전담부서(現 미래청년기획관) 신설 및 청년자율예산제 도입 - (’20년~현재) 청년자율예산 편성 : 청년월세 지원사업, 고립청년 지원사업, 청년 마음건강 지원사업 등(76개 사업, 703억원) ㅇ 사업 기간 : 2025. 1.~12. ㅇ 사업 대상 : 서울시에서 거주 또는 활동하는 만 19~39세 청년 ㅇ 추진 체계 - (사업 주체) : 서울시 (시비 100%) - (시행 방법) : 시 직접 사업 (사업비 470백만원)",참여권리,청년참여,"주거지원, 복지, 참여 프로그램",주거지원,20250101 ~ 20250131,20250101 ~ 20251231,19세~39세 / 연령제한:N 0043001 0 0 0011009 0013010 0049010 0055003,19세~39세 / 연령제한:N,0043001 0 0,,,청년정책담당관,서울특별시,,,,2025-04-22 15:28:07,2025-06-26 13:49:44,4,온통청년_OPEN_API_getPlcy,전남,청년참여 활성화 및 서울청년참여기구 운영 지원 정책발굴 예산편성 모니터링 개선 등 정책결정과정 전반에 걸쳐 다양한 청년참여 기회 제공 청년자율예산제를 통해 청년당사자의 시각으로 청년문제 해결 모색 맞춤형상담서비스 주거지원
전남,46000,20250507005400210788,도심캠퍼스타운 운영,교육지원,"도심 내 공실, 근대건축물 등을 활용하여 대구권(대구·경산) 대학이 참여하는 통합 공유캠퍼스를 조성하여 교과 및 비교과 강의 운영 * 참여대학 : (대구) 경북대학교, 계명대학교, 계명문화대학교, 대구공업대학교, 대구과학대학교, 대구보건대학교, 수성대학교, 영남이공대학교, 영진전문대학교, (경산) 경일대학교, 대구대학교, 대구가톨릭대학교, 대구한의대학교, 영남대학교, 호산대학교","- 대구 동성로 도심과 연계한 창업 및 체험 위주의 강의 개설 - 강의와 관련된 재료비, 현장실습비 등 지원",교육,미래역량강화,"일자리, 직무교육, 창업지원, 복지, 참여 프로그램",일자리,20250818 ~ 20250829,20250301 ~ 20290228,0세~0세 / 연령제한:Y 0043001 0 0 0011009 0013010 0049005 0055003,0세~0세 / 연령제한:Y,0043001 0 0,사업참여 대학의 수강신청 기간 중 도심캠퍼스 강의 신청,,대구광역시,산학협력단,,,,2025-04-07 11:12:12,2025-06-26 15:07:34,4,온통청년_OPEN_API_getPlcy,전남,도심캠퍼스타운 운영 도심 내 공실 근대건축물 등을 활용하여 대구권 대구 경산 대학이 참여하는 통합 공유캠퍼스를 조성하여 교과 및 비교과 강의 운영 참여대학 대구 경북대학교 계명대학교 계명문화대학교 대구공업대학교 대구과학대학교 대구보건대학교 수성대학교 영남이공대학교 영진전문대학교 경산 경일대학교 대구대학교 대구가톨릭대학교 대구한의대학교 영남대학교 호산대학교 교육지원 일자리
전남,46000,20250403005400210687,전국민 마음투자 지원사업,"바우처,맞춤형상담서비스","우울, 불안 등 정서적 어려움이 있는 국민에게 심리상담 서비스를 제공하고, 정신질환을 조기 발견하여 사전에 예방함","정신건강 위험군에게 심리상담 서비스 바우처를 제공함(나이 및 소득기준 없음) - 서비스 1회당 1급 유형 8만원, 2급 유형 7만원이며 건강보험료에 따라 차등지원함 (본인 부담금 0원~24000원까지) *단, 조현병, 약물/알코올 중독, 급박한 자살위기 등은 정신과 진료 필요하므로 제외",복지문화,건강,복지,복지,,예산소진시 까지,"0세~0세 / 연령제한:Y 0043001 0 0 만 19세 미만인 자는 보호자의 동의 필요함 * 약물, 알콜중독, 중증 정신질환(조현병 등), 심각한 심리적 문제(급박한 자살위기 등)로 정신건강의학과 진료가 우선적으로 필요한 경우 * 청년 마음건강 지원사업('22~'24년), 지역사회서비스 투자사업의 아동청소년 심리지원 서비스, 아동청소년 정서발달 지원 서비스, 정신건강토탈케어 서비스, 성인 심리지원서비스를 받고 있는 경우 0011009 0013010 0049010 0055003",0세~0세 / 연령제한:Y,0043001 0 0,"1. 의뢰서 발급 : 정신건강복지센터, 정신의료기관 등에서 발급 / 자세한 내용은 제출서류에서 확인 2. 신청접수 : 주민등록상 거주지 행정복지센터 또는 온라인(복지로)에서 제출서류 지참 후 신청 가능 * 온라인은 아래의 신청사이트 url참고 * 신청시 서비스 유형 선택 (1급 유형 1회당 8만원, 2급 유형 1회당 7만원 / 유형별로 서비스 제공인력의 자격 및 본인부담금 차이가 발생함) 3. 이용자 선정 및 통지 : 지원기준 해당 여부 확인 후 예산 범위 내에서 선착순으로 지원 * 본인부담금은 건강보험료에따라 상이함 4. 바우처 카드 발급 : 카드사 영업점 방문, 홈페이지 또는 콜센터를 통해 신청하거나, 행정복지센터에서 서비스 신청 시 함께 신청 5. 심리상담 실시 : 이용자가 직접 제공기관을 선택하여 서비스 제공 신청(전화, 인터넷, 방문신청) * 이용자는 본인의 주소지에 상관없이 이용이 편리한 제공기관을 선택하여 서비스를 신청할 수 있음 * 120일간 총 8회, 회당 최소 50분이상 * 바우처 및 본인부담금으로 제공기관에 결제","총 3부의 제출서류가 필요함 1. 사회보장급여(사회서비스이용권 신청(변경)서(서식 제1호) 2. 사회서비스 이용자 준수사항 안내 확인 동의서(서식 제2호) 3. 증빙서류(아래의 서류 중 한 가지 이상 제출) 1) 정신건강복지센터, 대학교상담센터, 청소년상담복지센터, Wee센터(클래스) 등에서 심리상담이 필요하다고 인정하는 자 : 기관에서 발급하는 의뢰서(신청일 기준 3개월 이내) * 사설 심리상담센터는 의뢰서 발급기관에서 제외 2) 정신의료기관 등에서 우울, 불안 등으로 인하여 심리상담이 필요하다고 인정하는 자 : 정신과 의사, 한방신경정신과 한의사가 발급하는 진단서 또는 소견서(신청일 기준 3개월 이내) 3) 국가 건강검진 중 정신건강검사(우울증 선별검사, PHQ-9)결과에서 중간정도 이상의 우울(10점 이상)이 확인된 자 : 신청일 기준 1년 이내에 실시한 일반건강검진 결과 통보서 4) 자립준비청년 및 보호연장아동 - 보호종료된 자립준비 청년 : 보호종료확인서 - 보호연장아동 : 시설재원증명서 또는 가정위탁보호확인서 5) 동네의원 마음건강돌봄 연계 시범사업 통해 의뢰된 자 : 해당사업 지침 별지 제 4호 연계의뢰서 (신청일 기준 3개월 이내)",보건복지부,질병관리과,https://www.bokjiro.go.kr/,https://www.socialservice.or.kr/,https://www.mohw.go.kr/menu.es?mid=a10706040800,2025-04-03 15:54:13,2026-01-01 00:00:00,4,온통청년_OPEN_API_getPlcy,전남,전국민 마음투자 지원사업 우울 불안 등 정서적 어려움이 있는 국민에게 심리상담 서비스를 제공하고 정신질환을 조기 발견하여 사전에 예방함 바우처 맞춤형상담서비스 복지
전남,46000,20250403005400110686,해외조달 전문인력 양성,"교육지원,해외진출,중소기업","청년(학생 및 조달기업 재직자) 대상 해외조달시장에 대한 이론, 실무교육 실시 및 채용 연계","ㅇ 해외조달시장에 대한 보다 전문적인 실무 및 실습 프로그램을 개발, 적용하여 청년 전문인력으로 양성 ㅇ 그간의 수료생들을 해외 조달시장에 대한 전문인력 풀로 활용하고 후속 취업교육을 실시하여 채용 기회를 확대 제공",일자리,취업,"일자리, 직무교육",일자리,,20250301 ~ 20251130,19세~34세 / 연령제한:N 0043001 0 0 대학(원)생 및 취업준비생 0011009 0013010 0049010 0055003,19세~34세 / 연령제한:N,0043001 0 0,,,조달청,조달청,,https://www.pps.go.kr/kor/bbs/view.do?bbsSn=2407150010&key=00634,,2025-04-03 15:14:55,2026-01-01 00:00:00,4,온통청년_OPEN_API_getPlcy,전남,해외조달 전문인력 양성 청년 학생 및 조달기업 재직자 대상 해외조달시장에 대한 이론 실무교육 실시 및 채용 연계 교육지원 해외진출 중소기업 일자리
전남,46000,20250402005400110682,규제과학 인재양성 및 글로벌 협력연구,교육지원,"식의약 규제과학 분야 석박사 (비)학위과정, 취업 연계 프로그램, 현장체험 등 운영 및 글로벌 우수 대학, 연구소 등과의 교류","전일제, 부분제 석박사 학위과정 지원 / 식의약 글로벌 아카데미 등 장단기 현장체험 프로그램 운영 / 취업 연계 설명회 및 취업 소개 플랫폼 운영 / 존스 홉킨스 대학 등 글로벌 우수 대학, 연구소와의 공동연구, 정보교류, 인력 파견 등",교육,미래역량강화,"일자리, 직무교육, 참여 프로그램",일자리,,20210401 ~ 20251231,0세~0세 / 연령제한:Y 0043001 0 0 석박사 학위 과정 신청자의 경우 해당 학교 모집요강 상세 자격요건 확인 0011009 0013010 0049010 0055003,0세~0세 / 연령제한:Y,0043001 0 0,,,기획조정과,식품의약품안전처 식품의약품안전평가원,,https://www.nifds.go.kr/index.do,,2025-04-02 14:49:13,2026-01-01 00:00:00,4,온통청년_OPEN_API_getPlcy,전남,규제과학 인재양성 및 글로벌 협력연구 식의약 규제과학 분야 석박사 비 학위과정 취업 연계 프로그램 현장체험 등 운영 및 글로벌 우수 대학 연구소 등과의 교류 교육지원 일자리
전남,46000,20250502005400110774,청년월세 한시 특별지원,보조금,경제적 어려움을 겪는 저소득 청년층의 주거비 부담 경감을 위해 임대료(월세) 한시적 지원,월 최대 20만원 임대료 지원(최대 24개월),주거,전월세 및 주거급여 지원,주거지원,주거지원,20250101 ~ 20250228,20250301 ~ 20251231,"19세~34세 / 연령제한:N 0043003 0 0 청년 원가구 소득이 기준 중위소득 100% 이하이면서 청년가구 소득이 기준 중위소득 60% 이하 부모님과 별도거주, 무주택 0011009 0013010 0049010 0055003",19세~34세 / 연령제한:N,0043003 0 0 청년 원가구 소득이 기준 중위소득 100% 이하이면서 청년가구 소득이 기준 중위소득 60% 이하,시군 홈페이지 참고,시군 홈페이지 참고,국토교통부,강원특별자치도,,,,2025-04-02 11:28:44,2025-07-16 15:25:16,4,온통청년_OPEN_API_getPlcy,전남,청년월세 한시 특별지원 경제적 어려움을 겪는 저소득 청년층의 주거비 부담 경감을 위해 임대료 월세 한시적 지원 보조금 주거지원
전남,46000,20250331005400110677,산림산업 창업지원_청년 산림창업 마중물 지원,벤처,청년법인 도약 및 사업성공을 위한 청년 산림창업 마중물 지원하여 열악한 청년 창업 여건을 개선하여 산촌 정착 저변 확대,"1. 전문가 멘토링(희망분야) 및 운영사무국이 제공하는 창업성장 관련 교육 2. 시제품 개발, 홍보, 마케팅 등에 소요되는 사업화 예산",일자리,창업,"일자리, 직무교육, 창업지원, 참여 프로그램",일자리,20250328 ~ 20250411,협약 체결일부터~9월말까지,"19세~39세 / 연령제한:N 0043001 0 0 창업 7년 이하의 개인 또는 법인사업자 ○ 과거 부정수급으로 적발되어 약정 해지된 단체(법인, 기업 등) ○ 신청서, 사업화 계획 등 신청에 관한 서류를 허위로 기재한 경우 ○ 금융기관의 계좌개설이 불가능하거나, 본인 명의의 금융자산에 대한 압류가 진행 중인자(시효 소멸자는 제외) ○ 국세 또는 지방세를 체납 중인 자 ○ 동일 사업화 아이디어로 정부부처, 지방자치단체, 공공기관에서 시행하는 창업지원사업에 참여하여 현금성 창업 지원금을 받은 자로, 타 사업과 지원기간(협약기간)이 중복되는 경우 ○ 한국임업진흥원 및 정부지원사업에 참여제한으로 제재중인 개인 및 법인사업자 0011001,0011002,0011003,0011004,0011005,0011006,0011007,0011008 0013010 0049001,0049002,0049003,0049004,0049005,0049006,0049007,0049008,0049009 0055003",19세~39세 / 연령제한:N,0043001 0 0,○ 신청 접수 : 3.28.(금) ~ 4.11.(금) ○ 서류ㆍ발표 평가 : 4월 중 ○ 결과발표 : 5.2.(금) ○ 사업화지원 : 5~9월,"□ 자격조건 가. 업력 : 창업 7년 이하의 개인 또는 법인사업자 * 창업일 기준 : (개인) 사업자등록증 개업연월일, (법인) 법인등기부등본 회사성립연월일 * 신청자격 대상기업 : '18. 3. 29. ~ '25. 3. 28. 기간 중 사업을 개시한 자 나. 산림분야 : 산림자원을 활용한 재화생산ㆍ서비스공급 사업을 영위하는 자 다. 청년 : 대한민국 국적의 19세 이상 39세 이하 인자 * 신청자격 출생기간 : 1985. 3. 29. ~ 2006. 3. 28. 출생자",산림청,한국임업진흥원,www.kofpi.or.kr,,,2025-03-31 17:09:27,2025-04-02 09:46:55,4,온통청년_OPEN_API_getPlcy,전남,산림산업 창업지원 청년 산림창업 마중물 지원 청년법인 도약 및 사업성공을 위한 청년 산림창업 마중물 지원하여 열악한 청년 창업 여건을 개선하여 산촌 정착 저변 확대 벤처 일자리
전남,46000,20250430005400210739,강원특별자치도 관광콘텐츠 스타트업,보조금,스타트업(업력 7년 이하) 및 예비 창업자 대상 맞춤형 관광 콘텐츠 지원을 통한 차별화된 관광 활성화 방안 마련 및 청년 일자리 창출,"사업화 자금(최대 20백만원), 멘토링, 실증프로그램 등",일자리,창업,"일자리, 직무교육, 창업지원, 참여 프로그램",일자리,20250226 ~ 20250326,20250101 ~ 20251231,0세~0세 / 연령제한:Y 0043001 0 0 0011009 0013010 0049010 0055003,0세~0세 / 연령제한:Y,0043001 0 0,운영기관 홈페이지 참고,운영기관 홈페이지 참고,강원특별자치도,강원창조경제혁신센터,https://ccei.creativekorea.or.kr/gangwon/main.do,,,2025-03-30 16:52:17,2025-06-26 15:50:01,4,온통청년_OPEN_API_getPlcy,전남,강원특별자치도 관광콘텐츠 스타트업 스타트업 업력 7년 이하 및 예비 창업자 대상 맞춤형 관광 콘텐츠 지원을 통한 차별화된 관광 활성화 방안 마련 및 청년 일자리 창출 보조금 일자리
전남,46000,20250327005400110657,사회복무요원의 안정적 사회진출 지원,보조금,o 사회복무요원 장병내일준비적금 가입 시 사회복귀준비금 지원 - 연도별 매칭비율에 해당하는 금액을 사회복무요원 복무만료 시 국가가 추가로 지원하는 자산형 지원금,"□ 장병내일준비적금 - 가입혜택 : 은행이자(5%수준)+이자소득 비과세+사회복귀준비금(매칭지원금) - 매칭지원금 혜택 : ‘22.1월 납입금액부터 적금 입금액의 연도별 매칭비율에 해당하는 금액을 만기 해지 시 개인계좌로 입금 * 매칭비율: (’22년) 원리금의 33%, (’23년) 원리금의 71%, (’24년부터~) 입금액의 100%",교육,미래역량강화,"직무교육, 복지",직무교육,,상시,20세~40세 / 연령제한:N 0043001 0 0 □ 특화분야 : 사회복무요원 복무자 □ 장병내일준비적금 - (적금 가입자격) 잔여복무기간이“1개월” 이상 남은 사회복무요원 * (예시) 잔여복무기간1개월: ’25. 1. 2. ~ ’25. 2. 2. - (적금 가입한도) 개인별 최대 월 55만원 * ('22∼'24년) 개인별 최대 월 40만원 0011009 0013010 0049010 0055003,20세~40세 / 연령제한:N,0043001 0 0,"□ 장병내일준비적금 - 취급하는 시중 14개 은행(농협, 신한, 우리, 하나, 기업, 국민, 수협, 아이엠, 부산, 광주, 제주, 전북, 경남, 우체국)에 적금 가입",,병무청,병무청,,,,2025-03-27 10:40:52,2026-01-01 00:00:00,4,온통청년_OPEN_API_getPlcy,전남,사회복무요원의 안정적 사회진출 지원 o 사회복무요원 장병내일준비적금 가입 시 사회복귀준비금 지원 연도별 매칭비율에 해당하는 금액을 사회복무요원 복무만료 시 국가가 추가로 지원하는 자산형 지원금 보조금 직무교육
전남,46000,20250321005400110645,해양경찰청 청년인턴 채용,인턴,"ㅇ 청년의 일경험 기회를 확대하고, 정책과정 경험 및 참여를 통해 청년의 다양한 시각을 반영하기 위한 2025년 해양경찰청 청년인턴 채용","ㅇ 분야별 청년인턴 40명 선발 - 채용분야(선발인원) : 행정홍보·전산통계(36), 외국어(3), 식품영양(1) ㅇ 근무조건 - (신 분) 청년인턴(공무원의 사무를 보조하는, 공무원이 아닌 근로자) - (계약기간) 채용일로부터 3개월 - (근무시간) 주 5일, 40시간 - (후생복지) 건강보험, 고용보험, 산재보험, 국민연금 가입",일자리,취업,"일자리, 복지, 참여 프로그램",일자리,20250320 ~ 20250331,채용일로부터 3개월,19세~34세 / 연령제한:N 0043001 0 0 ㅇ 응시자격 요건 - 대한민국 국적 소지자 - 최종시험(면접시험) 예정일 기준 청년기본법상 청년(19세~34세)의 연령에 해당하는 사람 ㅇ 응시제한 - 2023년 ~ 2024년 중앙행정기관(타부처 포함) 청년인턴 2회 이상 참여자 - 응시자는 응시 제한요건 확인을 위한 고용보험 자격이력 내역서 제출 ※ 기타 응시제한 사유는 모집공고문 참조 0011009 0013010 0049010 0055003,19세~34세 / 연령제한:N,0043001 0 0,ㅇ 응시원서 제출 - (접수기관) 해양경찰청 - (일반전화) 032-835-2416 - ( 이 메 일) hulyzya@korea.kr ※ 제출서류 및 주의사항 등 채용 공고문 참조,ㅇ 채용공고문 참조,해양경찰청,해양경찰청,,https://www.kcg.go.kr/kcg/na/ntt/selectNttInfo.do?nttSn=59846&mi=2797,,2025-03-21 08:10:47,2025-03-25 16:26:46,4,온통청년_OPEN_API_getPlcy,전남,해양경찰청 청년인턴 채용 청년의 일경험 기회를 확대하고 정책과정 경험 및 참여를 통해 청년의 다양한 시각을 반영하기 위한 2025년 해양경찰청 청년인턴 채용 인턴 일자리
전남,46000,20250310005400110607,예비청년 대상 발명교육 지원,교육지원,발명/특허 특성화고 지원,"직업계고 발명/특허 교육지원 학교를 지정하고 발명/지식재산 관련 정규교과목 운영, 산학협동형 교육 등 다양한 지식재산 교육 프로그램 제공",교육,미래역량강화,직무교육,직무교육,,20250101 ~ 20251231,0세~0세 / 연령제한:Y 0043001 0 0 0011009 0013010 0049002 0055003,0세~0세 / 연령제한:Y,0043001 0 0,신청서 접수 교육지원청에서 관내 학교로 안내 공문 발송 관내 학교 일정별 신청 및 접수,,특허청,한국발명진흥회,,https://www.ip-edu.net/home/kor/main.do,,2025-03-10 22:50:50,2026-01-01 00:00:00,4,온통청년_OPEN_API_getPlcy,전남,예비청년 대상 발명교육 지원 발명 특허 특성화고 지원 교육지원 직무교육
전남,46000,20250310005400110606,체계적인 지식재산 인재 및 리더 양성,교육지원,지식재산 전문인력 양성 중점대학 운영 및 산학협동현 캠퍼스특허유니버시아드 운영,"ㅇ 권역별 9개의 지식재산 중점대학을 지정하여 지식재산 교육을 강화하고, 대학특성/지역별 주력산업 등과 연계한 IP융합전공과정 운영(경상대, 전남대, 충북대, 충남대, 경북대, 강원대, 부산대, 전북대, 제주대) ㅇ 발명사업화, 특허전략 수립 2개 부문에 대해 산학협동형 IP실무교육 및 대회 경진대회를 개최하여 기업이 필요로 하는 지식재산 인재 양성","일자리,교육","취업,미래역량강화","일자리, 직무교육, 창업지원",일자리,,20250301 ~ 20251231,0세~0세 / 연령제한:Y 0043001 0 0 0011005 0013010 0049005 0055003,0세~0세 / 연령제한:Y,0043001 0 0,,,특허청,한국발명진흥회,,,,2025-03-10 22:45:39,2026-01-01 00:00:00,4,온통청년_OPEN_API_getPlcy,전남,체계적인 지식재산 인재 및 리더 양성 지식재산 전문인력 양성 중점대학 운영 및 산학협동현 캠퍼스특허유니버시아드 운영 교육지원 일자리
전남,46000,20250310005400110605,지식재산 기반 창업촉진(IP 디딤돌 프로그램),"중소기업,벤처","개인 및 예비창업자를 대상으로 창의적 아이디어를 기술적으로 발전시켜 사업아이템을 도출하고, 이에 대한 지식재산 컨설팅 및 권리화 지원","ㅇ 한국발명진흥회 및 전국 17개소의 지역지식재산센터(RIPC)를 통해, 지역별 예비창업자의 아이디어에 대한 기초상담, 창업아이템으로의 고도화/권리화 지원 ㅇ 우수창업기업 대상 IR 심화컨설팅 실시, 데모데이 개최를 통해 특허 기반 초기창업기업의 사업화 및 투자유치 지원",일자리,창업,"일자리, 직무교육, 창업지원, 복지, 참여 프로그램",일자리,,20250101 ~ 20251231,0세~0세 / 연령제한:Y 0043001 0 0 0011009 0013010 0049010 0055003,0세~0세 / 연령제한:Y,0043001 0 0,소재지 지역별 지식재산센터(☎1661-1900)를 통한 상담 및 신청,기초상담(방문/전화상담) 후 신청서 작성 안내,특허청,한국발명진흥회,,https://www.kipo.go.kr/ko/kpoContentView.do?menuCd=SCD0200313,https://pms.ripc.org/www/,2025-03-10 22:36:54,2026-01-01 00:00:00,4,온통청년_OPEN_API_getPlcy,전남,지식재산 기반 창업촉진 IP 디딤돌 프로그램 개인 및 예비창업자를 대상으로 창의적 아이디어를 기술적으로 발전시켜 사업아이템을 도출하고 이에 대한 지식재산 컨설팅 및 권리화 지원 중소기업 벤처 일자리
전남,46000,20250305005400210595,광주청년정책조정위원회 위촉직 위원 모집,교육지원,민･관･학 다양한 분야의 청년정책관련 전문가가 참여한 청년정책 관련 최고 심의기구로서 광주시 청년정책 비전과 방향 제시,"청년정책 기본계획과 시행계획의 수립 및 변경사항 심의·의결, 청년정책 시행계획의 연도별 추진 실적 점검 및 평가, 회의 참석 수당 지급 등",참여권리,청년참여,"직무교육, 복지, 참여 프로그램",직무교육,20250305 ~ 20250317,20250401 ~ 20270401,0세~0세 / 연령제한:Y 0043001 0 0 - 청년단체에서 활동한 경험이 풍부한 청년 - 청년정책에 관한 전문지식과 경험이 풍부한 사람 市 산하 각종 위원회 중 3개 이상 위원회에 기 참여자는 위촉 불가 0011009 0013010 0049010 0055003,0세~0세 / 연령제한:Y,0043001 0 0,신청방법 : 광주청년통합플랫폼 홈페이지(https://youth.gwangju.go.kr/) 접수 / 상단 지원정책 신청하기 클릭 ☞ 홈페이지 접속 → 회원가입 → 로그인 → 청년참여 → “광주청년정책조정위원회” → 신청하기 클릭 → 신청서 작성(제출서류〔서식1~서식2〕 파일* 업로드),"- 신청서[서식1], 자기소개서 1부[서식2], - 재직･경력증명서 등(해당기관 발행) 신청서 등에 기재한 경력을 증빙할 수 있는 서류 ※ 증빙 서류는 최근 3개월 이내 발급된 것에 한함. ‘개인정보 수집･이용･제공 동의서’는 홈페이지 신청 화면에서 작성",청년정책과,광주광역시,https://youth.gwangju.go.kr/,,,2025-03-05 17:17:04,2025-03-06 09:04:58,4,온통청년_OPEN_API_getPlcy,전남,광주청년정책조정위원회 위촉직 위원 모집 민 관 학 다양한 분야의 청년정책관련 전문가가 참여한 청년정책 관련 최고 심의기구로서 광주시 청년정책 비전과 방향 제시 교육지원 직무교육
전남,46000,20250305005400110592,AI 보안관제 전문인력 양성(5기) 교육,교육지원,사이버보안 분야(보안관제) 취업을 희망하는 청년 구직자 대상 정보보호 기초 및 보안관제 직무 교육(총 200시간) 운영,"학업장려금 지급, 우수 수료생 해외연수, 교육과정 수료생 대상 취업지원(채용형 인턴십 등) 프로그램 제공","일자리,교육","취업,미래역량강화","일자리, 직무교육",일자리,20250220 ~ 20250314,20250317 ~ 20250418,"0세~34세 / 연령제한:N 0043001 0 0 0011001,0011002,0011003,0011004,0011005,0011006,0011007,0011008 0013003 0049004,0049006,0049007,0049008 0055003",0세~34세 / 연령제한:N,0043001 0 0,KISA 아카데미 홈페이지를 통한 참가신청,,과학기술정보통신부,한국인터넷진흥원,https://academy.kisa.or.kr,https://academy.kisa.or.kr/cont/programInfo/eduIntroAI.do,https://academy.kisa.or.kr/edu/apply/applyEduDetail.do?APPLY=03&SQ=9695,2025-03-05 10:22:12,2025-03-05 11:18:37,4,온통청년_OPEN_API_getPlcy,전남,AI 보안관제 전문인력 양성 5기 교육 사이버보안 분야 보안관제 취업을 희망하는 청년 구직자 대상 정보보호 기초 및 보안관제 직무 교육 총 200시간 운영 교육지원 일자리
전남,46000,20250305005400110591,K-Shield 주니어 14기 정규과정,교육지원,사이버보안 분야 입문 및 진출을 희망하는 청년 대상 정보보호 기초 교육(80시간 이상)과 직무 교육(300시간 이상) 운영,"학업장려금 지급, 우수 수료생 해외연수, 교육과정 수료생 대상 취업지원(인턴십 연계 등)","일자리,교육","취업,미래역량강화","일자리, 직무교육",일자리,20250203 ~ 20250308,20250324 ~ 20250625,"0세~34세 / 연령제한:N 0043001 0 0 0011001,0011002,0011003,0011004,0011005,0011006,0011007,0011008 0013003 0049004,0049006,0049007,0049008 0055003",0세~34세 / 연령제한:N,0043001 0 0,KISA 아카데미 홈페이지를 통한 신청,,과학기술정보통신부,한국인터넷진흥원,https://academy.kisa.or.kr,https://academy.kisa.or.kr/cont/programInfo/kShieldJunior.do,https://academy.kisa.or.kr/edu/apply/applyEduDetail.do?APPLY=04&SQ=9708,2025-03-05 10:15:17,2025-03-05 11:18:08,4,온통청년_OPEN_API_getPlcy,전남,K Shield 주니어 14기 정규과정 사이버보안 분야 입문 및 진출을 희망하는 청년 대상 정보보호 기초 교육 80시간 이상 과 직무 교육 300시간 이상 운영 교육지원 일자리
전남,46000,20250304005400210590,지역 중소기업 취업청년 학자금 대출 상환지원,"대출,중소기업",도내 중소기업에 취업한 청년들에게 대학 재학 중 대출받은 학자금 상환액 일부 지원,"1인당 월 최대 100천원, 연 1,200천원 한도",일자리,재직자,일자리,일자리,20250201 ~ 20250331,2025. 2. ~,"18세~45세 / 연령제한:N 0043003 0 0 중위소득 별 배정 중소기업 취업자 군복무자 및 군복무 대체근무자, 국가나 지방자치단체 등으로부터 학자금대출 상환 지원을 받는 자 0011009 0013009 0049010 0055003",18세~45세 / 연령제한:N,0043003 0 0 중위소득 별 배정,,"① 신청서 ② 주민등록등본, 가족관계증명서 ③ 학자금대출 상환 확인서 ④ 중소기업 확인서 ⑤ 중소기업 근무확인서류 ⑥ 통장사본 ⑦ 건강보험료 납부확인서 ⑧ 건강보험 자격확인서 ⑨ 개인정보 수집·이용 및 제공 동의서 등",전라남도,전라남도,,,,2025-03-04 21:11:40,2025-03-05 09:20:03,4,온통청년_OPEN_API_getPlcy,전남,지역 중소기업 취업청년 학자금 대출 상환지원 도내 중소기업에 취업한 청년들에게 대학 재학 중 대출받은 학자금 상환액 일부 지원 대출 중소기업 일자리
전남,46000,20250304005400210589,인재육성 장학금 지원,교육지원,지역사회 발전에 기여할 인재 발굴 및 육성,"분야별 장학금 지급(성적, 지역봉사, 지역정착, 외국인 등)",교육,미래역량강화,"직무교육, 참여 프로그램",직무교육,20250201 ~ 20250331,20250101 ~ 20251231,0세~0세 / 연령제한:Y 0043001 0 0 초등~대학 0011009 0013010 0049009 0055003,0세~0세 / 연령제한:Y,0043001 0 0,전남인재평생교육진흥원 누리집 신청,,전라남도,재단법인전남인재평생교육진흥원,,,,2025-03-04 21:07:32,2025-03-05 09:20:30,4,온통청년_OPEN_API_getPlcy,전남,인재육성 장학금 지원 지역사회 발전에 기여할 인재 발굴 및 육성 교육지원 직무교육
전남,46000,20250304005400210588,전라남도 해외유학생 지원,교육지원,해외 박사 유학비 지원,1인당 최대 1억원(2년 분할),교육,미래역량강화,직무교육,직무교육,20250201 ~ 20250331,2025.2.~,"0세~0세 / 연령제한:Y 0043001 0 0 ○ 도내 소재 초·중·고·대·대학원 중 하나를 졸업한출향도민 ○ 거주, 학업, 어학요건 필요 국비유학생 시험 합격자로 국비 장학금을 받거나 받을 예정인 사람 지원 불가 등 0011009 0013010 0049009 0055003",0세~0세 / 연령제한:Y,0043001 0 0,전남인재평생교육진흥원 누리집 신청,① 신청서 ② 자기소개서 ③ 국외수학 계획서 ④ 대학교(원) 학과장 추천서 ⑤ 주민등록등본 ⑥ 가족관계증명서 ⑦ 건강보험료납부확인서 ⑧ 건강보험료자격확인서 ⑨ 졸업증명서 ⑩ 외국어시험 성적표 ⑪ 병적(전역예정)증명서 ⑫ 사회적 배려 대상자 입증서류 ⑬ 개인정보 수집·이용 및 제공 동의서 등,전라남도,재단법인전남인재평생교육진흥원,,,,2025-03-04 21:04:16,2025-03-05 09:20:59,4,온통청년_OPEN_API_getPlcy,전남,전라남도 해외유학생 지원 해외 박사 유학비 지원 교육지원 직무교육
전남,46000,20250304005400210587,대학생 무한도전 프로젝트(해외),교육지원,"전남의 대학생들이 미래 산업을 이해하고, 국제사회에서 필요한 역량을 배양할 수 있도록 혁신기술 트랜드 역량 강화 지원",팀당 최대 50백만원 활동비 지원,교육,미래역량강화,직무교육,직무교육,20250401 ~ 20250430,20250401 ~ 20260228,"0세~0세 / 연령제한:Y 0043001 0 0 단순 자격증, 취득, 어학 시험, 종교 활동 제외 0011009 0013010 0049005,0049006 0055003",0세~0세 / 연령제한:Y,0043001 0 0,CES팀 → 소속대학 → 전남인재평생교육진흥원 신청,"① 대학공문 ② 사업신청서, 팀 소개서 ③ 활동계획서, 세부 활동계획서, 팀 구성 및 역할, 사업비 편성 ④ 개인정보 수집 및 이용 동의서 ⑤ 구성원 재학증명서, 주민등록 등본 각 1부",전라남도,재단법인전남인재평생교육진흥원,,,,2025-03-04 21:01:37,2025-03-05 09:21:28,4,온통청년_OPEN_API_getPlcy,전남,대학생 무한도전 프로젝트 해외 전남의 대학생들이 미래 산업을 이해하고 국제사회에서 필요한 역량을 배양할 수 있도록 혁신기술 트랜드 역량 강화 지원 교육지원 직무교육
전남,46000,20250304005400210586,연구인재 역량강화 프로젝트,교육지원,"수도권에 비해 다양한 연구경험이 적은 지역 대학원생을 위하여 외부 연구기관과의 공동연구를 지원, 연구역량 강화 기회 제공",연구활동비 지원,교육,미래역량강화,직무교육,직무교육,20250201 ~ 20250331,2~10개월(연구주제 특성에 따라 자율설정),"0세~0세 / 연령제한:Y 0043001 0 0 외부 연구기관과 공동연구에 대해 협의된 자 0011009 0013003 0049008,0049009 0055003",0세~0세 / 연령제한:Y,0043001 0 0,전남인재평생교육진흥원 누리집 신청,"① 참여신청서 ② 추천서 ③ 이행각서 ④ 지원신청서 ⑤ 이력서, 자기소개서 ⑥ 연구활동계획서 등",전라남도,재단법인전남인재평생교육진흥원,,,,2025-03-04 20:58:30,2025-03-05 09:21:58,4,온통청년_OPEN_API_getPlcy,전남,연구인재 역량강화 프로젝트 수도권에 비해 다양한 연구경험이 적은 지역 대학원생을 위하여 외부 연구기관과의 공동연구를 지원 연구역량 강화 기회 제공 교육지원 직무교육
전남,46000,20250304005400210583,대학생 프레젠테이션(스피치) 대회,교육지원,스피치 대회 개최로 미래사회 지도자로 성장하고 싶은 청년들을 응원합니다.,시상금 총 5백만원(대상 200백만원),참여권리,청년참여,"직무교육, 참여 프로그램",직무교육,20250901 ~ 20251031,20250901 ~ 20251231,"0세~0세 / 연령제한:Y 0043001 0 0 0011009 0013010 0049005,0049006,0049009 0055003",0세~0세 / 연령제한:Y,0043001 0 0,,,전라남도,전라남도,http://kdjnpmemorial.or.kr,,,2025-03-04 20:49:36,2025-03-05 09:26:19,4,온통청년_OPEN_API_getPlcy,전남,대학생 프레젠테이션 스피치 대회 스피치 대회 개최로 미래사회 지도자로 성장하고 싶은 청년들을 응원합니다 교육지원 직무교육
전남,46000,20250304005400210578,청춘어람 육성사업,보조금,실무형 섬 실무형 섬 실무형 섬 지역 관광 활성화와 경쟁력 강화에 기여합니다.,"사전답사, 현장활동비 1백만원, 상품개발비 5백만원 지원",일자리,취업,일자리,일자리,20250401 ~ 20250531,20250101 ~ 20251231,18세~45세 / 연령제한:N 0043001 0 0 전남 외 거주 청년이 사업 대상자로 선정 시 1개월 이내 의무 전입 필수 0011009 0013010 0049010 0055003,18세~45세 / 연령제한:N,0043001 0 0,① 신청서류 접수(전라남도 관광재단),① 참가신청서 ② 활동계획서 ③ 서약서 ④ 개인정보 수집‧이용 동의서 ⑤ 발표자료,전라남도,재단법인전라남도관광재단,,,,2025-03-04 20:33:19,2025-03-05 10:00:08,4,온통청년_OPEN_API_getPlcy,전남,청춘어람 육성사업 실무형 섬 실무형 섬 실무형 섬 지역 관광 활성화와 경쟁력 강화에 기여합니다 보조금 일자리
전남,46000,20250228005400110573,청년문화예술패스,바우처,사회에 첫 발을 내딛는 대한민국 19세 청년에게 공연(연극·뮤지컬·클래식·콘서트·음악 페스티벌 등) ·전시 관람비를 지원하여 청년의 문화향유 기회를 제공하고 품격있는 문화시민이자 적극적 문화소비 주체로 성장할 수 있도록 지원하는 사업,"1인당 연 10만원~15만원 공연·전시 관람비 지원 * 10만원(국비) 즉시 지급, 5만원(지방비) 지자체별 사정에 따라 지급 (10만원 지원)대구광역시, 대전광역시, 세종특별자치시, 경기도(성남시, 안산시), 전북특별자치도(전주시) (15만원 지원)그 외 지역 ※ 신청 시점의 주민등록 주소지를 기준으로 지급됩니다. ※ 10만원(국비)은 즉시 지급되며, 5만원(지방비)은 지자체별 예산 확보에 따라 지급됩니다. ※ 지방비가 추후 지급되는 지역의 경우, 해당 협력예매처의 회원계정으로 자동 지급됩니다. (지급 후 대상자 문자메시지 안내)",복지문화,문화활동,복지,복지,20250306 ~ 20250531,20250306 ~ 20251231,19세~19세 / 연령제한:N 0043001 0 0 0011009 0013010 0049010 0055003,19세~19세 / 연령제한:N,0043001 0 0,청년문화예술패스 누리집 회원가입 후 온라인 신청 협력예매처(인터파크 티켓 or YES24 티켓) 회원가입 및 본인인증 진행 ▶ 청년문화예술패스 누리집 회원가입 및 로그인 ▶ 본인인증 및 신청 ▶ 신청자격 검증 및 패스 발급 ▶ 선택한 협력예매처에서 공연·전시 예매 및 관,,문화체육관광부,한국문화예술위원회,https://youthculturepass.or.kr/kr/main.do,https://youthculturepass.or.kr/kr/bbs/view.do?bbsId=B0000011&menuSn=204977&pstSn=148,,2025-02-28 09:59:30,2025-02-28 10:02:38,4,온통청년_OPEN_API_getPlcy,전남,청년문화예술패스 사회에 첫 발을 내딛는 대한민국 19세 청년에게 공연 연극 뮤지컬 클래식 콘서트 음악 페스티벌 등 전시 관람비를 지원하여 청년의 문화향유 기회를 제공하고 품격있는 문화시민이자 적극적 문화소비 주체로 성장할 수 있도록 지원하는 사업 바우처 복지
전남,46000,20250227005400110566,마이스터대 지원,"중소기업,교육지원",고숙련 전문기술인재 양성을 위해 직무 중심 고도화된 교육과정을 운영하는 '마이스터대' 지원,"○ (목적) 고숙련 전문기술인재로의 성장경로를 제시하고 체계적·장기적 역량개발을 지원하는 새로운 고등직업교육모델인 '마이스터대' 지원 ○ (주요 내용) 신산업 분야 등 고숙련 전문기술인재 양성을 위해 직무 중심의 고도화된 교육과정을 운영하는 '마이스터대*' 지원 및 내실화 추진 *직무 중심의 교육과정(단기직무-전문학사-전공심화과정-전문기술석사과정)을 편성하여 운영 ○ (전달체계) 교육부 → 한국연구재단 → 사업 참여 대학 ○ (진행경과 및 추진 실적) - 전문기술석사과정의 설치·운영 근거를 마련하는 「고등교육법」 개정('21.3.) - 마이스터대 1차 시범운영 사업 대학 선정('21.4.) 및 '22학년도 전문기술석사과정 인가('21.12.)를 통한 마이스터대 모델 도입 완료 ※ 선정결과: 총 5개교(단독형 2개교, 컨소시엄형 3개교, 13개 교육과정) - 국정과제 85-6(지금은 지방대학 시대) 선정 - '23학년도 마이스터대 지원사업 운영 대학 선정('23.4., 6개교 7개 과정) - '24학년도 마이스터대 지원사업 운영 대학 선정('24.7., 3개교 3개 과정) - '25학년도 이후 지역혁신중심 대학지원체계(RISE) 내역사업으로 예산 이관",교육,미래역량강화,"직무교육, 참여 프로그램",직무교육,,'21년 ~'26년 2월,0세~0세 / 연령제한:Y 0043001 0 0 - 학사 학위 소지자 및 법령에 따라 이와 같은 수준 이상의 학력이 있다고 인정되는 자 - 관련 분야 재직경력 3년 이상인 자 - 위의 요건 모두 충족 시 입학 가능 0011009 0013010 0049009 0055003,0세~0세 / 연령제한:Y,0043001 0 0,,,교육부,한국연구재단,,,,2025-02-27 09:44:44,2025-03-11 09:07:53,4,온통청년_OPEN_API_getPlcy,전남,마이스터대 지원 고숙련 전문기술인재 양성을 위해 직무 중심 고도화된 교육과정을 운영하는 마이스터대 지원 중소기업 교육지원 직무교육
전남,46000,20250226005400110565,청년주택드림청약통장,금리혜택,무주택 청년의 주택구입과 자산형성을 지원,"□ 이자율: 최대 4.5% □ 소득기준: 연 5,000만원(직전년도 신고소득이 있는 자 기준), 무주택자 □ 납입한도: 월 100만원 □ 납입금액의 40%까지 소득공제 □ 주택청약에 당첨된 경우 청년주택드림 대출 연계 ㅇ 청년주택드림 청약통장 1년 이상 가입 ㅇ 1,000만원 이상 납입 ㅇ 당첨 시 분양가 80%까지 대출 ㅇ 금리 최저 연 2.2%(만기, 소득별 차등) 최장 40년까지 지원(고정금리) ㅇ 6억 이하, 전용면적 85제곱미터 이하 주택 ㅇ 생애주기별 금리 인하: 결혼 0.1%p 인하, 출산: 0.5%p 인하, 다자녀: 0.2%p 인하",주거,주택 및 거주지,"주거지원, 복지",주거지원,,상시,"19세~34세 / 연령제한:N 0043002 0 5000 □ 소득기준: 연 5,000만원(직전년도 신고소득이 있는 자 기준), 무주택자 0011009 0013010 0049010 0055003",19세~34세 / 연령제한:N,0043002 0 5000,,,국토교통부,국토교통부,,https://nhuf.molit.go.kr/FP/FP07/FP0701/FP07010301.jsp,https://www.korea.kr/news/policyNewsView.do?newsId=148926066,2025-02-26 16:53:34,2026-01-01 00:00:00,4,온통청년_OPEN_API_getPlcy,전남,청년주택드림청약통장 무주택 청년의 주택구입과 자산형성을 지원 금리혜택 주거지원
전남,46000,20250221005400110546,창업도약패키지(투자병행형) 창업기업 모집,"중소기업,벤처,보조금",도약기 창업기업의 비즈니스 모델 혁신 및 제품·서비스 고도화 지원,사업화자금과 투자유치 동시 지원,일자리,창업,"일자리, 창업지원",일자리,20250220 ~ 20250313,협약시작일로부터 10개월 내외,0세~0세 / 연령제한:Y 0043001 0 0 0011009 0013006 0049010 0055003,0세~0세 / 연령제한:Y,0043001 0 0,K-Startup 누리집 온라인 신청,,중소벤처기업부,중소벤처기업부,,,,2025-02-21 17:26:59,2025-02-21 17:28:26,4,온통청년_OPEN_API_getPlcy,전남,창업도약패키지 투자병행형 창업기업 모집 도약기 창업기업의 비즈니스 모델 혁신 및 제품 서비스 고도화 지원 중소기업 벤처 보조금 일자리
전남,46000,20250221005400110545,창업도약패키지(대기업협업형) 창업기업 모집,"벤처,보조금,중소기업",도약기 창업기업의 비즈니스 모델 혁신 및 제품·서비스 고도화 지원,사업화자금(최대 2억원) / 대기업 협업 프로그램 등 지원,일자리,창업,"일자리, 직무교육, 창업지원",일자리,20250220 ~ 20250313,협약시작일로부터 10개월 내외,0세~0세 / 연령제한:Y 0043001 0 0 0011009 0013006 0049010 0055003,0세~0세 / 연령제한:Y,0043001 0 0,K-Startup 누리집 온라인 신청,,중소벤처기업부,중소벤처기업부,,,,2025-02-21 17:24:50,2025-02-24 15:25:38,4,온통청년_OPEN_API_getPlcy,전남,창업도약패키지 대기업협업형 창업기업 모집 도약기 창업기업의 비즈니스 모델 혁신 및 제품 서비스 고도화 지원 벤처 보조금 중소기업 일자리
전남,46000,20250221005400110544,창업도약패키지(일반형) 창업기업 모집,"중소기업,보조금,벤처",도약기 창업기업의 비즈니스 모델 혁신 및 제품·서비스 고도화 지원,"사업화자금(최대3억원) / 투자유치, 글로벌시장 진출 등 창업프로그램 지원",일자리,창업,"일자리, 직무교육, 창업지원",일자리,20250220 ~ 20250313,협약시작일로부터 10개월 이내,0세~0세 / 연령제한:Y 0043001 0 0 0011009 0013006 0049010 0055003,0세~0세 / 연령제한:Y,0043001 0 0,,,중소벤처기업부,중소벤처기업부,,,,2025-02-21 17:21:18,2025-02-24 15:28:37,4,온통청년_OPEN_API_getPlcy,전남,창업도약패키지 일반형 창업기업 모집 도약기 창업기업의 비즈니스 모델 혁신 및 제품 서비스 고도화 지원 중소기업 보조금 벤처 일자리
전남,46000,20250221005400110543,스타트업 해외전시회 참가기업 모집,"보조금,중소기업,벤처",유망 창업기업의 인도 시장 진출 지원과 글로벌 경쟁력 강화 도모를 위한 전시회 참가 지원,"개별 부스 / 글로벌 역량강화 프로그램(전시 마케팅, 시장교육 등) / 현지 투자자, 바이어 발굴 및 홍보 / 항공, 숙박비(기업별 1인, 150만원 한도) / 네트워킹 프로그램 등",일자리,창업,"일자리, 직무교육, 창업지원",일자리,20250218 ~ 20250228,20250221 ~ 20251231,0세~0세 / 연령제한:Y 0043001 0 0 0011009 0013006 0049010 0055003,0세~0세 / 연령제한:Y,0043001 0 0,K-Startup 누리집 온라인 신청,,중소벤처기업부,중소벤처기업부,https://www.k-startup.go.kr/web/contents/bizpbanc-ongoing.do?schM=view&pbancSn=172012&pbancEndYn=N,,,2025-02-21 17:17:59,2025-02-26 09:15:05,4,온통청년_OPEN_API_getPlcy,전남,스타트업 해외전시회 참가기업 모집 유망 창업기업의 인도 시장 진출 지원과 글로벌 경쟁력 강화 도모를 위한 전시회 참가 지원 보조금 중소기업 벤처 일자리
전남,46000,20250221005400110542,초기창업패키지 창업기업 모집,"보조금,중소기업,벤처",창업 후 3년 이내 초기창업기업의 사업 안정화 및 성장 지원,"사업화자금 / 시장진입, 투자유치, 실증 검증 등 창업프로그램 지원",일자리,창업,"일자리, 직무교육, 창업지원",일자리,20250224 ~ 20250311,협약시작일로부터 9개월 이내,0세~0세 / 연령제한:Y 0043001 0 0 0011009 0013006 0049010 0055003,0세~0세 / 연령제한:Y,0043001 0 0,K-Startup 누리집 온라인 신청,,중소벤처기업부,중소벤처기업부,https://www.k-startup.go.kr,,,2025-02-21 17:10:39,2025-02-24 15:31:19,4,온통청년_OPEN_API_getPlcy,전남,초기창업패키지 창업기업 모집 창업 후 3년 이내 초기창업기업의 사업 안정화 및 성장 지원 보조금 중소기업 벤처 일자리
전남,46000,20250221005400110541,재도전성공패키지 IP전략형 (예비) 재창업기업 지원,"보조금,중소기업,벤처","특허, 실용신안, 디자인 중 1건 이상 출원 또는 등록한 폐업이력을 보유한 (예비)재창업자의 성공적인 재창업 지원","사업화자금, 지식재산(IP) 기반 제품·사업화를 위한 문제해결 컨설팅, 재창업 교육 등",일자리,창업,"일자리, 직무교육, 창업지원",일자리,20250219 ~ 20250311,협약시작일로부터 7개월 이내,0세~0세 / 연령제한:Y 0043001 0 0 0011009 0013006 0049010 0055003,0세~0세 / 연령제한:Y,0043001 0 0,K-Startup 누리집 온라인 신청,,중소벤처기업부,중소벤처기업부,,,,2025-02-21 17:07:56,2025-02-24 15:26:50,4,온통청년_OPEN_API_getPlcy,전남,재도전성공패키지 IP전략형 예비 재창업기업 지원 특허 실용신안 디자인 중 1건 이상 출원 또는 등록한 폐업이력을 보유한 예비 재창업자의 성공적인 재창업 지원 보조금 중소기업 벤처 일자리
전남,46000,20250221005400110540,예비창업패키지 창업기업 모집,"보조금,벤처,중소기업",혁신적인 기술과 사업모델을 보유한 예비창업자의 성공적인 창업 지원,"사업화자금 / BM 고도화, MVP 제작, 멘토링 등 주관기관별 창업프로그램 지원",일자리,창업,"일자리, 직무교육, 창업지원, 참여 프로그램",일자리,20250224 ~ 20250312,협약시작일로부터 8개월 이내,0세~0세 / 연령제한:Y 0043001 0 0 0011009 0013006 0049010 0055003,0세~0세 / 연령제한:Y,0043001 0 0,K-Startup 누리집 온라인 신청,,중소벤처기업부,중소벤처기업부,https://www.k-startup.go.kr,,,2025-02-21 17:03:15,2025-02-24 15:32:18,4,온통청년_OPEN_API_getPlcy,전남,예비창업패키지 창업기업 모집 혁신적인 기술과 사업모델을 보유한 예비창업자의 성공적인 창업 지원 보조금 벤처 중소기업 일자리
전남,46000,20250221005400110539,글로벌 기업 협업 프로그램 창업기업 모집,"중소기업,벤처","정부와 글로벌 기업이 협업하여 창업기업의 성장을 지원하고, 글로벌시장 진입 기회 마련","사업화자금, 주관기관 특화 프로그램, 글로벌기업 지원 프로그램 등",일자리,창업,"일자리, 직무교육, 창업지원",일자리,20250207 ~ 20250226,20250401 ~ 20251130,0세~0세 / 연령제한:Y 0043001 0 0 0011009 0013006 0049010 0055003,0세~0세 / 연령제한:Y,0043001 0 0,K-Startup 누리집 온라인 신청,,중소벤처기업부,중소벤처기업부,,,,2025-02-21 16:59:15,2025-02-24 15:28:14,4,온통청년_OPEN_API_getPlcy,전남,글로벌 기업 협업 프로그램 창업기업 모집 정부와 글로벌 기업이 협업하여 창업기업의 성장을 지원하고 글로벌시장 진입 기회 마련 중소기업 벤처 일자리
전남,46000,20250221005400110538,재도전성공패키지 일반형 (예비) 재창업기업 지원,"벤처,중소기업",성실한 실패 경험과 우수한 아이템을 보유한 (예비)재창업자의 성공적인 재창업 지원,"사업화자금, 재창업 교육 및 멘토링 등 사업화 지원과 민관 협업을 통한 투자 연계, 판로개척 등 성장 촉진 지원",일자리,창업,"일자리, 직무교육, 창업지원, 참여 프로그램",일자리,20250214 ~ 20250306,20250307 ~ 20251231,0세~0세 / 연령제한:Y 0043001 0 0 0011009 0013006 0049010 0055003,0세~0세 / 연령제한:Y,0043001 0 0,K-Startup 누리집 온라인 신청,,중소벤처기업부,중소벤처기업부,,,,2025-02-21 16:55:43,2025-02-24 15:25:15,4,온통청년_OPEN_API_getPlcy,전남,재도전성공패키지 일반형 예비 재창업기업 지원 성실한 실패 경험과 우수한 아이템을 보유한 예비 재창업자의 성공적인 재창업 지원 벤처 중소기업 일자리
전남,46000,20250221005400210532,동성로 청년버스킹 활성화 사업,해외진출,- 연중 개최로 청년이 모여드는 지역 대표 거리 공연 거점 조성 - 청년예술인 중심의 대구 대표 공연 공간으로 조성하여 동성로 활력 부여 및 관광 활성화 등 젊음의 거리 상징성 강화로 전국적인 버스킹성지 도약,- 공모를 통한 청년예술인 선발 - 선발된 청년예술인 공연기회 최소 3회 제공(팀 인원수별 참가지원금 차등지원) - 경연 우수 3팀 상금 지급 및 대구시 행사 공연 기회 제공 - 대학동아리팀 우수 3팀 상금 지급,복지문화,예술인지원,"복지, 참여 프로그램",복지,20250310 ~ 20250331,20250301 ~ 20251231,19세~39세 / 연령제한:N 0043001 0 0 0011009 0013010 0049010 0055003,19세~39세 / 연령제한:N,0043001 0 0,추후 업데이트 예정,,대구광역시,대구광역시,,,,2025-02-21 10:37:04,2025-02-24 09:15:21,4,온통청년_OPEN_API_getPlcy,전남,동성로 청년버스킹 활성화 사업 연중 개최로 청년이 모여드는 지역 대표 거리 공연 거점 조성 청년예술인 중심의 대구 대표 공연 공간으로 조성하여 동성로 활력 부여 및 관광 활성화 등 젊음의 거리 상징성 강화로 전국적인 버스킹성지 도약 해외진출 복지
전남,46000,20250218005400210447,광주 인공지능사관학교 운영,교육지원,산업계 수요를 반영한 양질의 맞춤형 교육을 지원하여 기업이 원하는 최적의 AI 실무인재 양성과 AI 기술 기반 취‧창업 활성화 도모,"- 교육과정 : 온라인 교육(선발과정) + 본 교육(핵심 : AI 빌드업, 실전: AI 엑스퍼트, 프로젝트: AI 마스터) + 취‧창업 역량 강화 - 교육내용 : 5개 전공 과정(10개반 운영) ① AI 모델링 • 머신러닝 및 AI 알고리즘 설계/테스트, 서비스 모델 개발 ② AI 기반 서비스 • AI 모델 프로덕션을 위한 인프라 설계, 서비스 개발 및 프로젝트 관리 ③ AI 플랫폼&인프라 • 데이터 구조화, 플랫폼 설계 구축, 운영 및 서비스 인프라 운영 ④ 데이터 기술 • AI 관련 데이터 관리/유지 다양한 분석 데이터 생성 ⑤ AI 비즈니스 개발 • 비즈니스 목표에 부합하는 AI 서비스 기획을 통한 AI 기반 기술 융합 창출","일자리,교육","취업,미래역량강화","일자리, 직무교육, 창업지원",일자리,20250211 ~ 20250430,20250101 ~ 20251231,"18세~39세 / 연령제한:N 0043001 0 0 0011009 0013003,0013006,0013009 0049010 0055003",18세~39세 / 연령제한:N,0043001 0 0,인공지능사관학교 홈페이지(https://gj-aischool.or.kr/) 입교 신청,모집 공고문 참조,AI반도체과,광주광역시,,,,2025-02-18 10:02:32,2025-02-19 09:10:48,4,온통청년_OPEN_API_getPlcy,전남,광주 인공지능사관학교 운영 산업계 수요를 반영한 양질의 맞춤형 교육을 지원하여 기업이 원하는 최적의 AI 실무인재 양성과 AI 기술 기반 취 창업 활성화 도모 교육지원 일자리
전남,46000,20250212005400110439,고교생 맞춤형 고용서비스,맞춤형상담서비스,"대학의 우수 인프라를 활용하여 취업을 희망하는 고교 재학생을 대상으로 진로 설계, 희망직업 포트폴리오 작성 및 취업활동계획 수립 지원, 직업훈련·일경험 연계 등 맞춤형 고용서비스를 제공하여 졸업 후 원활한 노동시장 진입 촉진","직업훈련 전·후로 진로상담 및 취업활동계획 수립, 취업역량 강화 프로그램 등 체계적 고용서비스* 지원 * ①진로 탐색, 심층 상담, 직업 포트폴리오 설계 → ②취업 목표 수립 및 활동계획 수립·관리 → ③일경험·직업훈련 프로그램 참여 지원 → ④모의 면접, 현장 직무 체험, 이력서 클리닉 등 취업역량 강화 지원 → ⑤졸업 후 사후관리(2년)",일자리,취업,"일자리, 직무교육, 복지, 참여 프로그램",일자리,,상시,0세~0세 / 연령제한:Y 0043001 0 0 0011009 0013010 0049010 0055003,0세~0세 / 연령제한:Y,0043001 0 0,참여를 희망하는 학교가 인근 대학일자리플러스센터에 문의 고교생 맞춤형 고용서비스 운영 대학은 고용노동부 홈페이지(https://www.moel.go.kr/policyitrd/policyItrdView.do?policy_itrd_sn=12)에서 확인 가능,,고용노동부,한국고용정보원,https://www.moel.go.kr/policyitrd/policyItrdView.do?policy_itrd_sn=12,,,2025-02-12 11:24:50,2026-01-01 00:00:00,4,온통청년_OPEN_API_getPlcy,전남,고교생 맞춤형 고용서비스 대학의 우수 인프라를 활용하여 취업을 희망하는 고교 재학생을 대상으로 진로 설계 희망직업 포트폴리오 작성 및 취업활동계획 수립 지원 직업훈련 일경험 연계 등 맞춤형 고용서비스를 제공하여 졸업 후 원활한 노동시장 진입 촉진 맞춤형상담서비스 일자리
전남,46000,20250212005400110438,직장적응 지원,교육지원,산업단지 입주기업 등의 CEO‧중간관리자‧인사담당자 대상 청년친화 조직문화 교육‧컨설팅 및 신입직원 대상 직장적응 지원 프로그램(on-borarding)을 제공합니다.,"◦ (청년친화 조직문화 교육‧컨설팅) 청년세대 이해 및 커뮤니케이션 방법, 직장내 괴롭힘 및 갑질 예방, 성과관리 전략 및 성공하는 리더십 프로그램 등 제공 ◦ (직장적응 지원 프로그램) 조직 내 성장방법, 협업 커뮤니케이션 스킬, 메일 작성법, 비즈니스 매너, 상호 교류 프로그램, 퍼스널컬러와 이미지메이킹 프로그램 등 제공 * 운영방식 및 운영 프로그램은 자치단체 및 운영기관별로 상이할 수 있습니다.",일자리,취업,"일자리, 직무교육, 복지, 참여 프로그램",일자리,,상시,15세~34세 / 연령제한:N 0043001 0 0 ㅇ 산업단지 입주기업 외 기업 소속 임직원도 참여 가능합니다(30% 이내) ◦(직장적응 프로그램-온보딩) 산업단지 입주기업 등에 채용 후 1년 이내인 15세 이상~34세 이하 청년 ◦(청년친화 조직문화 교육‧컨설팅) 산업단지 입주기업 등에 재직중인 CEO‧중간관리자‧인사담당자 * 위 기준에 포함되지 않더라도 지자체 조례 등에서 지원의 필요성이 있다고 인정하는 경우에는 자치단체에서 사업 취지에 맞게 합리적으로 기준 조정 가능 0011009 0013010 0049010 0055003,15세~34세 / 연령제한:N,0043001 0 0,운영기관 직접 방문 또는 고용24(www.work24.go.kr)를 통해 신청,,고용노동부,한국고용정보원,https://youth-up.kr/growth,https://www.work24.go.kr/wk/v/a/1000/youngGrowIntro.do,,2025-02-12 11:22:54,2026-01-01 00:00:00,4,온통청년_OPEN_API_getPlcy,전남,직장적응 지원 산업단지 입주기업 등의 CEO 중간관리자 인사담당자 대상 청년친화 조직문화 교육 컨설팅 및 신입직원 대상 직장적응 지원 프로그램 on borarding 을 제공합니다 교육지원 일자리
전남,46000,20250212005400110437,대학일자리플러스센터,맞춤형상담서비스,"학내 취업지원 인프라 구축과 기초 취업지원 프로그램 운영을 위한 운영비·프로그램비를 지원하여, 대학 내 흩어져 있는 청년 취업지원 인프라를 통합하고 청년에게 원스톱 서비스 제공할 수 있는 기반을 마련","전문 컨설턴트에게 진로,취업 상담 가능 교육프로그램, 취업박람회, 취업컨설팅 등에 참여 가능 정부와 지자체에서 제공하는 진로·취업 지원 서비스를 안내 진로취업전담교수 등을 통해 체계적인 진로지도제공 최대 5년간 운영비 및 프로그램 지원, 3회 우수평가 시 1년 연장 * 거점형 : 연 사업비 지원 4억, 거점형 특화프로그램 운영 * 일반형 : 연 사업비 지원 2억",일자리,취업,"일자리, 직무교육, 복지, 참여 프로그램",일자리,,연중,"15세~34세 / 연령제한:N 0043001 0 0 재학생, 졸업생 모두 이용 가능 본인의 학교가 아니더라도 거점형 대학일자리센터에서 서비스 이용이 가능 0011009 0013010 0049010 0055003",15세~34세 / 연령제한:N,0043001 0 0,"1.참여학교 검색 및 상담 예약 - 워크넷 개인회원 로그인 후 원하는 학교, 날짜, 시간을 지정하여 취업 상담예약을 신청 2.학교 취업지원실 방문 - 접수가 완료되면 예약을 지정한 날짜, 시간에 맞춰 우리학교 취업지원실을 방문. 3.취업 및 진로상담 - 나에게 꼭 맞는 전문적인 취업 및 진로상담 진행",,고용노동부,한국고용정보원,https://www.work.go.kr/jobyoung/weSchEmpConsltRoom/weSchEmpConsltRoomSvcInvite.do?p=t1,https://www.work24.go.kr/cm/c/f/1100/selecSystInfo.do?currentPageNo=1&recordCountPerPage=10&systId=SI00000337&systClId=SC00000194,http://www.work.go.kr,2025-02-12 11:19:00,2026-01-01 00:00:00,4,온통청년_OPEN_API_getPlcy,전남,대학일자리플러스센터 학내 취업지원 인프라 구축과 기초 취업지원 프로그램 운영을 위한 운영비 프로그램비를 지원하여 대학 내 흩어져 있는 청년 취업지원 인프라를 통합하고 청년에게 원스톱 서비스 제공할 수 있는 기반을 마련 맞춤형상담서비스 일자리
전남,46000,20250212005400110436,취업희망프로그램,맞춤형상담서비스,"나의 긍정적인 측면을 찾도록 하여 자신감 회복과 인간관계 향상과 취업, 원만한 사회생활 적응 등을 돕는 집단상담 프로그램","□ 4일 동안 총 24시간 운영(1일 6시간) □ 일·직업가치·나의강점·채용트렌드 이해, 대인관계향상 지원, 희망실현 계획서 작성 등 실시",일자리,취업,"일자리, 직무교육, 복지",일자리,,연중,0세~0세 / 연령제한:Y 0043001 0 0 프로그램 참여 중 주어진 과제 또는 활동에 참여하지 않는 경우 참여 제한 가능 0011009 0013010 0049010 0055003,0세~0세 / 연령제한:Y,0043001 0 0,"□ (온라인) 고용24(work24.go.kr)에 로그인 후, """"취업지원 > 취업역량강화"""" 메뉴로 이동하여 구직자취업역량 강화프로그램 클릭, 참여 희망 고용센터 선택 신청 □ (오프라인) 가까운 고용센터를 방문하여 담당자 상담을 통해 희망 프로그램 참가 신청","온라인 신청서 제출 (단, 참가신청 확정 후, 필요한 제출서류가 있을 경우, 별도 안내)",고용노동부,한국고용정보원,https://work24.go.kr/wk/b/a/1120/empSchdInviteCtrList.do,https://work24.go.kr/wk/b/a/1110/retriveIntro.do,,2025-02-12 11:15:51,2026-01-01 00:00:00,4,온통청년_OPEN_API_getPlcy,전남,취업희망프로그램 나의 긍정적인 측면을 찾도록 하여 자신감 회복과 인간관계 향상과 취업 원만한 사회생활 적응 등을 돕는 집단상담 프로그램 맞춤형상담서비스 일자리
전남,46000,20250212005400110435,NCS 기반 능력중심 채용,교육지원,"NCS 기반으로 분석한 직무의 상세 내용 및 직무능력 평가 기준을 바탕으로, 학벌 등 불필요한 스펙(Over-spec)이 아닌, 직무 수행 현장에서 원하는 직업능력, 즉 해당 직무에 맞는 스펙(On-spec)을 갖추었는지 평가하여 직무에 적합한 인재를 선발하는 채용 방식","- (지원내용) 관계부처 합동으로 평등한 기회, 공정한 과정을 위한 블라인드 채용 추진방안(17.7월) 발표, 부문별 가이드라인 제공 및 공공/민간 컨설팅, 정보제공 등 지원 - (전달체계) 지방공기업(행정안전부), 공공기관(고용노동부.기획재정부), 공무원(인사혁신처) 등 역할분담을 통해 추진",일자리,취업,"일자리, 직무교육",일자리,,상시,0세~0세 / 연령제한:Y 0043001 0 0 0011009 0013010 0049010 0055003,0세~0세 / 연령제한:Y,0043001 0 0,,,고용노동부,한국산업인력공단,,https://www.ncs.go.kr/index.do,,2025-02-12 11:11:33,2026-01-01 00:00:00,4,온통청년_OPEN_API_getPlcy,전남,NCS 기반 능력중심 채용 NCS 기반으로 분석한 직무의 상세 내용 및 직무능력 평가 기준을 바탕으로 학벌 등 불필요한 스펙 Over spec 이 아닌 직무 수행 현장에서 원하는 직업능력 즉 해당 직무에 맞는 스펙 On spec 을 갖추었는지 평가하여 직무에 적합한 인재를 선발하는 채용 방식 교육지원 일자리
전남,46000,20250212005400110434,청년일자리 강소기업 선정,중소기업,중소·중견기업에 대한 인식개선 등을 위해 청년고용 및 기업경쟁력이 우수한 '청년일자리 강소기업'을 선정하여 기업정보 제공 및 홍보 등 지원,"□ 청년 지원내용 ○ 청년이 선호하는 근로여건을 갖춘 우수 중소기업 등을 발굴하여 정보를 제공함으로써 구직을 희망하는 청년들에게 양질의 일자리 정보 제공 □ 기업 지원내용 ○ 기업정보 : 워크넷을 통해 기업현황 및 채용정보 제공 ○ 인센티브 : 선정된 기업에는 고용안정장려금, 중소기업 기술혁신개발 등 정부지원사업 선정·선발 시 우대혜택 제공 ※ 일학습병행학습기업 선정, 폭염재난예방 대책설비 지원, 병역지정업체 지정 등",일자리,취업,일자리,일자리,,20250101 ~ 20271231,"0세~0세 / 연령제한:Y 0043001 0 0 □ 국세 또는 지방세 체납 기업 □ 근로기준법 제43조의 2에 따른 체불사업주 명단공개 중인 기업(사업주) □ 공고일 기준 2년 이내 산업안전보건법 제10조에 따른 산업재해 발생건수 등 공표 기업 □ 공고일 기준 2년 이내 근로자가 부당해고 구제를 신청하여 부당해고로 결정 또는 판정 확정된 기업 □ 공고일 기준 2년 이내 직장 내 괴롭힘 또는 성폭력, 성희롱으로 적발되어 처벌 확정 또는 과태료 부과 기업 □ 공고일 기준 2년 이내 「채용절차의 공정화에 관한 법률」 위반 과태료 부과 기업 □ 취업규칙 미신고 기업(취업규칙 신고 대상 기업 해당) □ '신용평가등급'이 BB-미만 기업 □ 상호출자제한기업 집단, 공공기관, 지방공기업 □ 소비향락업, 중소기업인력지원특별법 제외 업종, 고용알선업, 인력공급업 0011009 0013010 0049010 0055003",0세~0세 / 연령제한:Y,0043001 0 0,◦ 매년 고용노동부 누리집(www.moel.go.kr)에 게시하는 공고문에 따라 신청,,고용노동부,한국고용정보원,,https://www.moel.go.kr/news/notice/noticeView.do?bbs_seq=20241201913,,2025-02-12 10:54:45,2026-01-01 00:00:00,4,온통청년_OPEN_API_getPlcy,전남,청년일자리 강소기업 선정 중소 중견기업에 대한 인식개선 등을 위해 청년고용 및 기업경쟁력이 우수한 청년일자리 강소기업 을 선정하여 기업정보 제공 및 홍보 등 지원 중소기업 일자리
전남,46000,20250212005400110433,K-Move 스쿨,해외진출,"청년과 구인기업이 요구하는 어학 및 직무능력, 생활문화 등에 대한 맞춤형 교육(연수)과정 제공 후 해외취업 연계","□ 교육 프로그램 제공 ○ (현지 실무 교육) 어학, 직무, 현장실습 및 기타교육 등 현지 실무 교육 제공 ○ (전문 직무 교육) IT, 경영사무, 의료, 패션, 디자인, 호텔서비스, 조리, 기계설계 등 다양한 직무 교육 □ 프로그램별 지원자 부담 수준 ○ 대학과정: 지원자 부담 없음 ○ 일반과정: 지원자 부담 일부 가능(정부지원금의 10~20% 수준) □ 프로그램별 참여 비용 지원(교육비 등을 포함하여 1인당 최대 1,300만원(연수기관 지급)) ○ 트랙Ⅰ 과정(300시간 이상): 1인당 최대 800만원 지원 ○ 트랙Ⅱ 과정(800시간 이상): 1인당 최대 1,300만원 지원 ○ 패스트트랙 과정(150시간 이하): 1인당 최대 390만원 지원 ○ 新청해진대학 과정(600시간 이상): 1인당 최대 1,000만원 지원",일자리,취업,"일자리, 직무교육, 복지, 참여 프로그램",일자리,,20250101 ~ 20251231,"15세~34세 / 연령제한:N 0043001 0 0 □ 연수생 선발 절차 ○ 연수기관 공개 모집 ○ 연수기관 심사 및 선정 ○ 선정된 연수기관별 연수생 공개 모집 - 최종 확정된 운영 기관의 사업 계획(연수비, 연수 기간, 연수지역, 취업처, 경력 경로 등 근무조건) 공개 후 모집 - 월드잡플러스를 통한 온라인 접수 ○ 접수된 구직자 대상, 서류심사 및 면접 실시 ○ 다만, 선발 과정의 공정성을 위해 필요하면 공단 및 유관기관 담당자 참여 □ 구인업체, 취업 시기, 취업조건에 따라서 단계별 추진 ○ 연수과정 운영기관에서 적격자 선발 및 통보 □ 연수 개시일 기준 최근 1년 이내에 공단의 해외취업 연수과정에 참여한 적이 있는자 ※ 기준일자는 수료일(수료자) 또는 중도탈락일(중도탈락자)부터 기산함 □ 해외취업 연수과정에 2회이상 참여한 자(국가, 직종, 과정, 참여연도 무관) □ 연수 종료 후 취업률 산정 기간 내 졸업 및 해외취업이 불가능한 자 □ 연수 참여(예정)일 기준 고용보험 가입 또는 개인사업자 등록 중인 자(단, 이사장이 필요하다고 인정하는 경우, 일용직 단시간근로자 시간제근로자 군전역예정자등은 예외로 할 수 있음) □ 해외 연수 및 취업을 위한 해외 출입국 및 비자 발급이 불가한 자 □ 참여하는 연수 과정의 취업예정국가에 연수개시일 1년 이내에 8개월 이상 해외체류사실이 있는 자 (단,국내교육구성이연수과정의50%이상인과정, 교환학생프로그램및청해진대학연수생은예외인정) 0011009 0013010 0049010 0055003",15세~34세 / 연령제한:N,0043001 0 0,"□ 월드잡플러스 홈페이지에서 연수과정 검색 후 온라인 신청 (1644-8000) ○ 연수신청(월드잡플러스)-> 서류심사 및 몇접(운영기관)-> 연수생 선발(운영기관)-> 연수실시(운영기관)-> 취업지원-> 사후관리, 출국지원, 현지정착지원, K-Move 멘토",공고 시 별도 안내,고용노동부,한국산업인력공단,https://www.worldjob.or.kr/new_index.do,https://www.worldjob.or.kr/new_index.do,,2025-02-12 10:50:15,2026-01-01 00:00:00,4,온통청년_OPEN_API_getPlcy,전남,K Move 스쿨 청년과 구인기업이 요구하는 어학 및 직무능력 생활문화 등에 대한 맞춤형 교육 연수 과정 제공 후 해외취업 연계 해외진출 일자리
전남,46000,20250212005400110432,조기재취업수당,보조금,"구직급여 수급자격자가 실업의 신고일로부터 14일이 지난 후 재취업한 날의 전날을 기준으로 소정급여일수를 1/2 이상 남기고 재취업한 경우, 12개월 이상 계속 고용되거나 또는 사업을 영위한 경우에 남아 있는 구직급여의 1/2을 조기재취업수당으로 지급하여 구직급여 수급자의 빠른 재취업을 촉진하는 제도","지급기준 - 재취업한 날의 전날을 기준으로 소정급여일수를 1/2 이상 남기고 재취업한 경우, 12개월 이상 계속하여 고용되거나 또는 사업을 영위한 경우에 남아 있는 구직급여의 1/2을 조기재취업수당으로 지급",일자리,취업,"일자리, 복지",일자리,,상시,"0세~0세 / 연령제한:Y 0043001 0 0 지급요건: 아래 요건 모두 충족 1) 재취업한 날의 전날을 기준으로 고용보험법 제50조에 따른 소정급여일수를 2분의 1이상 남긴 상태여야 함 2) 12개월 이상 계속하여 고용된(또는 사업을 영위한) 경우 - 사업주가 변경되더라도 기간의 단절 없이 계속 고용되어 12개월 이상 근무한 경우이어야 함 * (건설)일용근로자로 재취업한 경우에도 재취업한 날부터 매달 10일 이상 일용근로한 달이 12개월 이상이어야 함 3. 지급 제외 요건 - 최후 이직한 사업의 사업주에게 재고용된 경우 - 최후 이직한 사업의 사업주와 관련된 사업주로서 최종 이직 당시의 사업주와 합병·분할되거나 그 사업을 넘겨받은 사업주에게 재고용된 경우 - 실업 신고일 이전 채용을 약속한 사업주에게 고용된 경우 - 고용노동부 장관이 고시한 임금액 이상인 직장에 취직한 경우(‘25년 고시 월 임금액: 5,740,000원) - 국가공무원법 및 지방공무원법에 따른 공무원으로 임용된 경우(단, 별정직 또는 임기제 공무원 제외 자영업자, 예술인, 노무제공자로 수급자격 인정받은 수급자는 조기재취업수당 적용 제외 0011009 0013010 0049010 0055003",0세~0세 / 연령제한:Y,0043001 0 0,재취업한 날 또는 사업을 시작한 날부터 12개월이 경과한 이후 관할 고용센터(구직급여를 지급받았던 고용센터)에 조기재취업수당 청구서 및 관련 증빙서류 제출(사후지급),"- 조기재취업수당 청구서 - (근로자) 수급자격증, 재직증명서 또는 근로계약서 등 12개월 이상 고용되었음을 증명하는 서류 - (자영업자) 수급자격증, 사업설명서, 사무실 임대차계약서, 사업자등록증, 12개월간 매출증빙내역 등 사업을 개시 또는 영위하였음을 증명하는 서류 - 기타 사실관계를 입증할 근거자료 등",고용노동부,한국고용정보원,https://www.work24.go.kr,https://www.work24.go.kr,https://www.work24.go.kr,2025-02-12 10:45:08,2026-01-01 00:00:00,4,온통청년_OPEN_API_getPlcy,전남,조기재취업수당 구직급여 수급자격자가 실업의 신고일로부터 14일이 지난 후 재취업한 날의 전날을 기준으로 소정급여일수를 1 2 이상 남기고 재취업한 경우 12개월 이상 계속 고용되거나 또는 사업을 영위한 경우에 남아 있는 구직급여의 1 2을 조기재취업수당으로 지급하여 구직급여 수급자의 빠른 재취업을 촉진하는 제도 보조금 일자리
전남,46000,20250212005400110427,취업특강,장기미취업청년,"고용시장에 대해 이해하고 구직에 필요한 근로기준법, 일자리정보 수집방법, 이력서/자기소개서 작성방법 및 면접요령 등을 빠르게 알 수 있도록 지원하는 강의식 프로그램(과정별 2시간)","□ 공통 지원 ○ 청년에게 필요한 교육프로그램으로 이력서/자기소개서 작성, 면접, 일자리정보 수집 등 구직기술 향상 지원 □ 특강 주요내용 ○ 고용24와 함께하는 취업예감: 고용24 소개 및 접속방법, 구직신청 및 일자리정보 탐색 방법, 나의 이해를 위한 고용24 활용법, 고용정책 소개 등 ○ 청년층을 위한 취업특강: 변화된 인재상 및 채용트렌드 이해, 기업 및 일자리정보 수집방법, 청년층을 위한 취업준비 지원제도 등 ○ 취업을 위한 자기이해 정보수집하기: 직업심리검사, 경험/경력 분석, 주변 평가 등 다양한 방법으로 탐색한 정보를 종합하여 나를 이해할 수 있는 방법 소개 ○ 사회초년생을 위한 구직서류 작성법: 설득력있는 구직서류 요건 및 이력서/자기소개서 작성 방법 이해 ○ 취업에 성공하는 면접요령(사회초년생): 핵심적인 면접기술 이해 및 주요 면접질문에 대한 답변 작성 실습 등 ○ 근로기준법 : 근로기준법 이해, 임금과 근로시간, 근로계약의 종료와 해고, 건전한 일터 조성 등",일자리,취업,"일자리, 직무교육, 복지",일자리,,연중,0세~0세 / 연령제한:Y 0043001 0 0 프로그램 참여 중 주어진 과제 또는 활동에 참여하지 않는 경우 참여 제한 가능 0011009 0013010 0049010 0055003,0세~0세 / 연령제한:Y,0043001 0 0,"□ (온라인) 고용24(work24.go.kr)에 로그인 후, """"취업지원 > 취업역량강화"""" 메뉴로 이동하여 구직자취업역량 강화프로그램 클릭, 참여 희망 고용센터 선택 신청 □ (오프라인) 가까운 고용센터를 방문하여 담당자 상담을 통해 희망 프로그램 참가 신청","온라인 신청서 제출 (단, 참가신청 확정 후, 필요한 제출서류가 있을 경우, 별도 안내)",고용노동부,한국고용정보원,https://work24.go.kr/wk/b/a/1120/empSchdInviteCtrList.do,https://work24.go.kr/wk/b/a/1110/retriveIntro.do,,2025-02-12 10:34:44,2026-01-01 00:00:00,4,온통청년_OPEN_API_getPlcy,전남,취업특강 고용시장에 대해 이해하고 구직에 필요한 근로기준법 일자리정보 수집방법 이력서 자기소개서 작성방법 및 면접요령 등을 빠르게 알 수 있도록 지원하는 강의식 프로그램 과정별 2시간 장기미취업청년 일자리
전남,46000,20250212005400110426,국가기간·전략산업직종 훈련,바우처,고용센터 상담 결과 훈련 필요성이 인정되는 구직자 등이 국가기간·전략산업직종 훈련에 참여할 수 있도록 훈련비 등 지원,"○지원과정 : 인력수급 상황, 훈련수요 등을 고려하여 선정된 직종으로서 심사를 통해 지원대상으로 공고된 훈련과정 ※ 세부 훈련정보는 고용24(work24.go.kr)에서 직접 검색, 확인 가능 ○훈련비 지원 : 1회에 한해 훈련비전액 지원(국가에서 훈련기관에 바로 지급) ○훈련장려금 지원 : 위기간(1개월)별 소정훈련일수의 80퍼센트 이상 출석한 경우 월 최대 200,000원의 훈련장려금 지원",일자리,취업,"일자리, 직무교육, 복지, 참여 프로그램",일자리,,20250101 ~ 20251231,"15세~75세 / 연령제한:N 0043003 0 0 참여 제한 대상 참고 기타 정보: 국가기간전략산업직종훈련 기간은 3~12개월(350시간 이상)이며, 1회에 한하여 무료 수강 가능 현직 공무원, 사립학교 교직원, 졸업예정자 이외 재학생, 연 매출 4억원 이상의 자영업자, 월 임금 300만원 이상인 대규모기업종사자(45세 미만), 월 소득 500만원 이상의 특수형태근로종사자 등 국민내일배움카드 발급이 불가능한 자는 제외 0011009 0013009 0049009 0055003",15세~75세 / 연령제한:N,0043003 0 0 참여 제한 대상 참고,사업공고 -> 사업신청 및 적정성 심사 -> 훈련과정 인정 -> 계좌발급 신청 -> 훈련상담 및 카드발급 -> 훈련실시 -> 훈련비 및 훈련 장려금 지급 -> 평가 내일배움카드 발급 신청 > 훈련과정 검색 및 신청,"신분증, 훈련상담신청서, 개인정보 수집 이용 동의서, 졸업예정 관련 확인서(예정자만 한함)",고용노동부,한국고용정보원,https://www.work24.go.kr/hr/a/a/1100/trnnCrsInf.do,https://www.work24.go.kr/cm/c/f/1100/selecSystInfo.do?currentPageNo=1&recordCountPerPage=10&systClId=SC00000048&systId=SI00000360,https://www.moel.go.kr/policyitrd/policyItrdView.do?policy_itrd_sn=82,2025-02-12 10:30:19,2026-01-01 00:00:00,4,온통청년_OPEN_API_getPlcy,전남,국가기간 전략산업직종 훈련 고용센터 상담 결과 훈련 필요성이 인정되는 구직자 등이 국가기간 전략산업직종 훈련에 참여할 수 있도록 훈련비 등 지원 바우처 일자리
전남,46000,20250212005400110425,첨단산업·디지털 핵심 실무인재 양성훈련(K-디지털 트레이닝),바우처,"AI, 빅데이터, 반도체 등 첨단산업·디지털 분야에서 핵심적인 역할을 담당할 인재를 양성하기 위해 고용노동부가 지원하는 훈련 과정",훈련비 전액 지원,일자리,취업,"일자리, 직무교육",일자리,,20250101 ~ 20251231,"15세~75세 / 연령제한:N 0043003 0 0 참여 제한 대상 참고 일반과정 또는 단기과정에 최초 참여하는 경우 각각 1회에 한하여 전액 지원 현직 공무원, 사립학교 교직원, 졸업예정자 이외 재학생, 연 매출 4억원 이상의 자영업자, 월 임금 300만원 이상인 대규모기업종사자(45세 미만), 월 소득 500만원 이상의 특수형태근로종사자 등 국민내일배움카드 발급이 불가능한 자는 제외 0011009 0013009 0049009 0055003",15세~75세 / 연령제한:N,0043003 0 0 참여 제한 대상 참고,국민내일배움카드 발급 후 고용센터 방문 또는 고용24 홈페이지(www.work24.go.kr)를 통해 수강신청,,고용노동부,한국고용정보원,https://www.work24.go.kr,https://www.work24.go.kr/cm/c/f/1100/selecSystInfo.do?currentPageNo=1&recordCountPerPage=10&upprSystClId=SC00000031&systClId=SC00000197&systId=SI00000423,https://www.moel.go.kr/policyitrd/policyItrdView.do?policy_itrd_sn=85,2025-02-12 10:25:21,2026-01-01 00:00:00,4,온통청년_OPEN_API_getPlcy,전남,첨단산업 디지털 핵심 실무인재 양성훈련 K 디지털 트레이닝 AI 빅데이터 반도체 등 첨단산업 디지털 분야에서 핵심적인 역할을 담당할 인재를 양성하기 위해 고용노동부가 지원하는 훈련 과정 바우처 일자리
전남,46000,20250212005400110424,국민취업지원제도,맞춤형상담서비스,취업을 원하는 사람에게 취업지원서비스를 종합적으로 제공하고 저소득 구직자에게는 생계를 위한 최소화의 소득을 지원하기 위한 제도,"1. 취업지원 서비스(1유형, 2유형 공통) - 취업지원서비스 : 개인별 취업활동계획에 따라 직업훈련, 일경험, 복지 서비스 연계, 취업알선 등 제공 - 사후관리 : 취업지원 기간 종료 후 미취업자 대상 사후관리* 지원 * 취업처 정보제공, 이력서 클리닉 등 구직기술향상 프로그램 제공, 유선상담 등 2. 소득 지원 - 1유형 : 취업지원서비스 참여 등 구직활동의무 이행을 전제로 최저생계 보장을 위한 구직촉진수당(50만원x6개월) 지급 - 2유형 : 직업훈련 참여 등 취업지원서비스 참여 시 발생하는 취업활동비용 일부 지원 - 청년 빈일자리 특화 취업지원: 2유형 청년이 1월 이상의 직업훈련 수료 후 빈일자리 업종의 우선지원대상 기업에 취업하여 6개월 근속 시 훈련추가수당(1월 20만원씩 최대 6개월)과 취업성공수당 40만원 추가 지원 - 공통 : 일정요건이 해당되는 자에게 장기근속 유도를 위해 취업 후 근속기간에 따른 취업성공수당 최대 150만원 지원",일자리,취업,"일자리, 직무교육, 복지, 참여 프로그램",일자리,,상시,"15세~69세 / 연령제한:N 0043001 0 0 - 국민취업지원제도 참여자는 1년간 취업지원서비스를 받을 수 있으며, 참여자가 희망하는 경우 6개월 범위 내에서 기간 연장 가능 - 취업지원 기간이 종료되더라도, 취업하지 못한 참여자에게는 취업정보를 제공하고 구직활동을 지원하는 등 최대 3개월동안 사후관리 지원 - 취업에 성공한 참여자에게는 근속기간에 따른 취업성공수당(최대 150만원)을 별도로 지급하여 장기근속을 지원 국민취업지원제도 1유형에 참여할 수 없는 대상 - 근로능력, 취업 및 구직의사가 없는 사람 - 상급학교 진학 및 전문자격증 취득을 목적으로 각종 학교에 재학 또는 학원 등에서 수강중인 사람 - 군 복무 등으로 즉시 취업이 어려운 사람(단, 2개월 이내 전역예정인자 제외) - 국민기초생활보장법 생계급여 수급자(단, 2유형에는 참여 가능) - 실업급여를 받고 있거나 수급 종료 후 6개월이 지나지 않은 사람 - 국가 또는 지방자치단체가 구직활동에 필요한 비용을 지원하는 수당이 월 평균 지원금액 50만원 이상이거나 총 지원액 총 지원액 300만원 이상인 사업에 참여중이거나 수급 종료 후 6개월이 지나지 않은 사람 - 정부 재정지원 직접일자리에 참여하고 있거나 참여 종료 후 6개월이 지나지 않은 사람 - 신청인 본인의 월평균 총소득이 1인 가구 기준 중위소득의 60퍼센트(23년 1,246,735원)를 넘는 사람 *매월 정기적으로 구직촉진수당 수급액(50만원) 이상 소득(근로, 사업, 재산, 이전)이 발생하는 자는 1유형 수급자격이 인정되더라도 구직촉진수당을 지급 받을 수 없음에 유의(매월 50만원 이상 정기적인 소득이 있으면 반드시 상담창구에 문의) - 정부 재정지원 직접일자리에 참여하고 있거나 참여 종료 후 6개월이 지나지 않은 사람. 단 일부사업*의 경우 참여 종료 후 즉시 참여 가능(중도탈락자는 제외) 0011009 0013010 0049010 0055003",15세~69세 / 연령제한:N,0043001 0 0,국민취업지원제도 1유형 대상자 경우 신청 > 수급자격 결정 및 알림 > 취업활동계획 수립 > 1차 구직촉진수당 지급 > 취업활동계획에 따른 구직활동 의무 이행 > 2~6회차 구직촉진수당 지급 > 사후관리,"1. 취업지원 신청서 및 개인정보 수집 및 이용제공 동의서 제출 2. 필요 시 추가 서류 제출 - 가구원 확정, 소득 및 재산, 취업경험 요건 중에서 공공 시스템으로 파악할 수 없거나 전산망에 연계되지 않아 확인이 어려운 정보 - 공공시스템에서 파악된 정보보다 신청인에게 유리하다고 주장하는 자료는 신청인이 직접 증명서류를 제출하여 입증 가능 가. 가구단위증명서류 : 가족관계증명서, 실종신고서 나. 특정 취약계층 증명서류 : 관련 추천서, 확인서 다. 소득, 재산 취업경험 증빙서류 : 사업주 확인 자료 등 관련 증명자료",고용노동부,고용노동부,https://www.kua.go.kr/uaptm010/selectMain.do,https://www.kua.go.kr/uapaa010/selectKuaGudn.do,http://www.moel.go.kr/news/enews/report/enewsView.do?news_seq=13661,2025-02-12 10:11:41,2026-01-01 00:00:00,4,온통청년_OPEN_API_getPlcy,전남,국민취업지원제도 취업을 원하는 사람에게 취업지원서비스를 종합적으로 제공하고 저소득 구직자에게는 생계를 위한 최소화의 소득을 지원하기 위한 제도 맞춤형상담서비스 일자리
전남,46000,20250212005400110423,고용복지플러스센터,맞춤형상담서비스,"일자리, 복지, 서민금융 서비스를 한 곳에서 One-stop 지원","1. 종합고용서비스(고용센터), 지역 맞춤 고용서비스(지자체 일자리센터), 복지서비스(시.군.구 복지지원팀), 서민금융 서비스(신용회복위원회, 자산관리공사, 미소금융 등) 및 대상별 특화 고용서비스(새일센터, 중장년일자리희망센터, 제대군인지원센터) 제공 2. 서비스 지원 (종합고용서비스 고용센터) - 실직자 생계안정을 위한 구직급여 및 재취업 지원, 구인.구직자 맞춤형 취업지원, 일자리 창출과 취약계층 등을 지원하는 고용안전 사업 등 종합 고용 서비스 제공 (복지상담 복지지원팀) - 사회복지서비스 상담 및 신청.접스, 공공.민간 복지 지원을 연계하고 영유아기부터 노년기, 장애인에 이르기까지 개인별 맞춤 복지혜택 상담.제공 (지역맞춤 고용서비스 시.군.구 일자리센터) - 구직자 취업지원(면접기술 코칭, 동행면접 등) 및 일자리 발굴, 채용행사 등 다양한 취업지원 서비스 제공 (서민금융 상담 서민금융지원센터) - 경제적 어려움을 겪는 서민이나 영세상공인, 저신용.저소득자 등을 대상으로 서민층 저리자금, 신용회복 지원, 불법 사금융 피해 상담 등의 서비스 제공 (대상별 특화 고용서비스 새일센터) - 출산과 육아 등으로 경력이 단절된 여성을 대상으로 취업 상담과 직업교육 훈련, 인턴십 연계 등 경력단절여성 맞춤형 고용서비스 제공 (중장년일자리희망센터) - 40대 이상 중장년 퇴직(예정)자에게 재취업 및 창업, 생애설계 지원, 사회참여 기회 제공 등의 종합 전직서비스 제공 (제대군인지원센터) - 중.장기 복무(5년 이상) 제대(예정) 군인에게 진로 상담, 취.창업 지원 등을 통해 성공적인 사회 안착 지원",일자리,취업,"일자리, 직무교육, 창업지원, 복지, 참여 프로그램",일자리,,상시 연중,0세~0세 / 연령제한:Y 0043001 0 0 0011009 0013010 0049010 0055003,0세~0세 / 연령제한:Y,0043001 0 0,*전국 고용복지플러스센터 방문 > 초기 상담 > 서비스 경로 설정 > 타 기관과 연계된 통합 지원 서비스 제공 *고용복지플러스센터 지원절차: 초기상담 및 서비스 신청-> 사실조사 및 심사-> 서비스 결정-> 서비스 제공 1. 고용복지플러스센터에 방문하여 초기상담 및 서비스 신청 2. 고용복지플러스센터에서 대상자에 대한 사실조사 및 심사 3. 고용복지플러스센터에서 서비스 결정 4. 고용복지플러스센터에서 서비스 제공,,고용노동부,한국고용정보원,https://www.workplus.go.kr/intro/centerJob.do,https://www.workplus.go.kr/index.do,,2025-02-12 09:44:10,2026-01-01 00:00:00,4,온통청년_OPEN_API_getPlcy,전남,고용복지플러스센터 일자리 복지 서민금융 서비스를 한 곳에서 One stop 지원 맞춤형상담서비스 일자리
전남,46000,20250212005400110422,마음똑똑心+,맞춤형상담서비스,자기 이해를 통한 구직의욕 향상을 집중 지원하는 집단상담프로그램,"□ 2∼3일 동안 총 12시간 운영 □ 나의 상황, 생애적 관점에서의 관계형성, 내가 활용할 수 있는 사회적 자원 등에 대한 이해를 돕는 다양한 활동 실시",일자리,취업,"일자리, 직무교육, 복지",일자리,,연중,"0세~0세 / 연령제한:Y 0043001 0 0 - 프로그램 참여 중 주어진 과제 또는 활동에 참여하지 않는 경우 참여 제한 가능 - 까페나 공공시설과 같이 비대면 집단상담프로그램 진행에 방해요인(소음, 불안정한 네트워크, 개인정보 유출 등)이 발생할 수 있는 환경에서는 참여 불가 0011009 0013010 0049010 0055003",0세~0세 / 연령제한:Y,0043001 0 0,"□ (온라인) 고용24(work24.go.kr)에 로그인 후, """"취업지원 > 취업역량강화"""" 메뉴로 이동하여 구직자취업역량 강화프로그램 클릭, 참여 희망 고용센터 선택 신청 □ (오프라인) 가까운 고용센터를 방문하여 담당자 상담을 통해 희망 프로그램 참가 신청",,고용노동부,한국고용정보원,,https://work24.go.kr/wk/b/a/1110/retriveIntro.do,,2025-02-12 09:37:53,2026-01-01 00:00:00,4,온통청년_OPEN_API_getPlcy,전남,마음똑똑 자기 이해를 통한 구직의욕 향상을 집중 지원하는 집단상담프로그램 맞춤형상담서비스 일자리
전남,46000,20250212005400110421,성취프로그램,맞춤형상담서비스,구직기술 향상을 통해 자신감 회복을 지원하는 집단상담 프로그램,"□ 4일 동안 총 24시간 운영(1일 6시간) □ 취업정보 수집, 지원서류 작성, 모의면접 등 실시",일자리,취업,"일자리, 직무교육, 복지",일자리,,연중,0세~0세 / 연령제한:Y 0043001 0 0 프로그램 참여 중 주어진 과제 또는 활동에 참여하지 않는 경우 참여 제한 가능 0011009 0013010 0049010 0055003,0세~0세 / 연령제한:Y,0043001 0 0,"□ (온라인) 고용24(work24.go.kr)에 로그인 후, """"취업지원 > 취업역량강화"""" 메뉴로 이동하여 구직자취업역량 강화프로그램 클릭, 참여 희망 고용센터 선택 신청 □ (오프라인) 가까운 고용센터를 방문하여 담당자 상담을 통해 희망 프로그램 참가 신청","온라인 신청서 제출 (단, 참가신청 확정 후, 필요한 제출서류가 있을 경우, 별도 안내)",고용노동부,한국고용정보원,https://work24.go.kr/wk/b/a/1120/empSchdInviteCtrList.do,https://work24.go.kr/wk/b/a/1110/retriveIntro.do,,2025-02-12 09:35:13,2026-01-01 00:00:00,4,온통청년_OPEN_API_getPlcy,전남,성취프로그램 구직기술 향상을 통해 자신감 회복을 지원하는 집단상담 프로그램 맞춤형상담서비스 일자리
전남,46000,20250212005400110420,일반고 특화훈련,바우처,대학 진학이 아닌 취업을 희망하는 일반계고 3학년생에게 맞춤형 직업능력개발훈련 기회 제공,"□ 지원과정 ○ 직업능력심사평가원의 일반고 특화심사를 거쳐 일반고 특화 직업능력개발훈련 지원대상으로 공고된 훈련과정 ※ 세부 훈련정보는 고용24(work24.go.kr)에서 직접 검색, 확인 가능 □ 지원내용 ○ 훈련비 전액 및 훈련장려금 월 최대 200천원 ※ 단위기간(1개월)별 출석률이 80퍼센트 이상인 경우 지원",일자리,취업,"일자리, 직무교육",일자리,,20250101 ~ 20251231,"17세~19세 / 연령제한:N 0043003 0 0 참여 제한 대상 참고 현직 공무원, 사립학교 교직원, 졸업예정자 이외 재학생, 연 매출 4억원 이상의 자영업자, 월 임금 300만원 이상인 대규모기업종사자(45세 미만), 월 소득 500만원 이상의 특수형태근로종사자 등 국민내일배움카드 발급이 불가능한 자는 제외 0011009 0013009 0049001,0049002,0049003 0055003",17세~19세 / 연령제한:N,0043003 0 0 참여 제한 대상 참고,"사업공고 -> 사업신청 및 적정성 심사 -> 훈련기관 선정 공고 -> 훈련대상 선발, 위탁 -> 훈련 실시 -> 훈련비 및 훈련장려금 지급 -> 훈련비 정산 및 평가",,고용노동부,한국고용정보원,https://www.work24.go.kr,https://www.work24.go.kr/cm/c/f/1100/selecSystInfo.do?currentPageNo=1&recordCountPerPage=10&upprSystClId=SC00000031&systClId=SC00000050&systId=SI00000361,https://www.moel.go.kr/policyitrd/policyItrdView.do?policy_itrd_sn=84,2025-02-12 09:31:08,2026-01-01 00:00:00,4,온통청년_OPEN_API_getPlcy,전남,일반고 특화훈련 대학 진학이 아닌 취업을 희망하는 일반계고 3학년생에게 맞춤형 직업능력개발훈련 기회 제공 바우처 일자리
전남,46000,20250211005400110419,(국민연금) 실업크레딧 지원,보조금,실업자의 노후소득 보장을 강화하기 위해 구직급여 수혜기간 동안 국민연금 보험료의 일부를 지원하고 그 기간을 연금 가입기간으로 산입하는 제도,"- 지원기간 : 구직급여 수급기간으로 하되, 1인 생애 최대 12개월 까지 지원 - 지원금액 : 연금 보험료는 인정소득의 9퍼센트이며, 이중 국가 지원 보험료는 연금 보험료의 75퍼센트 * 인정소득은 구직급여기초임금일액*에 30일을 곱하여 월액으로 환산한 값의 1/2이며, 상*하한선은 보건복지부 장관이 고시 : 구직급여기초임금일액 - 퇴직 전 3개월간 평균임금 * 실직자 국민연금 보험료의 75퍼센트 지원(고용보험기금 25퍼센트, 일반회계 25퍼센트, 국민연금기금 25퍼센트 지원), 자부담 25퍼센트",일자리,재직자,"일자리, 복지",일자리,,상시 연중,18세~60세 / 연령제한:N 0043001 0 0 0011009 0013009 0049010 0055003,18세~60세 / 연령제한:N,0043001 0 0,"- 1단계 고용센터 : 실업크레딧 제도안내 - 2단계 신청자 : 보험료 지원금 신청 - 3단계 연금공단 : 지원여부 확인, 결정 - 4단계 연금공단 : 보험료 부과 - 5단계 신청자 : 본인부담 보험료 납부 - 6단계 연금공단 : 보험료 정산",,고용노동부,한국고용정보원,http://www.moel.go.kr/policy/policyinfo/safety/list7.do,https://www.moel.go.kr/index.do,,2025-02-11 16:22:59,2026-01-01 00:00:00,4,온통청년_OPEN_API_getPlcy,전남,국민연금 실업크레딧 지원 실업자의 노후소득 보장을 강화하기 위해 구직급여 수혜기간 동안 국민연금 보험료의 일부를 지원하고 그 기간을 연금 가입기간으로 산입하는 제도 보조금 일자리
전남,46000,20250211005400110418,월드잡플러스(해외통합정보망),해외진출,"해외취업을 희망하는 청년들에게 해외일자리 정보, 해외 생활정보, 취업비자 등 다양한 해외취업 정보제공 등을 통해 해외취업 활성화 도모","해외취업을 희망하는 청년들에게 해외일자리 정보, 해외 생활정보, 취업비자 등 다양한 해외취업 정보제공 등을 통해 해외취업 활성화 도모",일자리,취업,일자리,일자리,20250101 ~ 20251231,20250101 ~ 20251231,0세~99세 / 연령제한:N 0043001 0 0 0011009 0013010 0049010 0055003,0세~99세 / 연령제한:N,0043001 0 0,개인회원 가입,,고용노동부,한국산업인력공단,https://www.worldjob.or.kr/new_index.do,https://www.worldjob.or.kr/new_index.do,,2025-02-11 16:18:49,2025-02-13 09:51:42,4,온통청년_OPEN_API_getPlcy,전남,월드잡플러스 해외통합정보망 해외취업을 희망하는 청년들에게 해외일자리 정보 해외 생활정보 취업비자 등 다양한 해외취업 정보제공 등을 통해 해외취업 활성화 도모 해외진출 일자리
전남,46000,20250211005400110417,청소년·청년 근로권익센터,맞춤형상담서비스,"청소년·청년 근로자의 근로조건보호를 위한 근로 상담(온라인,전화,카톡) 및 무료 권리구제 등 지원","□ 무료 상담 및 권리 구제 ○ 다양하고 쉬운 상담 창구를 통한 무료 근로 상담 지원 - 전화상담(1644-3119) - 온라인상담(www.youthlabor.co.kr) - 카카오톡상담(카카오톡ID: 청소년근로권익센터) ○ 상담 후 진정이 필요한 경우, 보호위원(노동법률 전문가) 배정 후 진정 대리 등 권리구제 지원",일자리,취업,"일자리, 복지, 참여 프로그램",일자리,,20250201 ~ 20251231,15세~34세 / 연령제한:N 0043001 0 0 0011009 0013010 0049010 0055003,15세~34세 / 연령제한:N,0043001 0 0,"상담접수 > 진정사건(임금체불 등) > 지역별 보호위원 배정 > 전문상담, 권리구제상담 > 온라인 진정서작성(대리) > 진정 접수동의(온라인) > 노동청 접수(온라인) > 사건조사 출석, 진술 대리 > 진정사건 해결",,고용노동부,한국고용정보원,http://www.youthlabor.co.kr/,http://www.youthlabor.co.kr/,,2025-02-11 16:15:17,2026-01-01 00:00:00,4,온통청년_OPEN_API_getPlcy,전남,청소년 청년 근로권익센터 청소년 청년 근로자의 근로조건보호를 위한 근로 상담 온라인 전화 카톡 및 무료 권리구제 등 지원 맞춤형상담서비스 일자리
전남,46000,20250211005400110416,일학습병행,"교육지원,맞춤형상담서비스,중소기업","기업이 (학습)근로자를 채용하여 체계적인 맞춤형 훈련을 제공하고 훈련 종료 후 역량을 평가하여 국가자격, 학력 등 인정","□ 학습근로자 ○ 현장 훈련이 경험으로 업무 적응도 향상 ○ 공동훈련센터 등을 통한 현장외 훈련 연계(학위 취득 가능) ○ 훈련 수료후, 학습근로자의 훈련성과 평가를 통해 도제자격 부여 □ 학습기업 ○ 핵심인재 양성 및 직무와 인력간의 미스매치 해서 ○ 훈련과정 개발 및 운영지원 ○ 학습도구지원·컨설팅",교육,온라인교육,"일자리, 직무교육, 복지",일자리,,계속,"17세~999세 / 연령제한:N 0043001 0 0 □ 학력 ○ 비학위 과정: 무관 ○ 학위 과정: 훈련 수준별)학위) 최저 학력 □ 전공요건 ○ 비학위 과정: 무관 ○ 학위 과정: 훈련 수준별)학위) 필수 전공 □ 취업상태 : 선취업(학습근로계약 체결 조건) □ 특화분야 : 첨단산업 □ 지정예외요건 ○ 월드클래스300, 명장기업, Best HRD기업, 강소기업, 혁신기업 등 대외적으로 기술력, 발전가능성, HRD우수성 등을 인정받은 기업 ○ 일학습병행 전문지원센터 추천기업, 고용노동부가 인증한 기업군(특화업종(특구) 지원센터)에 대해 서는 상시근로자 5명까지 예외 적용 가능 □ 고용보험 피보험자가 아닌 자(* 산학일체형 도제학교의 학습근로자가 동시에 고용되어 고용보험법 제18조에 따른 학습기업에서의 피보험자격을 상실하는 경우 예외) □ 일학습병행 훈련실시일 이전 1년 이내 채용된 근로자가 아닌 자. (1.고숙련자 양성을 위한 P-TECH, 고숙련마이스터 과정 별도 기준 2.재직자 대학연계형 과정에 참여하는 학습근로자는 입사시기가 1/4분기(1~3월)인 경우에는 다음연도 3월, 4/4분기(10~12월)인 경우에는 다음다음연도 3월에 시작하는 과정에 참여 가능) □ 대한민국 국적이 아닌 외국국적자 중 재외동포(F4), 영주권자(F5), 결혼이민자(F6) 이외의 비자를 소지한 근로자 0011008 0013001 0049009 0055003",17세~999세 / 연령제한:N,0043001 0 0,"□ 학습근로자 ○ 기업이 학습근로자 모집(채용) 시 해당 기업에 참여 신청 ○ 일학습병행학습기업은 HRD-Net(https://www.hrd.go.kr/hrdp/gi/pgieo/PGIEO0470T.do)에서 확인 가능 □ 학습기업 ○ HRD-Net(직업훈련포털)을 통해 온라인으로 참여 신청 접수 ※ 단독기업형은 “훈련기관회원”으로, 공동훈련센터형은 “기업회원”으로 사이트 가입 후 신청",,고용노동부,한국산업인력공단,https://www.hrd.go.kr/hrdp/mb/pmbao/PMBAO0100T.do,https://www.hrd.go.kr/hrdp/ma/pmmao/indexNew.do,https://www.blog.naver.com/run-learn,2025-02-11 16:08:46,2026-01-01 00:00:00,4,온통청년_OPEN_API_getPlcy,전남,일학습병행 기업이 학습 근로자를 채용하여 체계적인 맞춤형 훈련을 제공하고 훈련 종료 후 역량을 평가하여 국가자격 학력 등 인정 교육지원 맞춤형상담서비스 중소기업 일자리
전남,46000,20250211005400110414,단기집단상담프로그램,맞춤형상담서비스,구직자가 취업의욕 고취 및 직업기초능력 향상 등 필요한 부분만을 선택하여 습득할 수 있도록 지원하는 체험·실습식 프로그램(과정별 3시간),"취업의욕 고취, 심리안정지원, 대화기술 등 직업기초능력 향상 지원",일자리,취업,"일자리, 직무교육, 복지",일자리,,연중,0세~0세 / 연령제한:Y 0043001 0 0 프로그램 참여 중 주어진 과제 또는 활동에 참여하지 않는 경우 참여 제한 가능 0011009 0013010 0049010 0055003,0세~0세 / 연령제한:Y,0043001 0 0,"□ (온라인) 고용24(work24.go.kr)에 로그인 후, """"취업지원 > 취업역량강화"""" 메뉴로 이동하여 구직자취업역량 강화프로그램 클릭, 참여 희망 고용센터 선택 신청 □ (오프라인) 가까운 고용센터를 방문하여 담당자 상담을 통해 희망 프로그램 참가 신청","온라인 신청서 제출 (단, 참가신청 확정 후, 필요한 제출서류가 있을 경우, 별도 안내)",고용노동부,한국고용정보원,https://work24.go.kr/wk/b/a/1120/empSchdInviteCtrList.do,https://work24.go.kr/wk/b/a/1110/retriveIntro.do,,2025-02-11 15:59:47,2026-01-01 00:00:00,4,온통청년_OPEN_API_getPlcy,전남,단기집단상담프로그램 구직자가 취업의욕 고취 및 직업기초능력 향상 등 필요한 부분만을 선택하여 습득할 수 있도록 지원하는 체험 실습식 프로그램 과정별 3시간 맞춤형상담서비스 일자리
전남,46000,20250211005400110413,K-디지털 기초역량훈련,바우처,노동시장 참여자가 디지털 역량 부족으로 노동시장 진입/적응에 어려움을 겪지 않도록 디지털 기초역량 개발 지원,"□ 국민내일배움카드 훈련비 지원 한도(5년간 300~500만원) 외 50만원(지급 후 1년 한도)의 크레딧 추가 지급 ※ 추가 지급된 크레딧은 정해진 K-디지털 기초역량훈련(K-Digital Credit) 훈련과정 수강에만 사용 가능하며, 훈련생 개인은 훈련비의 10퍼센트를 부담해야 함",일자리,취업,"일자리, 직무교육, 참여 프로그램",일자리,,상시,"15세~75세 / 연령제한:N 0043003 0 0 참여 제한 대상 참고 현직 공무원, 사립학교 교직원, 졸업예정자 이외 재학생, 연 매출 4억원 이상의 자영업자, 월 임금 300만원 이상인 대규모기업종사자(45세 미만), 월 소득 500만원 이상의 특수형태근로종사자 등 국민내일배움카드 발급이 불가능한 자는 제외 0011009 0013009 0049009 0055003",15세~75세 / 연령제한:N,0043003 0 0 참여 제한 대상 참고,국민내일배움카드 발급 후 고용센터 방문 또는 고용24 홈페이지(www.work24.go.kr)를 통해 수강신청,,고용노동부,한국고용정보원,https://www.work24.go.kr,https://www.work24.go.kr/cm/c/f/1100/selecSystInfo.do?currentPageNo=1&recordCountPerPage=10&upprSystClId=SC00000031&systClId=SC00000047&systId=SI00000356,https://www.moel.go.kr/policyitrd/policyItrdView.do?policy_itrd_sn=86,2025-02-11 15:54:28,2026-01-01 00:00:00,4,온통청년_OPEN_API_getPlcy,전남,K 디지털 기초역량훈련 노동시장 참여자가 디지털 역량 부족으로 노동시장 진입 적응에 어려움을 겪지 않도록 디지털 기초역량 개발 지원 바우처 일자리
전남,46000,20250211005400110412,직업 트라우마 센터 운영,맞춤형상담서비스,"직장생활 중 다양한 사건/사고(중대재해, 동료의 자살, 직장 내 괴롭힘, 성희롱, 성폭력, 정신적 피해 등)로 정신적 외상(직업적 트라우마)를 겪은 사람에게 무료 심리상담 제공",□ 전문가 상담 및 사후관리 ○ 사고충격에 따른 심리안정 지속관리 ○ 외상 후 스트레스 장애 예방 ○ 직/간접 사고 피해자의 심리 안정 ○ 일상 직장생활 복귀 도모 ○ 필요 시 전문치료 연계,복지문화,건강,"일자리, 복지",일자리,,연중,"0세~0세 / 연령제한:Y 0043001 0 0 사건을 직접 경험한 피해자 뿐만 아니라 사고를 목격한 사람, 1차 피해자의 가족이나 친구, 희생자의 유족, 사건에 책임이 있다고 생각하는 사람, 경찰 소방관 및 응급서비스직에 종사(사고수습 등 업무 담당자)하는 사람 등 0011009 0013010 0049010 0055003",0세~0세 / 연령제한:Y,0043001 0 0,전국 직업트라우마센터 대표번호 : 1588-6497,,고용노동부,한국산업안전보건공단,https://www.kosha.or.kr/kosha/index.do,https://www.kosha.or.kr/kosha/business/workTraumaCenter.do,https://www.kosha.or.kr/kosha/index.do,2025-02-11 15:49:49,2026-01-01 00:00:00,5,온통청년_OPEN_API_getPlcy,전남,직업 트라우마 센터 운영 직장생활 중 다양한 사건 사고 중대재해 동료의 자살 직장 내 괴롭힘 성희롱 성폭력 정신적 피해 등 로 정신적 외상 직업적 트라우마 를 겪은 사람에게 무료 심리상담 제공 맞춤형상담서비스 일자리
전남,46000,20250211005400110411,해외취업알선,해외진출,"대한민국 인재채용을 희망하는 해외업체에 구인서비스, 해외취업을 희망하는 구직자에게 일자리정보 제공","□ 구직자 지원내용 ○ 해외 일자리 정보 제공 ○ 필요 시 상담제공(홈페이지 해외취업상담에서 별도 신청) □ 구인기업 지원내용 ○ 구인조건에 적합한 구직자 모집, 알선 서비스 제공 ○ 요청 시 면접 지원서비스 제공(면접장소)",일자리,취업,"일자리, 복지",일자리,,20250101 ~ 20251231,0세~0세 / 연령제한:Y 0043001 0 0 0011009 0013010 0049010 0055003,0세~0세 / 연령제한:Y,0043001 0 0,□ 구직자 : 개인회원 기업 및 구직회원 등록 > 구인공고 지원 > 서류심사 및 면접 등 채용전형 진행 > 결과 통보 및 출국수속 진행 > 근무시작 □ 구인기업 : 기업회원 등록 > 구인공고작성 > 구직자 모집 및 지원자 이력서 전달 > 서류심사 및 면접등 채용전형 진행 > 결과 통보 및 출국수속 진행 > 근무시작,"□ 구직자 : 월드잡플러스 이력서 등록, 공개로 설정 □ 구인기업 : 월드잡플러스 구인공고 등록",고용노동부,한국산업인력공단,,https://www.worldjob.or.kr/new_index.do,,2025-02-11 15:44:30,2026-01-01 00:00:00,5,온통청년_OPEN_API_getPlcy,전남,해외취업알선 대한민국 인재채용을 희망하는 해외업체에 구인서비스 해외취업을 희망하는 구직자에게 일자리정보 제공 해외진출 일자리
전남,46000,20250207005400110410,대학 재학생 맞춤형 고용서비스,맞춤형상담서비스,청년들에게 재학 중 고용서비스 조기 지원을 위해 심층상담에 기반한 맞춤형 훈련·일경험 서비스를 제공하고 청년의 원활한 학교-노동시장 이행을 지원하고자 선정 대학에 인건비·프로그램비·수당 등을 지원,□ (저학년) 심층 상담을 통해 '개인별 희망 직업 포트폴리오' 설계 후 진로역량 강화 프로그램 제공 □ (고학년) 1:1 심층상담 기반의 '개인별 취업활동계획' 수립 후 맞춤형 고용서비스 제공,일자리,취업,"일자리, 직무교육, 복지",일자리,,상시,0세~0세 / 연령제한:Y 0043001 0 0 0011009 0013010 0049005 0055003,0세~0세 / 연령제한:Y,0043001 0 0,"□ 고용24 개인회원 가입 후 잡케어 수행, 신청서 제출",□ 신청서,고용노동부,한국고용정보원,https://www.work.go.kr/schoolToWork/index.do,https://www.moel.go.kr/policyitrd/policyItrdView.do?policy_itrd_sn=11,,2025-02-07 10:16:14,2026-01-01 00:00:00,5,온통청년_OPEN_API_getPlcy,전남,대학 재학생 맞춤형 고용서비스 청년들에게 재학 중 고용서비스 조기 지원을 위해 심층상담에 기반한 맞춤형 훈련 일경험 서비스를 제공하고 청년의 원활한 학교 노동시장 이행을 지원하고자 선정 대학에 인건비 프로그램비 수당 등을 지원 맞춤형상담서비스 일자리
전남,46000,20250304005400210585,전남학숙 운영,교육지원,광주 및 인근 지역 소재 대학교에 재학 중인 우리 도 출신 학생들의 숙식 편의제공 및 인재육성 지원,대학(원)생 숙식 및 편의시설 제공,주거,기숙사,"직무교육, 주거지원",직무교육,20250101 ~ 20250131,20250101 ~ 20251231,"0세~0세 / 연령제한:Y 0043003 0 0 부모 중위소득 적용 퇴학, 휴학, 정학 처분을 받고 그 처분이 종료되지 않은 학생, 사생수칙 위반으로 남도학숙에서 퇴사조치를 받은 사람, 전염성질환으로 공동생활 어려운 학생 0011009 0013010 0049005,0049006,0049008 0055003",0세~0세 / 연령제한:Y,0043003 0 0 부모 중위소득 적용,① 서류심사 ② 대상자 발표,"① 입사원서 ② 개인정보 수집이용 동의서 ③ 본인 또는 보호자의 주민등록등본 ④ 가족관계증명서 ⑤ 건강보험납부확인서, 자격확인서 ⑥ 대학지원서 또는 대학합격증명서 등",전라남도,전라남도,,,,2025-02-04 20:55:17,2025-03-05 09:23:27,5,온통청년_OPEN_API_getPlcy,전남,전남학숙 운영 광주 및 인근 지역 소재 대학교에 재학 중인 우리 도 출신 학생들의 숙식 편의제공 및 인재육성 지원 교육지원 직무교육
전남,46000,20250304005400210584,남도학숙 운영,교육지원,수도권에 유학하는 우리 지역 출신 대학생들이 안전하고 편안한 환경에서 창의적이고 미래지향적인 탐구활동에 전념할 수 있는 면학환경 제공,대학(원)생 숙식 및 편의시설 제공,주거,기숙사,"직무교육, 주거지원",직무교육,20250101 ~ 20250131,20250101 ~ 20251231,"0세~0세 / 연령제한:Y 0043003 0 0 부모 중위소득 적용 퇴학, 휴학, 정학 처분을 받고 그 처분이 종료되지 않은 학생 사생수칙 위반으로 남도학숙에서 퇴사조치를 받은 사람, 전염성질환으로 공동생활 어려운 학생 0011009 0013010 0049005,0049006,0049008 0055003",0세~0세 / 연령제한:Y,0043003 0 0 부모 중위소득 적용,① 서류심사 ② 대상자 발표,"① 입사원서 ② 주민등록표, 가족관계증명서 ③ 수도권 대학 진학예정, 합격을 증명하는 서류 ④ 부모 건강보험료 납부확인서 ⑤ 건강보험 자격확인서 ⑥ 개인정보 수집,이용 및 제3자 제공 동의서 등",전라남도,전라남도,,,,2025-02-04 20:52:45,2025-03-05 09:24:06,5,온통청년_OPEN_API_getPlcy,전남,남도학숙 운영 수도권에 유학하는 우리 지역 출신 대학생들이 안전하고 편안한 환경에서 창의적이고 미래지향적인 탐구활동에 전념할 수 있는 면학환경 제공 교육지원 직무교육
전남,46000,20250304005400210582,청년농업인 연구동아리 지원,보조금,청년농이 농업경영과 안정적인 농촌 정착을 위하여 정보교류에 필요한 활동비 지원,동아리 당 2백만원,일자리,취업,"일자리, 참여 프로그램",일자리,20250201 ~ 20250228,20250101 ~ 20251231,18세~45세 / 연령제한:N 0043001 0 0 동아리 구성원은 농업경영체 등록 농업인 70% 이상으로 구성동아리당 경영주 등록 3년 이하 농업인(예비농업인 포함) 20%이상 포함 법인·단체에서 기존에 하던 고유사업 0011009 0013008 0049010 0055003,18세~45세 / 연령제한:N,0043001 0 0,① 신청서류 접수(읍･면･동) ② 대상 선정심사 및 확정(시⋅군) ③ 대상자 선정 내역 보고 및 사업 이행,① 청년농업인 연구동아리 활동신청서 ② 청년농업인 연구동아리 활동계획서 ③ 청년농업인 연구동아리 명단,전라남도,전라남도,,,,2025-02-04 20:45:40,2025-03-05 09:27:28,5,온통청년_OPEN_API_getPlcy,전남,청년농업인 연구동아리 지원 청년농이 농업경영과 안정적인 농촌 정착을 위하여 정보교류에 필요한 활동비 지원 보조금 일자리
전남,46000,20250304005400210581,대학생 농산업 체험캠프,보조금,"영농 창업에 관심 있는 대학생들 대상으로 농산업 체험캠프(우수농업인과의 대화, 현장 실습 등) 운영",학기당 캠프 운영비 10백만원,일자리,취업,"일자리, 창업지원",일자리,20250201 ~ 20250228,20250101 ~ 20251231,0세~0세 / 연령제한:Y 0043001 0 0 0011009 0013010 0049005 0055003,0세~0세 / 연령제한:Y,0043001 0 0,"① 대학생 농산업 체험캠프 위수탁 협약 체결(도 ,대학) ② 캠프 운영계획 수립(대학) ③ 사업 이행 및 정산",① 대학생 농산업 체험캠프 위수탁 협약서 ② 대학생 농산업 체험캠프 사업계획서,전라남도,전라남도,,,,2025-02-04 20:43:06,2025-03-07 13:29:43,5,온통청년_OPEN_API_getPlcy,전남,대학생 농산업 체험캠프 영농 창업에 관심 있는 대학생들 대상으로 농산업 체험캠프 우수농업인과의 대화 현장 실습 등 운영 보조금 일자리
전남,46000,20250304005400210580,학사농업인 육성 지원,대출,2년제 대학 이상을 졸업한 농업인 대상으로 영농기반 조성과 경영안정에 필요한 자금 지원,1인당 최대 2억원 융자 지원(연리 1%),일자리,창업,"일자리, 창업지원",일자리,20241201 ~ 20241231,20250101 ~ 20251231,"0세~50세 / 연령제한:N 0043001 0 0 농수산계열 2년제 대학 이상(대학과정을 2년 이상 수료하고 중퇴한 자 포함) 또는 전남 농업마이스터대학 졸업자, 비 농수산계열 2년제 대학 이상을 졸업(대학과정을 2년 이상 수료하고 중퇴한 자 포함) 하고 2년 이상 영어농에 종사하고 있는 자(영어농 증빙자료 제출) 학사농업인으로 선정되어 정당한 사유 없이 사업을 포기하고 2년이 경과되지 않은 자, 농어업 외 타 산업에 종사하고 있는 자 등 0011009 0013008 0049009 0055003",0세~50세 / 연령제한:N,0043001 0 0,① 신청서류 접수(읍･면･동) ② 신청서 검토 및 선정 결과 제출(시⋅군) ③ 사업비 확정 및 배정(도),① 학사농어업인 신청서 ② 세부사업 계획서 ③ 신용조사서 ④ 대학 졸업증명서(또는 제적증명서) 및 주민등록등본 ⑤ 국민건강보험카드 사본 또는 건강보험 자격득실확인서(신청일 기준 3개월 이내 발급),전라남도,전라남도,,,,2025-02-04 20:39:54,2025-03-05 09:31:25,5,온통청년_OPEN_API_getPlcy,전남,학사농업인 육성 지원 2년제 대학 이상을 졸업한 농업인 대상으로 영농기반 조성과 경영안정에 필요한 자금 지원 대출 일자리
전남,46000,20250304005400210579,청년 창업농장 조성,보조금,청년농의 초기 투자 자본에 대한 부담감 해소를 위한 농장 조성비 및 임차료 지원,농장 조성비 및 임차료 개소당 최대 25백만원,일자리,창업,"일자리, 주거지원, 창업지원",일자리,20250201 ~ 20250228,20250101 ~ 20251231,"18세~45세 / 연령제한:N 0043001 0 0 ○ 신규 및 영농경력 3년 이내 ○ 농업 외 타산업 등에 종사자인 경우 사업 착수 후 1년 이내 농업으로 전업할 자 한국농수산대학 재학생‧졸업생 0011009 0013008,0013009 0049010 0055003",18세~45세 / 연령제한:N,0043001 0 0,① 신청서류 접수(읍･면･동) ② 자격요건 확인 및 대상자 확정(시⋅군) ③ 대상자 선정 내역 보고 및 사업 이행,① 청년 창업농장 조성사업 신청서 ② 청년 창업농장 조성사업 계획서 ③ 건강보험 자격득실확인서(신청일 기준 3개월 이내 발급) ④ 가족관계등록부 ⑤ 학력증명서 및 농업교육 이수 실적 확인서(해당),전라남도,전라남도,,,,2025-02-04 20:37:00,2025-03-07 13:30:19,5,온통청년_OPEN_API_getPlcy,전남,청년 창업농장 조성 청년농의 초기 투자 자본에 대한 부담감 해소를 위한 농장 조성비 및 임차료 지원 보조금 일자리
전남,46000,20250204005400110409,청년 국가기술자격시험 응시료 지원사업,바우처,청년의 구직활동과 경력개발의 경제적 부담을 완화하기 위한 사업,"- 34세 이하 청년을 대상(소득 및 취업 여부 무관)으로 한국산업인력공단이 시행하는 국가기술자격 시험(‘25년 기준 488종목)에 응시하는 경우 응시료의 50%를 선 지원 - 1인당 총 3회 지원으로 제한하고, 지원금 소진 시까지 한정",일자리,취업,"일자리, 복지",일자리,,상시,"0세~34세 / 연령제한:N 0043001 0 0 34세 이하 청년, 한국산업인력공단 시행 국가기술자격 종목, 1인당 연간 3회 한도 0011009 0013010 0049010 0055003",0세~34세 / 연령제한:N,0043001 0 0,원서접수 시 응시료 지원받을 시험 선택 후 결제,,고용노동부,한국산업인력공단,https://www.q-net.or.kr/man001.do?gSite=Q,https://www.q-net.or.kr/man004.do?id=man00402&gSite=Q&gId=,,2025-02-04 15:31:13,2026-01-01 00:00:00,5,온통청년_OPEN_API_getPlcy,전남,청년 국가기술자격시험 응시료 지원사업 청년의 구직활동과 경력개발의 경제적 부담을 완화하기 위한 사업 바우처 일자리
전남,46000,20250125005400210403,2025년 화성시 청년활동포인트제(1차),바우처,시정 및 지역사회 참여 활동을 청년활동으로 지정하고 조건에 따라 참여를 증빙하는 경우 인센티브(포인트) 제공,상·하반기로 2차에 걸쳐 화성시지역공헌활동포인트 지급(1포인트=1원) - ①화성시 지역화폐 전환 또는 ②기부(마일리지 활용),참여권리,청년참여,참여 프로그램,참여 프로그램,20250303 ~ 20250711,2025년 1월 ~ 12월,19세~39세 / 연령제한:N 0043001 0 0 ※ 공고일 기준 · 지역무관 금전 · 물품 등 별도의 수당이나 대가를 받고 참여하는 자 및 타 제도와의 중복 수혜자는 제외 0011009 0013010 0049010 0055003,19세~39세 / 연령제한:N,0043001 0 0,"온라인 신청(통합접수시스템 ‘잡아바어플라이') - 증빙자료 첨부하여 활동기간(축제 및 행사 참여, 화성시 홍보 등)에 해당하는 반기에 신청(반기별 1회 신청 가능)","증빙자료(축제 및 행사 참여, 화성시 홍보 등)",복지국,경기도 화성시,https://apply.jobaba.net/bsns/bsnsDetailView.do?bsnsSeq=4066,,,2025-01-25 16:08:24,2025-01-25 19:20:15,5,온통청년_OPEN_API_getPlcy,전남,2025년 화성시 청년활동포인트제 1차 시정 및 지역사회 참여 활동을 청년활동으로 지정하고 조건에 따라 참여를 증빙하는 경우 인센티브 포인트 제공 바우처 참여 프로그램
전남,46000,20250123005400110401,예술인 고용보험,보조금,문화예술용역 계약을 체결한 예술인에 대한 고용보험 적용을 통해 실업급여·출산전후급여 지급을 통한 고용안전망 확충,"□ 실업 시 생활안정과 구직활동 촉진을 위한 실업급여 지급 ○ 지급수준: 구직급여일액은 기초일액의 60퍼센트, 상한액은 근로자와 동일(66,000원) * 기초일액: 마지막 이직일 전 1년 간 신고된 보수총액을 해당 기간의 총일수로 나눈 금액 ○ 지급기간: 피보험기간 및 연령에 따라 120 ~ 270일 지급 □ 재직 중 출산전후급여 지급 ○ 지급수준: 1년간 월평균 보수의 100퍼센트(상한액 월 210만원, 하한액 60만원) ○ 지급기간: 출산전후를 더하여 90일(한 번에 둘 이상 자녀를 임신한 경우 120일)",일자리,재직자,"일자리, 복지",일자리,,연중,"0세~0세 / 연령제한:Y 0043003 0 0 월평균소득 50만원 이상 / ① 단기예술인(1개월 미만 계약자)은 소득요건 없음 ② 소득요건 미충족 일반예술인도 다른 문화예술용역 계약과의 소득합산 시 50만원 이상인 경우 적용 1. 실업급여 - 수급요건: 이직일 이전 24개월 동안 피보험 단위기간이 9개월 이상 - 지급수준: 구직급여일액은 기초일액의 60퍼센트, 상한액은 근로자와 동일(66,000원) 기초일액: 마지막 이직일 전 1년 간 신고된 보수총액을 해당 기간의 총일수로 나눈 금액 - 지급기간: 피보험기간 및 연령에 따라 120 ~ 270일 지급 2. 출산전후급여 - 수급요건: 출산(유산 및 사산)일 전 피보험단위기간이 3개월 이상일 것 - 지급수준: 1년간 월평균 보수의 100퍼센트(상한액 월 210만원, 하한액 60만원) - 지급기간: 출산전후를 더하여 90일(한 번에 둘 이상 자녀를 임신한 경우 120일) 1. 문화예술용역 계약의 월평균소득 50만원 미만인 경우(단기예술인 (1개월 미만 계약자)은 일정소득 미충족시에도 고용보험 적용). 단, 계약건별 합산한 월평균소득이 50만원이상인 경우, 예술인의 직접신청에 의하여 당연적용 2. 65세 이상 신규계약자(실업급여·출산전후급여 미지급) 0011009 0013010 0049010 0055003",0세~0세 / 연령제한:Y,0043003 0 0 월평균소득 50만원 이상 / ① 단기예술인(1개월 미만 계약자)은 소득요건 없음 ② 소득요건 미충족 일반예술인도 다른 문화예술용역 계약과의 소득합산 시 50만원 이상인 경우 적용,"□ 고용보험 가입 신청은 원칙적으로 사업주가 신고 (단, 개별 계약의 월평균소득이 50만원 미만이어도여러 계약을 합하여 월평균소득이 50만원 이상인 경우, 예술인이 직접 고용보험 가입 신청) □ 신고방법 ○ 온라인 신고: 고용ㆍ산재보험토탈서비스(https://total.comwel.or.kr)로 접속, 민원접수/신고>노무제공자ㆍ예술인>취득ㆍ상실 및 노무제공내용확인신고 등 ○ 방문 신고: 서울특수형태근로종사자센터 예술인가입부 및 공단 각 지사에 예술인 고용보험 피보험자격 취득ㆍ상실 및 노무제공내용확인신고서 등 제출","(자격취득 등 신고)피보험자격 취득ㆍ상실신고서, 노무제공내용확인신고서 (급여신청)거주지 관할 고용센터 방문시 별도 안내",고용노동부,고용노동부,https://total.comwel.or.kr,https://work24.go.kr,http://kawf.kr/aei/artMain.do,2025-01-23 20:09:56,2026-01-01 00:00:00,5,온통청년_OPEN_API_getPlcy,전남,예술인 고용보험 문화예술용역 계약을 체결한 예술인에 대한 고용보험 적용을 통해 실업급여 출산전후급여 지급을 통한 고용안전망 확충 보조금 일자리
전남,46000,20250123005400110400,청년취업ON,맞춤형상담서비스,직무군별 역량이해와 개인경험을 기반으로 한 효과적인 채용서류와 채용면접준비를 돕는 컨설팅 프로그램,"□ 직무중심 채용경향에 부응하여 직무군별 역량과 관련된 개인의 경험(강점)을 연계하는 구직기술 강화 컨설팅 중심 취업프로그램으로 3개의 직무군(경영사무, 영업·마케팅, IT)별로 구분하여 진행 □ 직무군별로 각 2∼4일(총 12시간) 동안 운영",일자리,취업,"일자리, 직무교육, 복지",일자리,,연중,"18세~34세 / 연령제한:N 0043001 0 0 - 프로그램 참여 중 주어진 과제 또는 활동에 참여하지 않는 경우 참여 제한 가능 - 까페나 공공시설과 같이 비대면 집단상담프로그램 진행에 방해요인(소음, 불안정한 네트워크, 개인정보 유출 등)이 발생할 수 있는 환경에서는 참여 불가 0011009 0013010 0049010 0055003",18세~34세 / 연령제한:N,0043001 0 0,"□ (온라인) 고용24(work24.go.kr)에 로그인 후, """"취업지원 > 취업역량강화"""" 메뉴로 이동하여 구직자취업역량 강화프로그램 클릭, 참여 희망 고용센터 선택 신청 □ (오프라인) 가까운 고용센터를 방문하여 담당자 상담을 통해 희망 프로그램 참가 신청","온라인 신청서 제출 (단, 참가신청 확정 후, 필요한 제출서류가 있을 경우, 별도 안내)",고용노동부,한국고용정보원,https://work24.go.kr/wk/b/a/1120/empSchdInviteCtrList.do,https://work24.go.kr/wk/b/a/1110/retriveIntro.do,,2025-01-23 20:01:03,2026-01-01 00:00:00,5,온통청년_OPEN_API_getPlcy,전남,청년취업ON 직무군별 역량이해와 개인경험을 기반으로 한 효과적인 채용서류와 채용면접준비를 돕는 컨설팅 프로그램 맞춤형상담서비스 일자리
전남,46000,20250123005400110399,유연근무제 장려금(사업주 지원),중소기업,"소속 근로자가 일·생활 균형을 위해 유연근무제를 활용하게 하는 중소, 중견기업에게 장려금 지원","①재택ㆍ원격근무제 - 월 4일~7일 활용: 1개월 지급액 15만원 - 월 8일 ~ 11일 활용 : 1개월 지급액 20만원 - 월 12일 이상 활용 : 1개월 지급액 30만원 - 최대지급액 : 360만원(1년간), 육아기 근로자는 2배 지원(최대 1년간 720만원) 육아기 시차출퇴근제 - 월 6일~11일 활용: 1개월 지급액 20만원 - 월 12일 이상 활용: 1개월 지급액 40만원 - 최대지급액 : 480만원(1년간), 선택근무제 - 월 30만원 - 최대지급액 : 360만원(1년간), 육아기 근로자는 2배 지원(최대 1년간 720만원)",일자리,재직자,일자리,일자리,,상시,"0세~0세 / 연령제한:Y 0043001 0 0 ① 유연근무(재택․원격․선택․시차) 활용을 위한 사업계획 수립 및 고용센터의 승인 ② 주당 소정근로시간 35시간 이상 40시간 이하(모든 유형) ③ 근로계약서에 변경된 근로장소(재택․원격), 근로시간(선택․시차)등에 관한 사항을 규정 ④ 취업규칙에 제도 도입에 관한 사항 규정, 근로자 대표와의 서면합의서 작성(선택근무) ⑤ 전자․기계적 방식의 근태관리(모든 유형), 단 재택․원격근무제는 활용 일자별 근로자 동의서 제출도 가능 ①「부패방지 및 국민권익위원회의 설치와 운영에 관한 법률」제2조제1호 가목에서 다목까지의 기관, 공공기관 및 지방공기업 ② 「중소기업인력지원특별법시행령」제2조 해당 사업주 ③「근로기준법」제43조의2에 따라 임금 등을 체불하여 명단공개 사업주 ④「산업안전보건법」제10조에 따라 중대 산업재해 발생 등으로 명단이 공표 중인 사업주 0011009 0013010 0049010 0055003",0세~0세 / 연령제한:Y,0043001 0 0,관할 고용센터(기업지원부서) 또는 고용24 홈페이지(www.work24.go.kr)를 통해 온라인 신청,"고용안정장려금 참여신청서, 지급신청서 및 구비서류",고용노동부,고용노동부,http://www.work24.go.kr,http://www.work24.go.kr,,2025-01-23 19:58:31,2026-01-01 00:00:00,5,온통청년_OPEN_API_getPlcy,전남,유연근무제 장려금 사업주 지원 소속 근로자가 일 생활 균형을 위해 유연근무제를 활용하게 하는 중소 중견기업에게 장려금 지원 중소기업 일자리
전남,46000,20250123005400110398,생활안정자금 융자사업,대출,"생계곤란을 겪는 근로자 등에게 의료비, 혼례비, 장례비, 노부모부양비 등의 생계비를 저리로 융자하여 생활안정 및 근로의욕을 고취하기 위한 사업","1. 융자종목 및 한도액 - 의료비, 장례비 : 1,000만원 - 혼례비 : 1,250만원 - 노부모부양비 : 2,000만원 범위 내 (조)부모 1인당 500만원 - 자녀양육비 : 2,000만원 범위 내 7세 미만 1자녀당 500만원 - 소액생계비 : 200만원 * 단, 2종목 이상 융자 신청 시 신청인 1인당 총 한도액 2,000만원 2. 융자조건 - 이율 : 연 1.5퍼센트 - 상환 : 1년 거치 3년 또는 4년 원금균등분할상환 중 선택 * 거치기간 및 상환기간 변경 불가, 조기상환 가능 (조기상환 수수료 없음) - 보증방법 : 근로자신용보증지원제도 이용 (신용보증료 연 0.9퍼센트 별도 부담) - 대행금융기관 : IBK 기업은행",주거,전월세 및 주거급여 지원,"일자리, 주거지원, 복지",일자리,20250106 ~ 20251231,2025.1.6.~예산소진시까지,"0세~99세 / 연령제한:N 0043001 0 0 ㅇ한국신용정보원 연체 등 정보 등록자(연체,회생,파산,신용회복 등) ㅇ외국인 ㅇ재외동포 ㅇ융자대행금융지관에 연체정보, 채무조정, 특수채권 잔액이 있는 경우 0011009 0013010 0049010 0055003",0세~99세 / 연령제한:N,0043001 0 0,"1. 융자신청서 접수(인터넷 또는 방문) 2. 구비서류 제출 3. 융자신청서 적격여부 확인(소득요건 등 융자 대상자 여부 및 오류내용 확인) 4. 융자예정자 선정 5. 신용보증신청서 적격여부 확인(예비선정일로부터 7일 이내) 6. 보증서 발행 및 통보 7. 대출실행(기업은행 인터넷뱅킹, 모바일 I_ONE뱅크) * 융자대상자는 융자약정 체결기간(융자결정일로부터 15일)이내 대출 신청",신청인 제출서류 상이하므로 사업관련 참고사이트 2 확인 필수,고용노동부,근로복지공단,https://welfare.comwel.or.kr/default/page.do?mCode=B010010010,https://welfare.comwel.or.kr/default/index.do,http://www.moel.go.kr/policy/policyinfo/lobar/list16.do,2025-01-23 19:54:00,2025-02-07 10:50:03,5,온통청년_OPEN_API_getPlcy,전남,생활안정자금 융자사업 생계곤란을 겪는 근로자 등에게 의료비 혼례비 장례비 노부모부양비 등의 생계비를 저리로 융자하여 생활안정 및 근로의욕을 고취하기 위한 사업 대출 일자리
전남,46000,20250123005400110397,국가인적자원개발 컨소시엄,중소기업,"중소기업 재직근로자의 직업훈련 참여 확대와 신성장동력분야, 융복합분야 등의 전략산업 전문인력육성, 산업계 주도의 지역별 직업훈련기반 조성 등을 위해 공동훈련에 필요한 훈련 인프라와 훈련비 지원 사업","1. 공동훈련센터 지원: 운영비(연간 4억원 한도), 훈련시설 * 장비비(연간 15억원 한도), 훈련프로그램 개발 등(연간 1억원 한도), 훈련과정의 운영 비용 2.협약기업 지원: 재직근로자 맞춤형 교육훈련 제공, 채용예정자 훈련",일자리,취업,"일자리, 직무교육, 참여 프로그램",일자리,20250101 ~ 20251231,20250101 ~ 20251231,0세~99세 / 연령제한:N 0043001 0 0 협약(참여)기업 지원 - 수요자 중심의 맞춤형 교육훈련 제공 툴팁 - 우수한 공동 교육 훈련 환경 제공 툴팁 - 대한민국의 미래를 이끌어가는 신성장동력분야 등 고급 훈련과정 제공 - 비용부담이 없는 교육훈련 시스템 제공 툴팁 - 간편한 교육훈련 참여 등 편리한 행정서비스 제공 툴팁 훈련참여자 지원 - 재직근로자 맞춤형 교육훈련 제공 툴팁 - 채용예정자 훈련 툴팁 제한없음 0011009 0013010 0049010 0055003,0세~99세 / 연령제한:N,0043001 0 0,국가 인적자원개발 컨소시엄 지원절차 1. 모집공고 2. 신청 및 접수 3. 심사 및 선정 4. 계획서 제출 및 검토 5. 약정체결 6. 지원금 지급 7. 과정 실시 및 관리 8. 지원금 정산,,고용노동부,한국산업인력공단,http://www.c-hrd.net/index.php,http://www.c-hrd.net/contents/business/1/,http://www.c-hrd.net/contents/main/,2025-01-23 19:49:34,2025-03-06 17:51:28,5,온통청년_OPEN_API_getPlcy,전남,국가인적자원개발 컨소시엄 중소기업 재직근로자의 직업훈련 참여 확대와 신성장동력분야 융복합분야 등의 전략산업 전문인력육성 산업계 주도의 지역별 직업훈련기반 조성 등을 위해 공동훈련에 필요한 훈련 인프라와 훈련비 지원 사업 중소기업 일자리
전남,46000,20250123005400110396,청년층직업지도프로그램(CAP@),장기미취업청년,"청년층의 직업 선택을 지원하고, 취업서류 작성, 면접기술 강화 등 구직기술 향상을 돕는 집단상담 프로그램","□ 4일 동안 총 24시간 운영(1일 6시간) □ 청년 취업준비생의 직업진로 선택을 지원하고, 취업서류 작성 및 면접기술 강화 등 구직기술 강화 지원",일자리,취업,"일자리, 직무교육, 복지",일자리,,연중,18세~34세 / 연령제한:N 0043001 0 0 프로그램 참여 중 주어진 과제 또는 활동에 참여하지 않는 경우 참여 제한 가능 0011009 0013010 0049010 0055003,18세~34세 / 연령제한:N,0043001 0 0,"□ (온라인) 고용24(work24.go.kr)에 로그인 후, ""취업지원 > 취업역량강화"" 메뉴로 이동하여 구직자취업역량 강화프로그램 클릭, 참여 희망 고용센터 선택 신청 □ (오프라인) 가까운 고용센터를 방문하여 담당자 상담을 통해 희망 프로그램 참가 신청","온라인 신청서 제출 (단, 참가신청 확정 후, 필요한 제출서류가 있을 경우, 별도 안내)",고용노동부,한국고용정보원,https://work24.go.kr/wk/b/a/1120/empSchdInviteCtrList.do,https://work24.go.kr/wk/b/a/1110/retriveIntro.do,,2025-01-23 19:45:51,2026-01-01 00:00:00,5,온통청년_OPEN_API_getPlcy,전남,청년층직업지도프로그램 CAP 청년층의 직업 선택을 지원하고 취업서류 작성 면접기술 강화 등 구직기술 향상을 돕는 집단상담 프로그램 장기미취업청년 일자리
전남,46000,20250123005400110395,구직자ㆍ기업 도약보장 패키지,맞춤형상담서비스,"□ 인구·산업구조 변화, 취업·채용 형태 다양화, 일에 대한 인식 변화, 온라인·디지털 서비스 확산 등 고용서비스 여건 변화에 대응 필요","□ 구직자 : ①잡케어(Job Care) 기반 개인별 직무역량 및 노동시장 정보 분석 제공, ②1:1 심층 상담을 통한 경력개발 로드맵 설계, ③경력설계를 위한 맞춤형 서비스 연계 및 프로그램 제공 등 □ 기업 : ①일자리 특성, 구인 직종 및 임금·복지 수준 등을 고려한 기업 유형 분류, ②기업 유형에 맞는 인사·노무 컨설팅, 인프라·환경 개선, 인지도 제고 등 지원 정책 맞춤 연계",일자리,취업,"일자리, 직무교육, 복지",일자리,,상시,0세~0세 / 연령제한:Y 0043001 0 0 □ 고용부 및 관계부처와의 연계·협업을 통한 종합 서비스 제공 0011009 0013009 0049010 0055003,0세~0세 / 연령제한:Y,0043001 0 0,,,고용노동부,한국고용정보원,,https://www.work24.go.kr/cm/c/f/1100/selecSystInfo.do?currentPageNo=1&recordCountPerPage=10&systId=SI00000326&systClId=SC00000192,https://www.work24.go.kr/cm/c/f/1100/selecSystInfo.do?currentPageNo=1&recordCountPerPage=10&systId=SI00000335&systClId=SC00000360,2025-01-23 19:41:43,2026-01-01 00:00:00,5,온통청년_OPEN_API_getPlcy,전남,구직자 기업 도약보장 패키지 인구 산업구조 변화 취업 채용 형태 다양화 일에 대한 인식 변화 온라인 디지털 서비스 확산 등 고용서비스 여건 변화에 대응 필요 맞춤형상담서비스 일자리
전남,46000,20250123005400110394,미래내일 일경험 사업,인턴,직무역량을 중시하는 채용 트렌드 변화에 대응하여 민·관협업을 기반으로 미취업 청년에게 다양한 일경험 기회를 제공하여 원활한 노동시장 진입을 지원,"① 기업탐방형 일경험 청년이 기업에 방문하여 직무체험, 현직자 멘토링, CEO·인사담당자 대화 등을 통해 진로 설정 및 직무탐색을 지원받습니다(5일 내외) 기업에는 참여청년 1인당 3만원을 지원합니다. ② 프로젝트형 일경험 기업이 제안한 현업·직무 기반 프로젝트를 청년이 팀을 이뤄 수행하고 그 결과를 제출합니다.(2개월 내외) 프로젝트 결과 평가를 통해 청년의 직무역량 향상을 지원합니다. 참여기업에는 참여청년 1인당 5만원(월)을 지원합니다. 참여청년에는 참여수당 30만원(월), 팀수당 120만원(월)을 지원합니다. - 프로젝트형 일경험에 참여하려는 청년은 4인 내외로 팀을 구성하는 것에 동의해야 합니다. 사전에 프로젝트 팀을 구성하는 경우에도 팀원이 개별적으로 참여신청하여야 합니다. 사전에 팀을 구성하지 않고 신청하는 경우, 운영기관에서 팀을 구성합니다. ③ 인턴형 일경험 기업에서 직접 현업을 수행하여 청년의 직무경험, 직무역량 향상을 지원합니다.(1~5개월 내외) 기업에는 참여청년 1인당 5만원(주)을 지원합니다. 참여청년에는 참여수당 35만원(주)을 지원합니다. ④ ESG지원형 일경험 기업이 ESG경영 차원에서 새롭게 수행하거나 기존에 비해 개선·확대하여 자율적으로 운영하는 일경험, 직무역량향상 프로그램 등에 참여합니다. 기업은 단독 또는 컨소시엄 방식으로 참여할 수 있으며 프로그램 개발·운영비 등 소요비용을 프로그램별 최대 50억원까지 지원(참여기업별 최대 20억원 지원)합니다. 단, 소요비용에 대한 지원비율은 기업 규모에 따라 달리 적용됩니다. * 중소·중견기업(국비지원비율 최대 100%), 대기업(국비지원 비율 최대 50%)",일자리,취업,"일자리, 직무교육, 복지, 참여 프로그램",일자리,,상시,"15세~34세 / 연령제한:N 0043001 0 0 ◦(참여청년) 15세 이상 34세 이하 미취업청년 - 군필자의 경우 의무복무기간에 비례하여 최고 만39세까지 지원합니다. - 신청일 현재 취업 중이거나 사업자 등록중인 자는 지원대상에서 제외합니다. - 취업여부는 고용보험 피보험자 자격기준으로 확인합니다. 단, 주30시간 미만 일자리에 근무하는 경우 미취업으로 간주합니다. - 더 자세한 자격기준은 청년‧기업 일경험포털(https://yw.work24.go.kr)에서 확인할 수 있습니다. ◦(참여기업) 고용보험 피보함자 10인 이상 기업, 공공기관, 비영리단체 등 - 고용보험 피보험자 수는 일경험 사업 참여신청 직전 월말을 기준으로 합니다. 단, 고용보험 피보험자 10인 미만 기업이라도 ①「벤처기업육성에 관한 특별조치법」에 따른 벤처기업 ②「기술혁신형 중소기업(Ino-Biz) 제도 운영규정」 및 「경영혁신형 중소기업(Main-Biz) 제도 운영규정」에 따른 기술혁신형 및 경영혁신형 중소기업 ③「사회적기업 육성법」에 따른 사회적 기업은 참여할 수 있습니다. - 더 자세한 자격기준은 청년‧기업 일경험포털(https://yw.work24.go.kr)에서 확인할 수 있습니다. ◦ 청년은 같은 연도(사업기간)에 최대 2회까지 일경험 프로그램에 참여할 수 있습니다. 단, 기업탐방형 일경험은 인턴형, 프로젝트형, ESG지원형과 별도로 2회까지 참여가능합니다. - (예) 기업탐방형 2회, ESG지원형 1회, 인턴형 1회 참여가능 ◦ 실업급여 수급자는 수급기간동안 일경험에 참여시 미래내일일경험사업의 청년지원금을 받을 수 없습니다. 단, 프로젝트형 일경험의 팀 단위 지원금은 사용할 수 있습니다. ◦ 국민취업지원제도, 재학생 맞춤형 고용서비스 등 타 지원사업에서 참여수당을 지급받고 있는 청년은 일경험 프로그램 참여수당과 타지원사업 참여수당 중 1개 수당을 선택하여야 합니다. ◦ 거짓으로 참여자로 선정되거나 지원을 받은 자는 법률에 따라 부정수급으로 제재를 받을 수 있습니다. - 더 자세한 내용은 청년‧기업 일경험포털에서 확인할 수 있습니다. 0011009 0013010 0049010 0055003",15세~34세 / 연령제한:N,0043001 0 0,"미래내일 일경험 포털(https://yw.work24.go.kr)에서 회원가입 후 프로그램정보 탭에서 원하는 지역, 직무, 유형(인턴형,프로젝트형,ESG지원형,기업탐방형) 선택 후 일경험 프로그램 신청",,고용노동부,한국고용정보원,https://yw.work24.go.kr,,,2025-01-23 19:39:09,2026-01-01 00:00:00,5,온통청년_OPEN_API_getPlcy,전남,미래내일 일경험 사업 직무역량을 중시하는 채용 트렌드 변화에 대응하여 민 관협업을 기반으로 미취업 청년에게 다양한 일경험 기회를 제공하여 원활한 노동시장 진입을 지원 인턴 일자리
전남,46000,20250123005400110393,국민내일배움카드,"바우처,보조금,교육지원",급격한 기술발전에 적응하고 노동시장 변화에 대응하는 사회안전망 차원에서 생애에 걸친 역량계발 향상 등을 위해 국민 스스로 직업능력개발훈련을 실시할 수 있도록 훈련비 등 지원,"- 1인당 300~500만원까지, 훈련비의 45~85퍼센트 지원 *국민취업지원제도Ⅰ유형 및 Ⅱ형 특정계층 참여자는 훈련비의 100퍼센트 또는 80퍼센트를, 국민취업지원제도 Ⅱ유형 중 청/중장년층 참여자는 50~85퍼센트를, 근로장려금(EITC) 수급자는 72.5~92.5퍼센트 지원 등 - 140시간 이상 훈련과정을 수강하는 실업자 등에게 월 최대 11.6만원 지급(단위기간 1개월 출석률 80퍼센트 이상 시) *실업급여 수급 중이거나 소득이 있는 경우 등에는 일부 또는 전액 부지급",일자리,취업,"일자리, 직무교육, 참여 프로그램",일자리,,상시,"15세~75세 / 연령제한:N 0043003 0 0 참여 제한 대상 참고 현직 공무원, 사립학교 교직원, 졸업예정자 이외 재학생, 연 매출 4억원 이상의 자영업자, 월 임금 300만원 이상인 대규모기업종사자(45세 미만), 월 소득 500만원 이상의 특수형태근로종사자 등 제외 0011009 0013009 0049009 0055003",15세~75세 / 연령제한:N,0043003 0 0 참여 제한 대상 참고,"국민내일배움카드 발급 후 고용센터 방문 또는 고용24 홈페이지(www.work24.go.kr)를 통해 수강신청 신청 후, 각 관할고용센터 심사후 개별 연락",,고용노동부,한국고용정보원,https://www.work24.go.kr,https://www.work24.go.kr/cm/c/f/1100/selecSystInfo.do?currentPageNo=1&recordCountPerPage=10&upprSystClId=SC00000015&systClId=SC00000004&systId=SI00000351,https://www.moel.go.kr/policyitrd/policyItrdView.do?policy_itrd_sn=81,2025-01-23 19:34:58,2026-01-01 00:00:00,5,온통청년_OPEN_API_getPlcy,전남,국민내일배움카드 급격한 기술발전에 적응하고 노동시장 변화에 대응하는 사회안전망 차원에서 생애에 걸친 역량계발 향상 등을 위해 국민 스스로 직업능력개발훈련을 실시할 수 있도록 훈련비 등 지원 바우처 보조금 교육지원 일자리
전남,46000,20250123005400110392,국내해외취업센터 운영,해외진출,"해외취업 아카데미 및 상시채용관 운영(면접 지원), 온·오프라인 상담서비스 및 전략설명회 등 해외취업 상담·지원","□ 구직자 지원내용 ○ 해외 일자리 정보 제공 ○ 필요 시 상담제공(홈페이지 해외취업상담에서 별도 신청) □ 구인기업 지원내용 ○ 구인조건에 적합한 구직자 모집, 알선 서비스 제공 ○ 요청 시 면접 지원서비스 제공(면접장소)",일자리,창업,"일자리, 직무교육, 창업지원, 복지",일자리,,20250101 ~ 20251231,15세~34세 / 연령제한:N 0043001 0 0 0011009 0013010 0049010 0055003,15세~34세 / 연령제한:N,0043001 0 0,직접 방문 또는 월드잡플러스를 통해 예약 가능,,고용노동부,한국산업인력공단,https://www.worldjob.or.kr/new_index.do,https://www.worldjob.or.kr/new_index.do,,2025-01-23 19:28:30,2026-01-01 00:00:00,5,온통청년_OPEN_API_getPlcy,전남,국내해외취업센터 운영 해외취업 아카데미 및 상시채용관 운영 면접 지원 온 오프라인 상담서비스 및 전략설명회 등 해외취업 상담 지원 해외진출 일자리
전남,46000,20250123005400110391,해외 K-Move 센터 운영,해외진출,"코트라 해외무역관 등을 활용하여 양질의 해외일자리 발굴 및 취업알선, 헬프데스크 운영을 통한 취업자 사후관리 및 애로사항 해소 지원, 현지 취업 박람회 개최를 통한 취업 지원 등","코트라 해외무역관 등을 활용하여 양질의 해외일자리 발굴 및 취업알선, 헬프데스크 운영을 통한 취업자 사후관리 및 애로사항 해소 지원, 현지 취업 박람회 개최를 통한 취업 지원 등",일자리,취업,일자리,일자리,20250101 ~ 20251231,20250101 ~ 20251231,15세~34세 / 연령제한:N 0043001 0 0 0011009 0013010 0049010 0055003,15세~34세 / 연령제한:N,0043001 0 0,월드잡플러스를 통해 해외 K-Move 센터 정보 확인,,고용노동부,대한무역투자진흥공사,https://www.worldjob.or.kr/new_index.do,,,2025-01-23 19:25:22,2025-02-07 10:52:43,5,온통청년_OPEN_API_getPlcy,전남,해외 K Move 센터 운영 코트라 해외무역관 등을 활용하여 양질의 해외일자리 발굴 및 취업알선 헬프데스크 운영을 통한 취업자 사후관리 및 애로사항 해소 지원 현지 취업 박람회 개최를 통한 취업 지원 등 해외진출 일자리
전남,46000,20250123005400110390,청년일자리 도약장려금,장기미취업청년,"기업의 청년고용 확대를 지원하고, 취업애로 청년의 취업을 촉진함으로써, 청년고용 활성화를 목적으로 하는 정책 ㅇ (유형Ⅰ) 5인 이상 중소기업에서 취업애로청년을 정규직으로 채용하고 6개월 이상 고용유지시 기업지원금 지급 ㅇ (유형Ⅱ) 빈일자리 업종 중소기업에서 청년을 정규직으로 채용 후 6개월 이상 고용유지시 기업지원금 지급하고, 해당 기업에서 18개월 이상 재직한 청년에게 청년장기근속인센티브 지급","ㅇ (유형Ⅰ) 5인 이상 우선지원대상기업에서 취업애로청년을 정규직으로 채용시 1년간 최대 720만원 지원 * 취업애로청년: 만 15~34세의 ▴4개월 이상 실업, ▴고졸 이하 청년 등 ㅇ(유형Ⅱ) 5인 이상의 제조업 등 빈일자리 업종 중소기업에서 청년을 정규직으로 채용시 1년간 최대 720만원 지원 및 해당 기업에 취업 후 18개월 이상 재직한 청년 근로자에게 최대 480만원 지원(18.24개월차 각 240만원)",일자리,취업,"일자리, 복지",일자리,20250101 ~ 20251231,20250101 ~ 20251231,"15세~34세 / 연령제한:N 0043003 0 0 (기업)매출액 기준 (청년)해당없음 ① 근로조건 - 정규직 채용 후 6개월 이상 고용유지 * 계약직 채용시 채용일로부터 3개월 이내 정규직 전환 - 주 30시간 이상 근로 및 최저임금 이상 지급 - 고용보험 가입 필수 ② 채용요건 - ‘25.1.1. 이후 채용된 청년 - 원칙적으로 사업 참여신청 후 채용된 청년을 지원 * 단, ’25.1.1. 이후 채용된 청년 중 채용일로부터 3개월 이내에 참여신청한 경우 지원 가능 ③ 인위적 감원 방지 - 사업참여 신청 직전 3개월부터 청년의 지원금 지급기간까지 인위적 감원 금지 * 단, 예산 사정에 따라 참여신청 및 지원대상 선정은 조기에 마감될 수 있으며, 먼저 채용하여 사업을 신청한 기업에 우선 지원 * 구체적인 요건 및 자격은 운영지침 반드시 확인필요 사업주의 배우자, 직계 존비속, 외국인, 중앙부처 또는 지방자치단체로부터 다른 인건비 지원을 받는 청년, 채용일 기준 고등학교 또는 대학교재학 중인자 등은 지원 제외 * 구체적인 요건 및 자격은 운영지침 반드시 확인필요 0011009 0013001 0049010 0055003",15세~34세 / 연령제한:N,0043003 0 0 (기업)매출액 기준 (청년)해당없음,"신청방법 및 지원절차 (참여신청) 기업이 운영기관에 채용계획 제출(전산시스템 활용)-> 운영기관의 검토 및 승인-> 운영기관-기업 간 지원협약 체결 (채용) 기업은 청년 채용 후 운영기관에 채용명단 제출, 6개월 간 고용 유지하며 임금지급 (장려금 신청) 최소 근속기간 도래 후 운영기관에 장려금 신청 ㅇ (유형Ⅰ_기업지원금) 6개월 이상 고용유지시 기업지원금 신청 ㅇ (유형Ⅱ_기업지원금) 6개월 이상 고용유지시 기업지원금 신청 ㅇ (유형Ⅱ_청년인센티브)186개월 이상 근속시 청년 장기근속인센티브 신청 (지원금 지급) 운영기관은 사전 심사 후 고용센터에 지급 검토보고서 제출, 고용센터에서 최종 심사 후 기업에 지원금 지급",,고용노동부,한국고용정보원,https://www.work24.go.kr,https://www.work24.go.kr,,2025-01-23 16:58:44,2025-01-23 19:33:35,5,온통청년_OPEN_API_getPlcy,전남,청년일자리 도약장려금 기업의 청년고용 확대를 지원하고 취업애로 청년의 취업을 촉진함으로써 청년고용 활성화를 목적으로 하는 정책 유형 5인 이상 중소기업에서 취업애로청년을 정규직으로 채용하고 6개월 이상 고용유지시 기업지원금 지급 유형 빈일자리 업종 중소기업에서 청년을 정규직으로 채용 후 6개월 이상 고용유지시 기업지원금 지급하고 해당 기업에서 18개월 이상 재직한 청년에게 청년장기근속인센티브 지급 장기미취업청년 일자리
전남,46000,20250123005400110389,중증장애인근로자 출퇴근 비용 지원,보조금,"저임금 중증장애인 근로자(최저임금 적용제외 근로자, 기초생활수급자 및 차상위계층 근로자)에게 출퇴근시 소요되는 교통비를 지원하여 안정적인 직업생활과 고용유지를 지원","○ 지원내용: 매월 7만원 한도로 교통 실비 지원(전용카드 발급 필수) ○ 지원범위: 대중교통(버스, 지하철), 택시(장애인콜택시포함), 유류비 등",참여권리,정책인프라구축,"일자리, 복지, 참여 프로그램",일자리,20241201 ~ 20250228,예산 소진시까지,"0세~0세 / 연령제한:Y 0043003 0 0 최저임금적용제외인가자이거나, 기초생활수급자 또는 차상위계층인 자 U&I우리카드 또는 우체국동행 체크카드 사용 필수 www.wooricard.com 또는 우리카드 앱, 거주지 인근 우리은행 영업점 발급신청 가능 인근 우체국에 방문하여 발급신청 다만, 공단에서 지원 대상자 선정 통보를 받은자만 지원금 수령 가능 ※ 당해연도 예산 소진시 조기에 지원금 지급이 종료될 수 있습니다. ※ 고용보험 탈락, 수급·차상위 자격 중지 등 자격조건 상실시 탈락처리되며, 조건 상실 이후 사용한 금액은 지급되지 않습니다. 「사업주 및 장애인 등에 대한 융자지원 규정」의 장애인근로자 통근용 승합차 이용자 제외 0011009 0013001 0049010 0055003",0세~0세 / 연령제한:Y,"0043003 0 0 최저임금적용제외인가자이거나, 기초생활수급자 또는 차상위계층인 자",① hub.kead.or.kr(장애인서비스신청포털) 가입 후 출퇴근 비용지원 신청 클릭 ② 사업장 소재지 공단 지역본부 및 지사 취업지원부로 신청 문의,"○ 신청서(한국장애인고용공단 홈페이지에서 다운로드), 통장사본, 근로계약서사본, 기초생활수급 및 차상위계층 증빙서류",고용노동부,한국장애인고용공단,https://hub.kead.or.kr/trfeCostAplyGuid.do,https://www.kead.or.kr/sprcmtsvdsblt/cntntsPage.do?menuId=MENU0643,,2025-01-23 11:10:10,2025-02-07 09:44:52,5,온통청년_OPEN_API_getPlcy,전남,중증장애인근로자 출퇴근 비용 지원 저임금 중증장애인 근로자 최저임금 적용제외 근로자 기초생활수급자 및 차상위계층 근로자 에게 출퇴근시 소요되는 교통비를 지원하여 안정적인 직업생활과 고용유지를 지원 보조금 일자리
전남,46000,20250123005400110388,육아기 근로시간 단축 급여,육아,육아기에 근로시간을 단축하여 근무하는 경우 급여를 지원하여 육아기 근로자의 경력단절을 방지하고 일과 가정의 양립을 지원,"○ 육아기 근로시간 단축 - 사업주는 근로자가 만 8세 이하 또는 초등학교 2학년 이하의 자녀를 양육하기 위하여 육아기 근로시간 단축을 신청하는 경우에 허용하여야 하고, 단축 후 근로시간은 15시간 이상이고 35시간을 넘어서는 안 되며, 육아기 근로시간 단축은 1년 이내(육아휴직 미사용 기간 가산 시 최대 2년) 사용 가능함 * 2025. 2. 23. 이후 변경 내용 - 대상 자녀 연령 확대: 만 8세(초등학교 2학년) 이하 → 만 12세(초등학교 6학년) 이하 - 사용 기간: 1년 이내(육아휴직 미사용 기간 가산 시 최대 2년) → 1년 이내(육아휴직 미사용 기간 2배 가산 시 최대 3년) ○ 육아기 근로시간 단축 급여 - 정부(고용센터)가 육아기 근로시간 단축을 30일 이상 사용한 근로자에게 단축 근로시간별 기준금액에 따라 산정한 금액으로 급여 지원 - 급여액 · 매주 최초 10시간 단축분: 월 통상임금 100%(상한액 220만원) × (10 / 단축 전 소정근로시간) · 나머지 근로시간 단축분: 월 통상임금의 80%(상한액 150만원) × (단축 전 소정근로시간 - 단축 후 소정근로시간 - 10) / 단축 전 소정근로시간)",참여권리,정책인프라구축,"일자리, 참여 프로그램",일자리,,20250101 ~ 20251231,0세~0세 / 연령제한:Y 0043001 0 0 ○ 「남녀고용평등과 일ㆍ가정 양립 지원에 관한 법률」 제19조의2에 따른 육아기 근로시간 단축을 30일 이상 사용 ○ 육아기 근로시간 단축을 시작한 날 이전에 고용보험 피보험 단위기간이 합산하여 180일 이상 ○ 육아기 근로시간 단축을 시작한 날 이후 1개월부터 끝난 날 이후 12개월 이내에 신청 0011009 0013010 0049010 0055003,0세~0세 / 연령제한:Y,0043001 0 0,○ 고용센터 방문 또는 우편 신청 ○ 고용24 누리집(www.work24.go.kr) 신청,"○ 육아기 근로시간 단축 급여 신청서 ○ 육아기 근로시간 단축 확인서 1부 ○ 육아기 근로시간 단축 전·후의 소정근로시간, 통상임금 등의 근로조건을 확인할 수 있는 증명자료(임금대장, 근로계약서 등) 사본 1부 ○ 육아기 근로시간 단축기간 동안 사업주로부터 지급받은 금품을 확인할 수 있는 자료(단축된 소정근로시간을 초과한 근로를 이유로 지급받은 금품은 별도로 확인할 수 있어야 함) 사본 1부",고용노동부,한국고용정보원,https://www.work24.go.kr,https://www.gov.kr/portal/rcvfvrSvc/dtlEx/999000000007?administOrgCd=ALL,,2025-01-23 10:55:34,2026-01-01 00:00:00,5,온통청년_OPEN_API_getPlcy,전남,육아기 근로시간 단축 급여 육아기에 근로시간을 단축하여 근무하는 경우 급여를 지원하여 육아기 근로자의 경력단절을 방지하고 일과 가정의 양립을 지원 육아 일자리
전남,46000,20250123005400110386,고용보험 미적용자 출산급여 지원,출산,소득활동을 하고 있으나 고용보험 미적용으로 고용보험의 '출산전후휴가급여'를 지원받지 못하는 출산여성에게 출산급여 지원을 통해 모성보호와 생계지원,"○ 고용보험 미적용자 출산급여 - 총 150만원 - 유산, 사산의 경우는 임신 기간에 따라 급여 수준 상이 - 임신 기간 15주까지 : 30만원 / 16~21주 : 50만원 / 22~27주 : 100만원 / 28주 이상 : 150만원",복지문화,취약계층 및 금융지원,"일자리, 복지",일자리,,20250101 ~ 20251231,"0세~0세 / 연령제한:Y 0043003 0 0 소득 활동 중 ○ 출산 전 18개월중 3개월 이상 소득활동이 확인되어야 합니다. ○ 근로자 - 1유형 : 출산전 30일 이상 고용보험에 가입하고 있고, 고용보험의 출산전후휴가급여 수급요건을 미충족*한 근로자 · 출산전후휴가가 끝난 날 전까지 피보험 단위 기간이 통산하여 180일 이상 - 2유형 : 고용보험법상 고용보험 적용제외 사업*의 근로자 및 적용제외 근로자** * 적용제외 사업: 농,임,어업 중 법인이 아닌 자가 상시 4명 이하의 근로자를 사용하는 사업, 총 공사금액이 2천만원 미만인 공사, 연면적 100㎡ 이하 건축물의 건축, 200㎡ 이하 건축물의 대수선 공사 - 적용제외 사업의 입증 : 관련 업종이 명시된 사업자등록증 또는 공적 기관이 발급한 확인서(예시:농업경영체등록확인서, 축산업허가증, 어업 경영체등록확인서, 어업허가증, 임업 후계자 증서, 공사금액이 명시된 도급계약서 등) ** 적용제외 근로자 : 소정 근로시간이 월 60시간 미만인 근로자(주 15시간 미만 포함) - 3유형 : 고용보험 미성립 사업장 소속의 고용보험 미가입 근로자(고용보험 가입 의무가 있는 사업장이지만 성립신고를 하지 않아, 소속 근로자 또한 피보험자격을 갖지 못한 경우) ○ 1인 사업자 - 출산일 현재 피고용인이 없는 단독ㆍ공동사업자. 다만, 예외적으로 출산일 이전 3개월 이후 보조인력을 채용한 경우 지원 가능 * 공동사업자의 경우 명의ㆍ실질 모두 공동사업자인 경우에 한함 *농림어업에 종사하는 출산여성이 부부 공동명의의 '경영체등록확인서'를 제출한 경우 지원대상으로 인정 - 4유형 : 1인 사업자로서 출산일 전전년도~당해년도 사업에 대한 세금신고(부가세, 소득세)사실이 있는자 * 부동산임대업은 제외(부동산 임대 관련한 소득활동은 불인정) - 5유형 : 1인사업자로 출산일 전전년도~당해년도 사업에 대한 세금신고 사실이 없는 자 ○ 그밖의 소득활동을 하는 여성 - 6유형 : 사업자등록을 하지 않은 특수형채 근로자 및 자유계약자(프리랜서) 등 * 특수형태 근로자(19개 직종) : 보험설계 0011009 0013010 0049010 0055003",0세~0세 / 연령제한:Y,0043003 0 0 소득 활동 중,○ 방문 신청 또는 우편 : 고용센터 ○ 온라인 신청 : 고용24 홈페이지(www.work24.go.kr) ○ 지급 결정 / 지급 : 신청 접수 후 14일 이내 지급(부지급) 결정 및 통지 / 본인 계좌로 지급 => 별도로 신청절차를 넣어서 표기,"○ 공통 - 고용보험 미적용자 출산(유산,사산)급여 신청서 - 출산 자녀가 등록된 주민등록표 등본(유산, 사산의 경우는 임신기간이 명시된 의료기관 진단서) - 출산 전 18개월 중 3개월 이상의 소득 활동한 증빙자료(사업 또는 노무 제공 입증자료 및 소득 발생 입증자료) - 일용직 근로자 및 고용보험 적용제외자(2유형)는 출산 전 3개월 중 10일 이상 근로한 사실을 입증하면 '출산일 현재 근로'하는 것으로 인정 ○ 2유형, 3유형 : 고용보험 미가입 확인서(소정양식, 사업주가 작성), 재직증명서, 급여이체내역(통장사본) ○ 4유형 - 사업자등록증 - 출산한 해의 전전년도~당해년도 사업활동에 대한 세금신고 사실을 확인할 수 있는 서류(1건 이상) 예) 부가가치세 과세표준증명원, 부가가치세면세사업자 수입금액증명, 소득금액증명원 또는 표준재무제표증명원 ○ 5유형 : 사업자등록증, 출산일 이전 18개월 중 3개월 이상 소득 발생 증빙자료(예:카드매출영수증, 매출세금계산서 등) ○ 6유형 - 소득활동 증빙자료 : 예)근로계약서, 도급계약서, 재직증명서, 경력증명서 등 - 출산일 이전 18개월 중 3개월 이상 소득 발생 증빙자료 : 예)노무제공의 대가 입금내역, 소득세원천징수 내역 등 * 과거에 근로자 또는 사업자 경력이 있더라도, 현재 6유형에서의 소득 발생 사실을 반드시 1건 이상 증빙",고용노동부,한국고용정보원,https://www.work24.go.kr/cm/main.do,https://www.gov.kr/portal/rcvfvrSvc/dtlEx/149200000153?administOrgCd=ALL,,2025-01-23 10:45:13,2026-01-01 00:00:00,5,온통청년_OPEN_API_getPlcy,전남,고용보험 미적용자 출산급여 지원 소득활동을 하고 있으나 고용보험 미적용으로 고용보험의 출산전후휴가급여 를 지원받지 못하는 출산여성에게 출산급여 지원을 통해 모성보호와 생계지원 출산 일자리
전남,46000,20250123005400110385,"고용평등 심층상담(직장 내 성희롱, 고용상 성차별 피해, 모성보호제도 등)",맞춤형상담서비스,"직장 내 성희롱, 고용상 성차별, 모성보호제도 등 피해와 관련한 상담을 원하는 분들께, 청, 대표지청의 고용평등상담지원관이 권리구제를 위한 전문 상담 서비스를 제공합니다.","ㅇ 지원대상: 직장 내 성희롱, 고용상 성차별, 모성보호제도 등 상담을 원하는 사람 ㅇ 상담방법 - 전화상담: 1551-9811 → 권역선택(1~8번) → 고용평등상담지원관 - 대면상담: 전국 권역별 8개 청, 대표지청 내 고용평등 전담 상담창구 방문 - 온라인 상담: 고용노동부 노동포털(https://labor/moel.go.kr)-민원신청-고용평등온라인상담서비스 ㅇ 지원내용 - (상담 및 자문) 초기 상담부터 법적권리 등 해결방안 찾기, 분쟁 발생 시 자문 등 - (권리구제 연계) 상담만으로 해결이 어려운 사안은 권리구제 방법 또는 신고사건 연계 - (심리정서치유지원) 피해자의 일상복귀를 위해 심리정서치유프로그램 연계 지원",참여권리,정책인프라구축,"일자리, 직무교육, 복지, 참여 프로그램",일자리,,20250101 ~ 20251231,0세~0세 / 연령제한:Y 0043001 0 0 0011009 0013010 0049010 0055003,0세~0세 / 연령제한:Y,0043001 0 0,,,고용노동부,한국고용정보원,https://labor.moel.go.kr,https://www.moel.go.kr/info/etc/dataroom/view.do?bbs_seq=20240100074,,2025-01-23 10:16:18,2026-01-01 00:00:00,5,온통청년_OPEN_API_getPlcy,전남,고용평등 심층상담 직장 내 성희롱 고용상 성차별 피해 모성보호제도 등 직장 내 성희롱 고용상 성차별 모성보호제도 등 피해와 관련한 상담을 원하는 분들께 청 대표지청의 고용평등상담지원관이 권리구제를 위한 전문 상담 서비스를 제공합니다 맞춤형상담서비스 일자리
전남,46000,20250123005400110384,결혼이민여성 취업지원,맞춤형상담서비스,집단상담프로그램 참여를 통하여 경력단절 결혼이민 여성등의 근로의욕 고취와 구직능력향상을 도모하고 직업훈련 연계 및 취업알선 등 취업지원서비스 제공,"○ 서비스 내용 : 집단상담프로그램을 통한 직업상담, 구직기술 습득 및 취업알선 - 지역 여건에 맞는 취업정보 제공 - 상담은 그룹을 지어 3~4일간(총 12~15시간) 진행 - 개별 상담을 통하여 직업훈련 연계, 취업 알선 등 서비스 ○ - 결혼이민여성이 어디에 취업할 수 있는지 필요한 정보를 알고 싶은 분 - 이력서 쓰는 법, 면접 준비사항 등 취업 기초 소양을 배우고 싶은 분 - 직장생활에서 겪을 수 있는 어려움을 알고 준비하고 싶으신 분 ○ 서비스 제공기관(여성새로일하기센터 21개소) - (서울) 서초새일센터, 용산새일센터, 강서새일센터 - (인천,경기) 영통새일센터, 성남새일센터, 안산새일센터, 시흥새일(산단형)센터, 평택새일센터 - (부산,경남) 부산새일센터 - (대구) 수성새일센터, 대구달서새일센터, 대구남부새일센터, - (광주,전라) 송원대새일센터, 장성새일센터, 화순새일센터, 나주새일센터, 광산새일센터, 정읍새일센터 - (대전,충청) 대전새일센터, 대전배제대ict새일센터, 당진새일센터 · 위 21개 새일센터 외에도 가까운 새일센터에 상담하시면 유용한 정보를 얻을 수 있습니다.",일자리,재직자,"일자리, 직무교육, 복지, 참여 프로그램",일자리,,20250101 ~ 20251231,0세~0세 / 연령제한:Y 0043001 0 0 12개월이내 집단상담 기 수료자 0011009 0013010 0049010 0055003,0세~0세 / 연령제한:Y,0043001 0 0,지역 여성새로일하기센터 통해 신청,,고용노동부,한국고용정보원,https://www.gov.kr/portal/rcvfvrSvc/dtlEx/PTR000050672?administOrgCd=ALL,,,2025-01-23 09:30:53,2026-01-01 00:00:00,5,온통청년_OPEN_API_getPlcy,전남,결혼이민여성 취업지원 집단상담프로그램 참여를 통하여 경력단절 결혼이민 여성등의 근로의욕 고취와 구직능력향상을 도모하고 직업훈련 연계 및 취업알선 등 취업지원서비스 제공 맞춤형상담서비스 일자리
전남,46000,20250123005400110377,직업훈련 생계비대부사업,"장기미취업청년,대출,보조금,교육지원","취약계층(비정규직근로자, 전직실업자, 무급휴직자, 자영업자인 피보험자)이 생계비에 대한 부담 없이 장기간 체계적인 훈련을 받고 더 나은 일자리로의 취업을 할 수 있도록 생계비를 융자 신청할 수 있도록 함","○ 1인당 대부 한도액 : 1,000만 원 (특별고용지원업종 및 고용위기지역은 2,000만원) ○ 월별 대부 한도액 : 200만 원(최소 50만 원) ○ 상환 방법 : 1년 거치 3년, 2년 거치 4년, 3년 거치 5년 균등분할 상환 ○ 융자금리 : 연 1% ○ 최대 3년 거치 5년 균등 상환",일자리,취업,"일자리, 직무교육",일자리,,상시(2025.01.01~12.31.),"0세~0세 / 연령제한:Y 0043003 0 0 추가 신청자격요건 참고 ○ 고용노동부가 지원하는 훈련 중 140시간 이상 훈련에 참여하고 있는 비정규직 근로자 및 전직실업자, 무급휴직자, 피보험자인 자영업자 중 가구원 합산 소득이 기준중위소득의 80% 이하인 자 - 국가기간·전략산업직종 훈련 및 첨단산업 디지털 핵심 실무인재 양성훈련 참여자의 경우 기준 중위소득의 100%이하인 자 0011009 0013009 0049010 0055003",0세~0세 / 연령제한:Y,0043003 0 0 추가 신청자격요건 참고,근로복지공단 각 지역본부 및 지사 방문 또는 근로복지넷 온라인 신청(https://welfare.comwel.or.kr/service/default/svcs/login.do?mCode=M020040000),"직업훈련생계비 대부 신청서, 서약서, 훈련수강증, 주민등록등본, 개인정보 수집이용제공 동의서, 필요시 근로계약서(비정규직 근로자) 또는 무급휴직자 확인서(무급휴직자), 국세청 발급 사실증명 (만 20세이상 가구원 중 소득이 없는 경우), 소득금액증명(근로소득자용 또는 종합소득세 신고자용, 만 20세 이상 가구원에 해당), 기초생활수급자증명서 또는 차상위계층확인서(해당자에 한함), 보호종료확인서(해당자에 한함)",고용노동부,근로복지공단,https://welfare.comwel.or.kr/service/default/svcs/login.do?mCode=M020040000,https://www.gov.kr/portal/rcvfvrSvc/dtlEx/149200000037?administOrgCd=ALL,https://www.work24.go.kr/cm/c/f/1100/selecSystInfo.do?currentPageNo=1&recordCountPerPage=10&upprSystClId=SC00000057&systClId=SC00000058&systId=SI00000366,2025-01-23 09:14:15,2026-01-01 00:00:00,5,온통청년_OPEN_API_getPlcy,전남,직업훈련 생계비대부사업 취약계층 비정규직근로자 전직실업자 무급휴직자 자영업자인 피보험자 이 생계비에 대한 부담 없이 장기간 체계적인 훈련을 받고 더 나은 일자리로의 취업을 할 수 있도록 생계비를 융자 신청할 수 있도록 함 장기미취업청년 대출 보조금 교육지원 일자리
전남,46000,20250122005400110376,취업능력향상(행복오름) 프로그램,"교육지원,장기미취업청년","근로능력수급자의 근로의욕 증진과 경력설계를 돕기 위해, 대상자의 취업능력 향상을 지원하고 맞춤형 취업지원이 이루어질 수 있도록 마련된 프로그램","□ 매회 1.5시간 특강형태로 진행 □ 심리적 자립과 효율적 경력설계 노하우 습득을 지원하여 개인의 더 나은 삶을 설계할 수 있도록 구성 □ 프로그램 참여 후 고용복지+센터의 네트워크를 통해 복지부, 행안부, 고용부의 다양한 지원정책 활용이 가능",일자리,취업,"일자리, 직무교육, 복지, 참여 프로그램",일자리,,연중,"0세~0세 / 연령제한:Y 0043001 0 0 국민기초생활보장법에 따라 자치단체에서 의뢰한 수급자에 한하여 참여할 수 있고, 프로그램 참여 중 주어진 과제 또는 활동에 참여하지 않는 경우 참여 제한 가능 0011009 0013010 0049010 0055003",0세~0세 / 연령제한:Y,0043001 0 0,"□ (온라인) 고용24(work24.go.kr)에 로그인 후, """"취업지원 > 취업역량강화"""" 메뉴로 이동하여 구직자취업역량 강화프로그램 클릭, 참여 희망 고용센터 선택 신청 □ (오프라인) 가까운 고용센터를 방문하여 담당자 상담을 통해 희망 프로그램 참가 신청","온라인 신청서 제출 (단, 참가신청 확정 후, 필요한 제출서류가 있을 경우, 별도 안내)",고용노동부,한국고용정보원,https://work24.go.kr/wk/b/a/1120/empSchdInviteCtrList.do,https://work24.go.kr/wk/b/a/1110/retriveIntro.do,,2025-01-22 20:28:36,2026-01-01 00:00:00,5,온통청년_OPEN_API_getPlcy,전남,취업능력향상 행복오름 프로그램 근로능력수급자의 근로의욕 증진과 경력설계를 돕기 위해 대상자의 취업능력 향상을 지원하고 맞춤형 취업지원이 이루어질 수 있도록 마련된 프로그램 교육지원 장기미취업청년 일자리
전남,46000,20250122005400110369,구직급여,맞춤형상담서비스,고용보험 근로자가 실직하여 재취업 활동을 하는 기간에 소정의 급여를 지급함으로써 실업으로 인한 생계불안을 극복하고 생활의 안정을 도와주며 재취업의 기회를 지원해주는 제도,"* 1일 구직급여 지급액 1일 구직급여 지급액은 퇴직 전 3개월간의 1일 평균임금의 60퍼센트 상한액은 1일 66,000원 하한액은 1일 구직급여 수급액이 최저임금일액의 80퍼센트 미만인 경우에는 최저임금일액의 80퍼센트로 계산(1일 평균 소정근로시간이 8시간인 경우 2025.1.1. 이후 이직한 사람은 64,192원, 2024.1.1. 이후는 63,104원, 2023.1.1. 이후는 61,568원, 20191.1.~2020.12.31.에 이직한 사람은 60,120원) (이직일이 2019.10.1 이전은 1일 구직급여 수급액이 최저임금일액의 90퍼센트 미만인 경우에는 최저임금일액의 90퍼센트로 계산) 최저 구직급여일액은 가입종료일을 기준으로 해당연도 최저임금일액으로 계산 * 자영업자의 경우 구직급여, 직업능력개발수당, 광역구직활동비, 이주비는 적용되나, 연장급여, 조기재취업수당 등은 적용되지 않음 * 예상지급일 수 예상지급일 수는 퇴직 당시 연령 과 고용보험 가입기간에 따라 최소 120일에서 최대 270일까지로 계산 됩니다. 구직급여에 관하여 궁금하신 내용은 실업급여 상세 안내 페이지",일자리,취업,"일자리, 복지",일자리,,연중,"0세~0세 / 연령제한:Y 0043001 0 0 실업인정 차수별 재취업활동 횟수와 범위를 달리하고, 수급자별 특성에 맞게 차별하여 적용 0011009 0013010 0049010 0055003",0세~0세 / 연령제한:Y,0043001 0 0,실업(고용보험 피보험자격 상실) > 고용24 구직등록 > 거주지 관할 고용센터 방문 > 수급자격인정신청 > 구직급여신청 (지급요건 등 확인 work24.go.kr),거주지 관할 고용센터 방문시 별도 안내,고용노동부,한국고용정보원,,https://work24.go.kr,,2025-01-22 20:23:11,2026-01-01 00:00:00,5,온통청년_OPEN_API_getPlcy,전남,구직급여 고용보험 근로자가 실직하여 재취업 활동을 하는 기간에 소정의 급여를 지급함으로써 실업으로 인한 생계불안을 극복하고 생활의 안정을 도와주며 재취업의 기회를 지원해주는 제도 맞춤형상담서비스 일자리
전남,46000,20250122005400110368,직업심리검사,교육지원,"개인의 능력과 흥미, 성격 등 다양한 심리적 특성을 측정하여 자기 이해를 돕고 적합한 진로분야 선택을 돕기 위해 20여종의 심리검사 제공","□ 다양한 직업심리검사를 통해 개인의 능력과 흥미, 성격 등의 심리적인 특성들이 각 직업에서 요구하는 능력수준 및 특성에 얼마나 적합한지를 과학적인 방법으로 측정하여 보다 성공 가능성이 높고 만족할 만한 직업들을 탐색하도록 지원 □ 검사종류 ○ 청소년: 초등학생 진로인식검사, 청소년 직업흥미검사, 직업흥미탐색검사(간편형), 중학생 진로적성검사, 고등학생 적성검사, 청소년 인성검사, 중학생 진로발달검사, 고등학생 진로발달검사 ○ 성인 : 직업적성검사, 직업선호도검사(S형/L형), 준고령자 직업선호도검사, 대학생 진로준비도검사, 구직준비도검사, 영업직무 기본역량검사, IT직무 기본역량검사, 창업적성검사, 중장년 직업역량검사, 준고령자 구직상담검사 등 ○ 공통 : 직업가치관검사, 진로준비진단검사, 흥미로 알아보는 직업탐색 □ 검사 실시 후 전문 상담사에게 결과 해석 상담 가능",교육,미래역량강화,"일자리, 직무교육, 창업지원, 복지",일자리,,연중,0세~0세 / 연령제한:Y 0043001 0 0 0011009 0013010 0049010 0055003,0세~0세 / 연령제한:Y,0043001 0 0,"1. 고용24(work24.go.kr)에 접속하여 개인회원으로 로그인 2. ""취업지원>취업가이드>직업심리검사"" 메뉴로 이동하여 ""청소년용 직업심리검사 실시"" 또는 ""성인용 직업심리검사"" 클릭 3. 검사 선택 후 검사 실시 > 검사 완료 후 결과보기 또는 상담 신청",,고용노동부,한국고용정보원,https://www.work.go.kr/consltJobCarpa/jobPsyExam/jobPsyExamIntro.do,,,2025-01-22 20:09:16,2026-01-01 00:00:00,5,온통청년_OPEN_API_getPlcy,전남,직업심리검사 개인의 능력과 흥미 성격 등 다양한 심리적 특성을 측정하여 자기 이해를 돕고 적합한 진로분야 선택을 돕기 위해 20여종의 심리검사 제공 교육지원 일자리
전남,46000,20250122005400110355,해외취업정착지원금,"보조금,해외진출",해외취업에 성공한 도전적인 청년의 원활한 현지 정착과 장기근속을 위해 지원금 지급,□ 취업 후 1개월 : 250만원 □ 취업 후 6개월 : 100만원 □ 취업 후 12개월 : 150만원,일자리,취업,"일자리, 복지",일자리,,20250101 ~ 20251231,"15세~34세 / 연령제한:N 0043001 0 0 □ 만 34세 이하(89.1.1 이후 출생자)인 자 □ 신청자 본인, 부모, 배우자, 자녀의 합산소득이 6분위 이하인 자 ○ (미혼인 경우) 취업일자 전월 납입한 본인과 부모의 건강보험료 합산액이 기준 금액 이하인 자(장기요양보험료는 제외, 미납자는 부과액 기준) ○ (기혼인 경우) 취업일자 전월 납입한 신청자 본인, 배우자 및 자녀의 건강보험료 합산액이 기준 금액 이하인 자(장기요양보험료는 제외, 미납자는 부과액 기준) □ 월드잡플러스 사전 구직등록(회원가입) 후 근로계약서를 작성한 자(근로계약서 작성 전 입사한 경우는 입사일 기준으로 함) □ 21.2 년도 취업자는 홈페이지 취업일 해당자부터 본인 신청기한 내 신청 가능 □ 월드잡플러스 블랙리스트 등재 및 3년간 공단 해외취업 지원사업 참여 불가 □ 해외취업정착지원금(舊 해외취업성공장려금)을 이미 지원받은 경우(1차 지원금만 지원받은 경우에도 동일) 또는 동일 차수 중복지원 등 정착지원금 내 중복수혜가 발생한 경우 □ 지원금에 신청한 동일한 해외취업사실로 지방자치단체 유사사업을 지원받은 경우 □ [해외취업정착지원금 심의위원회]에서 지원 불가로 의결한 경우 0011009 0013010 0049010 0055003",15세~34세 / 연령제한:N,0043001 0 0,□ 모바일 신청 ○ 월드잡플러스 앱 설치 > 접속 > 회원가입 > 로그인 > 마이페이지 > 정착지원금 신청하기 클릭 □ PC 신청 ○ 월드잡플러스 홈페이지 접속 > 회원가입 > 로그인> 마이페이지 > 정착지원금 신청하기 클릭,지원금 신청시기별 상이( 관련사이트 사업공고 참조),고용노동부,한국산업인력공단,https://www.worldjob.or.kr/login/login.do?menuId=1000000574,https://www.worldjob.or.kr/,https://www.worldjob.or.kr/info/bbs/notice/view.do?menuId=1000006397&bbscttNo=192459&pageIndex=1&showItemListCount=10&orderByKey=&orderByType=&srchType=&srchTxt=%EC%A0%95%EC%B0%A9%EC%A7%80%EC%9B%90%EA%B8%88&srchType2=&srchType3=&srchType4=&srchType5=,2025-01-22 19:43:16,2026-01-01 00:00:00,5,온통청년_OPEN_API_getPlcy,전남,해외취업정착지원금 해외취업에 성공한 도전적인 청년의 원활한 현지 정착과 장기근속을 위해 지원금 지급 보조금 해외진출 일자리
전남,46000,20250122005400110354,고용유지지원금,보조금,"경기변동, 산업구조의 변화 등에 따른 경영악화 로 고용조정이 불가피하게 된 사업주가 근로자를 퇴직시키지 않고 고용유지조치(휴업, 휴직, 무급휴업, 휴직 등)를 실시하는 경우 지원금을 지원함으로써 근로자의 실업 예방 및 생계안정 유지","□ (지원한도 및 지원기간) 지원한도는 1일 상한액 6.6만원, 지원기간은 휴업.휴직을 합하여 연간 180일(무급휴업.휴직은 근로자별 재직기간 중 총 180일) □ (휴업) 1월간 총 근로시간의 20/100을 초과하여 휴업을 실시하고 휴업수당을 지급한 사업주에게 휴업수당의 2/3(대규모기업 1/2~2/3) 지원 ※ 특별고용지원업종, 고용위기지역은 휴업수당을 지급한 사업주에게 휴업수당의 9/10(대규모기업 2/3~3/4) □ (휴직) 근로자에게 1월 이상 휴직을 부여하고 휴직수당을 지급한 사업주에게 휴직수당의 2/3(대규모기업 1/2~2/3)를 지원 □ (무급휴업ㆍ휴직) 근로자 평균임금의 50% 범위 내에서 직업안정기관의 장이 결정하여 지원",일자리,취업,"일자리, 복지",일자리,,95년~계속,"0세~0세 / 연령제한:Y 0043001 0 0 □ 지원 요건 ○ 유급휴업: 1개월 단위 전체 피보험자 근로시간 대비 20% 초과 단축 ○ 유급휴직: 1개월 이상 근로 면제 ○ 무급휴업: 기준미달 휴업수당 지급에 대한 노동위원회 승인 필요, 30일 이상 실시, 기업규모별 최소 실시인원 충족 - 19명 이하: 50% 이상, 99명 이하: 10명 이상, 100~999명: 10% 이상, 1,000명 이상: 100명 이상 ○ 무급휴직 : 실시전 1년 이내 유급휴업 또는 피보험자의 20% 이상 유급휴직 3개월 실시 필요, 30일 이상 실시, 기업규모별 최소 실시인원 충족 - 99명 이하: 10명 이상, 100~999명: 10% 이상, 1,000명 이상: 100명 이상 □ 지원제한 사유 ○ 계획신고된 고용유지조치기간과 이후 1개월간 정리해고, 사업주 권유 희망, 명예퇴직 등 피보험자의 인위적인 감원이 있을 경우 ○ 고용유지조치 기간 중 신규채용하는 경우 ○ 3년이상 연속하여 같은 달에 고용유지조치를 실시하는 경우(매출액 감소 원인이 계절적으로 당연한 경우) ○ 과거 2년간 고용유지조치를 실시하고 지원금을 지원받은 경우, 해당 고용유지조치기간 종료일로부터 6개월내 피보험자의 10% 이상 고용조정시 신규지원 제한 ('24.7.1. 시행) ○ 계획변경신청 없이 제출된 계획과 다르게 실시한 경우 ○ 고용보험료가 연체된 경우 등 □ 지원제외 대상 근로자(고용유지조치 대상자) ○ 고용보험 피보험자격기간이 90일 이하인 자 ○ 일용근로자 ○ 근로기준법 제26조에 따라 해고가 예고된 자와 경영상 이유로 사업주 권고에 따라 퇴직이 예정된 자 ○ 사업주의 배우자 및 직계존·비속 관계인 자 0011009 0013010 0049010 0055003",0세~0세 / 연령제한:Y,0043001 0 0,"□ 고용유지조치계획서 제출 ※ 유급은 실시 전날까지 제출, 무급은 실시 30일 전까지 제출 □ 고용유지조치 실시 ※ 계획 변경시 변경예정일 전날까지(무급은 변경예정일 10일 전까지) 계획변경신고 □ 실시종료 후 1개월 이내 지 지원금 신청","□ 계획신고시 ○ 고용유지조치계획서 ○ 매출액 장부, 매출처별 세금계산서 합계표, 손익계산서 또는 세금계산서 등 고용조정이 불가피함을 입증하는 서류 ○ 노사협의회 회의록, 대상자명단, 노사협의서 또는 근로자대표 선임서 등 사업주가 근로자 대표와 협의했음을 증명하는 서류 ○ 취업규칙 또는 단체협약 등 소정근로시간 기준 확인가능 서류 ○ 반복 정형화된 연장근로시간 확인 가능 서류(유급휴업) ○ 파견 또는 도급관계 증명서류(파견ㆍ수급사업주) ○ 휴업수당 적용제외 노동위원회 승인서(무급휴업) □ 지원금 신청시 ○ 지원금 신청서 ○ 근로자 월별 임금대장 ○ 출퇴근 현황 증명서류(유급휴업) ○ 휴직수당지급대장 및 휴직 증명서류(유급휴직)",고용노동부,한국고용정보원,https://www.work24.go.kr,https://www.work24.go.kr,https://www.moel.go.kr,2025-01-22 19:38:03,2026-01-01 00:00:00,5,온통청년_OPEN_API_getPlcy,전남,고용유지지원금 경기변동 산업구조의 변화 등에 따른 경영악화 로 고용조정이 불가피하게 된 사업주가 근로자를 퇴직시키지 않고 고용유지조치 휴업 휴직 무급휴업 휴직 등 를 실시하는 경우 지원금을 지원함으로써 근로자의 실업 예방 및 생계안정 유지 보조금 일자리
전남,46000,20250122005400110353,꿈드림 공작소,교육지원,"대국민 공공인프라 개방 서비스로 국민의 직업능력개발을 위해 대국민 무료 기술교육 및 체험활동 지원, 러닝팩토리, 공유스튜디오 등 시설 장비 개방 등 지원","청소년 진로체험부터 영세 자영업자의 시제품 제작까지! ①소기업 소상공인 대상 콘텐츠 제작 교육 ② 미디어 창작활동을 위한 시제품 홍보 영상 촬영 지원 ③ 크로마키, 이러닝 스튜디오, 화상 회의실 등 시설 지원 ④ 영상 콘텐츠 제작과 경진대회 작품 제작 지원 - 모든 장비와 시설 이용료는 무료",일자리,재직자,"일자리, 직무교육",일자리,,연중,0세~0세 / 연령제한:Y 0043001 0 0 제한없음 제한없음 0011009 0013010 0049010 0055003,0세~0세 / 연령제한:Y,0043001 0 0,① 한국폴리텍대학 홈페이지 접속 ② 러닝팩토리 사용 예약 또는 공유스튜디오 사용 예약 신청 ① 가까운 폴리택 캠퍼스 방문 ② ‘꿈드림 공작소’ 담당자 문의 후 이용,,고용노동부,학교법인한국폴리텍 직업능력운영부,https://dream.kopo.ac.kr/home/reqstrcept/index.do,https://dream.kopo.ac.kr/,https://www.korea.kr/news/policyNewsView.do?newsId=148918293,2025-01-22 19:26:03,2026-01-01 00:00:00,5,온통청년_OPEN_API_getPlcy,전남,꿈드림 공작소 대국민 공공인프라 개방 서비스로 국민의 직업능력개발을 위해 대국민 무료 기술교육 및 체험활동 지원 러닝팩토리 공유스튜디오 등 시설 장비 개방 등 지원 교육지원 일자리
전남,46000,20250122005400110348,청년성장프로젝트(청년카페),"장기미취업청년,맞춤형상담서비스","청년의 구직활동 지원 및 쉬었음 전환 예방을 위해 고용노동부, 자치단체가 함께 미취업 청년 등에게 청년 친화적 인프라(청년카페) 및 맞춤형 프로그램 제공","◦ (청년카페 운영) 청년이라면 누구나 청년카페를 방문하여 공간 및 시설을 이용할 수 있고 초기상담 및 다양한 맞춤형 프로그램에 참여할 수 있습니다. ① (인프라 제공) 청년 1:1 상담 등에 필요한 청년 친화적 공간 및 시설 등 인프라 이용 ② (프로그램 참여) 초기상담을 통해 개인 맞춤형 프로그램 설계‧제안, 지역 청년의 일자리 상황 및 정주여건 등에 부합하는 다양한 프로그램 개설‧제공 * ▴’타로‘로 보는 나의 진로, ▴채용 트렌드 이해, ▴퍼스널컬러 및 이미지 메이킹을 통한 취업전략 세우기, ▴관계심리학으로 배우는 대화와 공감 스킬, 경력재설계 및 현직자 멘토링 등 지역별(운영기관) 톡톡튀는 프로그램을 무료로 참여할 수 있습니다. * 운영방식 및 운영 프로그램은 자치단체 및 운영기관별로 상이할 수 있습니다. ③ (후속 지원) 정부·지자체의 청년고용정책 안내 및 연계지원",일자리,취업,"일자리, 직무교육, 복지, 참여 프로그램",일자리,,상시,15세~34세 / 연령제한:N 0043001 0 0 ㅇ 청년 누구나 청년카페를 이용할 수 있으나 프로그램 참여자는 프로그램 이수 후 청년고용정책 연계가 가능한 대상으로 한정합니다. - 제외 대상 예시) 대학 등 진학을 예정하고 있는 청년 ◦15세 이상~34세 이하 미취업 청년 등 * 해당 기준에 포함되지 않더라도 지자체 조례 등에서 지원의 필요성이 있다고 인정하는 경우에는 자치단체별 목표인원의 30%까지 참여 가능 0011009 0013010 0049010 0055003,15세~34세 / 연령제한:N,0043001 0 0,운영기관 직접 방문(오프라인) 또는 고용24 홈페이지(www.work24.go.kr)를 통해 신청,,고용노동부,한국고용정보원,https://www.work24.go.kr/wk/v/a/1000/youngGrowIntro.do,https://youth-up.kr/growth,https://www.work24.go.kr/wk/v/a/1000/youngGrowIntro.do,2025-01-22 19:16:20,2026-01-01 00:00:00,5,온통청년_OPEN_API_getPlcy,전남,청년성장프로젝트 청년카페 청년의 구직활동 지원 및 쉬었음 전환 예방을 위해 고용노동부 자치단체가 함께 미취업 청년 등에게 청년 친화적 인프라 청년카페 및 맞춤형 프로그램 제공 장기미취업청년 맞춤형상담서비스 일자리
전남,46000,20250122005400110347,해외일경험 지원사업(WELL),해외진출,청년들에게 해외 일경험(Work Experience)을 통한 직무체험 학습(Learning) 기회를 제공함으로써 국내외 취업사다리(Ladder) 역할 수행으로 청년들의 해외 일경험을 지원하는 사업,"□ 프로그램 - 사전교육: 25시간 이상 직무소양교육 - 현지 일경험 : 2~4개월 직무체험 - 사후관리 : 현지 일경험 종료 후 6, 12개월 취업지원 등 □ 지원내용 - (참여청년) 국가별 지원금 및 월 체재비 지원 * 국가별 지원금(준비금) : 국가별 지원금의 70% (현지 일경험 개시) * 국가별 지원금(수료금) : 국가별지원금의 30% (현지 일경험 수료) * 체재비 : 월 150만원(28일 미만시 일할 계산, 1일단 53,570원) - 국가별지원금 : 미국(300), 캐나다/호주/뉴질랜드(200), 독일(150), 말레이시아(100), 일본/베트남/필리핀(50)",일자리,취업,"일자리, 직무교육, 복지, 참여 프로그램",일자리,,20250101 ~ 20251230,"15세~34세 / 연령제한:N 0043001 0 0 운영형태 * 공모형(운영기관) : 공모를 통해 선정된 운영기관이 해외기업을 발굴하고 기업과 협약을 통해 국내 청년들에게 해외 일경험 프로그램 제공 * 프로젝트형(공단) : 공단이 직접 또는 협업기관과 함께 해외기업을 발굴하고 기업과 협약을 통해 국내 청년들에게 해외 일경험 프로그램 제공 ※ 프로젝트형 내 자체형(공단이 기업발굴), 협업형(협업기관이 발굴) 구성 정부재정지원 사업 중복 참여자 제외 0011009 0013010 0049010 0055003",15세~34세 / 연령제한:N,0043001 0 0,"월드잡 플러스> 채용·모집 > 해외일경험(WELL) 클릭 후, 관심공고 지원",,고용노동부,한국산업인력공단,https://www.worldjob.or.kr/advnc/wellStrnList.do?menuId=1000006608,https://www.youthcenter.go.kr/board/boardDetail.do?bbsNo=3&ntceStno=1102&pageUrl=board%2Fboard,,2025-01-22 18:01:05,2026-01-01 00:00:00,5,온통청년_OPEN_API_getPlcy,전남,해외일경험 지원사업 WELL 청년들에게 해외 일경험 Work Experience 을 통한 직무체험 학습 Learning 기회를 제공함으로써 국내외 취업사다리 Ladder 역할 수행으로 청년들의 해외 일경험을 지원하는 사업 해외진출 일자리
전남,46000,20250122005400110346,청년도전지원사업,"장기미취업청년,보조금","구직단념청년 등에게 구직의욕 고취 및 자신감 강화를 위한 맞춤형 프로그램 제공, 참여자에게 참여수당.인센티브 지급","□ 단기프로그램 ㅇ 사업운영기간: 5주 이상 ㅇ 참여수당: 1인당 50만원 ㅇ 이수 인센티브, 취업 인센티브: 없음 □ 중기 프로그램 ㅇ 사업운영기간: 15주 이상 ㅇ 참여수당: 1인당 150만원(50만원x3회) ㅇ 이수 인센티브: 이수 시 20만원 ㅇ취업 인센티브: 이수 후 6개월 이내 취업하고 3개월 근속 시 50만원 □ 장기 프로그램 ㅇ 사업운영기간: 25주 이상 ㅇ 참여수당: 1인당 250만원(50만원×5회) ㅇ 이수 인센티브: 이수 시 20만원, 취업관련 활동 시 30만원(국취Ⅰ유형은 국취참여수당으로 대체) ㅇ취업 인센티브: 이수 후 6개월 이내 취업하고 3개월 근속 시 50만원",일자리,취업,"일자리, 직무교육, 복지, 참여 프로그램",일자리,,"사업 운영기간: 단기 프로그램 5주 이상, 중기 프로그램 15주 이상, 장기 프로그램 25주 이상","18세~34세 / 연령제한:Y 0043001 0 0 □ (구직단념청년) 사업 신청일 이전 6개월 이상 취업.교육.직업훈련 참여 이력이 없고*, 구직단념청년 상담원 문답표(붙임 1) 21점 이상(30점 만점)인 만 18~34세 청년 * 취업은 고용보험DB 상용직 기준, 교육.직업훈련은 HRD-Net 기준으로 자격 확인 ※ 다만, 고등학교 졸업 또는 졸업 예정자로 상급학교에 진학하지 않거나, 취업 의지가 낮은 자는 사업 신청일 이전 6개월 이상 취업.교육.직업훈련 참여 이력이 있어도 참여 가능 ※ 6개월 이내 의무복무 예정자 또는 군인(사회복무요원) 참여 불가 ※ 군 경력자는 복무기간에 비례하여 참여 제한 연령을 연동하여 적용(최고 만 39세로 한정) □ (자립준비청년*) 아동복지시설 등**에서 보호받고 퇴소한 자 중 퇴소 5년 이내의 청년 또는 퇴소 대상자임에도 불구하고 퇴소일을연장한 만 18~34세 청년 * 「보호종료아동 지원강화 방안(′21.7)」에 따라 향후 보호종료아동의 명칭을 ‘자립준비청년’ 등으로 변경 ** 아동양육시설, 공동생활가정, 가정위탁, 아동보호치료시설, 자립지원시설 등 □ (청소년복지시설 입.퇴소 청년) ?청소년복지 지원법? 제31조에 따른 청소년복지시설*에서 보호한 만 18~34세 청년 * 청소년쉼터, 청소년자립지원관, 청소년회복지원시설 등 □ (북한 이탈 청년) 북한을 이탈한 자*로서 만 18~34세 청년 * 군사분계선 이북지역(“북한”)에 주소, 직계가족, 배우자, 직장 등을 두고 있는 자로서 북한을 벗어난 후 외국 국적을 취득하지 아니한 사람 □ (지역특화청년) 위 참여자에 해당하지 않는 청년 또는 지자체 조례 등에서 지원의 필요성이 있다고 인정하는 청년(단기, 중기, 장기 프로그램별 참여인원의 최대 30%까지 참여 가능) ※ 사업계획 수립 시 지역특화의 기준을 작성?제출하고 심사 시 적정성 여부를 확인 및 보완하며, 추후 주요 내용 변경 시 고용노동(지)청에 변경 승인을 받아 운영 □ (공통) 참여자에 해당하더라도 다음의 어느 하나에 해당하는 자는 청년도전지원사업 참여를 제한 ㅇ고용보험법에 따른 구직급여를 받고 있거나 구직급여의 지급이 끝난 날부터 6개월이 지나지 아니한 자* * 다만, 고용보험에 가입되어 구직급여 수급자격을 갖춘 경우라도 구직급여를 수급하지 않으면 참여 가능 ㅇ 국민취업지원제도에 참여하여 수혜 중인 자 ㅇ 사이버대학교, 대학원, 방송통신고등(대)학교 등 재학생 □ (단기 프로그램) 참여요건 충족 시 재참여 가능(이수자 재참여 시 참여수당 등 중복지급 불가) 참여요건 충족 시 재참여 가능(이수자 재참여 시 참여수당 등 중복지급 불가) ㅇ 단기 프로그램 참여 후 종료된 자는 종료일로부터 6개월 경과 후에 중기.장기 프로그램 참여 가능(단, 당해연도 중복 참여 불가) ※ 중기, 장기 프로그램 이수자는 단기프로그램 재참여 불가 □ (중장기 프로그램) 국가 또는 지자체의 유사사업에 참여하여 수당* 등을 지원받은 자로서 수당 지급이 끝난 날부터 6개월이 지나지 아니한 자는 참여 제외 * 월평균 50만 원 이상 또는 총 300만 원 이상 ※ 6개월 산정 시점은 신청일 기준 - ‘중기, 장기 프로그램’ 참여 후 종료된 자는 종료일(이수일 또는 중도탈락일)로부터 1년 경과 후 같은 프로그램 재참여 가능 ※ 단 중기, 장기 프로그램 중도탈락자 중 참여수당 지급받은 이력이 없는 자는 참여대상 요건 충족 시 참여 가능 0011009 0013010 0049010 0055003",18세~34세 / 연령제한:Y,0043001 0 0,신청방법 ① 고용24 홈페이지 접속하여 회원가입 후 구직회원 전환 * 구직회원 전환 방법: 회원가입 후 [마이페이지] ▷ [이력서관리/구직신청] ▷ [워크넷 구직신청] ▷ [나의 구직신청정보 입력 후 구직신청하기] ② 고용24 홈페이지 접속하여 로그인 후 ‘고용복지정책’ 탭 내 ‘청년도전지원사업’ 클릭 또는 아래 신청하기 클릭 → [고용24 청년도전 신청하기] ③ 지원대상 및 청년센터 확인 후 신청 누르기 ④ 개인정보 입력 및 계좌번호 입력하기 ⑤ 개인정보동의 및 통장사본 등록 ⑥ 신청기관 선택하기,,고용노동부,고용노동부,https://www.work.go.kr/youngChallenge/index.do,http://www.moel.go.kr/policy/policyinfo/young/list18.do,https://www.work.go.kr/youngChallenge/retrieveCdjOperOrgPopup.do,2025-01-22 17:17:48,2026-01-01 00:00:00,5,온통청년_OPEN_API_getPlcy,전남,청년도전지원사업 구직단념청년 등에게 구직의욕 고취 및 자신감 강화를 위한 맞춤형 프로그램 제공 참여자에게 참여수당 인센티브 지급 장기미취업청년 보조금 일자리
전남,46000,20250121005400110344,2025년 전국민마음투자지원사업,"맞춤형상담서비스,바우처","우울.불안 등 정서적 어려움이 있는 국민에게 대화 기반의 전문 심리상담 서비스를 제공하여, 국민의 마음건강을 돌보는 정책","□ 서비스 내용 ○ (지원내용) 총 8회, 전문 심리상담 서비스(바우처) 제공(회당 최소 50분 이상) ○ (지원기간) 바우처 생성일로부터 120일 □ 서비스 계약 ○ 이용자가 직접 주소지 관계없이 원하는 제공기관 선택 후 계약체결 ※ 제공기관 검색: 사회서비스 전자바우처 포털(www.socialservice.or.kr) □ 서비스 가격 ○ (서비스 단가) 1회당 1급 유형 8만원, 2급 유형 7만원 ※ 제공인력 자격기준에 따라 서비스 유형(1급/2급) 구분 ○ (본인부담금) 소득수준별 0~30%(1회, 0 ~ 최대 24,000원)",복지문화,건강,복지,복지,20250101 ~ 20251231,2025년 1월 1일 ~ 2025년 12월 31일(예산 소진 시까지),"0세~0세 / 연령제한:Y 0043001 0 0 ○ (대상) 지원 대상 기준을 충족한 자(※ 만 19세 미만 자는 보호자 동의 필요) ○ (신청권자) 본인, 친족, 법정대리인, 담당공무원(직권신청) ○ 약물·알콜중독, 중증 정신질환(예: 조현병 등), 심각한 심리적 문제(급박한 자살위기 등)로 정신건강의학과(이하 '정신과') 진료가 우선적으로 필요한 경우 등 참여 제한 0011009 0013010 0049010 0055003",0세~0세 / 연령제한:Y,0043001 0 0,"○ (방문신청) 증빙서류 지참, 주민등록상 거주지 읍·면·동 행정복지센터 방문하여, 서비스 유형(1급 또는 2급) 결정 후 신청 ○ (온라인 신청) 복지로(www.bokjiro.go.kr)를 통해 온라인 신청(단, 만 19세 이상 본인만 온라인 신청 가능) ※ 온라인 신청도 서비스 유형(1급 또는 2급) 결정 및 증빙서류 업로드 필요",※ 첨부파일(2025년 전국민마음투자지원사업 안내 등) 상 지원대상별 증빙서류 참조,보건복지부,국민건강보험공단 본부,https://www.bokjiro.go.kr/ssis-tbu/twataa/wlfareInfo/moveTWAT52011M.do?wlfareInfoId=WLF00005567,https://www.mohw.go.kr/board.es?mid=a10409020000&bid=0026&act=view&list_no=1484194,https://www.socialservice.or.kr:444/user/htmlEditor/view2.do?p_sn=71,2025-01-21 10:35:15,2025-02-19 10:16:47,5,온통청년_OPEN_API_getPlcy,전남,2025년 전국민마음투자지원사업 우울 불안 등 정서적 어려움이 있는 국민에게 대화 기반의 전문 심리상담 서비스를 제공하여 국민의 마음건강을 돌보는 정책 맞춤형상담서비스 바우처 복지
전남,46000,20250119005400210342,친환경농산물 계약재배 청년농가 육성,보조금,친환경농업 진입 청년 농업인에게 과수·채소 재배 생산시설을 지원하여 학교(공공)급식 계약재배를 통한 안정적인 친환경농산물 생산·공급체계 마련,"친환경농산물 계약재배 단지(시설하우스)조성, 컨설팅 지원 등 ※ 지원규모 : 60농가",일자리,취업,일자리,일자리,20250101 ~ 20250331,20250101 ~ 20251231,0세~0세 / 연령제한:Y 0043001 0 0 49세 이하 청년농가를 우선 대상으로 선정 0011009 0013010 0049010 0055003,0세~0세 / 연령제한:Y,0043001 0 0,① 신청서류 접수(읍･면･동) ② 자격요건 확인 및 대상자 확정(시⋅군) ③ 사업추진(시⋅군),① 친환경농산물 계약재배 청년농가 육성사업 신청서 ② 사업계획서 ③ 개인정보 제공 동의서,전라남도,전라남도,,,,2025-01-19 21:20:10,2025-01-20 17:32:47,5,온통청년_OPEN_API_getPlcy,전남,친환경농산물 계약재배 청년농가 육성 친환경농업 진입 청년 농업인에게 과수 채소 재배 생산시설을 지원하여 학교 공공 급식 계약재배를 통한 안정적인 친환경농산물 생산 공급체계 마련 보조금 일자리
전남,46000,20250119005400210341,전남형 청년공동체 활성화 사업,보조금,청년들의 지역정착과 계획실현 및 사회참여 활동을 지원하여 지역에 활력을 제고합니다.,청년공동체 활동비 및 네트워크 등 교류·협력 지원(7백만원)\ ※ 지원규모 : 102개팀,참여권리,청년참여,참여 프로그램,참여 프로그램,20250301 ~ 20250331,20250101 ~ 20251231,"18세~49세 / 연령제한:N 0043001 0 0 - 구성원의 40%는 타지역 거주자 가능 - 신청연령 : 시군 조례에 규정된 청년 연령에 따름 - 동일(유사) 활동(사업)으로 중앙부처 및 지자체로부터 지원받고 있는 경우 - 단체 고유의 계속사업 - 단순 친목이나 일회성(소모성) 행사, 영리 목적의 모임 또는 활동 - 경상적 경비가 주된 사업 - 특정 정당 또는 선출직 후보를 지지하는 구성원 및 단체 - 특정 종교의 교리전파를 목적으로 하는 활동 - 최근 5년간 보조금 교부조건 등을 위반하여 물의를 일으킨 단체 0011009 0013010 0049010 0055003",18세~49세 / 연령제한:N,0043001 0 0,① 모집공고 및 접수(시·군) ② 대상자 선정 및 활동비 지급(시·군) ③ 공동체 활동 및 네트워크 지원(시·군),① 전남형 청년공동체 활성화 사업 참가신청서 ② 개인정보수집·이용동의서 ③ 서약서 ④ 고유번호증 또는 등록번호증 등 단체를 증명할 수 있는 서류(해당시) ⑥ 외국인과 혼인한 경우 외국인등록증 사본 및 주민등록 등본,전라남도,전라남도,,,,2025-01-19 21:11:02,2025-01-20 14:49:28,5,온통청년_OPEN_API_getPlcy,전남,전남형 청년공동체 활성화 사업 청년들의 지역정착과 계획실현 및 사회참여 활동을 지원하여 지역에 활력을 제고합니다 보조금 참여 프로그램
전남,46000,20250119005400210340,청년 희망디딤돌 통장 운영,금리혜택,청년과 지자체가 공동 적립통장을 개설·운영하여 청년의 자산형성에 보탬이 되어 안정적인 미래 준비를 지원합니다.,"본인부담금(월 10만원) 적립 시, 동일금액 3년간 매칭 지원",복지문화,취약계층 및 금융지원,복지,복지,20250801 ~ 20250829,20250101 ~ 20251231,"18세~45세 / 연령제한:N 0043003 0 0 중위소득 120% 이하 도내 노동자 및 사업자 중 아래 사항을 충족하는 자 - (노동자) 공고일 기준 최근 6개월 동안 3개월(90일) 이상 노동경력이 있는 자 - (사업자) 공고일 기준 6개월 이전에 개업하고 3개우러 이상 사업체를 운영중인 자 공무원 및 공공기관 임직원, 공무직, 군복무자, 사치·향락·도박·사행 등 비사회적 업종 종사자 0011009 0013009 0049010 0055003",18세~45세 / 연령제한:N,0043003 0 0 중위소득 120% 이하,① 신청서류 접수(읍·면·동) ② 자격요건 확인 및 대상자 확정(시·군 및 읍·면·동) ③ 선정자 공고 및 지원,"① 청년 희망디딤돌 통장사업 참여 신청서 ② 신분증 사본 ③ 개인정보수집·이용동의서 ④ 사회보장급여 제공(변경) 신청서 ⑤ 소득·재산 신고서 ⑥ 주민등록등·초본 ⑦ 가족관계증명서 ⑧ 노동경력 확인서류 ⑧-1. 노동자 : 고용보험내역 또는 고용임금확인서 등 ⑧-2. 사업자 : 사업자등록증명원 및 부가가치세 과세표준증명원 등 ⑧-3. 국가근로장학생 : 근로내역증명서 ⑨ 기타 추가서류(해당자만 제출) : 위임장, 부채확인서, 전월세계약서, 사용대차확인서 등",전라남도,전라남도,,,,2025-01-19 20:58:34,2025-01-20 14:50:44,5,온통청년_OPEN_API_getPlcy,전남,청년 희망디딤돌 통장 운영 청년과 지자체가 공동 적립통장을 개설 운영하여 청년의 자산형성에 보탬이 되어 안정적인 미래 준비를 지원합니다 금리혜택 복지
전남,46000,20250119005400210339,청년 예술가 및 청년 창작자 지원,보조금,"우수한 재능을 갖춘 지역 청년예술가를 발굴하여, 예술 창작활동 지원을 통해 지역 안착을 돕고 차세대 예술가로 육성",청년 예술인 창작활동 지원 - 단년지원(1년) : 창작준비-활동-발표 지원(10백만원) - 연속지원(2년) : ① 1년차 : 창작활동 준비·역량강화(5백만원)② 2년차 : 창작작품 완성-발표 지원(8백만원),복지문화,예술인지원,"직무교육, 복지",직무교육,20250101 ~ 20250131,20250101 ~ 20251231,18세~34세 / 연령제한:N 0043001 0 0 - 공고일 기준 최근 1년 이상 전라남도에 주소를 두고 있는 18세~34세 예술인 - 생애 1회만 지원 가능 0011009 0013010 0049010 0055003,18세~34세 / 연령제한:N,0043001 0 0,"① 국가문화예술지원시스템 접속(www.ncas.or.kr) ② 회원가입(단체, 개인 구분 필수) ③ 청년 예술가 지원사업 선택 ④ 지원신청서 작성 ⑤ 최종제출하기 클릭",① 세부 사업계획서 ② 청년예술가활동 증빙자료 ③ 주민등록초본,전라남도,재단법인전라남도문화재단,https://www.ncas.or.kr,,,2025-01-19 20:42:20,2025-01-20 11:28:02,5,온통청년_OPEN_API_getPlcy,전남,청년 예술가 및 청년 창작자 지원 우수한 재능을 갖춘 지역 청년예술가를 발굴하여 예술 창작활동 지원을 통해 지역 안착을 돕고 차세대 예술가로 육성 보조금 직무교육
전남,46000,20250119005400210338,화합물반도체 전문인력 양성,교육지원,기업 맞춤형 화합물반도체 전문인력 양성을 지원합니다.,화합물반도체 전문인력 양성 및 기술지원 - 설계‧후공정 등 실무인력 교육 및 기업 맞춤형 채용 연계 프로그램 운영 - 화합물반도체 시제품 제작 서비스 지원 등,교육,미래역량강화,"일자리, 직무교육",일자리,,20230101 ~ 20251231,0세~0세 / 연령제한:Y 0043003 0 0 신청사이트 내 공고문 확인 교육과정 별 신청자격 요견이 상이함으로 신청사이트 내 공고문 확인 0011009 0013010 0049010 0055003,0세~0세 / 연령제한:Y,0043003 0 0 신청사이트 내 공고문 확인,① 신청사이트 공고문 확인 ② 신청자격 확인 및 신청서류 제출 ③ 신청서류 검토(심사) 및 교육수강 확정 통보,"- (공통) 교육참여신청서, 개인정보제공 동의서",전라남도,목포대학교,https://csrc.or.kr,,,2025-01-19 20:37:30,2026-01-01 00:00:00,5,온통청년_OPEN_API_getPlcy,전남,화합물반도체 전문인력 양성 기업 맞춤형 화합물반도체 전문인력 양성을 지원합니다 교육지원 일자리
전남,46000,20250119005400210337,신혼(예비)부부 건강검진비 지원,"육아,출산",국비 사업(임신 사전건강관리 지원사업)과 중복되지 않도록 국비 지원항목을 제외한 나머지 검진항목을 지원합니다.,"여자, 남자 각 4만원 상한 지원 - (여자) 자궁경부암, 자궁경부염, 풍진, 성병, 빈혈, 매독, 에이즈 등 - (남자) A형·B형‧C형 간염, 당뇨, 매독, 에이즈, 결핵, 폐질환 등",복지문화,건강,복지,복지,,20250101 ~ 20251231,0세~0세 / 연령제한:Y 0043001 0 0 혼인여부 : 예비부부 또는 혼인신고 3년 이내 0011009 0013010 0049010 0055003,0세~0세 / 연령제한:Y,0043001 0 0,① 신청서류 접수(신청인 주소지 관할 시·군 보건소) ② 자격요건 확인 후 지원결정(보건소→검진대상자),① 신혼(예비)부부 건강검진 지원신청서 1부. ② 개인정보제공 동의서 1부. ③ 주민등록등본 1부. ④ 혼인관계증명서 1부. ⑤ 가족관계증명서 1부(주소가 다를 경우). ⑥ 예식장계약서 또는 청첩장 1부(예비부부인 경우).,전라남도,전라남도,,,,2025-01-19 20:30:54,2026-01-01 00:00:00,5,온통청년_OPEN_API_getPlcy,전남,신혼 예비 부부 건강검진비 지원 국비 사업 임신 사전건강관리 지원사업 과 중복되지 않도록 국비 지원항목을 제외한 나머지 검진항목을 지원합니다 육아 출산 복지
전남,46000,20250119005400210335,청년농업인 스마트팜 자립기반 구축,보조금,스마트팜 온실 설치비를 직접 지원하여 청년농업인의 안정적 영농정착을 지원합니다.,"스마트팜 온실 1,500㎡ 이상 신축비용 지원 ※ 신청기간 : 시군별 상이, 일반적으로 1월 중",일자리,창업,"일자리, 창업지원",일자리,20250101 ~ 20250131,20250101 ~ 20251231,"18세~45세 / 연령제한:N 0043001 0 0 다음 각 사항의 요건을 모두 충족하여야 신청 가능 ① 거주지: 사업시행 시군에 실제 거주하는 사람(주민등록 포함) ② 신축부지 확보: 사업시행 시군에 본인 명의의 토지를 소유하고 있거나, 사업시행 연도기준 12년 이상 장기임대 계약이 원칙, - 단, 12년 이하의 계약의 경우, 10년간 사후 관리에 따른 사업자의 확약서 징수 (10년간 사후관리를 못하는 경우 발생 시, 보조금 환수조건 명시화) ③ 연령: 청년농업인으로 사업 시행연도 기준 18세 ~ 45세 이내 0011009 0013009 0049010 0055003",18세~45세 / 연령제한:N,0043001 0 0,① 신청서류 접수(시⋅군농업기술센터) ② 자격요건 확인 및 현장심사(시⋅군농업기술센터) ③ 사업대상자 확정(시⋅군농업기술센터),"① 사업 신청서 및 계획서 ② 사업 신청부지 소유여부 확인서(토지대장, 임대차계약서 등) ③ 주민등록 등본 ④ 기타 증빙자료 등",전라남도,전라남도,,,,2025-01-19 20:10:22,2025-01-31 17:39:48,5,온통청년_OPEN_API_getPlcy,전남,청년농업인 스마트팜 자립기반 구축 스마트팜 온실 설치비를 직접 지원하여 청년농업인의 안정적 영농정착을 지원합니다 보조금 일자리
전남,46000,20250119005400210334,청년4-H회원 우수과제 창업농 육성 사업,보조금,공모(청년4-H 과제공모전)을 통해 선발된 우수회원 성장기반을 지원합니다.,"과제공모에서 선발된 사업 모델화(신기술 투입 생산기반 및 가공, 유통, 체험장 등) 지원(20개소) ※ 신청기간 : 미정",일자리,창업,"일자리, 창업지원, 참여 프로그램",일자리,,20250101 ~ 20251231,18세~39세 / 연령제한:N 0043001 0 0 22개 시·군 청년4-H회원 기존 사업 수혜자 0011009 0013010 0049010 0055003,18세~39세 / 연령제한:N,0043001 0 0,① 신청서류 접수(시군농업기술센터) ② 과제공모전 추진(도농업기술원) ③ 공모전 결과 및 사업대상자 확정(도농업기술원) ④ 회원별 맞춤형 사업 모델화 지원(시군농업기술센터),"① 청년4-H회원 과제공모전 신청서 ② 청년4-H회원 과제공모전 사업계획서 ③ 청년4-H회원 과제공모전 발표심사 자료(발표대상자 한함, PPT 등)",전라남도,전라남도,,,,2025-01-19 20:07:00,2026-01-01 00:00:00,5,온통청년_OPEN_API_getPlcy,전남,청년4 H회원 우수과제 창업농 육성 사업 공모 청년4 H 과제공모전 을 통해 선발된 우수회원 성장기반을 지원합니다 보조금 일자리
전남,46000,20250119005400210333,청년농업인 창업 스케일업(성장) 지원사업,보조금,청년농업인 창업기업의 성장도약 및 스케일업 모델 발굴을 위해 청년농업인인에게 사업화에 필요한 자금을 지원합니다.,"아이템의 생산비 절감 및 보유기술 확보를 위한 시설·장비 구축, IR 투자역량 강화, 경영컨설팅, 마케팅․판로개척 등 브랜드 고도화 지원(3개소) ※ 신청기간 : 2024. 12. 24. ~ 2025. 1. 31.(시군별로 상이)",일자리,창업,"일자리, 직무교육, 창업지원",일자리,20250101 ~ 20250131,20250101 ~ 20251231,18세~45세 / 연령제한:N 0043001 0 0 기존 사업 수혜자 0011009 0013010 0049010 0055003,18세~45세 / 연령제한:N,0043001 0 0,① 신청서류 접수(시군농업기술센터) ② 사업대상자 확정(도농업기술원) ③ 사업 추진(시군농업기술센터),"① 사업계획서 ② 주민등록등본 ③ 사업자등록증 ④ 경영체등록증 ⑤ 서약서 ⑥ 기타 증빙자료(매출, 고용 증빙자료 등)",전라남도,전라남도,,,,2025-01-19 19:58:43,2025-01-20 17:27:06,5,온통청년_OPEN_API_getPlcy,전남,청년농업인 창업 스케일업 성장 지원사업 청년농업인 창업기업의 성장도약 및 스케일업 모델 발굴을 위해 청년농업인인에게 사업화에 필요한 자금을 지원합니다 보조금 일자리
전남,46000,20250119005400210332,청년농업인 스타트업(초기창업) 지원사업,보조금,"청년농업인의 초기 기술창업 지원, 스타트업 육성을 위해 청년농업인에게 사업화에 필요한 자금을 지원합니다.","제품․패키징․브랜드 개발 등 용역비, 홍보․마케팅비, 시험 인증비․ 멘토링 비용 등 지급수수료, 제품 생산에 필요한 시설구축 및 임차료 등 초기창업에 필요한 비용 지원(30개소) ※ 신청기간 : 시군별 상이, 일반적으로 1월 중",일자리,창업,"일자리, 주거지원, 창업지원, 참여 프로그램",일자리,20250101 ~ 20250131,20250101 ~ 20251231,18세~45세 / 연령제한:N 0043001 0 0 기존 청년농업인 스타트업 지원사업 및 청년농업인 경쟁력 제고사업 및 농촌청년 사업가 양성사업 대상자 제외 0011009 0013010 0049010 0055003,18세~45세 / 연령제한:N,0043001 0 0,① 신청서류 접수(시군농업기술센터) ② 사업대상자 확정(도농업기술원) ③ 사업 추진(시군농업기술센터),"① 사업계획서 ② 주민등록등본 ③ 사업자등록증 ④ 경영체등록증 ⑤ 교육이수내역 ⑥ 서약서 ⑦ 기타 증빙자료(매출, 고용 증빙자료 등)",전라남도,전라남도,,,,2025-01-19 19:53:48,2025-01-20 11:27:36,5,온통청년_OPEN_API_getPlcy,전남,청년농업인 스타트업 초기창업 지원사업 청년농업인의 초기 기술창업 지원 스타트업 육성을 위해 청년농업인에게 사업화에 필요한 자금을 지원합니다 보조금 일자리
전남,46000,20250117005400210327,청년 버스킹 활성화 사업,교육지원,○ 청년예술가에게 창작활동의 장을 제공하고 지역주민에게 품격 높은 공연을 제공하여 지역 활력 제고 ○ 거리공연 문화의 발판을 마련하여 청년 문화예술 활성화 도모,"ㅇ (목적) 청년예술가에게 창작활동의 기회 제공 및 품격 높은 청년 거리예술 공연 개최를 통한 지역활력 제고 ㅇ (대상) 전국 청년예술팀(부산 거주 팀원 비율에 따라 심사 시 가산점 부여) ㅇ (주요내용) 사전심사를 거쳐 송도해수욕장, 구덕운동장 등 버스킹 행사 개최 지원 및 출연료 지급 ㅇ (전달체계) 직접사업",복지문화,예술인지원,"직무교육, 복지",직무교육,20250820 ~ 20250903,2025년 10월 (예정),19세~34세 / 연령제한:N 0043001 0 0 구성원의 50% 이상이 19~34세인 청년예술팀(전국 공모) 0011009 0013010 0049010 0055003,19세~34세 / 연령제한:N,0043001 0 0,"모집대상: 구성원의 50% 이상이 19~34세인 청년예술팀(전국 공모) 모집방법: 담당자 메일 또는 방문 접수 - 제출서류: 참가신청서, 예술인(단체) 소개 및 명단, 공연 및 프로그램 소개, 개인정보이용 동의서, 공연 동영상 등 - 동영상 규격: mov, mp4, avi 등 동영상 파일 또는 링크(5분 이내 분량","참가신청서, 예술인(단체) 소개 및 명단, 공연 및 프로그램 소개, 개인정보이용 동의서, 공연 동영상 등 - 동영상 규격: mov, mp4, avi 등 동영상 파일 또는 링크(5분 이내 분량",주민복지국,주민복지국,,,,2025-01-17 11:41:22,2025-02-04 13:37:13,5,온통청년_OPEN_API_getPlcy,전남,청년 버스킹 활성화 사업 청년예술가에게 창작활동의 장을 제공하고 지역주민에게 품격 높은 공연을 제공하여 지역 활력 제고 거리공연 문화의 발판을 마련하여 청년 문화예술 활성화 도모 교육지원 직무교육
전남,46000,20250116005400110308,공공외교 현장 실습원,해외진출,청년들에게 해외 공공외교 현장 체험 기회를 제공하여 공공외교에 대한 이해를 제고하고 우리 청년들의 해외진출을 지원,"전세계에 있는 대한민국 재외공관에 약 100명의 공공외교 현장실습원을 6개월간 파견, 외국 현지 근무 경험을 통해 국제 업무 능력을 증진하여 차세대 국제교류인력을 양성하고, 취업에 필요한 능력을 배양",참여권리,청년국제교류,"일자리, 주거지원, 참여 프로그램",일자리,20250301 ~ 20250430,2013년~계속,19세~34세 / 연령제한:N 0043001 0 0 0011009 0013010 0049010 0055003,19세~34세 / 연령제한:N,0043001 0 0,별도 시스템 상 지원 접수,모집 관련 공지사항 참고,외교부,외교부,https://mofa-hmlk.com,,,2025-01-16 14:23:01,2025-04-01 09:12:08,5,온통청년_OPEN_API_getPlcy,전남,공공외교 현장 실습원 청년들에게 해외 공공외교 현장 체험 기회를 제공하여 공공외교에 대한 이해를 제고하고 우리 청년들의 해외진출을 지원 해외진출 일자리
전남,46000,20250115005400210304,순천시 청년정책 114 운영,맞춤형상담서비스,순천시 청년정책 온라인 통합플랫폼 및 1845순천청년 인재풀 운영,"- 순천시 청년정책 통합 정보 제공 - 1845 순천청년 인재풀 운영 : 청년강사 활동, 위원회 위원, 정책평가 모니터링 등 희망하는 활동 참여, 청년정책 정보 및 홍보사항 메시지 발송 등",참여권리,정책인프라구축,"복지, 참여 프로그램",복지,,상시,18세~45세 / 연령제한:N 0043001 0 0 0011009 0013010 0049010 0055003,18세~45세 / 연령제한:N,0043001 0 0,,,순천시,전라남도 순천시,,https://www.suncheon.go.kr/youth/,,2025-01-15 18:33:13,2026-01-01 00:00:00,5,온통청년_OPEN_API_getPlcy,전남,순천시 청년정책 114 운영 순천시 청년정책 온라인 통합플랫폼 및 1845순천청년 인재풀 운영 맞춤형상담서비스 복지
전남,46000,20250115005400110296,행복도시 공동캠퍼스의 안정적인 정착 지원,교육지원,인재 양성을 위한 캠퍼스 조성과 장단기 성장기반 마련을 병행하여 도시 지속적 성장을 위한 새로운 성장동력 확보,"(단기) 공동캠퍼스 개교('24.9) 이후 공동캠퍼스의 안정적 정착 및 성공적 운영을 위해 운영법인 및 입주대학과 협업 강화 (장기) 공동캠퍼스 소유·운영방안 마련을 통한 공동캠퍼스 안정화, 공동캠퍼스 교육 네트워크 구축을 통한 창의융합형 인재 양성","일자리,교육","취업,미래역량강화","일자리, 직무교육, 참여 프로그램",일자리,,사업기간 계속,0세~0세 / 연령제한:Y 0043001 0 0 기타 자세한 사항은 사업담당자에게 문의 0011009 0013010 0049010 0055003,0세~0세 / 연령제한:Y,0043001 0 0,,,도시성장촉진과,행정중심복합도시건설청 기획조정관 기획재정담당관,,https://happydorm.or.kr/sejong,,2025-01-15 17:33:59,2026-01-01 00:00:00,5,온통청년_OPEN_API_getPlcy,전남,행복도시 공동캠퍼스의 안정적인 정착 지원 인재 양성을 위한 캠퍼스 조성과 장단기 성장기반 마련을 병행하여 도시 지속적 성장을 위한 새로운 성장동력 확보 교육지원 일자리
전남,46000,20250115005400210290,순천시 위원회 청년위원 20% 확대,교육지원,순천시 위원회 위촉 위원 청년 비율을 20%로 확대하여 정책결정 과정에 청년 참여 확대,시 위원회에 청년위원 20% 위촉하여 정책결정 과정에 청년 참여 확대,참여권리,청년참여,"직무교육, 참여 프로그램",직무교육,,상시(위원회 위촉 시기),18세~45세 / 연령제한:N 0043001 0 0 0011009 0013010 0049010 0055003,18세~45세 / 연령제한:N,0043001 0 0,,,순천시,전라남도 순천시,,,,2025-01-15 16:17:54,2026-01-01 00:00:00,5,온통청년_OPEN_API_getPlcy,전남,순천시 위원회 청년위원 20 확대 순천시 위원회 위촉 위원 청년 비율을 20 로 확대하여 정책결정 과정에 청년 참여 확대 교육지원 직무교육
전남,46000,20250115005400210286,2025년 순천시 대학생 직장 체험,인턴,순천시 거주 대학생 또는 휴학생에게 일경험 제공,관내 대학생 현장체험을 통한 직업선택 및 진로 탐색 기회 제공 - 2025년 겨울방학 직장체험 연수 : 25명 - 2025년 여름방학 직장체험 연수 : 25명,일자리,취업,일자리,일자리,,2025. 2. / 2025. 7. ~ 8.,"0세~0세 / 연령제한:Y 0043001 0 0 공고일 현재 순천시에 주민등록이 되어있는 대학교 재학생 또는 휴학생(타지역 대학교 재학생 또는 휴학생 지원 가능) 취업자 및 기참여자 0011009 0013003 0049005,0049006 0055003",0세~0세 / 연령제한:Y,0043001 0 0,방문접수 또는 이메일 접수,- 연수신청서 - 재학증명서 또는 휴학증명서 - 주민등록초본,순천시,전라남도 순천시,,https://www.suncheon.go.kr,,2025-01-15 16:01:49,2026-01-01 00:00:00,5,온통청년_OPEN_API_getPlcy,전남,2025년 순천시 대학생 직장 체험 순천시 거주 대학생 또는 휴학생에게 일경험 제공 인턴 일자리
전남,46000,20250115005400110285,스타트업AI기술인력 양성(이어드림스쿨),"중소기업,교육지원,벤처",청년 대상 AI 실무 교육 및 관련 스타트업 취업 연계 지원,청년 대상 AI 실무 교육 및 관련 스타트업 취업 연계 지원,일자리,취업,"일자리, 직무교육, 창업지원",일자리,20250123 ~ 20250223,20250313 ~ 20251231,18세~39세 / 연령제한:N 0043001 0 0 0011009 0013003 0049010 0055003,18세~39세 / 연령제한:N,0043001 0 0,,,중소벤처기업부,중소벤처기업부,,,,2025-01-15 15:48:40,2025-01-15 21:09:21,5,온통청년_OPEN_API_getPlcy,전남,스타트업AI기술인력 양성 이어드림스쿨 청년 대상 AI 실무 교육 및 관련 스타트업 취업 연계 지원 중소기업 교육지원 벤처 일자리
전남,46000,20250115005400210283,취업준비생을 위한 순천시 행정인턴제 운영,인턴,순천시 미취업 청년들에게 행정인턴으로 일자리 및 일경험 제공,관내 취업준비생 행정기관 근무를 통한 현장경험 제공,일자리,취업,일자리,일자리,20250414 ~ 20250430,2024. 5. ~ 10.,"18세~45세 / 연령제한:N 0043001 0 0 기 취업자, 공무원임용대기 등 취업예정자, 실업급여 수급자, 최근 5년간 순천시 대학졸업생 행정인턴 기참여자, 순천시청 및 순천시청 예하 센터,사업소에서 기간제근로자로 근무한 이력이 있는 자 0011009 0013003 0049010 0055003",18세~45세 / 연령제한:N,0043001 0 0,순천시 청년정책과 직접방문 접수 또는 전자우편 접수,"- 응시원서, 이력서(경력증명서,자격증 사본), 자기소개서, 직무수행계획서, 개인정보수집이용동의서, 채용서류 반환청구서 - 주민등록초본",순천시,전라남도 순천시,,https://www.suncheon.go.kr,,2025-01-15 15:44:24,2025-01-16 09:13:43,5,온통청년_OPEN_API_getPlcy,전남,취업준비생을 위한 순천시 행정인턴제 운영 순천시 미취업 청년들에게 행정인턴으로 일자리 및 일경험 제공 인턴 일자리
전남,46000,20250115005400210277,청년미디어타워 운영,교육지원,청년 미디어 타워를 운영하여 청년 미디어 창작활동 지원,"· 미디어 생산을 위한 녹음·영상 스튜디오 사용(대여-유료) · 중·고등학생 미디어 제작 체험 프로그램 지원 · 레코딩 체험 : 참여자가 원하는 노래를 골라 직접 부르고, 녹음까지 체험해 볼 수 있는 미디어 제작 체험 지원 · 교내 밴드동아리 앨범 제작 :교내 밴드동아리를 대상으로 앨범 녹음 체험 지원 및 결과물 CD 제작",복지문화,예술인지원,"직무교육, 복지, 참여 프로그램",직무교육,,2025.1월~12월,0세~0세 / 연령제한:Y 0043001 0 0 0011009 0013010 0049010 0055003,0세~0세 / 연령제한:Y,0043001 0 0,,,남동구,인천광역시 남동구 정책기획국,,,,2025-01-15 15:09:26,2026-01-01 00:00:00,5,온통청년_OPEN_API_getPlcy,전남,청년미디어타워 운영 청년 미디어 타워를 운영하여 청년 미디어 창작활동 지원 교육지원 직무교육
전남,46000,20250115005400110272,특수거래분야 소비자 보호,교육지원,청년층을 대상으로 발생하는 불법 다단계 사기 범죄에 대한 홍보 및 교육을 통해 선제적 피해 예방 및 청년층 권익증진 도모,"불법 피라미드에 대한 경각심을 갖도록 대중교통 수단, 유튜브, SNS 등 다양한 매체를 통한 홍보 실시",참여권리,권익보호,"직무교육, 참여 프로그램",직무교육,,'25년 연중,19세~34세 / 연령제한:N 0043001 0 0 0011009 0013010 0049010 0055003,19세~34세 / 연령제한:N,0043001 0 0,,,공정거래위원회,공정거래위원회,,,,2025-01-15 14:21:45,2026-01-01 00:00:00,5,온통청년_OPEN_API_getPlcy,전남,특수거래분야 소비자 보호 청년층을 대상으로 발생하는 불법 다단계 사기 범죄에 대한 홍보 및 교육을 통해 선제적 피해 예방 및 청년층 권익증진 도모 교육지원 직무교육
전남,46000,20250115005400110269,디지털숲가꾸기,장기미취업청년,"청년 일자리를 통한 국공사유림 과거 산림경영활동(조림, 숲가꾸기 등) 데이터를 수집하고 공간정보를 구축","2025년 디지털숲가꾸기 사업을 통해 과거 국,공,사유림 산림경영활동 데이터 수집 및 공간정보 DB구축 사업을 진행함에 있어 취업준비생의 청년들을 대상으로 일자리 창출 예정",일자리,취업,"일자리, 직무교육",일자리,20250401 ~ 20251130,20250401 ~ 20251219,19세~39세 / 연령제한:N 0043001 0 0 0011005 0013003 0049010 0055003,19세~39세 / 연령제한:N,0043001 0 0,,,산림청,한국임업진흥원,,,,2025-01-15 13:21:06,2025-03-27 16:52:41,5,온통청년_OPEN_API_getPlcy,전남,디지털숲가꾸기 청년 일자리를 통한 국공사유림 과거 산림경영활동 조림 숲가꾸기 등 데이터를 수집하고 공간정보를 구축 장기미취업청년 일자리
전남,46000,20250115005400210268,영암군 결혼장려금 지원,보조금,영암군 청년부부 결혼장려금 최대 5백만원 지원(3년간/3회 분할지급),"1부부 당 결혼장려금 최대 5백만원 지원 (1회차 2백만원, 2회차 1백만원, 3회차 2백만원) *지원대상 (아래 요건을 모두 충족하는 자) (연령) 혼인신고일 기준, 남녀 모두 49세 이하인 부부 (거주) 1차) ① 신청일 직전까지 부부 모두 계속해서 전라남도에 6개월 이상 거주 ② 부부 중 1명(신청자)은 신청일부터 지급일까지 영암군에 주소를 두고 거주 2~3차) 최초 결혼장려금 신청일로부터 계속해서 부부 모두 영암군에 주소를 두고 거주",복지문화,취약계층 및 금융지원,복지,복지,,매년,19세~49세 / 연령제한:N 0043001 0 0 - 부부 중 한명이라도 전라남도 결혼축하금 수령 이력이 있는 경우 지원 불가 - 부부 모두 외국인인 경우 지원 불가 0011009 0013010 0049010 0055001,19세~49세 / 연령제한:N,0043001 0 0,신청방법: 방문신청(주민등록상 주소지 관할 읍·면 행정복지센터),제출서류 ① 결혼장려금 신청서 및 개인정보 수집제공이용동의서 1부 ② 주민등록초본(주소변경이력포함) 부부 각 1부 ③ 혼인관계 증명서 부부 각 1부 ④ 통장사본 1부 ⑤ 외국인과 혼인한 경우 외국인등록증 사본 및 주민등록등본 1부,영암군,전라남도 영암군,,,,2025-01-15 11:48:58,2026-01-01 00:00:00,5,온통청년_OPEN_API_getPlcy,전남,영암군 결혼장려금 지원 영암군 청년부부 결혼장려금 최대 5백만원 지원 3년간 3회 분할지급 보조금 복지
전남,46000,20250115005400110263,온국민평생배움터 구축 및 운영,교육지원,"학습자가 다양한 평생교육 콘텐츠를 맞춤형으로 제공받고, 학습·훈력 이력을 통합 관리하여 연계·활용할 수 있는 평생교육 종합정보시스템 구축 및 운영",(컨텐츠 제공) 다양한 평생교육·훈련을 망라하는 양질의 온라인 컨텐츠를 맞춤형으로 제공 (학습이력관리) 각 플랫폼에 산재되어 있는 학습이력을 개인이 통합 관리할 수 있도록 연계·공유 (학습결과 활용) 개인의 학습결과를 학점·학위 취득 또는 취업·고용에 활용할 수 있도록 증명서 발급,교육,온라인교육,"일자리, 직무교육",일자리,,2025-01-01~,0세~0세 / 연령제한:Y 0043001 0 0 0011009 0013010 0049010 0055003,0세~0세 / 연령제한:Y,0043001 0 0,,,교육부,국가평생교육진흥원,https://www.all.go.kr,https://www.all.go.kr,,2025-01-15 10:28:41,2026-01-01 00:00:00,5,온통청년_OPEN_API_getPlcy,전남,온국민평생배움터 구축 및 운영 학습자가 다양한 평생교육 콘텐츠를 맞춤형으로 제공받고 학습 훈력 이력을 통합 관리하여 연계 활용할 수 있는 평생교육 종합정보시스템 구축 및 운영 교육지원 일자리
전남,46000,20250114005400210261,순천시 청춘창고,맞춤형상담서비스,『청춘창고』 운영을 통해 청년에게 창업 기회를 제공함으로써 청년 창업 인큐베이팅 및 창업아이디어 발굴 공간 구축,"❍ 모집기간 : 2025. 1. ~ 연중(입점자 모집 완료 시까지) ❍ 대 상 : 18세 ~ 45세 순천시 거주 청년 ❍ 모집분야 : (1층) 식음료, (2층) 공예·체험·대여·소매 각00명 ❍ 입점조건 : 보증금 납부 및 임대료(층별 상이) 1년분 선납 • [보증금] 300,000원(공통) /[연간임대료] (1층)470,490원, (2층)387,460원 ❍ 계약기간 : 계약일로부터 1년(최대 2년) ※ 평가 후 1년 재계약 가능",일자리,창업,"일자리, 주거지원, 창업지원, 복지",일자리,,2025. 1. ~ 12. (모집 완료시 마감),18세~45세 / 연령제한:N 0043001 0 0 0011009 0013006 0049010 0055003,18세~45세 / 연령제한:N,0043001 0 0,상시 신청 및 이메일(gusrud1419@korea.kr) 접수,모집공고(순천시청 누리집) 내 제출서류 확인,순천시,전라남도 순천시,,,,2025-01-14 18:00:31,2026-01-01 00:00:00,5,온통청년_OPEN_API_getPlcy,전남,순천시 청춘창고 청춘창고 운영을 통해 청년에게 창업 기회를 제공함으로써 청년 창업 인큐베이팅 및 창업아이디어 발굴 공간 구축 맞춤형상담서비스 일자리
전남,46000,20250114005400210260,순천시 청년창업 성장지원사업,보조금,창의적인 사업 아이디어를 가진 청년 예비~초기 창업자에 사업화지원금 지원,1천만원 사업화 지원금 지원,일자리,창업,"일자리, 창업지원, 복지",일자리,20250203 ~ 20250228,기간 : 2025. 4. ~ 11.,18세~45세 / 연령제한:N 0043001 0 0 0011009 0013006 0049010 0055003,18세~45세 / 연령제한:N,0043001 0 0,2월 중 모집공고(순천시청 누리집) 확인 후 신청서 제출,모집공고(순천시청 누리집) 내 제출서류 확인,순천시,전라남도 순천시,https://www.suncheon.go.kr,,,2025-01-14 17:57:19,2025-01-15 09:16:06,5,온통청년_OPEN_API_getPlcy,전남,순천시 청년창업 성장지원사업 창의적인 사업 아이디어를 가진 청년 예비 초기 창업자에 사업화지원금 지원 보조금 일자리
전남,46000,20250114005400210259,순천시 청년창업스쿨,맞춤형상담서비스,청년 예비창업자들을 위한 창업 준비 8주 완성 교육프로그램,창업교육 및 1:1컨설팅,일자리,창업,"일자리, 직무교육, 창업지원, 복지",일자리,20250203 ~ 20250228,2025. 3.~4. / 9.~11.,18세~45세 / 연령제한:N 0043001 0 0 0011009 0013006 0049010 0055003,18세~45세 / 연령제한:N,0043001 0 0,2월 중 모집공고(순천시청 누리집) 확인 후 신청서 제출,모집공고(순천시청 누리집) 내 제출서류 확인,순천시,전라남도 순천시,https://www.suncheon.go.kr,,,2025-01-14 17:51:18,2025-01-17 09:16:52,5,온통청년_OPEN_API_getPlcy,전남,순천시 청년창업스쿨 청년 예비창업자들을 위한 창업 준비 8주 완성 교육프로그램 맞춤형상담서비스 일자리
전남,46000,20250114005400210258,순천시 수요창업상담 운영,맞춤형상담서비스,매주 두 번째 수요일에 창업에 고민이 있는 순천청년을 대상으로 전문 창업상담가와 1:1 연결하여 무료 상담 제공,"❍ 기 간 : 2025. 1. ~ 12. ❍ 일 시 : 매월 둘째 주 수요일 10:00 ~ 15:00 (월 1회) ＊상황에 따라 변동 가능 ❍ 장 소 : 생태비즈니스센터 창업연당 2층 회의실 ❍ 대 상 : 창업에 고민 있는 관내 청년 창업가 및 예비 창업가 / 월 4명 내외(선착순) ❍ 내 용 : 창업정보제공, 경영 진단·지도 등 창업 고민에 대한 무료 상담 제공",일자리,창업,"일자리, 창업지원, 복지",일자리,,2025. 1. ~ 12.,18세~45세 / 연령제한:N 0043001 0 0 0011009 0013006 0049010 0055003,18세~45세 / 연령제한:N,0043001 0 0,이메일 및 네이버 폼을 이용한 신청서 접수,수요창업상담 신청서,순천시,전라남도 순천시,https://naver.me/FvEPxqW7,,,2025-01-14 17:45:03,2026-01-01 00:00:00,5,온통청년_OPEN_API_getPlcy,전남,순천시 수요창업상담 운영 매주 두 번째 수요일에 창업에 고민이 있는 순천청년을 대상으로 전문 창업상담가와 1 1 연결하여 무료 상담 제공 맞춤형상담서비스 일자리
전남,46000,20250114005400210257,순천시 공유오피스멤버십 운영,"맞춤형상담서비스,중소기업",성장 잠재력이 있는 청년 초기 창업가에게 사무공간을 제공하여 창업 초기 부담을 완화하고 지역 기반 창업 기업 육성으로 지역경제 활성화 도모,"❍ 기간: 연중 ❍ 대상: 순천시에 주소를 둔 예비~7년 이내 청년창업가 / 00개 社 ❍ 지원내용: 사무공간(사업자등록) 및 사무집기(책상, 의자, 사물함, 복사기 등), 전문가 컨설팅, 현장학습, 투자연계 등",복지문화,취약계층 및 금융지원,"창업지원, 복지",창업지원,,2025. 1. ~ 12.,18세~45세 / 연령제한:N 0043001 0 0 0011009 0013006 0049010 0055003,18세~45세 / 연령제한:N,0043001 0 0,1월 중 모집공고(순천시청 누리집) 확인 후 신청서 제출,모집공고(순천시청 누리집) 내 제출서류 확인,순천시,전라남도 순천시,https://www.suncheon.go.kr,,,2025-01-14 17:41:01,2026-01-01 00:00:00,5,온통청년_OPEN_API_getPlcy,전남,순천시 공유오피스멤버십 운영 성장 잠재력이 있는 청년 초기 창업가에게 사무공간을 제공하여 창업 초기 부담을 완화하고 지역 기반 창업 기업 육성으로 지역경제 활성화 도모 맞춤형상담서비스 중소기업 창업지원
전남,46000,20250114005400210256,신혼부부 주택전세자금 대출이자 지원사업,대출,부부 모두 순천시에 주소를 두고 소득 기준을 충족하는 만18세~45세 무주택 신혼부부(혼인신고 5년 이내)에게 전세 대출이자 반기별 지원(월 최대 10만원 / 최대 4년),"❍ 사업규모 : 100백만원(시비) / 150가구 ❍ 사업내용 : ⌜주택도시기금⌟ 주택전세자금 대출 이자 지원 - 월 최대 10만원 / 4년간 / 반기별 지급(7, 12월) ❍ 사업대상 (연 령) 부부 모두 순천시에 주소를 둔 만18세~45세 무주택 신혼부부(혼인신고 5년 이내) (소 득) 부부합산 연소득 7,500만원 이하(외벌이 5,000만원 이하) (주 택) 순천시 소재 주택, 전세가격 3억원 이하, 전용면적 85㎡ 이하",주거,전월세 및 주거급여 지원,주거지원,주거지원,20250203 ~ 20251128,2025. 2. ~ 12.,"18세~45세 / 연령제한:N 0043003 0 0 부부합산 연소득 7,500만원 이하(외벌이 5,000만원 이하) (연 령) 부부 모두 순천시에 주소를 둔 만18세~45세 무주택 신혼부부(혼인신고 5년 이내) (소 득) 부부합산 연소득 7,500만원 이하(외벌이 5,000만원 이하) (주 택) 순천시 소재 주택, 전세가격 3억원 이하, 전용면적 85㎡ 이하 0011009 0013010 0049010 0055001",18세~45세 / 연령제한:N,"0043003 0 0 부부합산 연소득 7,500만원 이하(외벌이 5,000만원 이하)",방문신청 또는 이메일(담당자) 전송후 원본서류 등기우편 제출,"- 지원사업 신청서 1부 - 개인정보 수집 이용 및 제공 동의서(부부 모두) 1부 - 주민등록등본(전입일, 주민등록번호 포함) 1부 - 혼인관계 증명서(혼인 신고일로부터 5년 이내) 1부 - 임대차(전세) 계약서 사본 1부 - 금융거래확인서·여신거래내역서 - 소득증빙서류(부부 모두) 1부 - 신청인의 통장 사본 1부 - 위임장(대리인이 접수하는 경우) 1부",순천시,전라남도 순천시,,,,2025-01-14 17:20:58,2025-01-15 09:10:45,5,온통청년_OPEN_API_getPlcy,전남,신혼부부 주택전세자금 대출이자 지원사업 부부 모두 순천시에 주소를 두고 소득 기준을 충족하는 만18세 45세 무주택 신혼부부 혼인신고 5년 이내 에게 전세 대출이자 반기별 지원 월 최대 10만원 최대 4년 대출 주거지원
전남,46000,20250114005400210255,순천형 청년공동체 활성화 사업,보조금,5인 이상으로 하는 청년공동체(법인 또는 단체)에 과업수행비 및 네트워크 활동 지원,"❍ 사업기간 : 2025. 2. ~ 12. ❍ 사업대상 : 5인 이상으로 하는 청년공동체(법인 또는 단체) / 23팀 - (연령) 18세 이상 45세 이하인 청년 - (지역) 순천시에 주민등록 주소가 되어 있거나, 관내 직장, 학교, 사업장이 있는 청년 * 타지역 청년 비율이 40%를 초과할 수 없음 - (구성) 최소 5인 이상으로 구성, 월1회 이상 정기 모임 유지 및 공통의 관심사를 지향하는 공동체 * 1인 1공동체 가입(중복가입 불가) ❍ 사 업 비 : 150백만원 ❍ 지원내용 (과업수행) 공동체별 과업수행비 3 ~ 15백만원 지원 (네트워크) 공동체별 교류,협력 및 네트워크 지원",복지문화,문화활동,"일자리, 복지, 참여 프로그램",일자리,20250203 ~ 20250331,2025. 3. ~ 12.,18세~45세 / 연령제한:N 0043001 0 0 0011009 0013010 0049010 0055003,18세~45세 / 연령제한:N,0043001 0 0,청년정책과 방문 또는 이메일 신청,- 참가신청서 1부 - 예산계획서 1부 - 개인정보 수집·이용·제공에 관한 동의서 1부 - 서약서 1부 - 주민등록 초본(공고일 기준) 1부,순천시,전라남도 순천시,,,,2025-01-14 17:15:54,2025-01-15 09:12:34,5,온통청년_OPEN_API_getPlcy,전남,순천형 청년공동체 활성화 사업 5인 이상으로 하는 청년공동체 법인 또는 단체 에 과업수행비 및 네트워크 활동 지원 보조금 일자리
전남,46000,20250114005400110248,우수학생 국가장학금(예술체육비전 장학금),보조금,전공분야별로 재능과 소질을 개발하여 예술 및 체육 분야를 선도할 수 있는 인재로 육성하기 위해 학자금 지원,"□ Ⅰ유형: 매학기 등록금 전액, 생활비(250만 원/학기) □ Ⅱ유형: 매학기 등록금 전액 ○ 등록금 범위: 입학금, 수업료로 명시된 항목만 지원 ※ 등록금 일부를 지원받는 국가유공자, 보훈대상자, 탈북대학생 등의 경우 학생 부담분만 지원 ○ 생활비(I유형): 선발 후 최초 학기는 별도 기준 없이 생활비를 지원하고, 차학기부터 계속지원 기준 충족자 중 직전학기 성적 백분위 92점 이상 취득 시 지원 □ 기초생활수급자 추가 지원(생활비 250만 원/학기)",교육,미래역량강화,"직무교육, 복지",직무교육,20250319 ~ 20250404,20250101 ~ 20251231,0세~0세 / 연령제한:Y 0043001 0 0 0011006 0013010 0049005 0055003,0세~0세 / 연령제한:Y,0043001 0 0,1. 대학/학생 - [대학] ‘사업참여’ 신청(재단 대학/기관관리자 학자금지원시스템) - [학생] 희망자 사전신청(재단홈페이지 필수서류 제출) 2. 한국장학재단 : 대학별 배정인원 안내 3. 대학/학생 - [대학] 자체선발기준에 의거 장학생 선발·추천 - [학생] 추천대상자 추가신청(재단 홈페이지 필수서류 제출) ※ 대상 : 대학 자체선발기준에 따라 장학생으로 추천된 자 중 사전신청기간 내 미신청자 4. 한국장학재단 - 대학추천자 자격심사 - 장학생 최종 선정 및 발표 - 장학금 지원(소속대학으로 일괄 지급),"□ 「예술체육비전장학금 학업계획서」작성하여 온라인 제출 ※ 예술·체육 분야로의 진로설계 및 비전, 사회공헌 노력 실적 및 계획 등 기재 ※ 소속대학에서 자체선발기준에 따라 요청하는 서류가 있는 경우 대학에서 정하는 절차에 따라 대학으로 제출",교육부,한국장학재단,https://www.kosaf.go.kr/ko/scholar.do?pg=scholarship05_15_01,https://www.kosaf.go.kr,,2025-01-14 15:22:06,2025-01-17 09:15:11,5,온통청년_OPEN_API_getPlcy,전남,우수학생 국가장학금 예술체육비전 장학금 전공분야별로 재능과 소질을 개발하여 예술 및 체육 분야를 선도할 수 있는 인재로 육성하기 위해 학자금 지원 보조금 직무교육
전남,46000,20250114005400110246,유엔자원봉사단(UNV) 파견,해외진출,"대학교 졸업생들을 대상으로 유엔 현장사무소에서 UNV 봉사단(전문 및 청년)으로 근무하도록 하여 기술 습득, 네트워킹 확대 및 국제적 경험 기회 제공","ㅇ 정부 지원하 국제기구 현장사무소에 봉사단으로 파견 ㅇ 최초 1년 파견 후 근무 평가, 예산 사정 등을 종합 고려해 최대 1년(청년봉사단 6개월) 파견 연장 ㅇ 전문봉사단 28명 및 청년봉사단 32명",참여권리,청년국제교류,참여 프로그램,참여 프로그램,,2013년~계속,"22세~29세 / 연령제한:N 0043001 0 0 ㅇ 대한민국 국민 ㅇ 직위별로 상이하나 영어 외 제2외국어(프랑스어, 스페인어, 아랍어 등) 요구 가능 ㅇ (청년봉사단) 만 22세 이상 만 29세 이하 ㅇ (전문봉사단) 만 27세 이상, 유관 업무 경력 3년 - 과거 우리정부 지원을 통해 UNV 청년봉사단원 또는 전문봉사단원으로 국제기구에 파견되지 아니한 자 0011009 0013010 0049007 0055003",22세~29세 / 연령제한:N,0043001 0 0,UNV 지원 홈페이지(Unified Volunteer Platform) 접수,국제기구 직위별 직무기술서에서 요구하는 서류,외교부,외교부,https://app.unv.org,https://unrecruit.mofa.go.kr,,2025-01-14 15:01:30,2026-01-01 00:00:00,5,온통청년_OPEN_API_getPlcy,전남,유엔자원봉사단 UNV 파견 대학교 졸업생들을 대상으로 유엔 현장사무소에서 UNV 봉사단 전문 및 청년 으로 근무하도록 하여 기술 습득 네트워킹 확대 및 국제적 경험 기회 제공 해외진출 참여 프로그램
전남,46000,20250114005400110245,국제기구초급전문가(JPO) 파견,해외진출,국제기구 정규직원과 동등한 조건의 근무를 통해 국제기구 진출에 필요한 전문인력 양성 도모 및 우리 국민의 국제기구 진출 확대 지원,ㅇ 국가의 비용 부담 하에 유엔 및 관련 국제기구에 우리 국민을 국제기구 정규직원과 동등한 조건으로 파견 ㅇ 국제기구와의 협정에 의거하여 우리 정부가 보수 및 행정비용 부담,참여권리,청년국제교류,"직무교육, 참여 프로그램",직무교육,20250601 ~ 20250831,1996년~계속,"0세~32세 / 연령제한:N 0043001 0 0 ㅇ 대한민국 국민 ㅇ 연령 : 만 32세 이하 (군필자의 경우 『제대군인지원에관한범률』 및 『병역법』을 준용하여 응시 상한연령 연장) ㅇ 남자의 경우 병역필, 면제자 또는 시험 시행 연도 12월 31일까지 전역 예정인 자 0011009 0013010 0049007 0055003",0세~32세 / 연령제한:N,0043001 0 0,파견대상 국제기구 서류 접수(홈페이지 또는 이메일),"ㅇ 영문 이력서 ㅇ 대학교 졸업증명서 또는 학위 증명서(영문) ㅇ 영어능력검정시험 성적표: 원서접수 마감일까지 유효한 아래 4개 중 1개 성적표에 한해 접수, 성적 유효기간은 응시일로부터 2년 - TOEFL iBT(100점 이상) - TEPS(430점 이상) - IELTS(7점 이상) - TOEIC(900점 이상) ㅇ 주민등록등본(영문) ㅇ 병적증명서 또는 전역예정증명서(영문)(남성 응시자에 한함) ㅇ 국민기초생활수급자 증명서(국문) 및 영문 번역본(공증필)(저소득층 지원자로 인정받고자 하는 응시자에 한함) ㅇ 장애인증명서 국·영문본(장애인 지원자로 인정받고자 하는 응시자에 한함) ㅇ 기타 국제기구 직위별 직무기술서에서 요구하는 서류",외교부,외교부,https://unrecruit.mofa.go.kr,,,2025-01-14 14:45:38,2025-01-15 10:02:26,5,온통청년_OPEN_API_getPlcy,전남,국제기구초급전문가 JPO 파견 국제기구 정규직원과 동등한 조건의 근무를 통해 국제기구 진출에 필요한 전문인력 양성 도모 및 우리 국민의 국제기구 진출 확대 지원 해외진출 직무교육
전남,46000,20250114005400110244,우수학생 국가장학금(인문 100년 장학금),보조금,인문사회계열 우수학생에게 학자금을 지원하여 인문학 소양을 갖춘 인재를 양성할 수 있도록 지원,"□ 신규장학생 ○ 전공탐색 : 인문사회계열 학과(부) 1학년 재학생(신입생) - Ⅰ유형 : 최대 4년간 장학금(등록금 전액, 생활비(250만 원/학기)) - Ⅱ유형 : 최대 4년간 장학금(등록금 전액) ○ 전공확립 : 인문사회계열 학과(부) 3학년 재학생 - Ⅰ유형 : 최대 2년간 장학금(등록금 전액, 생활비(250만 원/학기)) - Ⅱ유형 : 최대 2년간 장학금(등록금 전액) □ 공통지원 - Ⅰ유형 : 매학기 등록금 전액, 생활비(250만 원/학기) - Ⅱ유형 : 매학기 등록금 전액 - 등록금 범위: 입학금, 수업료로 명시된 항목만 지원 ※ 등록금 일부를 지원받는 국가유공자, 보훈대상자, 탈북대학생 등의 경우 학생 부담분만 지원 - 생활비(I유형): 선발 후 최초 학기는 별도 기준 없이 생활비를 지원하고, 차학기부터 계속지원 기준 충족자 중 직전학기 성적 백분위 92점 이상 취득 시 지원 □ 기초생활수급자 추가지원 ○ Ⅰ유형 : 생활비(250만 원/학기) ○ Ⅱ유형 : 생활비(250만 원/학기) - 기초생활수급자 범위: 생계급여 일반수급자, 생계급여 조건부 수급자, 의료급여 수급자, 보장시설 수급자 ※ 보건복지부 연계 확인 불가 시, 심사기간 내 수급자증명서 제출 필요(서류제출일 기준 1개월 이내 발급된 본인 명의 서류만 인정, 공문 제출) ※ 장학생으로 확정된 연도의 지원내용 및 금액 적용(소급적용 불가)",교육,미래역량강화,"직무교육, 복지",직무교육,20250319 ~ 20250404,20250101 ~ 20251231,"0세~0세 / 연령제한:Y 0043001 0 0 0011001,0011002 0013010 0049005 0055003",0세~0세 / 연령제한:Y,0043001 0 0,"□ 사전신청 ○ 신청대상 : 대한민국 국적의 인문사회계역 학과(부)에 재학 중인 1학년 신입생(전공탐색유형) 또는 3학년(전공확립유형) ○ 신청방법 : 한국장학재단 홈페이지에서 학생 사전신청기간 내 온라인 신청 및 필수서류 제출 □ 추가신청 ○ 신청대상 : 대학 내 자체선발기준에 따른 심사 후, 신규장학생 추천대상자로 선발된 학생(단, 사전신청기간 내 신청완료자 제외) ○ 신청방법 : 한국장학재단 홈페이지에서 추천대상자 추가 신청기간 내 온라인 신청 및 필수서류 제출",,교육부,우수장학부,https://www.kosaf.go.kr/ko/scholar.do?pg=scholarship05_07_01,https://www.kosaf.go.kr,,2025-01-14 14:32:38,2025-01-17 09:28:57,5,온통청년_OPEN_API_getPlcy,전남,우수학생 국가장학금 인문 100년 장학금 인문사회계열 우수학생에게 학자금을 지원하여 인문학 소양을 갖춘 인재를 양성할 수 있도록 지원 보조금 직무교육
전남,46000,20250114005400110236,국가장학금Ⅰ유형(학생직접지원형),보조금,경제적 여건과 관계없이 누구나 의지와 능력에 따라 고등교육 기회를 가질 수 있도록 소득연계형 국가장학금 지원,"학자금 지원구간별로 해당 학기 등록금 필수경비(입학금, 수업료)를 초과하지 않는 범위 내에서 차등지원 - 기초/차상위: 학기별 최대지원금액(전액), 연간 최대지원금액(전액) - 1~3구간: 학기별 최대지원금액(300만원), 연간 최대지원금액(600만원) - 4~6구간: 학기별 최대지원금액(220만원), 연간 최대지원금액(440만원) - 7~8구간: 학기별 최대지원금액(180만원), 연간 최대지원금액(360만원) - 9구간: 학기별 최대지원금액(50만원), 연간 최대지원금액(100만원) * 등록금 범위 내 필수경비(입학금, 수업료)",교육,교육비지원,"직무교육, 복지",직무교육,20250813 ~ 20250910,20250101 ~ 20251231,"0세~0세 / 연령제한:Y 0043003 0 0 학자금 지원구간 9구간 이하 ○ 12학점, B학점(80/100점) 이상 충족한 자 ※ 단, 기초･차상위 학생은 C학점 이상, 장애인･자립준비청년은 성적기준 미적용 0011009 0013010 0049005 0055003",0세~0세 / 연령제한:Y,0043003 0 0 학자금 지원구간 9구간 이하,"한국장학재단 누리집 및 모바일 앱에서 신청 ※ 전자서명수단 준비(공동인증서, 금융인증서, 간편인증)",사업 관련 참고사이트1 [제출서류] 확인,평생직업교육정책관,한국장학재단,https://www.kosaf.go.kr/ko/main.do,https://www.kosaf.go.kr/ko/scholar.do?pg=scholarship05_12_01_01&ttab1=0,,2025-01-14 13:40:14,2025-07-02 09:50:42,5,온통청년_OPEN_API_getPlcy,전남,국가장학금 유형 학생직접지원형 경제적 여건과 관계없이 누구나 의지와 능력에 따라 고등교육 기회를 가질 수 있도록 소득연계형 국가장학금 지원 보조금 직무교육
전남,46000,20250114005400110233,KF 한중청년교류(방중 파견),해외진출,"한중 차세대 간 교류 확대, 상호 우의 증진을 통해 미래지향적 한중 관계 구축을 위한 한국 청년 방중 파견 사업","중국 내 외교현장 방문, 산업기관 견학, 문화 탐방 등 기회 제공 가. 왕복 항공료 나. 현지 체재비(숙박비, 식비, 교통비 등)",참여권리,청년국제교류,"복지, 참여 프로그램",복지,,매해 변동(방중 파견 기간 약 1주일),"24세~34세 / 연령제한:N 0043001 0 0 지원대상: 대한민국 청년(만 24세 이상 34세 이하) 전공요건: 무관(중국 관련 전공생 우대) 특화분야: 민간 외교활동, 한중 양국 우호기반 증진에 기여하고 싶은 자 한국국제교류재단 지원으로 해외 파견경험이 있는 자 *한중청년교류, 한일대학생교류, 한베청년교류, 한중녹색봉사단, 글로벌챌린저 등 0011009 0013010 0049010 0055003",24세~34세 / 연령제한:N,0043001 0 0,지원 규모: 약 50명 신청 기간: 미정 (매해 변동으로 www.kf.or.kr 공지사항 메뉴에서 공고 확인 가능) 신청 절차: 사무국 이메일로 신청서 제출,※ 24년 기준으로 변동될 수 있음. 가. 지원서 나. 재학증명서 또는 재직증명서 다. 어학성적증명서 라. 사회적배려대상자 증명서 (해당자에 한함),한국국제교류재단,한국국제교류재단,https://www.kf.or.kr,,,2025-01-14 11:21:37,2026-01-01 00:00:00,5,온통청년_OPEN_API_getPlcy,전남,KF 한중청년교류 방중 파견 한중 차세대 간 교류 확대 상호 우의 증진을 통해 미래지향적 한중 관계 구축을 위한 한국 청년 방중 파견 사업 해외진출 복지
전남,46000,20250114005400110232,국제옵서버 인력 확대,교육지원,"해외 조업 원양어선 승선, IUU 어업 예방 및 감시와 과학자료 수집 활동을 하는 청년 국제옵서버 양성","국제옵서버 프로그램의 안정적 운영을 위한 옵서버 신규 양성, 옵서버 승선경비 지원 등 청년 일자리 제공",일자리,취업,"일자리, 직무교육",일자리,20250801 ~ 20250815,20250101 ~ 20251231,"19세~34세 / 연령제한:N 0043001 0 0 - 학력요건 추가 설명 : 전문대학 이상/ 단, 수산계 고등학교를 졸업하고 수산관련 국가기술자격증을 소지하거나 어업에 1년 이상 종사한 자는 예외로 인정 - 전공요건 추가 설명 : 수산 및 관련 학문을 전공한 자/ 단, 수산계 고등학교를 졸업하고 수산관련 국가기술자격증을 소지하거나 어업에 1년 이상 종사한 자는 예외로 인정 - 추가 신청자격요건 : 19세 이상으로 해외여행 결격사유가 없는 자, 영어로 의사소통이 가능한 자, 선박 승선이 가능한 자 국가공무원법 제33조 및 병역법 제76조 제1항의 결격사유에 해당하지 않아야 함 0011008 0013010 0049009 0055003",19세~34세 / 연령제한:N,0043001 0 0,"- 한국수산자원공단 '옵서버 교육대상자 모집' 공고 확인 후 지원서류 우편접수 * 인터넷, 방문 접수 불가 - 신청기간은 '25. 8월 1~3주 예상중이나, 구체적 날짜는 별도 공지 참고 요망","응시원서, 최종학력(재학) 증명서, 경력증명서, 국가기술자격증 사본, 영어능력평가 성적표 사본",해양수산부,수산정책관,https://www.fira.or.kr,https://www.fira.or.kr,https://blog.naver.com/fira_sea,2025-01-14 11:16:38,2025-01-20 15:43:04,5,온통청년_OPEN_API_getPlcy,전남,국제옵서버 인력 확대 해외 조업 원양어선 승선 IUU 어업 예방 및 감시와 과학자료 수집 활동을 하는 청년 국제옵서버 양성 교육지원 일자리
전남,46000,20250114005400110231,KF 한일대학생교류,해외진출,한일 대학생 간 소통 강화와 미래 지향적인 양국 관계 발전을 위한 상대국 상호 방문 프로그램,"일본 외무성 방문, 한·일 대학생과의 간담회, 문화유적지 탐방 및 문화체험, 한일축제한마당, 방한/방일단 교류회, 홈스테이, 해단식 등 제공 가. 왕복항공료 나. 일본 체재비(숙박비, 식비, 교통비, 문화체험비 등) 다. 사전교육 관련 비용 (교통비 등) ※ 지방 거주 참여자에 해당",참여권리,청년국제교류,"직무교육, 복지, 참여 프로그램",직무교육,,하반기 중 8박 9일,"19세~30세 / 연령제한:N 0043001 0 0 지원 대상: 대학 재/휴학생 특화분야: 한일관계와 일본에 대한 깊은 관심과 열의가 있는 자 가. 최근 3년 이내 여성 가족부, 외교부, 교육부 청소년 국제교류 파견사업 참가자 및 참가 예정자 나. JENESYS 2.0, 쿨재팬 리포터, 한일중 외교캠프 등 외무성 주최행사 기참가자 다. 일본에 1개월 이상 체류경험이 있는 학생 (단기 경험의 총합이 1개월인 경우는 해당 없음) 라. 학교, 학회 등에서 주최하는 비슷한 교류프로그램으로 일본에 다녀온 학생 마. 한국국제교류재단 지원으로 해외 파견 경험이 있는 자(예: 한중청년교류 한국대표단, 글로벌챌린저 등) 0011009 0013010 0049005,0049006 0055003",19세~30세 / 연령제한:N,0043001 0 0,신청기간 미정(매해 변동으로 홈페이지 www.kf.or.kr 공지사항 메뉴 확인 필요) 사무국 이메일로 신청서 제출,※ 24년 기준으로 변동될 수 있음. 가. 서류심사 ㅇ 참가신청서/자기소개서 ㅇ 주제에 대한 에세이 나. 면접심사 ㅇ 대학 재적증명서 ㅇ 어학 증명서 ㅇ 사회 배려자 증명서,한국국제교류재단,한국국제교류재단,www.kf.or.kr,,,2025-01-14 11:14:41,2026-01-01 00:00:00,5,온통청년_OPEN_API_getPlcy,전남,KF 한일대학생교류 한일 대학생 간 소통 강화와 미래 지향적인 양국 관계 발전을 위한 상대국 상호 방문 프로그램 해외진출 직무교육
전남,46000,20250114005400110230,에너지 국제기구 인턴 파견,해외진출,에너지 국제기구와의 협력 확대 및 우리 청년들이 글로벌 에너지 전문 인력으로 성장할 수 있는 기회 제공,"국제에너지기구(IEA), 국제재생에너지기구(IRENA) 등 에너지 관련 국제기구에서 통상 6개월간 근무할 수 있는 인턴 선발 및 지원",참여권리,청년국제교류,"일자리, 참여 프로그램",일자리,20250401 ~ 20250430,2011년~계속,"0세~0세 / 연령제한:Y 0043001 0 0 - 대한민국 국적자로 학사 또는 그 이상 학위 소지자 - 구술 및 작문 등이 원활한 수준의 영어 0011009 0013010 0049005,0049006,0049007,0049008 0055003",0세~0세 / 연령제한:Y,0043001 0 0,외교부 경제안보외교과 담당자 이메일로 관련 서류 송부,- 국/영문 신청서 각 1부(국문 자기소개서 포함) - 지원 동기가 담긴 영문 커버 레터(A4 1-2페이지) - 재학(졸업) 증명서(국/영문 각 1부) - 대학 및 대학원 성적증명서(국/영문 각 1부) - (신청서에 기재한) 어학 및 경력 관련 증명서,외교부,외교부,https://www.mofa.go.kr/www/brd/m_4075/list.do,,,2025-01-14 11:09:18,2025-01-17 09:30:18,5,온통청년_OPEN_API_getPlcy,전남,에너지 국제기구 인턴 파견 에너지 국제기구와의 협력 확대 및 우리 청년들이 글로벌 에너지 전문 인력으로 성장할 수 있는 기회 제공 해외진출 일자리
전남,46000,20250114005400210229,스마트 모빌리티 창업캠프사업,교육지원,"미래모빌리티 분야 창업을 희망하는 청년을 대상으로 국내 자동차업계 마이스터들의 강연, 멘토링, 카운슬링을 지원하여 창업아이디어를 구체화하고 창업 준비를 위한 각종 프로그램 운영","1. (사전프로그램) 기업가정신 함양, 멘토링, 카운슬링 2. (집합프로그램) - 자동차산업 전망, 창업 핵심기반, 기업가정신 등 교육지원 - 창업아이디어 도출･평가, 개발 제품 설계･평가 지원 등 실습 - 대한민국 미래모빌리티엑스포 연계, 창업아이디어 경연 및 우수팀 시상 3. 우수팀 대상 사후 멘토링 및 특허 관련 지원","일자리,일자리","취업,창업","일자리, 직무교육, 창업지원, 참여 프로그램",일자리,20260401 ~ 20260528,20260301 ~ 20261231,"0세~0세 / 연령제한:Y 0043001 0 0 모빌리티 분야(관련) 전공 대학(원)생 0011003,0011004,0011005 0013010 0049005,0049006,0049007,0049008 0055003",0세~0세 / 연령제한:Y,0043001 0 0,공고에 따라 지원서 작성 후 이메일 제출(신청기간 연장~5/28),대학생 스마트 모빌리티 창업캠프 지원서,미래모빌리티과,대구광역시 미래혁신성장실,https://www.kaae.kr/,https://www.kaae.kr/,,2025-01-14 11:00:54,2026-05-29 14:57:57,5,온통청년_OPEN_API_getPlcy,전남,스마트 모빌리티 창업캠프사업 미래모빌리티 분야 창업을 희망하는 청년을 대상으로 국내 자동차업계 마이스터들의 강연 멘토링 카운슬링을 지원하여 창업아이디어를 구체화하고 창업 준비를 위한 각종 프로그램 운영 교육지원 일자리
전남,46000,20250114005400110219,청년해기인력 공급기반 강화,교육지원,"미취업 청년해기사를 대상으로, 산.학 협력을 통한 선사 맞춤형 특화교육 및 취업지원을 하고 승선에 대한 동기부여 등을 통해 국적 청년 해기사의 안정적 공급시스템 구축","선사 실수요를 반영한 실무특화 교육 제공, 승선 동기부여 및 인식개선을 위한 해기마인드교육 및 멘토링 실시, 교육대상자-협약 참여기업간 취업 매칭 지원","일자리,교육","취업,미래역량강화","일자리, 직무교육, 참여 프로그램",일자리,20250501 ~ 20250531,20250101 ~ 20251231,"19세~34세 / 연령제한:N 0043001 0 0 - 해기사 면허 소지자 또는 면허취득예정자(사업참여 직후년도) - 해외출국 및 해외취업에 결격사유가 없는 자 - 선원법 규정에 의한 선원신체검사 기준에 결격사유가 없는 자 없음 0011008 0013003 0049003,0049004,0049005,0049006,0049007,0049008 0055003",19세~34세 / 연령제한:N,0043001 0 0,"교육 홈페이지(edu.hikosma.or.kr) 회원가입 후 지원서 작성 및 제출 ([과정안내] → [청년해기인력 공급기반 강화] → [지원서 작성]) * '25년 신청기간은 '25.5월로 예상중이며, 구체적인 날짜는 차후 별도 공지 등 확인 요망",① 지원서 및 자기소개서 각 1부 ② 개인정보동의서 1부 ③ 최종 학력 성적증명서 1부(필수) ④ 소지 자격증 사본 1부(해당자에 한함) ⑤ 공인어학성적표 사분 1부(해당자에 한함) ⑥ 상벌점 확인서류(해당자에 한함),해양수산부,선원정책과,https://edu.hikosma.or.kr,https://edu.hikosma.or.kr,,2025-01-14 09:15:46,2025-01-16 09:18:50,5,온통청년_OPEN_API_getPlcy,전남,청년해기인력 공급기반 강화 미취업 청년해기사를 대상으로 산 학 협력을 통한 선사 맞춤형 특화교육 및 취업지원을 하고 승선에 대한 동기부여 등을 통해 국적 청년 해기사의 안정적 공급시스템 구축 교육지원 일자리
전남,46000,20250113005400110192,청년임업인 특성화교육,교육지원,"청년임업인 네트워킹을 통한 학습그룹 발굴, 그룹별 수요맞춤형 임산물 재배기술 교육, 현장실증형 장기교육(체류형, 출퇴근형 등), 임업 우수사례지 견학 등","1. 사업목적 : 청년층을 대상으로 현장 실증형, 네트워킹 중심 특성화 교육 제공으로 임업분야 정착 지원 및 전문임업인으로 육성 2. 교육대상 : 임업에 종사하고자 하는 예비임업인(일반인, 청년), 임업에 종사하고 있는 청년임업인 등 3. 교육내용 : 청년의 특성 및 교육 수요를 반영한 맞춤형 교육 제공 - 청년 네트워킹 교육 : 청년 네트워킹을 통한 학습그룹 발굴, 청년간 소통 및 교류기회 제공, 자체 네트워크 형성 지원 - 청년학습그룹 : 기관 중심의 교육(집합교육 등)을 탈피, 청년 간 자율학습그룹 조직 및 문제해결을 위한 자생적 교육 운영 지원 - 현장실증형 교육 : 우수한 수준으로 임업에 종사하고 있는 전문임업인의 유휴 부지를 청년임업인 현장교육장소로 대여, 교육생 대상 신품목, 유망품목 시험재배 및 밀착형 컨설팅 기회 제공 - 임산물 재배기술교육 : 수준별(초중급/고급) 청년임업인을 위한 임산물 재배 기술교육 및 밀착 컨설팅",교육,미래역량강화,"직무교육, 참여 프로그램",직무교육,20250217 ~ 20251031,20250124 ~ 20251212,19세~50세 / 연령제한:N 0043001 0 0 0011009 0013010 0049010 0055003,19세~50세 / 연령제한:N,0043001 0 0,한국임업진흥원 홈페이지 - 교육신청,"교육신청서 작성 및 제출(학습그룹형 교육의 경우 교육수요조사서 등 포함, 서식 참조)",사유림경영소득과,한국임업진흥원,https://www.kofpi.or.kr/edu/edu.do,,,2025-01-13 18:03:31,2025-01-17 09:33:17,5,온통청년_OPEN_API_getPlcy,전남,청년임업인 특성화교육 청년임업인 네트워킹을 통한 학습그룹 발굴 그룹별 수요맞춤형 임산물 재배기술 교육 현장실증형 장기교육 체류형 출퇴근형 등 임업 우수사례지 견학 등 교육지원 직무교육
전남,46000,20250113005400210181,완도군 청년 자격증 응시료 지원사업,"교육지원,장기미취업청년",청년의 자립 기반 형성 및 역량 강화를 위한 자격증 응시비용을 지원,"30명 내외(1인당 2회 / 최대 10만원 한도) -어학·한국사, 국가자격증 응시료 실비 및 교재비 지원",일자리,취업,"일자리, 직무교육",일자리,20250101 ~ 20251210,20250101 ~ 20251231,19세~49세 / 연령제한:N 0043001 0 0 시험 응시일 기준 미취업자(시험 응시 이후 취업 여부 무관) *사업자등록 중인 자는 신청 불가 0011009 0013003 0049010 0055003,19세~49세 / 연령제한:N,0043001 0 0,,-응시료 지원신청서 -응시사실 확인 증빙자료 및 교재사진 -응시료 및 교재 결제 영수증 -주민등록 초본 -건강보험 자격득실확인서 -통장사본(응시자본인명의),완도군,전라남도 완도군,,,,2025-01-13 16:14:57,2025-01-13 16:37:07,5,온통청년_OPEN_API_getPlcy,전남,완도군 청년 자격증 응시료 지원사업 청년의 자립 기반 형성 및 역량 강화를 위한 자격증 응시비용을 지원 교육지원 장기미취업청년 일자리
전남,46000,20250113005400110180,취업지원대상자 취업능력개발비용 지원(국가보훈부),장기미취업청년,국가보훈대상자 중 '취업지원 대상자의 취업역량 향이상'을 위한 취업수강료 지원,"1. 1인당 지원 한도액(연간 지원한도액) - 유공자 본인: 총 300만원(연간 150만원) - 유가족: 총 150만원(연간 75만원) * 단, 취업지원대상자 본인이 제대군인과 국가유공자 자격의 중복으로 제대군인 직업능력개발교육비 지원을 받은 경우 그 차액에 대해 지원(중복 수혜 불가) 2. 지원비율: 취업수강료 실부담액의 70% 지원",일자리,취업,"일자리, 직무교육",일자리,,예산소진시 까지,"18세~74세 / 연령제한:N 0043001 0 0 1. 제대군인 2. 법정취업자, 보훈특별고용통지서가 발급된 자, 가점 또는 일반직공무원 등 특별채용 합격자로 결정된 자 3. (수강시작일 기준) 75세 이상자, 단, 지원연령 상한이 없는 과정은 지원 가능 4. 18세 미만자 0011009 0013003 0049001,0049003,0049004,0049006,0049007,0049008,0049009 0055003",18세~74세 / 연령제한:N,0043001 0 0,"1. 신청방법: 관할보훈(지)청 방문 또는 취업정보시스템(job.mpva.go.kr) 이용 2. 신청기간: 수강시작일 부터 수강 종료일 후 12개월 이내 * 단, 해당 과정의 수강진도율이 80% 이상인 때 부터 비용 지급 가능 3. 제출서류: 하단 참고","1. 취업능력개발 비용 지원 신청 및 확인서(개인정보 이용 및 제공 사전 동의서 포함) 2. 수강료 영수증 3. 서약서 4. 수강완료 및 훈련비 지원여부 사실확인서 5. 응시확인서류(시험일이 경과한 응시(수험)표, 성적표, 합격증 등)",국가보훈부,국가보훈부,,https://job.mpva.go.kr/,,2025-01-13 15:50:29,2026-01-01 00:00:00,5,온통청년_OPEN_API_getPlcy,전남,취업지원대상자 취업능력개발비용 지원 국가보훈부 국가보훈대상자 중 취업지원 대상자의 취업역량 향이상 을 위한 취업수강료 지원 장기미취업청년 일자리
전남,46000,20250113005400110179,ICT기반 수산전문인력 양성,"보조금,교육지원,금리혜택,바우처",4차 산업혁명기술분야 전문성과 수산분야 소양을 함께 겸비한 현장밀착형 전문인력 양성,R&D프로젝트 기반 인력육성 프로그램 지원,교육,미래역량강화,직무교육,직무교육,,20250101 ~ 20251231,"0세~0세 / 연령제한:Y 0043001 0 0 0011008 0013010 0049006,0049009 0055003",0세~0세 / 연령제한:Y,0043001 0 0,교육생 공모 → 신청서 교부 및 접수 → 교육생 선발 및 통지 → 교육,신청서류 및 개인정보동의서 등,해양수산부,수산정책실,http://sarc.jnu.ac.kr,,,2025-01-13 15:40:07,2026-01-01 00:00:00,5,온통청년_OPEN_API_getPlcy,전남,ICT기반 수산전문인력 양성 4차 산업혁명기술분야 전문성과 수산분야 소양을 함께 겸비한 현장밀착형 전문인력 양성 보조금 교육지원 금리혜택 바우처 직무교육
전남,46000,20250113005400110171,청년어업인 정착지원 사업,보조금,청년의 어촌유입과 안정적인 어촌정착을 위해 정착자금 지원,수산업 경영비 및 어가 가계자금으로 사용할 수 있도록 월 최대 110만원 최장 3년간 보조금 지원,일자리,취업,일자리,일자리,,시·군·구별로 상이하므로 주민등록 기준 거주지 관할 시·군·구에 문의,18세~40세 / 연령제한:N 0043003 0 0 건강보험료 소득판정 기준 중위소득 150% 첨부파일(2025년 청년어촌정착지원 사업시행지침 사업) 선정 제외대상 참고 0011009 0013006 0049010 0055003,18세~40세 / 연령제한:N,0043003 0 0 건강보험료 소득판정 기준 중위소득 150%,사업 신청자격과 요건을 갖춘 청년어업인은 신청서와 사업계획서를 작성하여 주민등록 기준 거주지 관할 시·군·구에 제출,청년어촌정착지원 사업신청서 개인정보 수집·활용·제공 동의서 사업계획서 어업 또는 양식업 면허·허가·신고 관련서류(해당분야) 어업경영체등록 확인서 가족관계증명서 사업자등록증 등,해양수산부,어촌양식정책관,,,,2025-01-13 13:24:59,2026-01-01 00:00:00,5,온통청년_OPEN_API_getPlcy,전남,청년어업인 정착지원 사업 청년의 어촌유입과 안정적인 어촌정착을 위해 정착자금 지원 보조금 일자리
전남,46000,20250113005400110168,중남미 지역기구 인턴 파견,해외진출,"우리 청년들에게 국제무대에서 활동할 수 있는 기회와 여건을 제공하고, 차세대 중남미 전문인력으로서의 능력 개발 및 역량 강화 지원","미주기구(OAS), 유엔 중남미카리브경제위원회 등 10여개 중남미 지역기구에 매년 25명 내외, 6개월 근무 인턴 파견",참여권리,청년국제교류,"일자리, 직무교육, 참여 프로그램",일자리,20250501 ~ 20250530,2009년~계속,"0세~0세 / 연령제한:Y 0043001 0 0 ㅇ 대한민국 국적자로, 국내외 대학생(3-4학년) 또는 대학원생 ㅇ 영어 또는 스페인어로 업무처리가 가능한 자 0011009 0013010 0049005,0049006,0049007,0049008 0055003",0세~0세 / 연령제한:Y,0043001 0 0,ㅇ 외교부 카리브·중남미협력과 이메일(latinca@mofa.go.kr)로 관련 서류 송부,"- 국문 신청서(한글 또는 PDF 파일) - 영문 신청서(Application for Internship, Curriculum Viate) 각 1부 - 영문 재학증명서(휴학증명서로 대체 가능) - 영문 대학·대학원 성적증명서 - 기타 증명서(외국어 자격증 등) - 교수 추천서",중남미국,외교부,https://www.mofa.go.kr/www/brd/m_4075/list.do,,,2025-01-13 10:09:56,2025-01-17 15:15:25,5,온통청년_OPEN_API_getPlcy,전남,중남미 지역기구 인턴 파견 우리 청년들에게 국제무대에서 활동할 수 있는 기회와 여건을 제공하고 차세대 중남미 전문인력으로서의 능력 개발 및 역량 강화 지원 해외진출 일자리
전남,46000,20250112005400110167,산림산업 창업지원,벤처,산림분야 관심자 및 전공자 태상 취ㆍ창업 실적역량 강화로 임산업 분야 우수 청년인재 유입 확대,1. 청년 산림인 취업지원 - 온ㆍ오프라인 소통강화로 산림분야 일자리 정보 접근성 향상 - 민ㆍ관 협업을 통한 현장현 산림분야 실무인재 양성 - 청년 취업지원 효율화 모색 및 네트워크 구축 2. 청년 산림인 창업지원 - 산림분야 창업자 대상 수준별 비즈니스 실전역량 강화 - 산림창업 진입장벽 완화 및 창업 성공 도약ㆍ지원 - 창업자 및 전문가간 네트워킹으로 산림창업 활성화 지원 세부추진사업별로 공고,일자리,창업,"일자리, 직무교육, 창업지원, 참여 프로그램",일자리,,세부추진사업별로 공고,18세~39세 / 연령제한:N 0043001 0 0 세부사업별로 공고시 신청자격 알림 세부사업별로 공고시 참여 제한 대상 알림 0011009 0013010 0049010 0055003,18세~39세 / 연령제한:N,0043001 0 0,,,산림안전보건일자리팀,한국임업진흥원,,,,2025-01-12 11:24:32,2026-01-01 00:00:00,5,온통청년_OPEN_API_getPlcy,전남,산림산업 창업지원 산림분야 관심자 및 전공자 태상 취 창업 실적역량 강화로 임산업 분야 우수 청년인재 유입 확대 벤처 일자리
전남,46000,20250110005400110161,제대군인 직업능력 개발훈련,"해외진출,교육지원,맞춤형상담서비스",전역 예정자의 직업능력 개발훈련 지원 사업,근로자직업능력 개발법에 따른 직업능력개발훈련 실시기관에 추천,일자리,취업,"일자리, 직무교육, 복지",일자리,,상시,0세~0세 / 연령제한:Y 0043001 0 0 0011009 0013010 0049010 0055003,0세~0세 / 연령제한:Y,0043001 0 0,주소지 관할 제대군인지원센터에 유선으로 신청,"직업능력개발훈련 신청서, 직업능력개발훈련 개인정보 이용 및 제공 사전 동의서",국가보훈부,국가보훈부,,,,2025-01-10 16:37:16,2026-01-01 00:00:00,5,온통청년_OPEN_API_getPlcy,전남,제대군인 직업능력 개발훈련 전역 예정자의 직업능력 개발훈련 지원 사업 해외진출 교육지원 맞춤형상담서비스 일자리
전남,46000,20250110005400110155,제대군인 직업능력개발교육비 지원,"교육지원,맞춤형상담서비스",제대군인 및 전역예정자를 대상으로 개인의 전직목표와 적성에 맞는 맞춤식 전문교육을 통해 취업에 직접적으로 필요한 교육훈련과정 지원 사업,"전역 후 3년이 지나지 않고 미취창업중인 중장기 복무 전역(예정)자에게 최대 150만원 한도의 직업능력개발교육비 지원 (수강료 국비지원 80%, 자기부담률 20%)",일자리,취업,"일자리, 직무교육, 창업지원, 복지",일자리,,상시,0세~0세 / 연령제한:Y 0043001 0 0 0011009 0013003 0049010 0055003,0세~0세 / 연령제한:Y,0043001 0 0,"제대군인지원센터 상담 후 지원대상 여부 및 교육과정, 교육기관 등 확인 필요 - ☏1666-9279",(신청시) 직업능력개발교육비 지원신청서 (수료시) 교육과정 수료 후 14일 이내에 교육 수료증 또는 교육 수료 확인서,제대군인일자리과,국가보훈부,,https://www.vnet.go.kr/gud/GudCv004.do,,2025-01-10 15:45:26,2026-01-01 00:00:00,5,온통청년_OPEN_API_getPlcy,전남,제대군인 직업능력개발교육비 지원 제대군인 및 전역예정자를 대상으로 개인의 전직목표와 적성에 맞는 맞춤식 전문교육을 통해 취업에 직접적으로 필요한 교육훈련과정 지원 사업 교육지원 맞춤형상담서비스 일자리
전남,46000,20250110005400110154,제대군인 사이버교육,교육지원,- 제대군인 특성에 맞는 시장 친화적이며 취창업과 연계한 차별화된 직업교육 확대 - 시간과 장소 제약 없이 다양한 교육과정을 제공함으로써 직업능력 역량을 제고하여 성공적인 사회복귀지원,"1인당 월 3개 (연 12개) 과목 사이버교육 지원 교재비 50% 지원(1인당 6권까지, 20만원 한도, 예산 범위 내 지원)","일자리,교육","취업,미래역량강화","일자리, 직무교육, 창업지원",일자리,,상시,0세~0세 / 연령제한:Y 0043001 0 0 0011009 0013010 0049010 0055003,0세~0세 / 연령제한:Y,0043001 0 0,제대군인지원센터 사이버 연수원 홈페이지에 접속해서 별도 회원가입한 후 수강신청,,국가보훈부,국가보훈부,https://www.vnet.go.kr/edc/EdcCyb.do,https://www.vnet.go.kr/edc/EdcCyb.do,,2025-01-10 15:36:15,2026-01-01 00:00:00,5,온통청년_OPEN_API_getPlcy,전남,제대군인 사이버교육 제대군인 특성에 맞는 시장 친화적이며 취창업과 연계한 차별화된 직업교육 확대 시간과 장소 제약 없이 다양한 교육과정을 제공함으로써 직업능력 역량을 제고하여 성공적인 사회복귀지원 교육지원 일자리
전남,46000,20250110005400110153,제대군인지원센터,"맞춤형상담서비스,교육지원,중소기업,해외진출","제대(예정) 군인의 사회정착 지원을 위해 직업능력개발, 취창업, 교육, 멘토링 등의 구직활동 지원",□ 직업능력개발 교육비 □ 전직지원금 □ 사이버교육 □ 무료법률 구조 □ 심리재활서비스 등 지원,일자리,취업,"일자리, 직무교육, 창업지원, 복지, 참여 프로그램",일자리,,상시,0세~0세 / 연령제한:Y 0043001 0 0 0011009 0013010 0049010 0055003,0세~0세 / 연령제한:Y,0043001 0 0,□ 지원별 상이,,국가보훈부,국가보훈부 제대군인국 제대군인일자리과,https://vnet.go.kr/,https://www.korea.kr/news/policyNewsView.do?newsId=148919167,,2025-01-10 14:46:55,2026-01-01 00:00:00,5,온통청년_OPEN_API_getPlcy,전남,제대군인지원센터 제대 예정 군인의 사회정착 지원을 위해 직업능력개발 취창업 교육 멘토링 등의 구직활동 지원 맞춤형상담서비스 교육지원 중소기업 해외진출 일자리
전남,46000,20250110005400210152,국군 휴가보상 제도,교육지원,"휴가 중 독립기념관 방문 관람(방문 확인) 하면, 추후 휴가 시 1일의 휴가를 보상","휴가 중 독립기념관 관람(방문 확인) 하면, 추후 휴가 시 1일의 휴가를 보상",복지문화,문화활동,"직무교육, 복지",직무교육,,2025년 12월 31일,0세~0세 / 연령제한:Y 0043001 0 0 - - 0011009 0013010 0049010 0055003,0세~0세 / 연령제한:Y,0043001 0 0,ㅇ 모바일 앱을 이용한 관람 및 퀴즈 풀이 - '현충시설 기념관 안내' 앱 다운로드 -> 독립기념관 선택 -> '국군 휴가 인증' 메뉴 선탁 -> 휴가자 정보 등록 -> 독립기념관 방문 -> 모바일앱을 설치하여 전시관 관람 및 퀴즈 풀이 -> 확인증 발급(종합안내센터 방문 필요 없음),-,국가보훈부,독립기념관,https://i815.or.kr/2018/tour/armyVisit.do,https://i815.or.kr/2018/tour/armyVisit.do,,2025-01-10 14:31:08,2026-01-01 00:00:00,5,온통청년_OPEN_API_getPlcy,전남,국군 휴가보상 제도 휴가 중 독립기념관 방문 관람 방문 확인 하면 추후 휴가 시 1일의 휴가를 보상 교육지원 직무교육
전남,46000,20250110005400110151,제대군인 전직지원금,"맞춤형상담서비스,바우처","전역후 6개월 이내 실업상태의 군인연금비대상 장기복무제대군인의 취, 창업 촉진을 위한 전직지원금 지원","○ 매월 장기복무 81만 원, 중기복무 58만 원 씩 6개월 간 지급. 다만 수급기간 중 취창업시에는 취업이나 창업을 한 다음 달부터 남은 달까지 받을 총 지급액의 1/2을 일시금으로 지급 * 신청기간 : 전역후 6개월이내",일자리,취업,"일자리, 창업지원, 복지",일자리,,상시,0세~0세 / 연령제한:Y 0043001 0 0 ○ 지급 중단 사유 - 적극적으로 구직활동을 하지 않은 경우(본인의 질병·부상·임신·출산 및 천재지변의 경우는 제외) - 거짓이나 그 밖의 부정한 방법으로 전직지원금을 지급받았거나 지급받으려 한 경우 * 군인연금 수령자는 제외 0011009 0013003 0049010 0055003,0세~0세 / 연령제한:Y,0043001 0 0,"- 제대군인지원센터에 방문하거나 온라인, 우편으로 신청","전직지원급지급신청서, 개인정보 이용·제공 사전 동의서, 매월 1회 이상 적극적 구직활동 증명서류(해당장에 한함)",국가보훈부,국가보훈부 제대군인국 제대군인일자리과,https://www.gov.kr/mw/AA020InfoCappView.do?CappBizCD=11800000096,https://www.vnet.go.kr/gud/GudCv002.do,,2025-01-10 14:27:28,2026-01-01 00:00:00,5,온통청년_OPEN_API_getPlcy,전남,제대군인 전직지원금 전역후 6개월 이내 실업상태의 군인연금비대상 장기복무제대군인의 취 창업 촉진을 위한 전직지원금 지원 맞춤형상담서비스 바우처 일자리
전남,46000,20250110005400110150,병 자기개발비용 지원,교육지원,군 복무 중 자기개발 기회를 확대하고자 자기개발에 소요된 비용의 80%(연간 12만 원 한도)를 지원해주는 제도,"군 복무 중 자기개발활동에 소요된 비용의 80%를 지원하되 연간 12만 원 한도, 복무 기간 중 총 24만 원 한도 내에서 지원",일자리,취업,"일자리, 직무교육",일자리,20250102 ~ 20251130,20250102 ~ 20251130,0세~0세 / 연령제한:Y 0043001 0 0 군 복무 중인 병만 지원 대상임 0011009 0013010 0049010 0055003,0세~0세 / 연령제한:Y,0043001 0 0,"1. 제휴사: 나라사랑포털 www.narasarang.or.kr 로그인 > 자기개발 > 제휴사 > 상품 구매(가용잔액 적용) 2. 비제휴사: 나라사랑포털 www.narasarang.or.kr 로그인 > 자기개발 > 지원신청(영수증, 증빙서류 첨부) > 심사 > 지급 * 증빙서류 : 나라사랑포털 > 자기개발 > 제도기준, 증빙서류 안내 참고","영수증, 증빙서류 ㅇ 나라사랑포털 > 자기개발 > 제도기준, 증빙서류 안내 참고",국방부,국방부,https://www.narasarang.or.kr,,,2025-01-10 14:21:05,2025-01-16 09:37:29,5,온통청년_OPEN_API_getPlcy,전남,병 자기개발비용 지원 군 복무 중 자기개발 기회를 확대하고자 자기개발에 소요된 비용의 80 연간 12만 원 한도 를 지원해주는 제도 교육지원 일자리
전남,46000,20250110005400110149,중.장기복무제대군인 무료법률구조지원,맞춤형상담서비스,"국토방위의 임무를 성실히 수행하고 전역 후 사회에 적응하는 과정에서 경제적으로 어렵거나, 법을 모르기 때문에 법의 보호를 충분히 받지 못하는 중·장기복무제대군인에 대해 소송비용 등을 국가가 부담하여 대한법률구조공단에서 지원을 받도록 하는 제도","- 소송비용 지원 : 변호사 비용, 인지액, 송달료 등 * 소송비용은 대한법률구조공단에서 대납 후 청구하면 예산 범위내에서 국가보훈부에서 대한법률구조공단에 지급 - 지원대상 소송사건 : 민사 · 가사사건, 행정심판사건, 행정소송사건, 헌법소원사건, 형사사건, 「국가배상법」에 따른 손해배상사건 *국가를 당사자로 하는 소송에 관한 법률」에 따라 국가를 당사자 또는 참가인으로 하는 국가소송은 제외",일자리,취업,"일자리, 복지",일자리,,상시접수,"0세~0세 / 연령제한:Y 0043003 0 0 보건복지부장관이 고시하는 중위소득 125% 이하자 「군인연금법」제6조제1호부터 제3호까지의 규정에 따른 퇴역연금, 퇴역연금일시금, 퇴역연금공제일시금 중 어느 하나를 받았거나 받고있는 사람 0011009 0013010 0049010 0055003",0세~0세 / 연령제한:Y,0043003 0 0 보건복지부장관이 고시하는 중위소득 125% 이하자,"인터넷(국가보훈부 홈페이지 - 민원참여 - 나만의 예우), 방문, 우편 대한법률구조공단 고객상담센터 국번없이 132","- 신청인 제출서류 : 없음 - 담당공무원 확인사항 : 중·장기복무제대군인 등록 여부, 군인연금수급권 유무 국방부 조회 등",국가보훈부,대한법률구조공단,,https://www.vnet.go.kr/gud/GudCv008.do,,2025-01-10 14:12:57,2026-01-01 00:00:00,5,온통청년_OPEN_API_getPlcy,전남,중 장기복무제대군인 무료법률구조지원 국토방위의 임무를 성실히 수행하고 전역 후 사회에 적응하는 과정에서 경제적으로 어렵거나 법을 모르기 때문에 법의 보호를 충분히 받지 못하는 중 장기복무제대군인에 대해 소송비용 등을 국가가 부담하여 대한법률구조공단에서 지원을 받도록 하는 제도 맞춤형상담서비스 일자리
전남,46000,20250110005400110148,해운항만물류 전문인력 양성(산학연계 인턴십),"해외진출,교육지원,인턴",대학생의 국내외 해운물류분야 기업 인턴십 지원을 통한 취업률 제고,국내외 기업과 연계한 인턴십 파견지원금을 통해 기업과 학생의 참여 유도 및 실질적 취업연계 가능성 제고,일자리,취업,"일자리, 직무교육, 복지, 참여 프로그램",일자리,,사업수행 대학별 공고,"0세~0세 / 연령제한:Y 0043001 0 0 대학교 3학년 이상 대학생 및 졸업생(미취업자) 0011008 0013010 0049005,0049007 0055003",0세~0세 / 연령제한:Y,0043001 0 0,모집공고(사업수행 대학) → 신청(대학생) → 인턴십 선정(사업수행 대학),사업수행 대학 공고 참조,해양수산부,스마트해운물류팀,,,,2025-01-10 13:23:28,2026-01-01 00:00:00,5,온통청년_OPEN_API_getPlcy,전남,해운항만물류 전문인력 양성 산학연계 인턴십 대학생의 국내외 해운물류분야 기업 인턴십 지원을 통한 취업률 제고 해외진출 교육지원 인턴 일자리
전남,46000,20250110005400110147,KF 글로벌 챌린저,해외진출,"대한민국 차세대 인재들이 해외 유수 정책연구소, 박물관, 도서관, 국제기구/국제NGO 등에서의 실무 경험 기회","현지 체재비, 일반석 왕복항공료 80%, 보험료 (* 경제적 취약 계층의 경우 체재비 20% 증액, 일반석 왕복항공료 전액 지급)",참여권리,청년국제교류,참여 프로그램,참여 프로그램,,"정책연구소(6개월), 박물관(6-9개월), 도서관(10개월), 국제기구/국제NGO(3개월)","19세~39세 / 연령제한:N 0043001 0 0 학력, 전공요건, 취업상태(경력)은 기관에 따라 상이 * 관련 분야 전공 학위 및 경력(총 2년 이내) 필요 상세 조건은 온라인 지원 페이지 참조 0011008 0013009 0049009 0055003",19세~39세 / 연령제한:N,0043001 0 0,"신청기간* 내 온라인 신청서 등 제출 *전년도 9-10월 (※ KF 홈페이지 공고, 신청기간은 상황에 따라 달라질 수 있으므로 유의)",,한국국제교류재단,한국국제교류재단,https://apply.kf.or.kr,,,2025-01-10 13:11:10,2026-01-01 00:00:00,5,온통청년_OPEN_API_getPlcy,전남,KF 글로벌 챌린저 대한민국 차세대 인재들이 해외 유수 정책연구소 박물관 도서관 국제기구 국제NGO 등에서의 실무 경험 기회 해외진출 참여 프로그램
전남,46000,20250110005400210145,"""노벨 문학도시 장흥을 즐겨라!"" 지역탐방 프로그램 운영",교육지원,"가. 일 시 : 2025. 2. 13.(목) 14:00 ~ 2. 14.(금) 16:00 예정 / 1박2일 나. 행사내용 - 문화관광, 취․창업 및 문학관련 지역탐방, 아로마테라피, 청태전 다식 체험, 산단 견학, 한강작가 아버지 한승원 산책길 방문 등 가. 모집대상 : 타시군 19세 ~ 45세 청년 나. 모집기간 : 2025. 1. 24.(금)까지 ※ 모집 완료 시 까지 다. 모집인원 : 20명 ※ 선정자 개별 통보 라. 신청방법 : 이메일 접수(hma22000@naver.com) - 우선순위 : ① 전남․광주 외 지역 ② 광주 ③ 장흥군 외 전남 청년","가. 일 시 : 2025. 2. 13.(목) 14:00 ~ 2. 14.(금) 16:00 예정 / 1박2일 나. 행사내용 - 문화관광, 취․창업 및 문학관련 지역탐방, 아로마테라피, 청태전 다식 체험, 산단 견학, 문학산책로 체험 등 가. 모집대상 : 타시군 19세 ~ 45세 청년 나. 모집기간 : 2025. 1. 24.(금)까지 ※ 모집 완료 시 까지 다. 모집인원 : 20명 ※ 선정자 개별 통보 라. 신청방법 : 이메일 접수(hma22000@naver.com) - 우선순위 : ① 전남․광주 외 지역 ② 광주 ③ 장흥군 외 전남 청년",복지문화,문화활동,"직무교육, 창업지원, 복지",직무교육,20250110 ~ 20250124,20250213 ~ 20250214,19세~45세 / 연령제한:N 0043001 0 0 0011009 0013010 0049010 0055003,19세~45세 / 연령제한:N,0043001 0 0,,,인구청년정책과,전라남도 장흥군 인구청년정책과,,,,2025-01-10 09:45:12,2025-07-16 17:20:57,5,온통청년_OPEN_API_getPlcy,전남,노벨 문학도시 장흥을 즐겨라 지역탐방 프로그램 운영 가 일 시 2025 2 13 목 14 00 2 14 금 16 00 예정 1박2일 나 행사내용 문화관광 취 창업 및 문학관련 지역탐방 아로마테라피 청태전 다식 체험 산단 견학 한강작가 아버지 한승원 산책길 방문 등 가 모집대상 타시군 19세 45세 청년 나 모집기간 2025 1 24 금 까지 모집 완료 시 까지 다 모집인원 20명 선정자 개별 통보 라 신청방법 이메일 접수 hma22000 naver com 우선순위 전남 광주 외 지역 광주 장흥군 외 전남 청년 교육지원 직무교육
전남,46000,20250110005400210144,장흥군 로컬크리에이터 양성교육,교육지원,"❍ 사업기간 : 2026. 3. ~ 6. ❍ 대 상 : 15팀(19세 ~49세 장흥군 주소등록 청년) ❍ 주요 사업 내용 - (창업교육) 상권분석, 금융, 마케팅, 창업 성공·실패 사례, 사업계획서 작성 등 - (자원조사) 지역의 유·무형 자원조사를 통한 사업모델 발굴 및 구체화 - (벤치마킹) 전남 내·외 선진지 방문을 통한 사업성 및 시장 분석 - (시제품 제작) 참여자 대상 사업 아이템 시제품 제작 - (성과공유회 및 사후관리) 사업 아이템 시연·시장성 평가 및 환류","❍ 사업기간 : 2025. 1. ~ 6.(5개월) ❍ 대 상 : 15팀(19세 ~49세 장흥군 주소등록 청년) ❍ 주요 사업 내용 - (AI 활용 교육)생성형 AI 및 챗GPT 활용 콘텐츠 기획 및 제작 - (SNS 마케팅)광고 기획, 영상촬영 및 편집기술, 인플루언서 특강 등 - (온라인 판매)스마트스토어 등 온라인 판매처 등록 및 상세 페이지 제작 - (성과관리)개인별 SNS 계정 운영, 공공콘텐츠 제작, 실전 판매 수익 등 -(사후관리)쿠팡, 네이버 등 판로 연결, 콘텐츠 제작 및 사후 컨설팅 등",교육･직업훈련,미래역량강화,"직무교육, 창업지원, 복지, 참여 프로그램",직무교육,20260323 ~ 20260327,20260401 ~ 20260630,19세~49세 / 연령제한:N 0043001 0 0 0011009 0013010 0049010 0055003,19세~49세 / 연령제한:N,0043001 0 0,,,인구청년정책과,전라남도 장흥군 인구청년정책과,,https://www.jangheung.go.kr/,,2025-01-10 09:39:06,2026-04-02 09:20:27,5,온통청년_OPEN_API_getPlcy,전남,장흥군 로컬크리에이터 양성교육 사업기간 2026 3 6 대 상 15팀 19세 49세 장흥군 주소등록 청년 주요 사업 내용 창업교육 상권분석 금융 마케팅 창업 성공 실패 사례 사업계획서 작성 등 자원조사 지역의 유 무형 자원조사를 통한 사업모델 발굴 및 구체화 벤치마킹 전남 내 외 선진지 방문을 통한 사업성 및 시장 분석 시제품 제작 참여자 대상 사업 아이템 시제품 제작 성과공유회 및 사후관리 사업 아이템 시연 시장성 평가 및 환류 교육지원 직무교육
전남,46000,20250110005400210143,장흥청년 N잡러 만들기 프로젝트,"교육지원,장기미취업청년","❍ 대상 : 장흥군 만19세 ~ 49세 청년 ❍ 교육내용 : 창업 성공사례공유, 스마트스토어, SNS 등 온라인 창업 마케팅 교육, 창업아이템 조사 교육 등 ❍ 모집인원 20명","❍ 대상 : 장흥군 만19세 ~ 49세 청년 ❍ 교육내용 : 창업 성공사례공유, 스마트스토어, SNS 등 온라인 창업 마케팅 교육, 창업아이템 조사 교육 등 ❍ 모집인원 20명",교육･직업훈련,온·오프라인교육,"일자리, 직무교육, 창업지원",일자리,20260713 ~ 20260731,20260701 ~ 20261231,19세~49세 / 연령제한:N 0043001 0 0 0011009 0013010 0049010 0055003,19세~49세 / 연령제한:N,0043001 0 0,장흥군청 누리집 공고 시 신청서 제출(이메일 tjdgh546@korea.kr 또는 장흥군청 인구청년정책과 방문접수),,인구청년정책과,전라남도 장흥군 인구청년정책과,,https://www.jangheung.go.kr/,,2025-01-10 09:35:56,2026-03-16 11:44:30,5,온통청년_OPEN_API_getPlcy,전남,장흥청년 N잡러 만들기 프로젝트 대상 장흥군 만19세 49세 청년 교육내용 창업 성공사례공유 스마트스토어 SNS 등 온라인 창업 마케팅 교육 창업아이템 조사 교육 등 모집인원 20명 교육지원 장기미취업청년 일자리
전남,46000,20250109005400210134,가업승계 청년 정착기반 지원사업,보조금,"만 19~45세 이하의 청년이며, 부모의 농수축산 등 가업을 승계받은 경력이 20년 이내의 청년, 공고일 현재 본인과 (조)부모의 주민등록상 주소지가 강진군인 자. ((조)부모 소유로 20년 이내 상속∙증여받은 농지, 하우스, 양식장, 선박, 축사, 사업장 신청인 본인 소유에 한함 ※ 단, 5년 이상 (조)부모가 임대하여 경작(경영)중인 농지, 하우스, 양식장, 선박, 점포 등을 가업승계 받을 자가 임대(5년 이상) 계약한 경우 가능 )",보조금 지원,일자리,창업,"일자리, 주거지원, 창업지원",일자리,20250301 ~ 20250331,20250401 ~ 20251231,19세~45세 / 연령제한:N 0043001 0 0 0011009 0013008 0049010 0055003,19세~45세 / 연령제한:N,0043001 0 0,,,인구정책과,전라남도 강진군 인구정책과,,,,2025-01-09 22:38:55,2025-01-16 20:33:12,6,온통청년_OPEN_API_getPlcy,전남,가업승계 청년 정착기반 지원사업 만 19 45세 이하의 청년이며 부모의 농수축산 등 가업을 승계받은 경력이 20년 이내의 청년 공고일 현재 본인과 조 부모의 주민등록상 주소지가 강진군인 자 조 부모 소유로 20년 이내 상속 증여받은 농지 하우스 양식장 선박 축사 사업장 신청인 본인 소유에 한함 단 5년 이상 조 부모가 임대하여 경작 경영 중인 농지 하우스 양식장 선박 점포 등을 가업승계 받을 자가 임대 5년 이상 계약한 경우 가능 보조금 일자리
전남,46000,20250109005400210133,강진군 청년 창업 지원사업,보조금,1. (연 령) 공고일 기준 만 19세 이상 만 45세 이하인 청년 2. (거주지) 공고일 기준 2개월 이상 강진군에 주민등록을 두고 거주한 자 3. (사업대상지) 강진 관내 사업장 요건을 모두 충족하는 청년에게 창업 지원금 지원,1. (연 령) 공고일 기준 만 19세 이상 만 45세 이하인 청년 2. (거주지) 공고일 기준 2개월 이상 강진군에 주민등록을 두고 거주한 자 3. (사업대상지) 강진 관내 사업장 요건을 모두 충족하는 청년에게 창업 지원금 지원,일자리,창업,"일자리, 창업지원, 복지",일자리,20250301 ~ 20250331,20250401 ~ 20251231,19세~45세 / 연령제한:N 0043001 0 0 0011009 0013006 0049010 0055003,19세~45세 / 연령제한:N,0043001 0 0,,,인구정책과,전라남도 강진군 인구정책과,,,,2025-01-09 22:31:21,2025-01-13 19:08:12,6,온통청년_OPEN_API_getPlcy,전남,강진군 청년 창업 지원사업 1 연 령 공고일 기준 만 19세 이상 만 45세 이하인 청년 2 거주지 공고일 기준 2개월 이상 강진군에 주민등록을 두고 거주한 자 3 사업대상지 강진 관내 사업장 요건을 모두 충족하는 청년에게 창업 지원금 지원 보조금 일자리
전남,46000,20250109005400210132,강진품애 청년 주거비 지원 사업,보조금,"강진군으로 전입신고 하고, 3개월 이상 거주중인 만19세~45세 청년이며 전세 1억원 이하 또는 월세 60만원 이하 주택에 거주, 기준 중위소득 60~160% 이하인 자에게 1인가구 20만원, 2인가구 이상 25만원을 매월 지급","강진군으로 전입신고 하고, 3개월 이상 거주중인 만19세~45세 청년이며 전세 1억원 이하 또는 월세 60만원 이하 주택에 거주, 기준 중위소득 60~160% 이하인 자에게 1인가구 20만원, 2인가구 이상 25만원을 매월 지급",주거,전월세 및 주거급여 지원,주거지원,주거지원,20250120 ~ 20250228,20250101 ~ 20251231,19세~45세 / 연령제한:N 0043003 0 0 기준중위소득 60%~ 160%이하 무주택자 0011009 0013010 0049010 0055003,19세~45세 / 연령제한:N,0043003 0 0 기준중위소득 60%~ 160%이하,,,인구정책과,전라남도 강진군 인구정책과,,,,2025-01-09 22:26:44,2025-01-13 19:08:49,6,온통청년_OPEN_API_getPlcy,전남,강진품애 청년 주거비 지원 사업 강진군으로 전입신고 하고 3개월 이상 거주중인 만19세 45세 청년이며 전세 1억원 이하 또는 월세 60만원 이하 주택에 거주 기준 중위소득 60 160 이하인 자에게 1인가구 20만원 2인가구 이상 25만원을 매월 지급 보조금 주거지원
전남,46000,20250109005400210131,강진품애 청년 일자리장려금 지원사업,보조금,신청일 기준 관내 주소를 두고 산업 단지 입주기업에 1년 이상 근속중인 19~45세 청년에게 모바일 강진사랑 상품권 100만원 지급(2회 분할),신청일 기준 관내 주소를 두고 산업 단지 입주기업에 1년 이상 근속중인 19~45세 청년에게 모바일 강진사랑 상품권 100만원 지급(2회 분할),일자리,재직자,일자리,일자리,20250201 ~ 20250228,20250101 ~ 20251231,19세~45세 / 연령제한:N 0043001 0 0 0011009 0013001 0049010 0055003,19세~45세 / 연령제한:N,0043001 0 0,,,인구정책과,전라남도 강진군 인구정책과,,,,2025-01-09 22:16:28,2025-01-16 20:42:40,6,온통청년_OPEN_API_getPlcy,전남,강진품애 청년 일자리장려금 지원사업 신청일 기준 관내 주소를 두고 산업 단지 입주기업에 1년 이상 근속중인 19 45세 청년에게 모바일 강진사랑 상품권 100만원 지급 2회 분할 보조금 일자리
전남,46000,20250109005400210130,창업 청년 임대료 지원사업,보조금,2024.1.1. 이후 관내 창업하여 임대료를 납부 중인 관내 주소를 둔 만 19~45세 청년에게 1인당 월 30만 원 임대료 지원(최대 360만 원) / 최대 1년간 지원,2024.1.1. 이후 관내 창업하여 임대료를 납부 중인 관내 주소를 둔 만 19~45세 청년에게 1인당 월 30만 원 임대료 지원(최대 360만 원) / 최대 1년간 지원,일자리,창업,"일자리, 주거지원, 창업지원",일자리,20250201 ~ 20250228,20250101 ~ 20251231,19세~45세 / 연령제한:N 0043001 0 0 0011009 0013006 0049010 0055003,19세~45세 / 연령제한:N,0043001 0 0,,,인구정책과,전라남도 강진군 인구정책과,,,,2025-01-09 22:10:53,2025-01-10 09:20:22,6,온통청년_OPEN_API_getPlcy,전남,창업 청년 임대료 지원사업 2024 1 1 이후 관내 창업하여 임대료를 납부 중인 관내 주소를 둔 만 19 45세 청년에게 1인당 월 30만 원 임대료 지원 최대 360만 원 최대 1년간 지원 보조금 일자리
전남,46000,20250109005400210129,빈집.빈점포 임대료 지원사업,보조금,리모델링 한 빈집·빈점포 임대인과 전대차 계약을 체결한 임차인(청년)에게 저렴한 가격으로 임대료를 부과하여 청년들의 경제적 부담 경감,관내 거주하고 있는 19~45세 청년에게 리모델링 한 빈집·빈점포 임대인과 전대차 계약을 체결한 임차인(청년)에게 저렴한 가격으로 임대료를 부과,일자리,창업,"일자리, 주거지원, 창업지원",일자리,,20250101 ~ 20251231,19세~45세 / 연령제한:N 0043001 0 0 0011009 0013010 0049010 0055003,19세~45세 / 연령제한:N,0043001 0 0,,,인구정책과,전라남도 강진군 인구정책과,,,,2025-01-09 22:06:42,2026-01-01 00:00:00,6,온통청년_OPEN_API_getPlcy,전남,빈집 빈점포 임대료 지원사업 리모델링 한 빈집 빈점포 임대인과 전대차 계약을 체결한 임차인 청년 에게 저렴한 가격으로 임대료를 부과하여 청년들의 경제적 부담 경감 보조금 일자리
전남,46000,20250109005400110119,KF 한베청년교류,해외진출,"한국과 베트남 양국간의 상호 이해와 우호 증진, 미래지향적 관계 구축을 위해 베트남 내무부와 공동으로 한베청년교류사업 개최","사회경제적 개발 정책, 신농업 개발 및 스마트 농업, 중앙/지자체 청년 정책 등 양국이 합의한 청년 부문 협력 분야 관련 정부 부처 및 지방자치단체 방문, 산업시설 시찰, 담당자와의 면담 등 가. 항공료 나. 체재비 다. 일정수립 라. 한-베트남어 통역 등",참여권리,청년국제교류,참여 프로그램,참여 프로그램,,하반기 중 6박 7일 예정 *상세 일정 추후 공지,"24세~39세 / 연령제한:N 0043001 0 0 중앙부처 및 지방자치단체 현직 청년 공무원 (경력 3년 이상의 24세~39세 청년 공무원) 국제협력 및 해외교류 업무, 한-베 관계 및 베트남 관련 업무 등 특화분야 공무원 경력 3년 미만 0011009 0013001,0013009 0049010 0055003",24세~39세 / 연령제한:N,0043001 0 0,전자문서(공문) 접수,,한국국제교류재단,한국국제교류재단,,,,2025-01-09 16:20:41,2026-01-01 00:00:00,6,온통청년_OPEN_API_getPlcy,전남,KF 한베청년교류 한국과 베트남 양국간의 상호 이해와 우호 증진 미래지향적 관계 구축을 위해 베트남 내무부와 공동으로 한베청년교류사업 개최 해외진출 참여 프로그램
전남,46000,20250109005400110118,고교생 맞춤형 고용서비스,맞춤형상담서비스,"대학의 우수 인프라를 활용하여 취업을 희망하는 고교 재학생을 대상으로 진로 설계, 희망직업 포트폴리오 작성 및 취업활동계획 수립 지원, 직업훈련·일경험 연계 등 맞춤형 고용서비스를 제공하여 졸업 후 원활한 노동시장 진입 촉진","""직업훈련 전·후로 진로상담 및 취업활동계획 수립, 취업역량 강화 프로그램 등 체계적 고용서비스* 지원 * ①진로 탐색, 심층 상담, 직업 포트폴리오 설계 → ②취업 목표 수립 및 활동계획 수립·관리 → ③일경험·직업훈련 프로그램 참여 지원 → ④모의 면접, 현장 직무 체험, 이력서 클리닉 등 취업역량 강화 지원 → ⑤졸업 후 사후관리(2년)""",일자리,취업,"일자리, 직무교육, 복지, 참여 프로그램",일자리,,연중,0세~0세 / 연령제한:Y 0043001 0 0 0011009 0013010 0049010 0055003,0세~0세 / 연령제한:Y,0043001 0 0,"""참여를 희망하는 학교가 인근 대학일자리플러스센터에 문의 고교생 맞춤형 고용서비스 운영 대학은 고용노동부 홈페이지(https://www.moel.go.kr/policyitrd/policyItrdView.do?policy_itrd_sn=12)에서 확인 가능""",,고용노동부,고용노동부,https://www.moel.go.kr/policyitrd/policyItrdView.do?policy_itrd_sn=12,,,2025-01-09 15:14:31,2026-01-01 00:00:00,6,온통청년_OPEN_API_getPlcy,전남,고교생 맞춤형 고용서비스 대학의 우수 인프라를 활용하여 취업을 희망하는 고교 재학생을 대상으로 진로 설계 희망직업 포트폴리오 작성 및 취업활동계획 수립 지원 직업훈련 일경험 연계 등 맞춤형 고용서비스를 제공하여 졸업 후 원활한 노동시장 진입 촉진 맞춤형상담서비스 일자리
전남,46000,20250109005400110117,직장적응 지원,맞춤형상담서비스,산업단지 입주기업 등의 CEO‧중간관리자‧인사담당자 대상 청년친화 조직문화 교육‧컨설팅 및 신입직원 대상 직장적응 지원 프로그램(on-borarding)을 제공합니다.,""" ◦ (청년친화 조직문화 교육‧컨설팅) 청년세대 이해 및 커뮤니케이션 방법, 직장내 괴롭힘 및 갑질 예방, 성과관리 전략 및 성공하는 리더십 프로그램 등 제공 ◦ (직장적응 지원 프로그램) 조직 내 성장방법, 협업 커뮤니케이션 스킬, 메일 작성법, 비즈니스 매너, 상호 교류 프로그램, 퍼스널컬러와 이미지메이킹 프로그램 등 제공 * 운영방식 및 운영 프로그램은 자치단체 및 운영기관별로 상이할 수 있습니다.""",일자리,취업,"일자리, 직무교육, 복지, 참여 프로그램",일자리,,연중,"15세~34세 / 연령제한:N 0043001 0 0 ㅇ 산업단지 입주기업 외 기업 소속 임직원도 참여 가능합니다(30% 이내) "" ◦(직장적응 프로그램-온보딩) 산업단지 입주기업 등에 채용 후 1년 이내인 15세 이상~34세 이하 청년 ◦(청년친화 조직문화 교육‧컨설팅) 산업단지 입주기업 등에 재직중인 CEO‧중간관리자‧인사담당자 * 위 기준에 포함되지 않더라도 지자체 조례 등에서 지원의 필요성이 있다고 인정하는 경우에는 자치단체에서 사업 취지에 맞게 합리적으로 기준 조정 가능"" 0011009 0013010 0049010 0055003",15세~34세 / 연령제한:N,0043001 0 0,운영기관 직접 방문 또는 고용24(www.work24.go.kr)를 통해 신청,,고용노동부,고용노동부,,https://youth-up.kr/growth,https://www.work24.go.kr/wk/v/a/1000/youngGrowIntro.do,2025-01-09 15:11:32,2026-01-01 00:00:00,6,온통청년_OPEN_API_getPlcy,전남,직장적응 지원 산업단지 입주기업 등의 CEO 중간관리자 인사담당자 대상 청년친화 조직문화 교육 컨설팅 및 신입직원 대상 직장적응 지원 프로그램 on borarding 을 제공합니다 맞춤형상담서비스 일자리
전남,46000,20250109005400210116,목포형 청년 특화 브랜드개발 창업 및 육성지원 사업,"바우처,벤처,맞춤형상담서비스,교육지원",청년주도로 참여하는 목포형 청년 특화 브랜드 개발 및 창업지원,창업을 기반으로 하는 모든 브랜드 개발 및 컨설팅 등 교육 지원 예정,일자리,창업,"일자리, 직무교육, 창업지원, 복지, 참여 프로그램",일자리,,미정,0세~0세 / 연령제한:Y 0043001 0 0 0011009 0013010 0049010 0055003,0세~0세 / 연령제한:Y,0043001 0 0,,,미래전략산업국,미래전략산업국,,,,2025-01-09 15:02:21,2026-01-01 00:00:00,6,온통청년_OPEN_API_getPlcy,전남,목포형 청년 특화 브랜드개발 창업 및 육성지원 사업 청년주도로 참여하는 목포형 청년 특화 브랜드 개발 및 창업지원 바우처 벤처 맞춤형상담서비스 교육지원 일자리
전남,46000,20250109005400210107,청년농업인 맞춤형 창업 성공모델 지원사업,보조금,○ 목적: 영농정착 초기 청년농이 겪는 시행착오를 줄이고 안정적으로 영농에 정착할 수 있도록 성공모델 발굴 ○ 추진방향: 신규 청년농업인의 영농초기 농업 생산시설 또는 가공시설 기반조성 지원,"□ 사업개요 ○ 사 업 량: 2~3개소 ○ 사업기간: 2월 ~ 12월 ○ 사 업 비: 150백만원(군비70% 105, 자담30% 45) / 개소당 50백만원 ○ 사업대상: 만18세이상 ~ 만49세이하 청년농업인 (1975.1.1.~2007.12.31. 출생자) - 독립농업경영체 등록 및 해남군 주민등록자 - 향후 지속적으로 영농이 가능한 청년(병역미필 제외) ○ 사업내용: 영농기반 조성 자본보조 - 농업 생산시설(시설하우스, 저온창고, 농작업용 창고 등 신축) 또는 개보수 지원 - 농업 가공시설(자가 생산 농산물 가공 부가가치 향상 시설) 지원",복지문화,취약계층 및 금융지원,"창업지원, 복지",창업지원,20250102 ~ 20250122,20250301 ~ 20251231,18세~49세 / 연령제한:N 0043001 0 0 병역 미필 제외 0011009 0013010 0049010 0055003,18세~49세 / 연령제한:N,0043001 0 0,농업기술센터 내방 및 이메일 접수,"1. 사업계획서, 보조사업 이력서 1부. 2. 법인의 경우 법인등기부등본, 회원명단 등 증빙자료 1부. 3. 단체의 경우 단체소개서, 회원명단, 단체의 정관 및 회칙, 비영리민간단체 등록증 1부. 4. 개인정보이용 동의서 1부. 5. 행정정보 공동이용 사전동의서 1부. 6. 농림보조사업 지원 현황표 1부. 7. 주민등록등본(전입 변경사항 포함) 및 가족관계등록부 각 1부. 8. 농업경영체등록 확인서 및 자격득실확인서(건강보험공단 발급) 1부. 9. 토지대장(임대차계약서 등), 견적서 및 기타 증빙자료 ※ 금후 필요에 따라 추가서류 요청 할 수 있음",해남군,농업기술센터,https://www.haenam.go.kr/,,,2025-01-09 11:47:23,2025-01-10 09:12:37,6,온통청년_OPEN_API_getPlcy,전남,청년농업인 맞춤형 창업 성공모델 지원사업 목적 영농정착 초기 청년농이 겪는 시행착오를 줄이고 안정적으로 영농에 정착할 수 있도록 성공모델 발굴 추진방향 신규 청년농업인의 영농초기 농업 생산시설 또는 가공시설 기반조성 지원 보조금 창업지원
전남,46000,20250109005400210106,영농승계 청년농업인 육성 지원사업,보조금,○ 목적: 영농승계 청년농업인 육성을 통하여 젊고 유능한 인재의 농업분야 진출을 촉진 및 농업 인력구조의 개선 ○ 추진방향: 영농승계 청년 창업지원을 첨단 영농기반 조성 지원,"○ 사 업 량: 3개소 ○ 사업기간: 2월 ~ 12월 ○ 사 업 비: 150백만원(군비70% 105, 자담30% 45) / 개소당 사업비 50백만원 ○ 사업대상: 영농승계 청년농업인으로 영농종사를 하며 영농승계 확인서 제출자 - 사업신청시까지는 경영주 여부 무관하나, 사업 종료(사업비 집행) 전 경영주 등록(승계) 필요 - 부모세대의 영농기반 승계방식: 모두승계, 일부승계(일부승계로도 사업 추진 가능하나, 반드시 사업대상자의 독립경영이 이루어질 수 있는 규모일 것 / 규모의 판단: 사업담당자) - 연령: 만18세이상 ~ 만49세미만(1975. 1. 1. ~ 2007. 12. 31. 출생자) - 사업 신청을 하는 해남군에 실제 거주(주민등록 포함) ○ 사업내용 - 승계한 부모세대의 영농기반 시설을 ICT 등 첨단 시설 장비로 개선 - 4차 산업혁명 대응 신기술 투입 및 6차산업화(체험, 가공, 마케팅) 기반 조성 - 최신 트렌드에 맞는 기술농업 및 자율적이고 창의적인 청년승계농 성장기반 조성",복지문화,취약계층 및 금융지원,"직무교육, 창업지원, 복지",직무교육,20250102 ~ 20250122,20250301 ~ 20251231,18세~49세 / 연령제한:N 0043001 0 0 영농승계확인서 * 사업신청 시 경영주 여부는 무관하나 사업종료(사업비집행) 전 경영주 등록(승계) 필요 0011009 0013010 0049010 0055003,18세~49세 / 연령제한:N,0043001 0 0,농업기술센터 내방 및 이메일 접수,"1. (필수) 사업계획서 1부. 2. (필수) 보조사업 이력서 1부. 3. (필수) 농업경영체등록 확인서 1부. 4. (필수) 영농승계 확인서 1부. 5. (필수) 가족관계 증명서, 주민등록등본, 초본(주소변동사항 포함) 각 1부. 6. (필수) 세부사업별 견적서 각 1부. 7. (해당자) 병적증명서, 사업자 등록증 1부. 8. (해당자) 임대차계약서(10년이상) 및 농지원부 1부(본인 토지가 아닌 경우)",해남군,농업기술센터,https://www.haenam.go.kr/,,,2025-01-09 11:36:18,2025-01-16 20:22:34,6,온통청년_OPEN_API_getPlcy,전남,영농승계 청년농업인 육성 지원사업 목적 영농승계 청년농업인 육성을 통하여 젊고 유능한 인재의 농업분야 진출을 촉진 및 농업 인력구조의 개선 추진방향 영농승계 청년 창업지원을 첨단 영농기반 조성 지원 보조금 직무교육
전남,46000,20250109005400210105,영세창업농 초기영농비 지원사업,보조금,○ 목적: 영농 경험 및 자본력이 부족한 청년농업인에게 정착 초기 사업비를 지원하여 영농 창업을 위한 밑거름 마련 기회 제공 ○ 추진방향: 영농초기 청년농의 불안정한 소득 및 실패를 줄일 수 있도록 사업화 자금 지원을 통하여 안정적 영농정착 유도,"□ 사업개요 ○ 사 업 량: 10개소 ○ 사업기간: 2월 ~ 12월 ○ 사 업 비: 300백만원(군비70% 270, 자담10% 30) / 개소당 사업비 30백만원 ○ 사업대상: 정착초기의 영세한 청년농업인 - 연령: 만18세이상 ~ 만49세미만(1975. 1. 1. ~ 2007. 12. 31. 출생자) - 사업 신청을 하는 해남군에 실제 거주(주민등록 포함) ○ 사업내용 - 제품생산, 유통개선, 상품 홍보 등 경상적 사업비 지원 및 청년농업인 맞춤형 현장 컨설팅 및 코칭 실시",복지문화,취약계층 및 금융지원,"창업지원, 복지",창업지원,20250102 ~ 20250122,20250301 ~ 20251231,18세~49세 / 연령제한:N 0043003 0 0 전업농 미만의 농업인 0011009 0013010 0049010 0055003,18세~49세 / 연령제한:N,0043003 0 0 전업농 미만의 농업인,농업기술센터 내방 또는 이메일 접수,"1. 사업계획서, 보조사업 이력서 1부. 2. 법인의 경우 법인등기부등본, 회원명단 등 증빙자료 1부. 3. 단체의 경우 단체소개서, 회원명단, 단체의 정관 및 회칙, 비영리민간단체 등록증 1부. 4. 개인정보이용 동의서 1부. 5. 행정정보 공동이용 사전동의서 1부. 6. 농림보조사업 지원 현황표 1부. 7. 주민등록등본(전입 변경사항 포함) 및 가족관계등록부 각 1부. 8. 농업경영체등록 확인서 및 자격득실확인서(건강보험공단 발급) 1부. 9. 토지대장(임대차계약서 등), 견적서 및 기타 증빙자료 ※ 금후 필요에 따라 추가서류 요청 할 수 있음",해남군,농업기술센터,https://www.haenam.go.kr/,,,2025-01-09 11:30:12,2025-01-09 18:24:43,6,온통청년_OPEN_API_getPlcy,전남,영세창업농 초기영농비 지원사업 목적 영농 경험 및 자본력이 부족한 청년농업인에게 정착 초기 사업비를 지원하여 영농 창업을 위한 밑거름 마련 기회 제공 추진방향 영농초기 청년농의 불안정한 소득 및 실패를 줄일 수 있도록 사업화 자금 지원을 통하여 안정적 영농정착 유도 보조금 창업지원
전남,46000,20250109005400210104,청년창업 인큐베이팅 플랫폼 운영,"장기미취업청년,교육지원",지역맞춤형 청년 창업 활성화를 위한 기반을 조성하고 청년 취업 지원을 위한 프로그램을 운영하여 청년 일자리 창출 및 지역경제 활성화 도모,"○ 위 치 : 보광동 1가 1-3번지 일원 ○ 운영시기 : 2025년도 하반기 ○ 운영내용 : 지역맞춤형 청년 창업지원 및 청년 취업지원 프로그램 운영 - (창업지원) 지역·수요 중심의 청년 창업교육 및 컨설팅, 창업공간 제공 등 - (취업지원) 구직단념 청년 발굴 및 취업 상담·컨설팅, 취업지원 프로그램 운영 등","일자리,교육","취업,미래역량강화","일자리, 직무교육, 창업지원, 복지",일자리,20250901 ~ 20251231,2025년도 하반기 이후,18세~45세 / 연령제한:N 0043001 0 0 0011009 0013010 0049010 0055003,18세~45세 / 연령제한:N,0043001 0 0,,,미래전략산업국,미래전략산업국,,,,2025-01-09 11:06:47,2025-03-27 17:44:23,6,온통청년_OPEN_API_getPlcy,전남,청년창업 인큐베이팅 플랫폼 운영 지역맞춤형 청년 창업 활성화를 위한 기반을 조성하고 청년 취업 지원을 위한 프로그램을 운영하여 청년 일자리 창출 및 지역경제 활성화 도모 장기미취업청년 교육지원 일자리
전남,46000,20250109005400210103,전입대학생 생활안정자금 지원사업,보조금,우리 시에 전입한 대학생에 대한 안정적인 생활을 지원함으로써 인구 증가를 도모하고 청년이 살기 좋은 목포시 만들기 위함,"○ 지원대상 : 타 시·군에서 전입한 관내 대학교(목포과학대, 목포가톨릭대, 목포해양대) 재학생 ○ 지원기준 : 지급 연차별로 재학, 계속하여 목포시에 주소를 두어야 함 ○ 지원내용 : 학생 1인당 최대 60만원 지원(3회 분할지급) - 1회차 : 20만원(최초전입신고) - 2회차 : 20만원(1년거주) - 3회차 : 20만원(2년거주) ○ 제외대상 : 전입신고일 기준 최근 1년 이내에 목포시에 주소를 둔 기록이 있는 학생",주거,전월세 및 주거급여 지원,주거지원,주거지원,,상시,0세~0세 / 연령제한:Y 0043001 0 0 전입 신고일 기준 최근 1년 이내 목포시에 주소를 둔 기록이 있는 학생 0011009 0013010 0049005 0055003,0세~0세 / 연령제한:Y,0043001 0 0,"1차 지원: 전입신고 시 동 주민센터에 신청서 및 구비서류 제출하면 시에서 확인, 지급 2차 지원: 지급시기 도래일 1개월 전 동 주민센터에 신청서 및 구비서류 제출하면 시에서 확인, 지급","신청서, 재학증명서 1부, 주민등록초본(주소이동내역 포함) 1부, 본인명의 통장사본 1부",미래전략산업국,미래전략산업국,,,,2025-01-09 10:53:08,2026-01-01 00:00:00,6,온통청년_OPEN_API_getPlcy,전남,전입대학생 생활안정자금 지원사업 우리 시에 전입한 대학생에 대한 안정적인 생활을 지원함으로써 인구 증가를 도모하고 청년이 살기 좋은 목포시 만들기 위함 보조금 주거지원
전남,46000,20250108005400210092,청년 어학 자격 시험 응시료 지원,"보조금,교육지원",각종 어학 자격 시험 응시료 최대 10만원 지급(연 2회 / 회당 5만원),사업에 해당되는 각종 어학 자격 시험 응시할 시 응시료 최대 10만원 지급(연 2회 / 회당 5만원) ※ 10만원 이상 응시료 발생 시 최대 10만원 지원(추가 지원 불가),"일자리,교육","취업,미래역량강화","일자리, 직무교육",일자리,,사업비 소진 시까지,"18세~49세 / 연령제한:N 0043003 0 0 미 취업자 대상 사업(일용근로자 및 단기근로자는 서류 검토 후 통보) 차상위계층 및 국민기초생활수급자 우선 선정 취업자 및 사업자 기타 유사사업 해당연도 수혜자 0011009 0013003,0013005,0013007 0049004 0055003",18세~49세 / 연령제한:N,0043003 0 0 미 취업자 대상 사업(일용근로자 및 단기근로자는 서류 검토 후 통보),신청서 구비하여 방문 접수 및 이메일 접수,- 신청서 및 개인정보 수집·이용·제공 및 고유식별정보 처리에 관한 동의서 - 시험 결제 영수증 - 시험 응시 관련 증빙서류 - 통장사본(본인명의) - 사업자등록여부 사실증명 - 건강보험자격득실확인서 - 주민등록초본 - 국민기초생활수급자 증명서 및 차상위계층 증명서(해당 시),해남군,미래공동체과,,,,2025-01-08 21:32:34,2026-01-01 00:00:00,6,온통청년_OPEN_API_getPlcy,전남,청년 어학 자격 시험 응시료 지원 각종 어학 자격 시험 응시료 최대 10만원 지급 연 2회 회당 5만원 보조금 교육지원 일자리
전남,46000,20250108005400210091,청년 소모임 활동 지원,보조금,소모임 활동비 100만원 지원,"소모임 활동에 필요한 운영비(모임비, 재료비, 강사비, 홍보비 등) 팀당 100만원 지원",복지문화,문화활동,복지,복지,20250301 ~ 20250430,20250501 ~ 20251130,"18세~49세 / 연령제한:N 0043001 0 0 해남군 관내 거주 및 생활하고 있는 최소 3인 이상으로 구성된 청년 소모임 (모임원의 비율 70%이상 해남군 거주) 모임원의 해남군 거주 비율 70%미만 전남형 청년공동체 활성화 지원사업 및 기타 유사 중복사업 참여(마을공동체, 돌봄공동체 등) 0011009 0013010 0049010 0055003",18세~49세 / 연령제한:N,0043001 0 0,- 직접 방문 신청 및 이메일 신청,"1. 사업신청서 2. 활동계획서 3. 활동비 집행계획서 4. 청년 소모임 회원명단 5. 개인정보 수집, 이용, 제공 동의서 6. 주민등록등본(해남군 거주 대표 및 구성원) 7. 단체의 경우 - 고유번호증, 비영리민간단체등록증 등 단체증명서 사본",해남군,미래공동체과,,,,2025-01-08 21:23:45,2025-01-09 09:05:17,6,온통청년_OPEN_API_getPlcy,전남,청년 소모임 활동 지원 소모임 활동비 100만원 지원 보조금 복지
전남,46000,20250108005400210090,청년정책협의체 활동,"보조금,맞춤형상담서비스",해남군 청년정책협의체 활동을 통한 건의사항 및 정책 의견 제출,- 분과 모임 및 간담회 진행 시 참석수당 2만원 지급 - 건의사항 및 정책 의견 반영 추진 등,참여권리,청년참여,"복지, 참여 프로그램",복지,20240806 ~ 20260805,20240806 ~ 20260805,18세~49세 / 연령제한:N 0043001 0 0 관외 청년 및 공석 없을 경우 0011009 0013010 0049010 0055003,18세~49세 / 연령제한:N,0043001 0 0,청년정책협의체 신청서 방문제출 또는 이메일 신청(cho9162@korea.kr),청년정책협의체 신청서,해남군,미래공동체과,,,,2025-01-08 21:16:05,2025-03-27 17:45:21,6,온통청년_OPEN_API_getPlcy,전남,청년정책협의체 활동 해남군 청년정책협의체 활동을 통한 건의사항 및 정책 의견 제출 보조금 맞춤형상담서비스 복지
전남,46000,20250108005400210079,부산진구 청년 공모전,보조금,"ㅇ (목적) 청년의 정책 관심도를 제고하며 정책제안의 기회를 제공 ㅇ (대상) 청년 누구나 ㅇ (주요내용) 청년정책, 문화 활성화를 위한 공모전 개최 ㅇ (전달체계) 직접사업","ㅇ (목적) 청년의 정책 관심도를 제고하며 정책제안의 기회를 제공 ㅇ (대상) 청년 누구나 ㅇ (주요내용) 청년정책, 문화 활성화를 위한 공모전 개최 ㅇ (전달체계) 직접사업",참여권리,정책인프라구축,"복지, 참여 프로그램",복지,20250401 ~ 20250430,20250401 ~ 20250430,18세~39세 / 연령제한:N 0043001 0 0 0011009 0013010 0049010 0055003,18세~39세 / 연령제한:N,0043001 0 0,,,부산진구,부산진구,,,,2025-01-08 11:46:19,2025-03-27 17:48:58,6,온통청년_OPEN_API_getPlcy,전남,부산진구 청년 공모전 목적 청년의 정책 관심도를 제고하며 정책제안의 기회를 제공 대상 청년 누구나 주요내용 청년정책 문화 활성화를 위한 공모전 개최 전달체계 직접사업 보조금 복지
전남,46000,20250107005400110064,청년 유네스코 세계유산 지킴이,보조금,청년의 창의적 국가유산보호 활동 지원으로 글로벌 미래문화인재 육성,"청년 창의성,자율성 기반 유네스코 세계유산 지킴이 활동으로 세계유산을 홍보, 교육, 모니터링, 환경정화 등 자원봉사 활동을 실시하며 나아가 청년 네트워크 및 콘텐츠 개발 등 정책 기획 참여",참여권리,청년국제교류,"직무교육, 복지, 참여 프로그램",직무교육,20250310 ~ 20250418,20250501 ~ 20251130,0세~0세 / 연령제한:Y 0043001 0 0 0011009 0013010 0049010 0055003,0세~0세 / 연령제한:Y,0043001 0 0,,,교육활용과,교육활용과,,,,2025-01-07 15:28:56,2025-03-27 17:54:11,6,온통청년_OPEN_API_getPlcy,전남,청년 유네스코 세계유산 지킴이 청년의 창의적 국가유산보호 활동 지원으로 글로벌 미래문화인재 육성 보조금 직무교육
전남,46000,20250107005400110063,2025년 국가유산 산업 인턴 지원 사업,"교육지원,인턴",국가유산 산업 분야 취업 준비 청년들의 현장 실무역량을 강화하여 취업을 위한 경력 지원 및 국가유산 산업확장 도모,"□ 지원대상: 국가유산 산업 분야 취업을 준비 중인 청년 ※ 대한민국 국적 소지자에 한함 □ 지원연령: 만 19세 이상 ~ 39세 이하 ※ 1985. 3. 2.~ 2006. 3. 1 출생자에 한함 □ 근로조건 ㅇ 근무장소: 매칭이 완료된 인턴 운영기관 ㅇ 근무기간: 2025. 3. 1.~ 8.31.(총 6개월 / ※ 근무기간은 상황에 따라 조정될 수 있음) ㅇ 근로계약: 인턴과 인턴 운영기관 간 근로계약 체결 - 근무조건: 주 40시간(일 8시간*5일) - 급여조건: 월 2,096,270원 이상 (※ 세전 기준 / 4대보험 및 주휴수당 포함) ※ 세부 근로사항은 인턴 운영기관별 상황에 맞춰 인턴과 협의 후 결정 ㅇ 인턴활동 - 직무교육 수료 국가유산진흥원에서 제공하는 교육 수강 (온라인 예정) - 인턴 운영기관 제시 인턴 담당업무 수행 및 운영 실적 보고서 작성등",일자리,취업,"일자리, 직무교육, 복지",일자리,20250117 ~ 20250202,20250101 ~ 20251231,19세~39세 / 연령제한:N 0043001 0 0 ※우대사항: 취업취약계층에 해당하며 관련 증명서를 제출하는 자에 한하여 가산점 부여 ① 2023~2024년 동 사업에 하루라도 참여한 이력이 있는 인턴 ② 2023~2024년 청년·경력단절여성 중심 사업[붙임 1-1. 참조] 참여자 ③ 노동시장이행형 직접일자리사업 [붙임 1-3. 참조] 하는 경우 참여 가능 ④ 인턴 운영기관에서 현재 근무하여 해당 기관의 4대보험에 가입 중인 자 ⑤ 인턴 운영기관의 사업주(대표자)와 친인척 관계인 자 ⑥ 인턴 근무시작일(2025. 3. 1.(토)) 기준 인턴 운영기관에 4대보험 직장가입이 불가한 자 ⑦ 타 정부부처 또는 공공기관의 인턴 사업에 참여 중인 자 ※ 위 기재사항 및 기타 허위 또는 부정한 방법으로 채용된 자는 해당 사실이 발견되는 경우 선정이 취소될 수 있음 0011008 0013003 0049009 0055003,19세~39세 / 연령제한:N,0043001 0 0,"신청방법: 국가유산진흥원 온라인채용시스템을 통한 온라인 지원 (https://heritage-intern.recruiter.co.kr/) ※ 이메일, 우편, 방문접수 및 기타 방법을 통한 지원 불인정","□ 인턴 참여 신청서 (※ 온라인 작성 / 한글파일 작성 및 제출 불필요) □ 개인정보 수집･이용･제공 동의서(※ 필수) □ 취업취약계층 확인 증명서, 자격․어학증명서(※ 대상자에 한함) □ 국민취업지원제도 성실참여 확인서(※ 대상자에 한함) □ 발굴조사 분야 지원자는 추가로 관련학과 학사 학위 이상 취득자로 지원자격 제한 (증명서 필요)",국가유산진흥원,국가유산진흥원,https://heritage-intern.recruiter.co.kr/appsite/company/index,,,2025-01-07 15:23:41,2025-01-16 20:41:55,6,온통청년_OPEN_API_getPlcy,전남,2025년 국가유산 산업 인턴 지원 사업 국가유산 산업 분야 취업 준비 청년들의 현장 실무역량을 강화하여 취업을 위한 경력 지원 및 국가유산 산업확장 도모 교육지원 인턴 일자리
전남,46000,20250107005400210061,목포 청년쉼터 운영,인턴,청년들이 자유롭게 소통하고 휴식을 취할 수 있는 쉼터 공간과 더불어 관내 미취업 청년들에게 창업 공간 제공,○ 위 치 : 온금동 3-9 ○ 시설규모 : 299.35㎡(지상2층) - 1층 : 창업공간(카페) - 2층 : 소통공간,일자리,창업,"일자리, 창업지원",일자리,20250301 ~ 20251231,20250301 ~ 20251231,"18세~45세 / 연령제한:N 0043001 0 0 0011009 0013003,0013006,0013009 0049010 0055003",18세~45세 / 연령제한:N,0043001 0 0,,,미래전략산업국,미래전략산업국,,,,2025-01-07 13:36:28,2025-03-27 17:53:44,6,온통청년_OPEN_API_getPlcy,전남,목포 청년쉼터 운영 청년들이 자유롭게 소통하고 휴식을 취할 수 있는 쉼터 공간과 더불어 관내 미취업 청년들에게 창업 공간 제공 인턴 일자리
전남,46000,20250107005400110060,2025년 매장유산 미정리유물 보존 및 활용사업,"인턴,교육지원",대학박물관 내 미정리 유물 일제 등록 지원 및 활용을 통한 유물의 안전한 보관 관리 및 청년일자리 제공,"ㅇ 지원내용 - 대학박물관(17개관) 내 미정리 유물 일제 등록 및 활용인원 채용(90명) ㅇ 주요내용 - 미정리 유물에 대한 세척, 넘버링, 사진촬영 등 유물분류 작업 - 미귀속 미발간 보고세 대한 정리 후 보고서 발간 - 국가귀속 대상 유물 등록 및 자료 현행화 등 국가귀속 사전작업 ㅇ 진행경과 - '24년 추진 실적: 26개 대학박물관 약 92명 채용 - 3만여점 미정리 유물 보존 및 활용 보고서 22개권 발간 1만 8천여점 국가귀속",일자리,취업,"일자리, 직무교육",일자리,,20250101 ~ 20251231,18세~100세 / 연령제한:N 0043001 0 0 전문인력 자격은 석사 이상 혹은 준조사원 0011009 0013010 0049010 0055003,18세~100세 / 연령제한:N,0043001 0 0,"ㅇ신청 방법 -사업지침 마련 및 확정➡일모아 시스템 가입➡사업정보 등록 및 승인➡모집공고 등록을 순차적으로 진행하여 공개채용 - 워크넷(www.work.go.kr) 및 일모아 시스템과 연동하여 채용 공고 (사)한국대학박물관 협회(채용 공고), 사업기관별 홈페이지(채용 공고)를 통해 충분히 채용정보(모집공고명, 모집직종, 직무내용, 모집기간 및 인원, 사업참여기간, 임금 및 근로시간) 고지한 뒤, 각 참여관 에 채용 신청(협회 모니터링: 관련 서류 일체 구비하여 참여관➡협회로 보고)","ㅇ 제출서류: 지원서 1부, 자기소개서 1부, 성범죄 경력조회 동의서, 개인정보 수집 및 이용 동의서, 최종학력 또는 재학(휴학)증명서, 우대사항 입증서류",청장,문화유산국,www.work.go.kr,http://www.kaum.or.kr/bbs/board.php?bo_table=recruitment,,2025-01-07 13:26:29,2026-01-01 00:00:00,6,온통청년_OPEN_API_getPlcy,전남,2025년 매장유산 미정리유물 보존 및 활용사업 대학박물관 내 미정리 유물 일제 등록 지원 및 활용을 통한 유물의 안전한 보관 관리 및 청년일자리 제공 인턴 교육지원 일자리
전남,46000,20250107005400210059,청년창업자 금융(종잣돈) 지원사업,"중소기업,금리혜택",창업 초기 자금조달 능력이 부족한 청년 창업자의 자금난 해소를 위한 목포 청년창업자 금융지원 중기 사업 계획으로 성공적인 창업 지원 및 일자리 창출 활성화,창업자금 최대 3천만원까지 금융대출 지원,일자리,창업,"일자리, 창업지원, 복지",일자리,20250401 ~ 20251231,20250401 ~ 20251231,"18세~45세 / 연령제한:N 0043001 0 0 예비 청년 창업자 및 창업 5년 이하 청년사업자 사업장 소재지가 목포시로 되어 있는 자 0011009 0013002,0013006 0049010 0055003",18세~45세 / 연령제한:N,0043001 0 0,전남신용보증재단 목포지점에서 사업 대상자 자격 심사 및 대출 시행,,미래전략산업국,미래전략산업국,,https://www.jnsinbo.or.kr/jnsinbo/index.do,,2025-01-07 11:36:36,2025-01-16 20:28:12,6,온통청년_OPEN_API_getPlcy,전남,청년창업자 금융 종잣돈 지원사업 창업 초기 자금조달 능력이 부족한 청년 창업자의 자금난 해소를 위한 목포 청년창업자 금융지원 중기 사업 계획으로 성공적인 창업 지원 및 일자리 창출 활성화 중소기업 금리혜택 일자리
전남,46000,20250106005400210057,곡성형 청년부부 결혼축하금 지원,보조금,곡성군에 거주하는 청년부부의 결혼 초기 경제적 부담을 덜어드리고 안정적으로 정착할 수 있도록 1부부당 결혼축하금 총 200만 원을 지원,"❍ 곡성군에 거주하는 청년부부의 결혼 초기 경제적 부담을 덜어드리고 안정적으로 정착할 수 있도록 1부부당 결혼축하금 총 200만 원을 지원하는 사업입니다. - 일정 지원조건을 충족할 경우 결혼축하금 연 100만 원씩 총 2년 지원 1. 신청자격 - 전남형 결혼축하금 지원사업을 신청한 부부의 경우 * 2021. 1. 1. 이후 혼인신고 한 부부가, 전남형 청년부부 결혼축하금 지급일로부터 1~2년 이상 부부 모두 계속해서 곡성군에 주소를 두고 거주한 자 - 전남형 결혼축하금 지원사업을 신청하지 못한 부부의 경우 * 2021. 1. 1. 이후 혼인신고 한 부부가, 부부 모두 곡성군에 6개월 이상 주소를 두고 거주하며 전남형 결혼축하금을 지급받지 못한 부부 2. 신청시기 - 전남형 결혼축하금을 신청한 부부의 경우 * 1차: 전남형 결혼축하금 수령 후 1년 경과 후부터 12개월 되는 날까지 * 2차: 1차 곡성형 결혼축하금 수령 후 1년 경과 후부터 12개월 되는 날까지 - 전남형 결혼축하금을 신청하지 못한 부부의 경우 * 1차: 부부 모두 곡성군에 주소를 두고 거주한 지 6개월 되는 날부터 * 2차: 1차 곡성형 결혼축하금 수령 후 1년 경과 후부터 12개월 되는 날까지",복지문화,취약계층 및 금융지원,복지,복지,,상시,0세~0세 / 연령제한:Y 0043001 0 0 0011009 0013010 0049010 0055001,0세~0세 / 연령제한:Y,0043001 0 0,* 신청기간 : 2025. 1. ~ 예산소진 시까지 * 신 청 자 : 부부 중 1명 * 신청방법 : 평일(월~금) 근무시간(09:00~18:00)에 방문 신청 * 접 수 처 : 인구정책과 인구정책팀(☎360-2911),"- 결혼축하금 지원 신청서 및 개인정보동의서 1부 【서식 1】,【서식 2】 - 주민등록초본(주소변경 이력 포함) 부부 각 1부 ※ 주민등록번호는 전체가 나와야 하고, 개명 체크란에 반드시 체크해야 함 - 혼인관계증명서(상세) 부부 각 1부 - 통장 사본 1부",인구정책과,인구정책과,,,,2025-01-06 11:29:56,2026-01-01 00:00:00,6,온통청년_OPEN_API_getPlcy,전남,곡성형 청년부부 결혼축하금 지원 곡성군에 거주하는 청년부부의 결혼 초기 경제적 부담을 덜어드리고 안정적으로 정착할 수 있도록 1부부당 결혼축하금 총 200만 원을 지원 보조금 복지
전남,46000,20250106005400210053,"곡성군 청년, 신혼부부 주택자금 대출이자 지원사업",보조금,"곡성군에 거주하는 청년 및 신혼부부에게 주택자금(전세, 매매) 대출이자 납부액 연 최대 100만 원씩 2년간 지원하는 사업","곡성군에 거주하는 청년 및 신혼부부에게 주택자금(전세, 매매) 대출이자 납부액 연 최대 100만 원씩 2년간 지원 1. 신청자격 (아래 가 ~ 마 요건을 모두 충족하여야 함) 가. (주 소) 신청일 기준, 곡성군에 주소를 두고 6개월 이상 계속 거주 - 곡성군 소재 주택을 전세·매매하고, 그 주택에 주소를 두어야 함 - 신혼부부의 경우 부부 모두 곡성군에 주소를 두고 거주 나. (무 주 택) 본인 및 가구 구성원 모두가 무주택 - 무주택이란 한국주택금융공사 등 대출심사를 받은 주택 외에 다른 주택(분양권 포함)을 소유하지 않은 것을 의미 다. (사업대상) 주택자금(전세·매매)용 대출을 받은 청년 또는 신혼부부 - 청 년 : 만 19세 이상 49세 이하 청년 - 신혼부부 : 최초 사업 신청일 기준, 부부 모두 만 19세 이상 49세 이하이고 혼인신고 이후 5년이 경과하지 않은 신혼부부 라. (소득기준) - 청 년 : 가구소득 인정액이 기준중위소득 180% 이하인 자 - 신혼부부 : 부부합산 연소득 8,000만원 이하 마. (대상주택) - 주택가격 4억 원 이하, 전세 보증금 2억 5천만 원 이하인 관내 주택 - 주거전용면적 100㎡이하 ※ 주택법상의 단독·다중·다가구·아파트·다세대연립주택·오피스텔",주거,전월세 및 주거급여 지원,"주거지원, 복지",주거지원,20251103 ~ 20251114,2년간 지원,"19세~49세 / 연령제한:N 0043003 0 0 기준중위소득 180%이하(2024년 기준 1인가구 월 4,012,000원 이하) 청년, 부부합산 연소득 8천만원 이하 신혼부부 가. 1가구 다주택 소유자(분양권 포함) 나. 저소득층 주거급여 대상자 다. 건물 미등기 또는 주거 이외의 용도 건물을 전세·매매한 경우 라. 대출 확인 서류에 대출 용도가 주거자금으로 확인이 불가한 경우 마. 공공임대주택(국민임대, 영구임대, LH매입임대, LH전세임대 등) 거주자 바. 직계 존·비속 가족의 주택을 전세·매매한 경우 사. 해당 동일사업 기 수혜자 - 지원중단(해제사유 및 환수조치) 사유에 해당하여 지원 중단된 경우 포함 아. 기타 정부 및 지자체 주거관련 유사 사업에 참여 중인 자 - 농가주택 신축사업, 귀농귀촌 주택 구입ㆍ신축자금 융자 지원사업, 타 시군 주택자금 대출이자 지원사업, 보금자리 지원사업 등 0011009 0013010 0049010 0055003",19세~49세 / 연령제한:N,"0043003 0 0 기준중위소득 180%이하(2024년 기준 1인가구 월 4,012,000원 이하) 청년, 부부합산 연소득 8천만원 이하 신혼부부","❍ (신청주체) 신청자 본인 직접 신청 - 본인 방문이 어려운 경우 가족(부모, 배우자, 형제)에 한하여 대리 접수 가능하며 위임장 제출 ☞ 위임장 제출 시 첨부서류 : 신분증(신청자의 신분증 사본, 위임받는 자의 신분증 원본), 위임관계를 증명할 수 있는 증빙자료 ❍ (신청방법) 평일 근무시간 내(09:00~18:00) 방문 신청 ❍ (접 수 처) 곡성군 인구정책과 인구정책팀","①「청년·신혼부부 주택자금 대출이자 지원사업」신청서 1부.【서식 1】 - 본인 신분증(본인 확인용) ② 개인정보 수집 이용·제공 동의서 1부.【서식 2】 ③ 위임장【서식 3】 - 신청자 본인이 아닌 대리인이 접수하는 경우 ④ 주민등록표 등본 1부. ⑤ 주민등록표 초본(주소이력 포함) 각 1부. ⑥ 가족관계증명서(상세) 1부. - 신청자 기준 ⑦ 혼인관계증명서(상세) 1부.(신혼부부일 경우) ⑧ 건강보험 자격확인서 및 보험료납부확인서 각 1부. ⑨ 소득금액증명원 1부.(신혼부부일 경우) - 소득 없을 시 사실증명원 1부. ⑩ 재산세 세목별 과세증명서(물건지 표기) 각 1부. - 신청자, 배우자, 자녀 각 1부 ※ 가족관계증명서 세대원 모두 제출 - 발급시 민원실 방문하여 전국 재산세로 발급 요청 ※ 인터넷으로 발급할 경우 해당 시군내 재산세만 조회됨 ⑪ 대상주택 등기부등본 1부.(매매 시) ⑫ 주택 임대차계약서(본인 명의) 사본 1부.(전세 시) ⑬ 대출심사 통과 증명서류(금융거래확인서) 1부. - 대출용도(전세자금, 주택구입, 주택신축) 및 대출금액(대출잔액)이 확인되도록 표시 발급",인구정책과,인구정책과,,,,2025-01-06 11:09:15,2025-01-10 09:14:53,6,온통청년_OPEN_API_getPlcy,전남,곡성군 청년 신혼부부 주택자금 대출이자 지원사업 곡성군에 거주하는 청년 및 신혼부부에게 주택자금 전세 매매 대출이자 납부액 연 최대 100만 원씩 2년간 지원하는 사업 보조금 주거지원
전남,46000,20250106005400210052,곡성군 청년 월세 지원사업,보조금,곡성군에 거주하는 청년에게 일정액의 월세를 지급하여 청년의 경제적 자립 기반 구축 및 안정적인 정착 도모,"❍ 지원대상 : 곡성군에 거주하는 만 19~49세 이하 1인가구 월세 거주 무주택 청년 ❍ 지원내용 : 1인당 월 최대 10만원, 12개월 지원(생애 1회) - 월세가 10만원 이하일 경우, 해당 금액만큼 정액지원(원단위 절사) ❍ 지원방법 : 분기별 소급 지원 - 대상자 본인 월세 선납 후, 분기별 증빙서류 확인 후 지급 ❍ 신청자격 - 신청일 기준 곡성군에 거주하는 만 19세~49세 이하의 1인가구 청년 - 월세 거주 무주택자 * 12개월분 월세 일괄 납부자 포함 - 가구소득인정액이 기준중위소득 150%이하 - 신청일 기준 곡성군 내 주택에 임대차계약이 체결되어 있어야 함.",주거,전월세 및 주거급여 지원,주거지원,주거지원,20250401 ~ 20250430,1년간 지원,"19세~49세 / 연령제한:N 0043003 0 0 기준중위소득 150%이하(2024년 기준 1인가구 월 3,342,668원 이하) ❍ 제외대상자 : 다음의 어느 하나에 해당하는 자 - 저소득층 주거급여 대상자 - 본인 명의의 주택 소유자 *부·모, 형제 또는 배우자 명의의 주택 거주자 포함 *분양권 또는 입주권을 소유한 자가 지원금을 받은 사실이 확인될 경우 지원금 환수 조치 - 임대인이‘가족관계등록부’에 등재된 신청인 또는 배우자의 부모인 경우 - 한국토지주택공사(LH)의 임대주택 공급사업 대상자 *행복주택, 전세임대주택, 사회주택 등 - 곡성군 청년 월세 지원사업 기수혜자 - 국가 및 지자체의 주거 지원사업 참여 중인 자 *청년월세 한시 특별 지원사업, 청년 주거비 지원사업, 곡성군 청년주택자금 대출이자 지원사업, 광양시 청년주택자금 대출이자 지원사업, 순천시 신혼부부 주택전세자금 대출이자 지원사업, 해남군 청년 주거비 지원사업 등 - 대학생, 대학원생(휴학생 포함) - 사치·향락·도박·사행 등 비사회적 업종 종사자 *「사행산업통합감독위원회법」,「사행행위 등 규제 및 처벌 특례법」,「형법」등 관련법의 규제대상 업종 및 사회통념에 비추어 사회건전성에 심대한 악영향을 미친다고 판단되는 업종에 종사하는 사람을 말함 0011009 0013010 0049010 0055002",19세~49세 / 연령제한:N,"0043003 0 0 기준중위소득 150%이하(2024년 기준 1인가구 월 3,342,668원 이하)",신청자 본인이 구비서류 지참하여 ①곡성군 인구정책과 인구정책팀(곡성읍 학정3길 6) 방문 또는 등기우편 신청 ②주소지 읍면사무소 방문 신청,"❍ 제출서류 ※신청일 기준 10일 이내 발급분, 모든 서류는 본인이 작성 ① 신청자 신분증 사본 1부. ② 주민등록등본 1부. * 주민등록번호 포함 발급 ③ 가족관계증명서 1부. * 주민등록번호 포함 발급 ④ 전국 재산세(주택) 미과세 증명서 각 1부. ⑤ 월세 계약서 사본 1부. * 곡성군 내 주택을 계약 ⑥ 본인 명의의 통장 사본 1부. ⑦ 건강보험 자격득실 확인서(전체이력 포함) 1부. -국민건강보험공단 홈페이지 또는 무인민원발급기에서 발급 가능 ⑧ 곡성군 청년 월세 지원사업 참여신청서 1부_(서식 1) ⑨ 신청자격 자가진단 및 필수사항 확인․동의서 1부_(서식 2) ⑩ 개인정보 수집‧이용 및 제공 동의서 1부_(서식 3) ⑪ 소득․재산 신고서 1부_(서식 4) ⑫ 위임장 1부_(서식 5) - 부득이한 사유가 발생해 본인이 제출할 수 없을 경우 추가로 제출 ⑬ 곡성군 청년 월세 지원사업 월세 지급신청서 1부_(서식 6) - 분기별 지원금 청구 시 제출 ⑭ 곡성군 청년 월세 지원사업 지원 변경·중단신청서 1부_(서식 7) - 사업 포기 사유 발생 시 제출",인구정책과,인구정책과,,,,2025-01-06 10:49:48,2025-01-06 22:00:17,6,온통청년_OPEN_API_getPlcy,전남,곡성군 청년 월세 지원사업 곡성군에 거주하는 청년에게 일정액의 월세를 지급하여 청년의 경제적 자립 기반 구축 및 안정적인 정착 도모 보조금 주거지원
전남,46000,20250103005400210050,Wake-up 국제청소년센터 운영,"교육지원,맞춤형상담서비스","교황방문기념관 운영, 청소년 수련활동 프로그램 운영 등","▪ 지원대상 : 청소년 ▪ 지원기준 : - ▪ 지원내용 : 교황방문기념관 운영, 청소년 수련활동 프로그램 운영 등",복지문화,문화활동,"직무교육, 복지",직무교육,,청소년 수련 활동 프로그램 연중 시 운영,9세~24세 / 연령제한:N 0043001 0 0 0011009 0013010 0049010 0055003,9세~24세 / 연령제한:N,0043001 0 0,,,서산시,복지문화국,,https://wake-upcenter.com/,,2025-01-03 11:26:41,2026-01-01 00:00:00,6,온통청년_OPEN_API_getPlcy,전남,Wake up 국제청소년센터 운영 교황방문기념관 운영 청소년 수련활동 프로그램 운영 등 교육지원 맞춤형상담서비스 직무교육
전남,46000,20250103005400210044,창업보육센터 지원,"중소기업,벤처,인턴",다양한 맞춤형 창업기업 육성 및 지원,▪ 지원대상 : 창업 준비자 ▪ 지원기준 : - ▪ 지원내용 : 각종 창업 교육 및 사업추진 운영 경비 지원,일자리,창업,"일자리, 직무교육, 창업지원",일자리,,연중상시,18세~39세 / 연령제한:N 0043001 0 0 0011009 0013006 0049010 0055003,18세~39세 / 연령제한:N,0043001 0 0,,,서산시,경제산업국,,https://sanhak.hanseo.ac.kr/,,2025-01-03 11:06:43,2026-01-01 00:00:00,6,온통청년_OPEN_API_getPlcy,전남,창업보육센터 지원 다양한 맞춤형 창업기업 육성 및 지원 중소기업 벤처 인턴 일자리
전남,46000,20250103005400210042,일자리종합센터 취업지원 프로그램 운영,장기미취업청년,각종 프로그램 운영을 통해 청년취업 지원,"▪ 지원대상 : 청년 및 시민 ▪ 지원기준 : - ▪ 지원내용 : 찾아가는 일자리종합센터 운영, 취업지원 프로그램 운영 등",일자리,취업,"일자리, 직무교육",일자리,,연중상시,"0세~0세 / 연령제한:Y 0043001 0 0 취업을 준비하는 자 0011009 0013003,0013006,0013009 0049010 0055003",0세~0세 / 연령제한:Y,0043001 0 0,,,서산시,경제산업국,,,,2025-01-03 10:58:09,2026-01-01 00:00:00,6,온통청년_OPEN_API_getPlcy,전남,일자리종합센터 취업지원 프로그램 운영 각종 프로그램 운영을 통해 청년취업 지원 장기미취업청년 일자리
전남,46000,20250103005400210040,서산시 청년의 날 행사 추진,"벤처,중소기업,교육지원",청년의 날(매년 9월 셋째 주 토요일)을 기념하는 청년의 날 행사 개최,"▪ 지원대상 : 청년, 시민 등 ▪ 지원기준 : - ▪ 지원내용 : 체험부스 운영, 문화예술공연, 유공 표창 등",참여권리,청년참여,"직무교육, 창업지원, 복지, 참여 프로그램",직무교육,,청년의 날(1일),0세~0세 / 연령제한:Y 0043001 0 0 0011009 0013010 0049010 0055003,0세~0세 / 연령제한:Y,0043001 0 0,,,서산시,기획예산담당관,,,,2025-01-03 10:51:05,2026-01-01 00:00:00,6,온통청년_OPEN_API_getPlcy,전남,서산시 청년의 날 행사 추진 청년의 날 매년 9월 셋째 주 토요일 을 기념하는 청년의 날 행사 개최 벤처 중소기업 교육지원 직무교육
전남,46000,20250103005400210039,서산청년마당 운영,맞춤형상담서비스,관내 청년들이 상호작용할 수 있는 공간 마련,"▪ 지원대상 : 청년 ▪ 지원기준 : - ▪ 지원내용 : 청년 자유공간(회의실, 커뮤니티홀, 동아리실) 제공","참여권리,참여권리","청년참여,정책인프라구축","복지, 참여 프로그램",복지,,"월~금 09:00 ~ 18:00 운영(대관은 20:00까지 가능)/ 토, 일, 공휴일 휴무",18세~39세 / 연령제한:N 0043001 0 0 청년 0011009 0013010 0049010 0055003,18세~39세 / 연령제한:N,0043001 0 0,공유누리 사이트에서 이용대관 신청 가능,,서산시,기획예산담당관,https://www.eshare.go.kr/UserPortal/Upm/Main/index.do,,,2025-01-03 10:46:16,2026-01-01 00:00:00,6,온통청년_OPEN_API_getPlcy,전남,서산청년마당 운영 관내 청년들이 상호작용할 수 있는 공간 마련 맞춤형상담서비스 복지
전남,46000,20250103005400210032,서산시청년정책위원회 운영,맞춤형상담서비스,청년정책 기본계획 및 시행계획 심의 등을 위한 청년정책위원회 구성 및 운영,▪ 지원대상 : 청년 ▪ 지원기준 : - ▪ 지원내용 : 청년정책 기본계획 및 시행계획 심의 등,참여권리,청년참여,"복지, 참여 프로그램",복지,,임기 2년,0세~0세 / 연령제한:Y 0043001 0 0 서산시 청년 기본 조례 제10조(위원회의 구성)에 의거하여 신청자격 판단 0011009 0013010 0049010 0055003,0세~0세 / 연령제한:Y,0043001 0 0,,,서산시,기획예산담당관,,,,2025-01-03 10:37:10,2026-01-01 00:00:00,6,온통청년_OPEN_API_getPlcy,전남,서산시청년정책위원회 운영 청년정책 기본계획 및 시행계획 심의 등을 위한 청년정책위원회 구성 및 운영 맞춤형상담서비스 복지
전남,46000,20250103005400210028,성연 청소년문화의집 운영,교육지원,청소년들이 편하게 휴식을 취하고 놀이를 함께하며 여가를 즐길 수 있도록 지원하고 청소년의 자치자율 활동 등 역량 개발 지원,"▪ 지원대상 : 청소년(9~24세) ▪ 지원기준 : - ▪ 지원내용 : 청소년수련활동, 학교연계사업, 청소년 행사, 대외협력사업 등",복지문화,문화활동,"직무교육, 복지",직무교육,,상시 운영,9세~24세 / 연령제한:N 0043001 0 0 0011009 0013010 0049010 0055003,9세~24세 / 연령제한:N,0043001 0 0,,,서산시,복지문화국,,,,2025-01-03 10:15:58,2026-01-01 00:00:00,6,온통청년_OPEN_API_getPlcy,전남,성연 청소년문화의집 운영 청소년들이 편하게 휴식을 취하고 놀이를 함께하며 여가를 즐길 수 있도록 지원하고 청소년의 자치자율 활동 등 역량 개발 지원 교육지원 직무교육
전남,46000,20240730005400100001,병역진로설계,맞춤형상담서비스,"입영 전 자신의 적성, 전공 등을 고려 군 복무 및 전역 후 진로를 체계적으로 설계하도록 지원하는 프로그램 (입영 전) 병무청 - 병역진로설계 (복무 중) 각 군 - 개인경력개발 (전역 후) 고용부/보훈부 등 취업 지원","[입영 전 병역진로설계 서비스] (설명회) 병역이행절차 소개, 군 생활 및 자기개발 정보 제공 (병역진로상담) 1:1 상담 (군 적응 체험/교육) 군 보급품 전시, 군장비 모의 체험 등 ------------------------------------------- [절차] ① 군특기 연계 : 직업선호도검사 ② 1:1 심층 대면상담 ③ 군생활 자기개발 정보제공 ④ 군지원 및 입영 절차 안내 ⑤ 개인경력개발 ⑥ 취업지원 등",일자리,취업,"일자리, 직무교육, 복지",일자리,,상시,연령제한:Y 0043001 0011009 0013010 0049010 0055003,연령제한:Y,0043001,"① 상담신청(온라인) ② 직업선호도검사(온라인) : 직업선호도 S형, 약 25분 소요 ③ 군특기 추천(온라인) : 직업선호도검사 결과, 자격·전공 고려 ④ 방문·화상 상담 신청 : 상담일시 확정 후 SMS 발송 ⑤ 1:1 심층 상담",,병무청,주관기관 동일,https://mwpt.mma.go.kr/caisBMHS/index_mwps.jsp?menuNo=22315,https://www.mma.go.kr/byjr/01/index.do,,2024-07-30 19:44:00,2026-05-15 16:50:18,6,온통청년_OPEN_API_getPlcy,전남,병역진로설계 입영 전 자신의 적성 전공 등을 고려 군 복무 및 전역 후 진로를 체계적으로 설계하도록 지원하는 프로그램 입영 전 병무청 병역진로설계 복무 중 각 군 개인경력개발 전역 후 고용부 보훈부 등 취업 지원 맞춤형상담서비스 일자리
